filename,heuristic,num_vars,num_clauses,lower_bound,upper_bound,clingo_sec,bounds_present,num_scc,num_wcc,num_levels,phase,wall_ms,gpu_ms,used_bytes,free_bytes,total_bytes,num_loops,num_assignments
instances/vars_1.8_all/instance_1000v0_1.80r0.cnf,all,1000,1800,-1,-1,-1,0,1992,50,23,read_instance,0.467285,-1,107937792,15534391296,15642329088,-1,-1
instances/vars_1.8_all/instance_1000v0_1.80r0.cnf,all,1000,1800,-1,-1,-1,0,1992,50,23,alloc_graph,0.175293,0.161248,110034944,15532294144,15642329088,-1,-1
instances/vars_1.8_all/instance_1000v0_1.80r0.cnf,all,1000,1800,-1,-1,-1,0,1992,50,23,scc,4.47412,4.47491,112132096,15530196992,15642329088,-1,-1
instances/vars_1.8_all/instance_1000v0_1.80r0.cnf,all,1000,1800,-1,-1,-1,0,1992,50,23,topo_sort,0.661865,0.660736,112132096,15530196992,15642329088,-1,-1
instances/vars_1.8_all/instance_1000v0_1.80r0.cnf,all,1000,1800,-1,-1,-1,0,1992,50,23,backbone,5.15186,5.15808,112132096,15530196992,15642329088,-1,-1
instances/vars_1.8_all/instance_1000v0_1.80r0.cnf,all,1000,1800,-1,-1,-1,0,1992,50,23,wcc,0.251709,0.250656,112132096,15530196992,15642329088,-1,-1
instances/vars_1.8_all/instance_1000v0_1.80r0.cnf,all,1000,1800,-1,-1,-1,0,1992,50,23,wcc_grouped,0.460449,0.460832,112132096,15530196992,15642329088,-1,-1
instances/vars_1.8_all/instance_1000v0_1.80r0.cnf,all,1000,1800,-1,-1,-1,0,1992,50,23,heuristic1,31.4492,31.4487,112132096,15530196992,15642329088,241,264
instances/vars_1.8_all/instance_1000v0_1.80r0.cnf,all,1000,1800,-1,-1,-1,0,1992,50,23,heuristic2,20.9114,20.9096,112132096,15530196992,15642329088,189,212
instances/vars_1.8_all/instance_1000v0_1.80r0.cnf,all,1000,1800,-1,-1,-1,0,1992,50,23,heuristic3,27.2612,27.2603,112132096,15530196992,15642329088,202,225
instances/vars_1.8_all/instance_1000v0_1.80r0.cnf,all,1000,1800,-1,-1,-1,0,1992,50,23,heuristic4,1898.57,1898.61,112132096,15530196992,15642329088,172,195
instances/vars_1.8_all/instance_1000v0_1.80r0.cnf,all,1000,1800,-1,-1,-1,0,1992,50,23,cleanup_device,0.041748,0.04144,112132096,15530196992,15642329088,-1,-1
instances/vars_1.8_all/instance_1000v0_1.80r0.cnf,all,1000,1800,-1,-1,-1,0,1992,50,23,total,1990.57,-1,112132096,15530196992,15642329088,-1,-1
instances/vars_1.8_all/instance_10045v75_1.80r0.cnf,all,10045,18081,-1,-1,-1,0,20086,590,53,read_instance,5.02979,-1,107937792,15534391296,15642329088,-1,-1
instances/vars_1.8_all/instance_10045v75_1.80r0.cnf,all,10045,18081,-1,-1,-1,0,20086,590,53,alloc_graph,0.228027,0.22304,110034944,15532294144,15642329088,-1,-1
instances/vars_1.8_all/instance_10045v75_1.80r0.cnf,all,10045,18081,-1,-1,-1,0,20086,590,53,scc,4.51685,4.51814,112132096,15530196992,15642329088,-1,-1
instances/vars_1.8_all/instance_10045v75_1.80r0.cnf,all,10045,18081,-1,-1,-1,0,20086,590,53,topo_sort,1.06055,1.05981,112132096,15530196992,15642329088,-1,-1
instances/vars_1.8_all/instance_10045v75_1.80r0.cnf,all,10045,18081,-1,-1,-1,0,20086,590,53,backbone,6.55811,6.56419,112132096,15530196992,15642329088,-1,-1
instances/vars_1.8_all/instance_10045v75_1.80r0.cnf,all,10045,18081,-1,-1,-1,0,20086,590,53,wcc,0.272461,0.272416,112132096,15530196992,15642329088,-1,-1
instances/vars_1.8_all/instance_10045v75_1.80r0.cnf,all,10045,18081,-1,-1,-1,0,20086,590,53,wcc_grouped,1.04468,1.04448,112132096,15530196992,15642329088,-1,-1
instances/vars_1.8_all/instance_10045v75_1.80r0.cnf,all,10045,18081,-1,-1,-1,0,20086,590,53,heuristic1,216.726,216.731,112132096,15530196992,15642329088,2438,2731
instances/vars_1.8_all/instance_10045v75_1.80r0.cnf,all,10045,18081,-1,-1,-1,0,20086,590,53,heuristic2,181.775,181.78,112132096,15530196992,15642329088,2053,2346
instances/vars_1.8_all/instance_10045v75_1.80r0.cnf,all,10045,18081,-1,-1,-1,0,20086,590,53,heuristic3,213.917,213.92,112132096,15530196992,15642329088,2108,2401
instances/vars_1.8_all/instance_10045v75_1.80r0.cnf,all,10045,18081,-1,-1,-1,0,20086,590,53,heuristic4,24932.8,24933.2,112132096,15530196992,15642329088,1865,2158
instances/vars_1.8_all/instance_10045v75_1.80r0.cnf,all,10045,18081,-1,-1,-1,0,20086,590,53,cleanup_device,0.0441895,0.044128,112132096,15530196992,15642329088,-1,-1
instances/vars_1.8_all/instance_10045v75_1.80r0.cnf,all,10045,18081,-1,-1,-1,0,20086,590,53,total,25565.5,-1,112132096,15530196992,15642329088,-1,-1
instances/vars_1.8_all/instance_10165v76_1.80r0.cnf,all,10165,18297,-1,-1,-1,0,20270,598,72,read_instance,4.83008,-1,107937792,15534391296,15642329088,-1,-1
instances/vars_1.8_all/instance_10165v76_1.80r0.cnf,all,10165,18297,-1,-1,-1,0,20270,598,72,alloc_graph,0.271973,0.255552,110034944,15532294144,15642329088,-1,-1
instances/vars_1.8_all/instance_10165v76_1.80r0.cnf,all,10165,18297,-1,-1,-1,0,20270,598,72,scc,4.43506,4.43642,112132096,15530196992,15642329088,-1,-1
instances/vars_1.8_all/instance_10165v76_1.80r0.cnf,all,10165,18297,-1,-1,-1,0,20270,598,72,topo_sort,1.46045,1.46029,112132096,15530196992,15642329088,-1,-1
instances/vars_1.8_all/instance_10165v76_1.80r0.cnf,all,10165,18297,-1,-1,-1,0,20270,598,72,backbone,6.78711,6.79456,112132096,15530196992,15642329088,-1,-1
instances/vars_1.8_all/instance_10165v76_1.80r0.cnf,all,10165,18297,-1,-1,-1,0,20270,598,72,wcc,0.272705,0.272384,112132096,15530196992,15642329088,-1,-1
instances/vars_1.8_all/instance_10165v76_1.80r0.cnf,all,10165,18297,-1,-1,-1,0,20270,598,72,wcc_grouped,1.0647,1.06493,112132096,15530196992,15642329088,-1,-1
instances/vars_1.8_all/instance_10165v76_1.80r0.cnf,all,10165,18297,-1,-1,-1,0,20270,598,72,heuristic1,217.335,217.339,112132096,15530196992,15642329088,2420,2718
instances/vars_1.8_all/instance_10165v76_1.80r0.cnf,all,10165,18297,-1,-1,-1,0,20270,598,72,heuristic2,180.845,180.849,112132096,15530196992,15642329088,2059,2356
instances/vars_1.8_all/instance_10165v76_1.80r0.cnf,all,10165,18297,-1,-1,-1,0,20270,598,72,heuristic3,215.393,215.397,112132096,15530196992,15642329088,2100,2397
instances/vars_1.8_all/instance_10165v76_1.80r0.cnf,all,10165,18297,-1,-1,-1,0,20270,598,72,heuristic4,24735.7,24736,112132096,15530196992,15642329088,1848,2145
instances/vars_1.8_all/instance_10165v76_1.80r0.cnf,all,10165,18297,-1,-1,-1,0,20270,598,72,cleanup_device,0.043457,0.04272,112132096,15530196992,15642329088,-1,-1
instances/vars_1.8_all/instance_10165v76_1.80r0.cnf,all,10165,18297,-1,-1,-1,0,20270,598,72,total,25369.8,-1,112132096,15530196992,15642329088,-1,-1
instances/vars_1.8_all/instance_10286v77_1.80r0.cnf,all,10286,18515,-1,-1,-1,0,20566,708,59,read_instance,4.78906,-1,107937792,15534391296,15642329088,-1,-1
instances/vars_1.8_all/instance_10286v77_1.80r0.cnf,all,10286,18515,-1,-1,-1,0,20566,708,59,alloc_graph,0.257568,0.248768,110034944,15532294144,15642329088,-1,-1
instances/vars_1.8_all/instance_10286v77_1.80r0.cnf,all,10286,18515,-1,-1,-1,0,20566,708,59,scc,4.63818,4.63882,112132096,15530196992,15642329088,-1,-1
instances/vars_1.8_all/instance_10286v77_1.80r0.cnf,all,10286,18515,-1,-1,-1,0,20566,708,59,topo_sort,1.15137,1.15018,112132096,15530196992,15642329088,-1,-1
instances/vars_1.8_all/instance_10286v77_1.80r0.cnf,all,10286,18515,-1,-1,-1,0,20566,708,59,backbone,6.93042,6.93734,112132096,15530196992,15642329088,-1,-1
instances/vars_1.8_all/instance_10286v77_1.80r0.cnf,all,10286,18515,-1,-1,-1,0,20566,708,59,wcc,0.255615,0.25424,112132096,15530196992,15642329088,-1,-1
instances/vars_1.8_all/instance_10286v77_1.80r0.cnf,all,10286,18515,-1,-1,-1,0,20566,708,59,wcc_grouped,1.07227,1.07274,112132096,15530196992,15642329088,-1,-1
instances/vars_1.8_all/instance_10286v77_1.80r0.cnf,all,10286,18515,-1,-1,-1,0,20566,708,59,heuristic1,217.5,217.503,112132096,15530196992,15642329088,2440,2796
instances/vars_1.8_all/instance_10286v77_1.80r0.cnf,all,10286,18515,-1,-1,-1,0,20566,708,59,heuristic2,177.893,177.895,112132096,15530196992,15642329088,2023,2378
instances/vars_1.8_all/instance_10286v77_1.80r0.cnf,all,10286,18515,-1,-1,-1,0,20566,708,59,heuristic3,207.568,207.571,112132096,15530196992,15642329088,2004,2358
instances/vars_1.8_all/instance_10286v77_1.80r0.cnf,all,10286,18515,-1,-1,-1,0,20566,708,59,heuristic4,24932,24932.3,112132096,15530196992,15642329088,1841,2195
instances/vars_1.8_all/instance_10286v77_1.80r0.cnf,all,10286,18515,-1,-1,-1,0,20566,708,59,cleanup_device,0.0505371,0.049984,112132096,15530196992,15642329088,-1,-1
instances/vars_1.8_all/instance_10286v77_1.80r0.cnf,all,10286,18515,-1,-1,-1,0,20566,708,59,total,25555.6,-1,112132096,15530196992,15642329088,-1,-1
instances/vars_1.8_all/instance_10407v78_1.80r0.cnf,all,10407,18733,-1,-1,-1,0,20812,678,54,read_instance,4.78906,-1,107937792,15534391296,15642329088,-1,-1
instances/vars_1.8_all/instance_10407v78_1.80r0.cnf,all,10407,18733,-1,-1,-1,0,20812,678,54,alloc_graph,0.232422,0.227104,110034944,15532294144,15642329088,-1,-1
instances/vars_1.8_all/instance_10407v78_1.80r0.cnf,all,10407,18733,-1,-1,-1,0,20812,678,54,scc,4.47729,4.47875,112132096,15530196992,15642329088,-1,-1
instances/vars_1.8_all/instance_10407v78_1.80r0.cnf,all,10407,18733,-1,-1,-1,0,20812,678,54,topo_sort,1.10156,1.10115,112132096,15530196992,15642329088,-1,-1
instances/vars_1.8_all/instance_10407v78_1.80r0.cnf,all,10407,18733,-1,-1,-1,0,20812,678,54,backbone,6.85449,6.86026,112132096,15530196992,15642329088,-1,-1
instances/vars_1.8_all/instance_10407v78_1.80r0.cnf,all,10407,18733,-1,-1,-1,0,20812,678,54,wcc,0.278809,0.27968,112132096,15530196992,15642329088,-1,-1
instances/vars_1.8_all/instance_10407v78_1.80r0.cnf,all,10407,18733,-1,-1,-1,0,20812,678,54,wcc_grouped,1.03613,1.03629,112132096,15530196992,15642329088,-1,-1
instances/vars_1.8_all/instance_10407v78_1.80r0.cnf,all,10407,18733,-1,-1,-1,0,20812,678,54,heuristic1,222.868,222.871,112132096,15530196992,15642329088,2466,2804
instances/vars_1.8_all/instance_10407v78_1.80r0.cnf,all,10407,18733,-1,-1,-1,0,20812,678,54,heuristic2,191.445,191.448,112132096,15530196992,15642329088,2142,2479
instances/vars_1.8_all/instance_10407v78_1.80r0.cnf,all,10407,18733,-1,-1,-1,0,20812,678,54,heuristic3,218.268,218.272,112132096,15530196992,15642329088,2138,2475
instances/vars_1.8_all/instance_10407v78_1.80r0.cnf,all,10407,18733,-1,-1,-1,0,20812,678,54,heuristic4,26532.6,26533,112132096,15530196992,15642329088,1956,2293
instances/vars_1.8_all/instance_10407v78_1.80r0.cnf,all,10407,18733,-1,-1,-1,0,20812,678,54,cleanup_device,0.0454102,0.044576,112132096,15530196992,15642329088,-1,-1
instances/vars_1.8_all/instance_10407v78_1.80r0.cnf,all,10407,18733,-1,-1,-1,0,20812,678,54,total,27185.5,-1,112132096,15530196992,15642329088,-1,-1
instances/vars_1.8_all/instance_10527v79_1.80r0.cnf,all,10527,18949,-1,-1,-1,0,21000,758,70,read_instance,4.73633,-1,107937792,15534391296,15642329088,-1,-1
instances/vars_1.8_all/instance_10527v79_1.80r0.cnf,all,10527,18949,-1,-1,-1,0,21000,758,70,alloc_graph,0.261475,0.255776,110034944,15532294144,15642329088,-1,-1
instances/vars_1.8_all/instance_10527v79_1.80r0.cnf,all,10527,18949,-1,-1,-1,0,21000,758,70,scc,4.97266,4.97382,112132096,15530196992,15642329088,-1,-1
instances/vars_1.8_all/instance_10527v79_1.80r0.cnf,all,10527,18949,-1,-1,-1,0,21000,758,70,topo_sort,1.37695,1.37594,112132096,15530196992,15642329088,-1,-1
instances/vars_1.8_all/instance_10527v79_1.80r0.cnf,all,10527,18949,-1,-1,-1,0,21000,758,70,backbone,7.17969,7.18778,112132096,15530196992,15642329088,-1,-1
instances/vars_1.8_all/instance_10527v79_1.80r0.cnf,all,10527,18949,-1,-1,-1,0,21000,758,70,wcc,0.284668,0.284672,112132096,15530196992,15642329088,-1,-1
instances/vars_1.8_all/instance_10527v79_1.80r0.cnf,all,10527,18949,-1,-1,-1,0,21000,758,70,wcc_grouped,1.03198,1.03187,112132096,15530196992,15642329088,-1,-1
instances/vars_1.8_all/instance_10527v79_1.80r0.cnf,all,10527,18949,-1,-1,-1,0,21000,758,70,heuristic1,225.899,225.903,112132096,15530196992,15642329088,2483,2861
instances/vars_1.8_all/instance_10527v79_1.80r0.cnf,all,10527,18949,-1,-1,-1,0,21000,758,70,heuristic2,184.461,184.464,112132096,15530196992,15642329088,2095,2474
instances/vars_1.8_all/instance_10527v79_1.80r0.cnf,all,10527,18949,-1,-1,-1,0,21000,758,70,heuristic3,217.59,217.593,112132096,15530196992,15642329088,2155,2532
instances/vars_1.8_all/instance_10527v79_1.80r0.cnf,all,10527,18949,-1,-1,-1,0,21000,758,70,heuristic4,25906.6,25906.9,112132096,15530196992,15642329088,1914,2291
instances/vars_1.8_all/instance_10527v79_1.80r0.cnf,all,10527,18949,-1,-1,-1,0,21000,758,70,cleanup_device,0.0578613,0.057088,112132096,15530196992,15642329088,-1,-1
instances/vars_1.8_all/instance_10527v79_1.80r0.cnf,all,10527,18949,-1,-1,-1,0,21000,758,70,total,26556,-1,112132096,15530196992,15642329088,-1,-1
instances/vars_1.8_all/instance_10648v80_1.80r0.cnf,all,10648,19166,-1,-1,-1,0,21282,652,58,read_instance,5.2605,-1,107937792,15534391296,15642329088,-1,-1
instances/vars_1.8_all/instance_10648v80_1.80r0.cnf,all,10648,19166,-1,-1,-1,0,21282,652,58,alloc_graph,0.237061,0.23456,110034944,15532294144,15642329088,-1,-1
instances/vars_1.8_all/instance_10648v80_1.80r0.cnf,all,10648,19166,-1,-1,-1,0,21282,652,58,scc,4.26196,4.26304,112132096,15530196992,15642329088,-1,-1
instances/vars_1.8_all/instance_10648v80_1.80r0.cnf,all,10648,19166,-1,-1,-1,0,21282,652,58,topo_sort,1.1814,1.18048,112132096,15530196992,15642329088,-1,-1
instances/vars_1.8_all/instance_10648v80_1.80r0.cnf,all,10648,19166,-1,-1,-1,0,21282,652,58,backbone,6.83228,6.83866,112132096,15530196992,15642329088,-1,-1
instances/vars_1.8_all/instance_10648v80_1.80r0.cnf,all,10648,19166,-1,-1,-1,0,21282,652,58,wcc,0.253906,0.252608,112132096,15530196992,15642329088,-1,-1
instances/vars_1.8_all/instance_10648v80_1.80r0.cnf,all,10648,19166,-1,-1,-1,0,21282,652,58,wcc_grouped,1.1167,1.11773,112132096,15530196992,15642329088,-1,-1
instances/vars_1.8_all/instance_10648v80_1.80r0.cnf,all,10648,19166,-1,-1,-1,0,21282,652,58,heuristic1,230.427,230.429,112132096,15530196992,15642329088,2540,2864
instances/vars_1.8_all/instance_10648v80_1.80r0.cnf,all,10648,19166,-1,-1,-1,0,21282,652,58,heuristic2,194.825,194.829,112132096,15530196992,15642329088,2206,2530
instances/vars_1.8_all/instance_10648v80_1.80r0.cnf,all,10648,19166,-1,-1,-1,0,21282,652,58,heuristic3,216.542,216.544,112132096,15530196992,15642329088,2143,2467
instances/vars_1.8_all/instance_10648v80_1.80r0.cnf,all,10648,19166,-1,-1,-1,0,21282,652,58,heuristic4,26961.1,26961.5,112132096,15530196992,15642329088,1967,2291
instances/vars_1.8_all/instance_10648v80_1.80r0.cnf,all,10648,19166,-1,-1,-1,0,21282,652,58,cleanup_device,0.0578613,0.057792,112132096,15530196992,15642329088,-1,-1
instances/vars_1.8_all/instance_10648v80_1.80r0.cnf,all,10648,19166,-1,-1,-1,0,21282,652,58,total,27623.5,-1,112132096,15530196992,15642329088,-1,-1
instances/vars_1.8_all/instance_10768v81_1.80r0.cnf,all,10768,19382,-1,-1,-1,0,21536,590,62,read_instance,5.35718,-1,107937792,15534391296,15642329088,-1,-1
instances/vars_1.8_all/instance_10768v81_1.80r0.cnf,all,10768,19382,-1,-1,-1,0,21536,590,62,alloc_graph,0.270508,0.260928,110034944,15532294144,15642329088,-1,-1
instances/vars_1.8_all/instance_10768v81_1.80r0.cnf,all,10768,19382,-1,-1,-1,0,21536,590,62,scc,4.47461,4.47613,112132096,15530196992,15642329088,-1,-1
instances/vars_1.8_all/instance_10768v81_1.80r0.cnf,all,10768,19382,-1,-1,-1,0,21536,590,62,topo_sort,1.22778,1.22768,112132096,15530196992,15642329088,-1,-1
instances/vars_1.8_all/instance_10768v81_1.80r0.cnf,all,10768,19382,-1,-1,-1,0,21536,590,62,backbone,6.95264,6.95757,112132096,15530196992,15642329088,-1,-1
instances/vars_1.8_all/instance_10768v81_1.80r0.cnf,all,10768,19382,-1,-1,-1,0,21536,590,62,wcc,0.250244,0.249856,112132096,15530196992,15642329088,-1,-1
instances/vars_1.8_all/instance_10768v81_1.80r0.cnf,all,10768,19382,-1,-1,-1,0,21536,590,62,wcc_grouped,1.08716,1.08749,112132096,15530196992,15642329088,-1,-1
instances/vars_1.8_all/instance_10768v81_1.80r0.cnf,all,10768,19382,-1,-1,-1,0,21536,590,62,heuristic1,234.469,234.472,112132096,15530196992,15642329088,2623,2917
instances/vars_1.8_all/instance_10768v81_1.80r0.cnf,all,10768,19382,-1,-1,-1,0,21536,590,62,heuristic2,194.78,194.783,112132096,15530196992,15642329088,2214,2507
instances/vars_1.8_all/instance_10768v81_1.80r0.cnf,all,10768,19382,-1,-1,-1,0,21536,590,62,heuristic3,225.917,225.921,112132096,15530196992,15642329088,2223,2516
instances/vars_1.8_all/instance_10768v81_1.80r0.cnf,all,10768,19382,-1,-1,-1,0,21536,590,62,heuristic4,28184.5,28184.9,112132096,15530196992,15642329088,2064,2357
instances/vars_1.8_all/instance_10768v81_1.80r0.cnf,all,10768,19382,-1,-1,-1,0,21536,590,62,cleanup_device,0.0437012,0.04272,112132096,15530196992,15642329088,-1,-1
instances/vars_1.8_all/instance_10768v81_1.80r0.cnf,all,10768,19382,-1,-1,-1,0,21536,590,62,total,28860.8,-1,112132096,15530196992,15642329088,-1,-1
instances/vars_1.8_all/instance_10889v82_1.80r0.cnf,all,10889,19600,-1,-1,-1,0,21768,674,52,read_instance,5.12427,-1,107937792,15534391296,15642329088,-1,-1
instances/vars_1.8_all/instance_10889v82_1.80r0.cnf,all,10889,19600,-1,-1,-1,0,21768,674,52,alloc_graph,0.231201,0.22112,110034944,15532294144,15642329088,-1,-1
instances/vars_1.8_all/instance_10889v82_1.80r0.cnf,all,10889,19600,-1,-1,-1,0,21768,674,52,scc,4.79639,4.79818,112132096,15530196992,15642329088,-1,-1
instances/vars_1.8_all/instance_10889v82_1.80r0.cnf,all,10889,19600,-1,-1,-1,0,21768,674,52,topo_sort,1.0564,1.05578,112132096,15530196992,15642329088,-1,-1
instances/vars_1.8_all/instance_10889v82_1.80r0.cnf,all,10889,19600,-1,-1,-1,0,21768,674,52,backbone,6.92065,6.9264,112132096,15530196992,15642329088,-1,-1
instances/vars_1.8_all/instance_10889v82_1.80r0.cnf,all,10889,19600,-1,-1,-1,0,21768,674,52,wcc,0.259033,0.259808,112132096,15530196992,15642329088,-1,-1
instances/vars_1.8_all/instance_10889v82_1.80r0.cnf,all,10889,19600,-1,-1,-1,0,21768,674,52,wcc_grouped,1.08252,1.08339,112132096,15530196992,15642329088,-1,-1
instances/vars_1.8_all/instance_10889v82_1.80r0.cnf,all,10889,19600,-1,-1,-1,0,21768,674,52,heuristic1,234.914,234.917,112132096,15530196992,15642329088,2601,2936
instances/vars_1.8_all/instance_10889v82_1.80r0.cnf,all,10889,19600,-1,-1,-1,0,21768,674,52,heuristic2,187.593,187.596,112132096,15530196992,15642329088,2182,2517
instances/vars_1.8_all/instance_10889v82_1.80r0.cnf,all,10889,19600,-1,-1,-1,0,21768,674,52,heuristic3,225.817,225.82,112132096,15530196992,15642329088,2266,2601
instances/vars_1.8_all/instance_10889v82_1.80r0.cnf,all,10889,19600,-1,-1,-1,0,21768,674,52,heuristic4,27620.9,27621.3,112132096,15530196992,15642329088,2011,2346
instances/vars_1.8_all/instance_10889v82_1.80r0.cnf,all,10889,19600,-1,-1,-1,0,21768,674,52,cleanup_device,0.045166,0.043808,112132096,15530196992,15642329088,-1,-1
instances/vars_1.8_all/instance_10889v82_1.80r0.cnf,all,10889,19600,-1,-1,-1,0,21768,674,52,total,28290.3,-1,112132096,15530196992,15642329088,-1,-1
instances/vars_1.8_all/instance_11010v83_1.80r0.cnf,all,11010,19818,-1,-1,-1,0,22018,680,66,read_instance,5.09619,-1,107937792,15534391296,15642329088,-1,-1
instances/vars_1.8_all/instance_11010v83_1.80r0.cnf,all,11010,19818,-1,-1,-1,0,22018,680,66,alloc_graph,0.240967,0.238144,110034944,15532294144,15642329088,-1,-1
instances/vars_1.8_all/instance_11010v83_1.80r0.cnf,all,11010,19818,-1,-1,-1,0,22018,680,66,scc,4.32959,4.33053,112132096,15530196992,15642329088,-1,-1
instances/vars_1.8_all/instance_11010v83_1.80r0.cnf,all,11010,19818,-1,-1,-1,0,22018,680,66,topo_sort,1.34424,1.34384,112132096,15530196992,15642329088,-1,-1
instances/vars_1.8_all/instance_11010v83_1.80r0.cnf,all,11010,19818,-1,-1,-1,0,22018,680,66,backbone,6.98828,6.99344,112132096,15530196992,15642329088,-1,-1
instances/vars_1.8_all/instance_11010v83_1.80r0.cnf,all,11010,19818,-1,-1,-1,0,22018,680,66,wcc,0.237061,0.237216,112132096,15530196992,15642329088,-1,-1
instances/vars_1.8_all/instance_11010v83_1.80r0.cnf,all,11010,19818,-1,-1,-1,0,22018,680,66,wcc_grouped,1.08252,1.08339,112132096,15530196992,15642329088,-1,-1
instances/vars_1.8_all/instance_11010v83_1.80r0.cnf,all,11010,19818,-1,-1,-1,0,22018,680,66,heuristic1,239.375,239.38,112132096,15530196992,15642329088,2653,2994
instances/vars_1.8_all/instance_11010v83_1.80r0.cnf,all,11010,19818,-1,-1,-1,0,22018,680,66,heuristic2,204.727,204.731,112132096,15530196992,15642329088,2330,2669
instances/vars_1.8_all/instance_11010v83_1.80r0.cnf,all,11010,19818,-1,-1,-1,0,22018,680,66,heuristic3,228.478,228.481,112132096,15530196992,15642329088,2280,2618
instances/vars_1.8_all/instance_11010v83_1.80r0.cnf,all,11010,19818,-1,-1,-1,0,22018,680,66,heuristic4,29011.6,29012,112132096,15530196992,15642329088,2104,2442
instances/vars_1.8_all/instance_11010v83_1.80r0.cnf,all,11010,19818,-1,-1,-1,0,22018,680,66,cleanup_device,0.0454102,0.044736,112132096,15530196992,15642329088,-1,-1
instances/vars_1.8_all/instance_11010v83_1.80r0.cnf,all,11010,19818,-1,-1,-1,0,22018,680,66,total,29705.1,-1,112132096,15530196992,15642329088,-1,-1
instances/vars_1.8_all/instance_11130v84_1.80r0.cnf,all,11130,20034,-1,-1,-1,0,22258,690,48,read_instance,5.30347,-1,107937792,15534391296,15642329088,-1,-1
instances/vars_1.8_all/instance_11130v84_1.80r0.cnf,all,11130,20034,-1,-1,-1,0,22258,690,48,alloc_graph,0.233398,0.223584,110034944,15532294144,15642329088,-1,-1
instances/vars_1.8_all/instance_11130v84_1.80r0.cnf,all,11130,20034,-1,-1,-1,0,22258,690,48,scc,4.29614,4.29763,112132096,15530196992,15642329088,-1,-1
instances/vars_1.8_all/instance_11130v84_1.80r0.cnf,all,11130,20034,-1,-1,-1,0,22258,690,48,topo_sort,0.991943,0.991168,112132096,15530196992,15642329088,-1,-1
instances/vars_1.8_all/instance_11130v84_1.80r0.cnf,all,11130,20034,-1,-1,-1,0,22258,690,48,backbone,7.00391,7.00854,112132096,15530196992,15642329088,-1,-1
instances/vars_1.8_all/instance_11130v84_1.80r0.cnf,all,11130,20034,-1,-1,-1,0,22258,690,48,wcc,0.272705,0.27248,112132096,15530196992,15642329088,-1,-1
instances/vars_1.8_all/instance_11130v84_1.80r0.cnf,all,11130,20034,-1,-1,-1,0,22258,690,48,wcc_grouped,1.06372,1.06291,112132096,15530196992,15642329088,-1,-1
instances/vars_1.8_all/instance_11130v84_1.80r0.cnf,all,11130,20034,-1,-1,-1,0,22258,690,48,heuristic1,241.312,241.316,112132096,15530196992,15642329088,2650,2995
instances/vars_1.8_all/instance_11130v84_1.80r0.cnf,all,11130,20034,-1,-1,-1,0,22258,690,48,heuristic2,197.007,197.01,112132096,15530196992,15642329088,2215,2558
instances/vars_1.8_all/instance_11130v84_1.80r0.cnf,all,11130,20034,-1,-1,-1,0,22258,690,48,heuristic3,228.356,228.36,112132096,15530196992,15642329088,2248,2591
instances/vars_1.8_all/instance_11130v84_1.80r0.cnf,all,11130,20034,-1,-1,-1,0,22258,690,48,heuristic4,28443,28443.4,112132096,15530196992,15642329088,2050,2393
instances/vars_1.8_all/instance_11130v84_1.80r0.cnf,all,11130,20034,-1,-1,-1,0,22258,690,48,cleanup_device,0.0437012,0.042272,112132096,15530196992,15642329088,-1,-1
instances/vars_1.8_all/instance_11130v84_1.80r0.cnf,all,11130,20034,-1,-1,-1,0,22258,690,48,total,29130.5,-1,112132096,15530196992,15642329088,-1,-1
instances/vars_1.8_all/instance_1120v1_1.80r0.cnf,all,1120,2016,-1,-1,-1,0,2238,54,24,read_instance,0.568115,-1,107937792,15534391296,15642329088,-1,-1
instances/vars_1.8_all/instance_1120v1_1.80r0.cnf,all,1120,2016,-1,-1,-1,0,2238,54,24,alloc_graph,0.208252,0.17408,110034944,15532294144,15642329088,-1,-1
instances/vars_1.8_all/instance_1120v1_1.80r0.cnf,all,1120,2016,-1,-1,-1,0,2238,54,24,scc,4.19629,4.19734,112132096,15530196992,15642329088,-1,-1
instances/vars_1.8_all/instance_1120v1_1.80r0.cnf,all,1120,2016,-1,-1,-1,0,2238,54,24,topo_sort,0.523926,0.523232,112132096,15530196992,15642329088,-1,-1
instances/vars_1.8_all/instance_1120v1_1.80r0.cnf,all,1120,2016,-1,-1,-1,0,2238,54,24,backbone,5.08398,5.08973,112132096,15530196992,15642329088,-1,-1
instances/vars_1.8_all/instance_1120v1_1.80r0.cnf,all,1120,2016,-1,-1,-1,0,2238,54,24,wcc,0.231934,0.2312,112132096,15530196992,15642329088,-1,-1
instances/vars_1.8_all/instance_1120v1_1.80r0.cnf,all,1120,2016,-1,-1,-1,0,2238,54,24,wcc_grouped,0.361572,0.360608,112132096,15530196992,15642329088,-1,-1
instances/vars_1.8_all/instance_1120v1_1.80r0.cnf,all,1120,2016,-1,-1,-1,0,2238,54,24,heuristic1,23.2937,23.294,112132096,15530196992,15642329088,262,287
instances/vars_1.8_all/instance_1120v1_1.80r0.cnf,all,1120,2016,-1,-1,-1,0,2238,54,24,heuristic2,19.1304,19.1306,112132096,15530196992,15642329088,240,265
instances/vars_1.8_all/instance_1120v1_1.80r0.cnf,all,1120,2016,-1,-1,-1,0,2238,54,24,heuristic3,22.489,22.4901,112132096,15530196992,15642329088,224,249
instances/vars_1.8_all/instance_1120v1_1.80r0.cnf,all,1120,2016,-1,-1,-1,0,2238,54,24,heuristic4,2204.52,2204.55,112132096,15530196992,15642329088,206,231
instances/vars_1.8_all/instance_1120v1_1.80r0.cnf,all,1120,2016,-1,-1,-1,0,2238,54,24,cleanup_device,0.0429688,0.04272,112132096,15530196992,15642329088,-1,-1
instances/vars_1.8_all/instance_1120v1_1.80r0.cnf,all,1120,2016,-1,-1,-1,0,2238,54,24,total,2281.43,-1,112132096,15530196992,15642329088,-1,-1
instances/vars_1.8_all/instance_11251v85_1.80r0.cnf,all,11251,20252,-1,-1,-1,0,22502,752,54,read_instance,5.22241,-1,107937792,15534391296,15642329088,-1,-1
instances/vars_1.8_all/instance_11251v85_1.80r0.cnf,all,11251,20252,-1,-1,-1,0,22502,752,54,alloc_graph,0.272461,0.266176,110034944,15532294144,15642329088,-1,-1
instances/vars_1.8_all/instance_11251v85_1.80r0.cnf,all,11251,20252,-1,-1,-1,0,22502,752,54,scc,4.34961,4.35078,112132096,15530196992,15642329088,-1,-1
instances/vars_1.8_all/instance_11251v85_1.80r0.cnf,all,11251,20252,-1,-1,-1,0,22502,752,54,topo_sort,1.09521,1.09418,112132096,15530196992,15642329088,-1,-1
instances/vars_1.8_all/instance_11251v85_1.80r0.cnf,all,11251,20252,-1,-1,-1,0,22502,752,54,backbone,6.86523,6.86829,112132096,15530196992,15642329088,-1,-1
instances/vars_1.8_all/instance_11251v85_1.80r0.cnf,all,11251,20252,-1,-1,-1,0,22502,752,54,wcc,0.235352,0.235424,112132096,15530196992,15642329088,-1,-1
instances/vars_1.8_all/instance_11251v85_1.80r0.cnf,all,11251,20252,-1,-1,-1,0,22502,752,54,wcc_grouped,1.12769,1.12822,112132096,15530196992,15642329088,-1,-1
instances/vars_1.8_all/instance_11251v85_1.80r0.cnf,all,11251,20252,-1,-1,-1,0,22502,752,54,heuristic1,240.244,240.247,112132096,15530196992,15642329088,2637,3011
instances/vars_1.8_all/instance_11251v85_1.80r0.cnf,all,11251,20252,-1,-1,-1,0,22502,752,54,heuristic2,196.931,196.934,112132096,15530196992,15642329088,2224,2598
instances/vars_1.8_all/instance_11251v85_1.80r0.cnf,all,11251,20252,-1,-1,-1,0,22502,752,54,heuristic3,223.356,223.359,112132096,15530196992,15642329088,2215,2589
instances/vars_1.8_all/instance_11251v85_1.80r0.cnf,all,11251,20252,-1,-1,-1,0,22502,752,54,heuristic4,28085.5,28085.8,112132096,15530196992,15642329088,2013,2387
instances/vars_1.8_all/instance_11251v85_1.80r0.cnf,all,11251,20252,-1,-1,-1,0,22502,752,54,cleanup_device,0.0446777,0.044256,112132096,15530196992,15642329088,-1,-1
instances/vars_1.8_all/instance_11251v85_1.80r0.cnf,all,11251,20252,-1,-1,-1,0,22502,752,54,total,28766.7,-1,112132096,15530196992,15642329088,-1,-1
instances/vars_1.8_all/instance_11371v86_1.80r0.cnf,all,11371,20468,-1,-1,-1,0,22742,688,49,read_instance,5.70532,-1,107937792,15534391296,15642329088,-1,-1
instances/vars_1.8_all/instance_11371v86_1.80r0.cnf,all,11371,20468,-1,-1,-1,0,22742,688,49,alloc_graph,0.240479,0.234272,110034944,15532294144,15642329088,-1,-1
instances/vars_1.8_all/instance_11371v86_1.80r0.cnf,all,11371,20468,-1,-1,-1,0,22742,688,49,scc,4.41333,4.41398,112132096,15530196992,15642329088,-1,-1
instances/vars_1.8_all/instance_11371v86_1.80r0.cnf,all,11371,20468,-1,-1,-1,0,22742,688,49,topo_sort,1.01855,1.01808,112132096,15530196992,15642329088,-1,-1
instances/vars_1.8_all/instance_11371v86_1.80r0.cnf,all,11371,20468,-1,-1,-1,0,22742,688,49,backbone,7.04956,7.05629,112132096,15530196992,15642329088,-1,-1
instances/vars_1.8_all/instance_11371v86_1.80r0.cnf,all,11371,20468,-1,-1,-1,0,22742,688,49,wcc,0.251465,0.250528,112132096,15530196992,15642329088,-1,-1
instances/vars_1.8_all/instance_11371v86_1.80r0.cnf,all,11371,20468,-1,-1,-1,0,22742,688,49,wcc_grouped,1.06445,1.06493,112132096,15530196992,15642329088,-1,-1
instances/vars_1.8_all/instance_11371v86_1.80r0.cnf,all,11371,20468,-1,-1,-1,0,22742,688,49,heuristic1,244.185,244.188,112132096,15530196992,15642329088,2682,3026
instances/vars_1.8_all/instance_11371v86_1.80r0.cnf,all,11371,20468,-1,-1,-1,0,22742,688,49,heuristic2,201.566,201.569,112132096,15530196992,15642329088,2273,2615
instances/vars_1.8_all/instance_11371v86_1.80r0.cnf,all,11371,20468,-1,-1,-1,0,22742,688,49,heuristic3,239.132,239.135,112132096,15530196992,15642329088,2338,2680
instances/vars_1.8_all/instance_11371v86_1.80r0.cnf,all,11371,20468,-1,-1,-1,0,22742,688,49,heuristic4,29251.8,29252.2,112132096,15530196992,15642329088,2082,2424
instances/vars_1.8_all/instance_11371v86_1.80r0.cnf,all,11371,20468,-1,-1,-1,0,22742,688,49,cleanup_device,0.0466309,0.045344,112132096,15530196992,15642329088,-1,-1
instances/vars_1.8_all/instance_11371v86_1.80r0.cnf,all,11371,20468,-1,-1,-1,0,22742,688,49,total,29958,-1,112132096,15530196992,15642329088,-1,-1
instances/vars_1.8_all/instance_11492v87_1.80r0.cnf,all,11492,20686,-1,-1,-1,0,22984,736,51,read_instance,5.69897,-1,107937792,15534391296,15642329088,-1,-1
instances/vars_1.8_all/instance_11492v87_1.80r0.cnf,all,11492,20686,-1,-1,-1,0,22984,736,51,alloc_graph,0.240723,0.239136,110034944,15532294144,15642329088,-1,-1
instances/vars_1.8_all/instance_11492v87_1.80r0.cnf,all,11492,20686,-1,-1,-1,0,22984,736,51,scc,4.73364,4.73485,112132096,15530196992,15642329088,-1,-1
instances/vars_1.8_all/instance_11492v87_1.80r0.cnf,all,11492,20686,-1,-1,-1,0,22984,736,51,topo_sort,1.01733,1.01677,112132096,15530196992,15642329088,-1,-1
instances/vars_1.8_all/instance_11492v87_1.80r0.cnf,all,11492,20686,-1,-1,-1,0,22984,736,51,backbone,7.02271,7.02918,112132096,15530196992,15642329088,-1,-1
instances/vars_1.8_all/instance_11492v87_1.80r0.cnf,all,11492,20686,-1,-1,-1,0,22984,736,51,wcc,0.248291,0.247936,112132096,15530196992,15642329088,-1,-1
instances/vars_1.8_all/instance_11492v87_1.80r0.cnf,all,11492,20686,-1,-1,-1,0,22984,736,51,wcc_grouped,1.04053,1.04061,112132096,15530196992,15642329088,-1,-1
instances/vars_1.8_all/instance_11492v87_1.80r0.cnf,all,11492,20686,-1,-1,-1,0,22984,736,51,heuristic1,246.383,246.387,112132096,15530196992,15642329088,2703,3069
instances/vars_1.8_all/instance_11492v87_1.80r0.cnf,all,11492,20686,-1,-1,-1,0,22984,736,51,heuristic2,208.062,208.064,112132096,15530196992,15642329088,2307,2674
instances/vars_1.8_all/instance_11492v87_1.80r0.cnf,all,11492,20686,-1,-1,-1,0,22984,736,51,heuristic3,241.102,241.11,112132096,15530196992,15642329088,2329,2695
instances/vars_1.8_all/instance_11492v87_1.80r0.cnf,all,11492,20686,-1,-1,-1,0,22984,736,51,heuristic4,29999.3,29999.7,112132096,15530196992,15642329088,2129,2495
instances/vars_1.8_all/instance_11492v87_1.80r0.cnf,all,11492,20686,-1,-1,-1,0,22984,736,51,cleanup_device,0.050293,0.050016,112132096,15530196992,15642329088,-1,-1
instances/vars_1.8_all/instance_11492v87_1.80r0.cnf,all,11492,20686,-1,-1,-1,0,22984,736,51,total,30716.5,-1,112132096,15530196992,15642329088,-1,-1
instances/vars_1.8_all/instance_11613v88_1.80r0.cnf,all,11613,20903,-1,-1,-1,0,23226,774,113,read_instance,5.46777,-1,107937792,15534391296,15642329088,-1,-1
instances/vars_1.8_all/instance_11613v88_1.80r0.cnf,all,11613,20903,-1,-1,-1,0,23226,774,113,alloc_graph,0.24707,0.241408,110034944,15532294144,15642329088,-1,-1
instances/vars_1.8_all/instance_11613v88_1.80r0.cnf,all,11613,20903,-1,-1,-1,0,23226,774,113,scc,4.89819,4.89901,112132096,15530196992,15642329088,-1,-1
instances/vars_1.8_all/instance_11613v88_1.80r0.cnf,all,11613,20903,-1,-1,-1,0,23226,774,113,topo_sort,2.20093,2.20026,112132096,15530196992,15642329088,-1,-1
instances/vars_1.8_all/instance_11613v88_1.80r0.cnf,all,11613,20903,-1,-1,-1,0,23226,774,113,backbone,7.41382,7.41987,112132096,15530196992,15642329088,-1,-1
instances/vars_1.8_all/instance_11613v88_1.80r0.cnf,all,11613,20903,-1,-1,-1,0,23226,774,113,wcc,0.243408,0.243008,112132096,15530196992,15642329088,-1,-1
instances/vars_1.8_all/instance_11613v88_1.80r0.cnf,all,11613,20903,-1,-1,-1,0,23226,774,113,wcc_grouped,1.10083,1.10051,112132096,15530196992,15642329088,-1,-1
instances/vars_1.8_all/instance_11613v88_1.80r0.cnf,all,11613,20903,-1,-1,-1,0,23226,774,113,heuristic1,256.268,256.272,112132096,15530196992,15642329088,2780,3166
instances/vars_1.8_all/instance_11613v88_1.80r0.cnf,all,11613,20903,-1,-1,-1,0,23226,774,113,heuristic2,209.84,209.843,112132096,15530196992,15642329088,2364,2750
instances/vars_1.8_all/instance_11613v88_1.80r0.cnf,all,11613,20903,-1,-1,-1,0,23226,774,113,heuristic3,240.005,240.008,112132096,15530196992,15642329088,2361,2746
instances/vars_1.8_all/instance_11613v88_1.80r0.cnf,all,11613,20903,-1,-1,-1,0,23226,774,113,heuristic4,30616.3,30616.7,112132096,15530196992,15642329088,2176,2561
instances/vars_1.8_all/instance_11613v88_1.80r0.cnf,all,11613,20903,-1,-1,-1,0,23226,774,113,cleanup_device,0.0517578,0.051488,112132096,15530196992,15642329088,-1,-1
instances/vars_1.8_all/instance_11613v88_1.80r0.cnf,all,11613,20903,-1,-1,-1,0,23226,774,113,total,31345.6,-1,112132096,15530196992,15642329088,-1,-1
instances/vars_1.8_all/instance_11733v89_1.80r0.cnf,all,11733,21119,-1,-1,-1,0,23466,804,106,read_instance,5.78198,-1,107937792,15534391296,15642329088,-1,-1
instances/vars_1.8_all/instance_11733v89_1.80r0.cnf,all,11733,21119,-1,-1,-1,0,23466,804,106,alloc_graph,0.23584,0.228416,110034944,15532294144,15642329088,-1,-1
instances/vars_1.8_all/instance_11733v89_1.80r0.cnf,all,11733,21119,-1,-1,-1,0,23466,804,106,scc,5.25537,5.25565,112132096,15530196992,15642329088,-1,-1
instances/vars_1.8_all/instance_11733v89_1.80r0.cnf,all,11733,21119,-1,-1,-1,0,23466,804,106,topo_sort,2.08594,2.08592,112132096,15530196992,15642329088,-1,-1
instances/vars_1.8_all/instance_11733v89_1.80r0.cnf,all,11733,21119,-1,-1,-1,0,23466,804,106,backbone,7.33398,7.33933,112132096,15530196992,15642329088,-1,-1
instances/vars_1.8_all/instance_11733v89_1.80r0.cnf,all,11733,21119,-1,-1,-1,0,23466,804,106,wcc,0.243652,0.241856,112132096,15530196992,15642329088,-1,-1
instances/vars_1.8_all/instance_11733v89_1.80r0.cnf,all,11733,21119,-1,-1,-1,0,23466,804,106,wcc_grouped,1.10376,1.10422,112132096,15530196992,15642329088,-1,-1
instances/vars_1.8_all/instance_11733v89_1.80r0.cnf,all,11733,21119,-1,-1,-1,0,23466,804,106,heuristic1,251.695,251.7,112132096,15530196992,15642329088,2769,3170
instances/vars_1.8_all/instance_11733v89_1.80r0.cnf,all,11733,21119,-1,-1,-1,0,23466,804,106,heuristic2,205.96,205.963,112132096,15530196992,15642329088,2358,2758
instances/vars_1.8_all/instance_11733v89_1.80r0.cnf,all,11733,21119,-1,-1,-1,0,23466,804,106,heuristic3,247.949,247.953,112132096,15530196992,15642329088,2394,2794
instances/vars_1.8_all/instance_11733v89_1.80r0.cnf,all,11733,21119,-1,-1,-1,0,23466,804,106,heuristic4,30726.7,30727.1,112132096,15530196992,15642329088,2170,2570
instances/vars_1.8_all/instance_11733v89_1.80r0.cnf,all,11733,21119,-1,-1,-1,0,23466,804,106,cleanup_device,0.0449219,0.044448,112132096,15530196992,15642329088,-1,-1
instances/vars_1.8_all/instance_11733v89_1.80r0.cnf,all,11733,21119,-1,-1,-1,0,23466,804,106,total,31455.8,-1,112132096,15530196992,15642329088,-1,-1
instances/vars_1.8_all/instance_11854v90_1.80r0.cnf,all,11854,21337,-1,-1,-1,0,23700,708,62,read_instance,5.51709,-1,107937792,15534391296,15642329088,-1,-1
instances/vars_1.8_all/instance_11854v90_1.80r0.cnf,all,11854,21337,-1,-1,-1,0,23700,708,62,alloc_graph,0.258301,0.253088,110034944,15532294144,15642329088,-1,-1
instances/vars_1.8_all/instance_11854v90_1.80r0.cnf,all,11854,21337,-1,-1,-1,0,23700,708,62,scc,4.52539,4.52707,112132096,15530196992,15642329088,-1,-1
instances/vars_1.8_all/instance_11854v90_1.80r0.cnf,all,11854,21337,-1,-1,-1,0,23700,708,62,topo_sort,1.23047,1.23002,112132096,15530196992,15642329088,-1,-1
instances/vars_1.8_all/instance_11854v90_1.80r0.cnf,all,11854,21337,-1,-1,-1,0,23700,708,62,backbone,7.24072,7.24691,112132096,15530196992,15642329088,-1,-1
instances/vars_1.8_all/instance_11854v90_1.80r0.cnf,all,11854,21337,-1,-1,-1,0,23700,708,62,wcc,0.269531,0.268768,112132096,15530196992,15642329088,-1,-1
instances/vars_1.8_all/instance_11854v90_1.80r0.cnf,all,11854,21337,-1,-1,-1,0,23700,708,62,wcc_grouped,1.03052,1.03037,112132096,15530196992,15642329088,-1,-1
instances/vars_1.8_all/instance_11854v90_1.80r0.cnf,all,11854,21337,-1,-1,-1,0,23700,708,62,heuristic1,273.991,273.996,112132096,15530196992,15642329088,2910,3263
instances/vars_1.8_all/instance_11854v90_1.80r0.cnf,all,11854,21337,-1,-1,-1,0,23700,708,62,heuristic2,212.477,212.48,112132096,15530196992,15642329088,2407,2759
instances/vars_1.8_all/instance_11854v90_1.80r0.cnf,all,11854,21337,-1,-1,-1,0,23700,708,62,heuristic3,251.773,251.777,112132096,15530196992,15642329088,2430,2782
instances/vars_1.8_all/instance_11854v90_1.80r0.cnf,all,11854,21337,-1,-1,-1,0,23700,708,62,heuristic4,31129.2,31129.6,112132096,15530196992,15642329088,2171,2523
instances/vars_1.8_all/instance_11854v90_1.80r0.cnf,all,11854,21337,-1,-1,-1,0,23700,708,62,cleanup_device,0.0444336,0.04336,112132096,15530196992,15642329088,-1,-1
instances/vars_1.8_all/instance_11854v90_1.80r0.cnf,all,11854,21337,-1,-1,-1,0,23700,708,62,total,31889.1,-1,112132096,15530196992,15642329088,-1,-1
instances/vars_1.8_all/instance_11974v91_1.80r0.cnf,all,11974,21553,-1,-1,-1,0,23940,800,49,read_instance,5.45825,-1,107937792,15534391296,15642329088,-1,-1
instances/vars_1.8_all/instance_11974v91_1.80r0.cnf,all,11974,21553,-1,-1,-1,0,23940,800,49,alloc_graph,0.232178,0.23184,110034944,15532294144,15642329088,-1,-1
instances/vars_1.8_all/instance_11974v91_1.80r0.cnf,all,11974,21553,-1,-1,-1,0,23940,800,49,scc,4.45874,4.46157,112132096,15530196992,15642329088,-1,-1
instances/vars_1.8_all/instance_11974v91_1.80r0.cnf,all,11974,21553,-1,-1,-1,0,23940,800,49,topo_sort,1.00146,0.999904,112132096,15530196992,15642329088,-1,-1
instances/vars_1.8_all/instance_11974v91_1.80r0.cnf,all,11974,21553,-1,-1,-1,0,23940,800,49,backbone,7.0979,7.10221,112132096,15530196992,15642329088,-1,-1
instances/vars_1.8_all/instance_11974v91_1.80r0.cnf,all,11974,21553,-1,-1,-1,0,23940,800,49,wcc,0.255371,0.254752,112132096,15530196992,15642329088,-1,-1
instances/vars_1.8_all/instance_11974v91_1.80r0.cnf,all,11974,21553,-1,-1,-1,0,23940,800,49,wcc_grouped,1.07715,1.07718,112132096,15530196992,15642329088,-1,-1
instances/vars_1.8_all/instance_11974v91_1.80r0.cnf,all,11974,21553,-1,-1,-1,0,23940,800,49,heuristic1,257.295,257.3,112132096,15530196992,15642329088,2837,3235
instances/vars_1.8_all/instance_11974v91_1.80r0.cnf,all,11974,21553,-1,-1,-1,0,23940,800,49,heuristic2,217.144,217.147,112132096,15530196992,15642329088,2436,2835
instances/vars_1.8_all/instance_11974v91_1.80r0.cnf,all,11974,21553,-1,-1,-1,0,23940,800,49,heuristic3,253.045,253.049,112132096,15530196992,15642329088,2481,2879
instances/vars_1.8_all/instance_11974v91_1.80r0.cnf,all,11974,21553,-1,-1,-1,0,23940,800,49,heuristic4,32594.6,32595.1,112132096,15530196992,15642329088,2245,2643
instances/vars_1.8_all/instance_11974v91_1.80r0.cnf,all,11974,21553,-1,-1,-1,0,23940,800,49,cleanup_device,0.0444336,0.043616,112132096,15530196992,15642329088,-1,-1
instances/vars_1.8_all/instance_11974v91_1.80r0.cnf,all,11974,21553,-1,-1,-1,0,23940,800,49,total,33343.3,-1,112132096,15530196992,15642329088,-1,-1
instances/vars_1.8_all/instance_12095v92_1.80r0.cnf,all,12095,21771,-1,-1,-1,0,24188,742,51,read_instance,5.57837,-1,107937792,15534391296,15642329088,-1,-1
instances/vars_1.8_all/instance_12095v92_1.80r0.cnf,all,12095,21771,-1,-1,-1,0,24188,742,51,alloc_graph,0.270508,0.263616,110034944,15532294144,15642329088,-1,-1
instances/vars_1.8_all/instance_12095v92_1.80r0.cnf,all,12095,21771,-1,-1,-1,0,24188,742,51,scc,4.63281,4.63382,112132096,15530196992,15642329088,-1,-1
instances/vars_1.8_all/instance_12095v92_1.80r0.cnf,all,12095,21771,-1,-1,-1,0,24188,742,51,topo_sort,1.02979,1.02883,112132096,15530196992,15642329088,-1,-1
instances/vars_1.8_all/instance_12095v92_1.80r0.cnf,all,12095,21771,-1,-1,-1,0,24188,742,51,backbone,7.04517,7.04954,112132096,15530196992,15642329088,-1,-1
instances/vars_1.8_all/instance_12095v92_1.80r0.cnf,all,12095,21771,-1,-1,-1,0,24188,742,51,wcc,0.244141,0.243712,112132096,15530196992,15642329088,-1,-1
instances/vars_1.8_all/instance_12095v92_1.80r0.cnf,all,12095,21771,-1,-1,-1,0,24188,742,51,wcc_grouped,1.07666,1.076,112132096,15530196992,15642329088,-1,-1
instances/vars_1.8_all/instance_12095v92_1.80r0.cnf,all,12095,21771,-1,-1,-1,0,24188,742,51,heuristic1,259.537,259.542,112132096,15530196992,15642329088,2889,3259
instances/vars_1.8_all/instance_12095v92_1.80r0.cnf,all,12095,21771,-1,-1,-1,0,24188,742,51,heuristic2,222.876,222.879,112132096,15530196992,15642329088,2497,2867
instances/vars_1.8_all/instance_12095v92_1.80r0.cnf,all,12095,21771,-1,-1,-1,0,24188,742,51,heuristic3,253.452,253.456,112132096,15530196992,15642329088,2458,2827
instances/vars_1.8_all/instance_12095v92_1.80r0.cnf,all,12095,21771,-1,-1,-1,0,24188,742,51,heuristic4,33115,33115.4,112132096,15530196992,15642329088,2260,2629
instances/vars_1.8_all/instance_12095v92_1.80r0.cnf,all,12095,21771,-1,-1,-1,0,24188,742,51,cleanup_device,0.0463867,0.045536,112132096,15530196992,15642329088,-1,-1
instances/vars_1.8_all/instance_12095v92_1.80r0.cnf,all,12095,21771,-1,-1,-1,0,24188,742,51,total,33872.3,-1,112132096,15530196992,15642329088,-1,-1
instances/vars_1.8_all/instance_12216v93_1.80r0.cnf,all,12216,21989,-1,-1,-1,0,24432,774,46,read_instance,5.89966,-1,107937792,15534391296,15642329088,-1,-1
instances/vars_1.8_all/instance_12216v93_1.80r0.cnf,all,12216,21989,-1,-1,-1,0,24432,774,46,alloc_graph,0.271973,0.267296,110034944,15532294144,15642329088,-1,-1
instances/vars_1.8_all/instance_12216v93_1.80r0.cnf,all,12216,21989,-1,-1,-1,0,24432,774,46,scc,4.30347,4.30512,112132096,15530196992,15642329088,-1,-1
instances/vars_1.8_all/instance_12216v93_1.80r0.cnf,all,12216,21989,-1,-1,-1,0,24432,774,46,topo_sort,0.926514,0.926144,112132096,15530196992,15642329088,-1,-1
instances/vars_1.8_all/instance_12216v93_1.80r0.cnf,all,12216,21989,-1,-1,-1,0,24432,774,46,backbone,7.22559,7.2321,112132096,15530196992,15642329088,-1,-1
instances/vars_1.8_all/instance_12216v93_1.80r0.cnf,all,12216,21989,-1,-1,-1,0,24432,774,46,wcc,0.246094,0.245664,112132096,15530196992,15642329088,-1,-1
instances/vars_1.8_all/instance_12216v93_1.80r0.cnf,all,12216,21989,-1,-1,-1,0,24432,774,46,wcc_grouped,1.0752,1.07558,112132096,15530196992,15642329088,-1,-1
instances/vars_1.8_all/instance_12216v93_1.80r0.cnf,all,12216,21989,-1,-1,-1,0,24432,774,46,heuristic1,271.114,271.118,112132096,15530196992,15642329088,3002,3389
instances/vars_1.8_all/instance_12216v93_1.80r0.cnf,all,12216,21989,-1,-1,-1,0,24432,774,46,heuristic2,218.228,218.231,112132096,15530196992,15642329088,2484,2870
instances/vars_1.8_all/instance_12216v93_1.80r0.cnf,all,12216,21989,-1,-1,-1,0,24432,774,46,heuristic3,252.581,252.585,112132096,15530196992,15642329088,2514,2899
instances/vars_1.8_all/instance_12216v93_1.80r0.cnf,all,12216,21989,-1,-1,-1,0,24432,774,46,heuristic4,32934.6,32935.1,112132096,15530196992,15642329088,2241,2626
instances/vars_1.8_all/instance_12216v93_1.80r0.cnf,all,12216,21989,-1,-1,-1,0,24432,774,46,cleanup_device,0.0449219,0.044096,112132096,15530196992,15642329088,-1,-1
instances/vars_1.8_all/instance_12216v93_1.80r0.cnf,all,12216,21989,-1,-1,-1,0,24432,774,46,total,33698.1,-1,112132096,15530196992,15642329088,-1,-1
instances/vars_1.8_all/instance_12336v94_1.80r0.cnf,all,12336,22205,-1,-1,-1,0,24668,818,58,read_instance,5.89551,-1,107937792,15534391296,15642329088,-1,-1
instances/vars_1.8_all/instance_12336v94_1.80r0.cnf,all,12336,22205,-1,-1,-1,0,24668,818,58,alloc_graph,0.240967,0.235328,110034944,15532294144,15642329088,-1,-1
instances/vars_1.8_all/instance_12336v94_1.80r0.cnf,all,12336,22205,-1,-1,-1,0,24668,818,58,scc,4.80298,4.80442,112132096,15530196992,15642329088,-1,-1
instances/vars_1.8_all/instance_12336v94_1.80r0.cnf,all,12336,22205,-1,-1,-1,0,24668,818,58,topo_sort,1.17822,1.17731,112132096,15530196992,15642329088,-1,-1
instances/vars_1.8_all/instance_12336v94_1.80r0.cnf,all,12336,22205,-1,-1,-1,0,24668,818,58,backbone,7.30396,7.31069,112132096,15530196992,15642329088,-1,-1
instances/vars_1.8_all/instance_12336v94_1.80r0.cnf,all,12336,22205,-1,-1,-1,0,24668,818,58,wcc,0.258789,0.258048,112132096,15530196992,15642329088,-1,-1
instances/vars_1.8_all/instance_12336v94_1.80r0.cnf,all,12336,22205,-1,-1,-1,0,24668,818,58,wcc_grouped,1.03613,1.03507,112132096,15530196992,15642329088,-1,-1
instances/vars_1.8_all/instance_12336v94_1.80r0.cnf,all,12336,22205,-1,-1,-1,0,24668,818,58,heuristic1,265.188,265.192,112132096,15530196992,15642329088,2883,3291
instances/vars_1.8_all/instance_12336v94_1.80r0.cnf,all,12336,22205,-1,-1,-1,0,24668,818,58,heuristic2,222.523,222.525,112132096,15530196992,15642329088,2486,2893
instances/vars_1.8_all/instance_12336v94_1.80r0.cnf,all,12336,22205,-1,-1,-1,0,24668,818,58,heuristic3,259.69,259.694,112132096,15530196992,15642329088,2530,2937
instances/vars_1.8_all/instance_12336v94_1.80r0.cnf,all,12336,22205,-1,-1,-1,0,24668,818,58,heuristic4,34045.5,34045.9,112132096,15530196992,15642329088,2290,2697
instances/vars_1.8_all/instance_12336v94_1.80r0.cnf,all,12336,22205,-1,-1,-1,0,24668,818,58,cleanup_device,0.0483398,0.047648,112132096,15530196992,15642329088,-1,-1
instances/vars_1.8_all/instance_12336v94_1.80r0.cnf,all,12336,22205,-1,-1,-1,0,24668,818,58,total,34815.3,-1,112132096,15530196992,15642329088,-1,-1
instances/vars_1.8_all/instance_1241v2_1.80r0.cnf,all,1241,2234,-1,-1,-1,0,2438,134,31,read_instance,0.682861,-1,107937792,15534391296,15642329088,-1,-1
instances/vars_1.8_all/instance_1241v2_1.80r0.cnf,all,1241,2234,-1,-1,-1,0,2438,134,31,alloc_graph,0.21167,0.198304,110034944,15532294144,15642329088,-1,-1
instances/vars_1.8_all/instance_1241v2_1.80r0.cnf,all,1241,2234,-1,-1,-1,0,2438,134,31,scc,4.46265,4.46259,112132096,15530196992,15642329088,-1,-1
instances/vars_1.8_all/instance_1241v2_1.80r0.cnf,all,1241,2234,-1,-1,-1,0,2438,134,31,topo_sort,0.708984,0.708736,112132096,15530196992,15642329088,-1,-1
instances/vars_1.8_all/instance_1241v2_1.80r0.cnf,all,1241,2234,-1,-1,-1,0,2438,134,31,backbone,5.40527,5.41133,112132096,15530196992,15642329088,-1,-1
instances/vars_1.8_all/instance_1241v2_1.80r0.cnf,all,1241,2234,-1,-1,-1,0,2438,134,31,wcc,0.201172,0.202016,112132096,15530196992,15642329088,-1,-1
instances/vars_1.8_all/instance_1241v2_1.80r0.cnf,all,1241,2234,-1,-1,-1,0,2438,134,31,wcc_grouped,0.351318,0.35024,112132096,15530196992,15642329088,-1,-1
instances/vars_1.8_all/instance_1241v2_1.80r0.cnf,all,1241,2234,-1,-1,-1,0,2438,134,31,heuristic1,24.7598,24.7597,112132096,15530196992,15642329088,281,346
instances/vars_1.8_all/instance_1241v2_1.80r0.cnf,all,1241,2234,-1,-1,-1,0,2438,134,31,heuristic2,19.1738,19.1737,112132096,15530196992,15642329088,234,299
instances/vars_1.8_all/instance_1241v2_1.80r0.cnf,all,1241,2234,-1,-1,-1,0,2438,134,31,heuristic3,23.2334,23.2337,112132096,15530196992,15642329088,227,292
instances/vars_1.8_all/instance_1241v2_1.80r0.cnf,all,1241,2234,-1,-1,-1,0,2438,134,31,heuristic4,2211.04,2211.07,112132096,15530196992,15642329088,206,271
instances/vars_1.8_all/instance_1241v2_1.80r0.cnf,all,1241,2234,-1,-1,-1,0,2438,134,31,cleanup_device,0.0424805,0.042304,112132096,15530196992,15642329088,-1,-1
instances/vars_1.8_all/instance_1241v2_1.80r0.cnf,all,1241,2234,-1,-1,-1,0,2438,134,31,total,2291.01,-1,112132096,15530196992,15642329088,-1,-1
instances/vars_1.8_all/instance_12457v95_1.80r0.cnf,all,12457,22423,-1,-1,-1,0,24914,762,60,read_instance,6.13184,-1,107937792,15534391296,15642329088,-1,-1
instances/vars_1.8_all/instance_12457v95_1.80r0.cnf,all,12457,22423,-1,-1,-1,0,24914,762,60,alloc_graph,0.25293,0.25104,110034944,15532294144,15642329088,-1,-1
instances/vars_1.8_all/instance_12457v95_1.80r0.cnf,all,12457,22423,-1,-1,-1,0,24914,762,60,scc,4.33374,4.33421,112132096,15530196992,15642329088,-1,-1
instances/vars_1.8_all/instance_12457v95_1.80r0.cnf,all,12457,22423,-1,-1,-1,0,24914,762,60,topo_sort,1.23682,1.23616,112132096,15530196992,15642329088,-1,-1
instances/vars_1.8_all/instance_12457v95_1.80r0.cnf,all,12457,22423,-1,-1,-1,0,24914,762,60,backbone,7.33594,7.34102,112132096,15530196992,15642329088,-1,-1
instances/vars_1.8_all/instance_12457v95_1.80r0.cnf,all,12457,22423,-1,-1,-1,0,24914,762,60,wcc,0.244385,0.243872,112132096,15530196992,15642329088,-1,-1
instances/vars_1.8_all/instance_12457v95_1.80r0.cnf,all,12457,22423,-1,-1,-1,0,24914,762,60,wcc_grouped,1.25171,1.25232,112132096,15530196992,15642329088,-1,-1
instances/vars_1.8_all/instance_12457v95_1.80r0.cnf,all,12457,22423,-1,-1,-1,0,24914,762,60,heuristic1,276.074,276.078,112132096,15530196992,15642329088,2994,3373
instances/vars_1.8_all/instance_12457v95_1.80r0.cnf,all,12457,22423,-1,-1,-1,0,24914,762,60,heuristic2,225.701,225.704,112132096,15530196992,15642329088,2556,2936
instances/vars_1.8_all/instance_12457v95_1.80r0.cnf,all,12457,22423,-1,-1,-1,0,24914,762,60,heuristic3,260.134,260.139,112132096,15530196992,15642329088,2572,2951
instances/vars_1.8_all/instance_12457v95_1.80r0.cnf,all,12457,22423,-1,-1,-1,0,24914,762,60,heuristic4,34531,34531.4,112132096,15530196992,15642329088,2301,2680
instances/vars_1.8_all/instance_12457v95_1.80r0.cnf,all,12457,22423,-1,-1,-1,0,24914,762,60,cleanup_device,0.0458984,0.045184,112132096,15530196992,15642329088,-1,-1
instances/vars_1.8_all/instance_12457v95_1.80r0.cnf,all,12457,22423,-1,-1,-1,0,24914,762,60,total,35315.4,-1,112132096,15530196992,15642329088,-1,-1
instances/vars_1.8_all/instance_12577v96_1.80r0.cnf,all,12577,22639,-1,-1,-1,0,25150,744,58,read_instance,6.28003,-1,107937792,15534391296,15642329088,-1,-1
instances/vars_1.8_all/instance_12577v96_1.80r0.cnf,all,12577,22639,-1,-1,-1,0,25150,744,58,alloc_graph,0.242432,0.237376,110034944,15532294144,15642329088,-1,-1
instances/vars_1.8_all/instance_12577v96_1.80r0.cnf,all,12577,22639,-1,-1,-1,0,25150,744,58,scc,4.46924,4.4705,112132096,15530196992,15642329088,-1,-1
instances/vars_1.8_all/instance_12577v96_1.80r0.cnf,all,12577,22639,-1,-1,-1,0,25150,744,58,topo_sort,1.16479,1.16352,112132096,15530196992,15642329088,-1,-1
instances/vars_1.8_all/instance_12577v96_1.80r0.cnf,all,12577,22639,-1,-1,-1,0,25150,744,58,backbone,7.6604,7.66726,112132096,15530196992,15642329088,-1,-1
instances/vars_1.8_all/instance_12577v96_1.80r0.cnf,all,12577,22639,-1,-1,-1,0,25150,744,58,wcc,0.249023,0.249216,112132096,15530196992,15642329088,-1,-1
instances/vars_1.8_all/instance_12577v96_1.80r0.cnf,all,12577,22639,-1,-1,-1,0,25150,744,58,wcc_grouped,1.07837,1.07926,112132096,15530196992,15642329088,-1,-1
instances/vars_1.8_all/instance_12577v96_1.80r0.cnf,all,12577,22639,-1,-1,-1,0,25150,744,58,heuristic1,282.819,282.824,112132096,15530196992,15642329088,3089,3459
instances/vars_1.8_all/instance_12577v96_1.80r0.cnf,all,12577,22639,-1,-1,-1,0,25150,744,58,heuristic2,227.183,227.186,112132096,15530196992,15642329088,2570,2941
instances/vars_1.8_all/instance_12577v96_1.80r0.cnf,all,12577,22639,-1,-1,-1,0,25150,744,58,heuristic3,269.333,269.338,112132096,15530196992,15642329088,2587,2957
instances/vars_1.8_all/instance_12577v96_1.80r0.cnf,all,12577,22639,-1,-1,-1,0,25150,744,58,heuristic4,35589.1,35589.6,112132096,15530196992,15642329088,2347,2717
instances/vars_1.8_all/instance_12577v96_1.80r0.cnf,all,12577,22639,-1,-1,-1,0,25150,744,58,cleanup_device,0.0456543,0.044576,112132096,15530196992,15642329088,-1,-1
instances/vars_1.8_all/instance_12577v96_1.80r0.cnf,all,12577,22639,-1,-1,-1,0,25150,744,58,total,36391.2,-1,112132096,15530196992,15642329088,-1,-1
instances/vars_1.8_all/instance_12698v97_1.80r0.cnf,all,12698,22856,-1,-1,-1,0,25392,806,86,read_instance,6.05249,-1,107937792,15534391296,15642329088,-1,-1
instances/vars_1.8_all/instance_12698v97_1.80r0.cnf,all,12698,22856,-1,-1,-1,0,25392,806,86,alloc_graph,0.266602,0.26352,110034944,15532294144,15642329088,-1,-1
instances/vars_1.8_all/instance_12698v97_1.80r0.cnf,all,12698,22856,-1,-1,-1,0,25392,806,86,scc,4.53516,4.53632,112132096,15530196992,15642329088,-1,-1
instances/vars_1.8_all/instance_12698v97_1.80r0.cnf,all,12698,22856,-1,-1,-1,0,25392,806,86,topo_sort,1.68262,1.68163,112132096,15530196992,15642329088,-1,-1
instances/vars_1.8_all/instance_12698v97_1.80r0.cnf,all,12698,22856,-1,-1,-1,0,25392,806,86,backbone,7.84473,7.85136,112132096,15530196992,15642329088,-1,-1
instances/vars_1.8_all/instance_12698v97_1.80r0.cnf,all,12698,22856,-1,-1,-1,0,25392,806,86,wcc,0.281494,0.280608,112132096,15530196992,15642329088,-1,-1
instances/vars_1.8_all/instance_12698v97_1.80r0.cnf,all,12698,22856,-1,-1,-1,0,25392,806,86,wcc_grouped,1.05786,1.05731,112132096,15530196992,15642329088,-1,-1
instances/vars_1.8_all/instance_12698v97_1.80r0.cnf,all,12698,22856,-1,-1,-1,0,25392,806,86,heuristic1,279.532,279.536,112132096,15530196992,15642329088,3020,3423
instances/vars_1.8_all/instance_12698v97_1.80r0.cnf,all,12698,22856,-1,-1,-1,0,25392,806,86,heuristic2,224.105,224.11,112132096,15530196992,15642329088,2571,2972
instances/vars_1.8_all/instance_12698v97_1.80r0.cnf,all,12698,22856,-1,-1,-1,0,25392,806,86,heuristic3,267.809,267.813,112132096,15530196992,15642329088,2611,3012
instances/vars_1.8_all/instance_12698v97_1.80r0.cnf,all,12698,22856,-1,-1,-1,0,25392,806,86,heuristic4,36157.3,36157.8,112132096,15530196992,15642329088,2374,2775
instances/vars_1.8_all/instance_12698v97_1.80r0.cnf,all,12698,22856,-1,-1,-1,0,25392,806,86,cleanup_device,0.0395508,0.038752,112132096,15530196992,15642329088,-1,-1
instances/vars_1.8_all/instance_12698v97_1.80r0.cnf,all,12698,22856,-1,-1,-1,0,25392,806,86,total,36952.1,-1,112132096,15530196992,15642329088,-1,-1
instances/vars_1.8_all/instance_12819v98_1.80r0.cnf,all,12819,23074,-1,-1,-1,0,25636,830,61,read_instance,6.18945,-1,107937792,15534391296,15642329088,-1,-1
instances/vars_1.8_all/instance_12819v98_1.80r0.cnf,all,12819,23074,-1,-1,-1,0,25636,830,61,alloc_graph,0.240234,0.235168,110034944,15532294144,15642329088,-1,-1
instances/vars_1.8_all/instance_12819v98_1.80r0.cnf,all,12819,23074,-1,-1,-1,0,25636,830,61,scc,4.48877,4.49018,112132096,15530196992,15642329088,-1,-1
instances/vars_1.8_all/instance_12819v98_1.80r0.cnf,all,12819,23074,-1,-1,-1,0,25636,830,61,topo_sort,1.25366,1.25357,112132096,15530196992,15642329088,-1,-1
instances/vars_1.8_all/instance_12819v98_1.80r0.cnf,all,12819,23074,-1,-1,-1,0,25636,830,61,backbone,7.65625,7.66285,112132096,15530196992,15642329088,-1,-1
instances/vars_1.8_all/instance_12819v98_1.80r0.cnf,all,12819,23074,-1,-1,-1,0,25636,830,61,wcc,0.274658,0.274432,112132096,15530196992,15642329088,-1,-1
instances/vars_1.8_all/instance_12819v98_1.80r0.cnf,all,12819,23074,-1,-1,-1,0,25636,830,61,wcc_grouped,1.08057,1.08016,112132096,15530196992,15642329088,-1,-1
instances/vars_1.8_all/instance_12819v98_1.80r0.cnf,all,12819,23074,-1,-1,-1,0,25636,830,61,heuristic1,280.906,280.91,112132096,15530196992,15642329088,3060,3473
instances/vars_1.8_all/instance_12819v98_1.80r0.cnf,all,12819,23074,-1,-1,-1,0,25636,830,61,heuristic2,234.135,234.138,112132096,15530196992,15642329088,2642,3056
instances/vars_1.8_all/instance_12819v98_1.80r0.cnf,all,12819,23074,-1,-1,-1,0,25636,830,61,heuristic3,274.822,274.827,112132096,15530196992,15642329088,2708,3121
instances/vars_1.8_all/instance_12819v98_1.80r0.cnf,all,12819,23074,-1,-1,-1,0,25636,830,61,heuristic4,37548.8,37549.3,112132096,15530196992,15642329088,2421,2834
instances/vars_1.8_all/instance_12819v98_1.80r0.cnf,all,12819,23074,-1,-1,-1,0,25636,830,61,cleanup_device,0.0444336,0.042752,112132096,15530196992,15642329088,-1,-1
instances/vars_1.8_all/instance_12819v98_1.80r0.cnf,all,12819,23074,-1,-1,-1,0,25636,830,61,total,38361.5,-1,112132096,15530196992,15642329088,-1,-1
instances/vars_1.8_all/instance_12939v99_1.80r0.cnf,all,12939,23290,-1,-1,-1,0,25846,744,62,read_instance,6.10913,-1,107937792,15534391296,15642329088,-1,-1
instances/vars_1.8_all/instance_12939v99_1.80r0.cnf,all,12939,23290,-1,-1,-1,0,25846,744,62,alloc_graph,0.236328,0.231904,110034944,15532294144,15642329088,-1,-1
instances/vars_1.8_all/instance_12939v99_1.80r0.cnf,all,12939,23290,-1,-1,-1,0,25846,744,62,scc,4.33594,4.33763,112132096,15530196992,15642329088,-1,-1
instances/vars_1.8_all/instance_12939v99_1.80r0.cnf,all,12939,23290,-1,-1,-1,0,25846,744,62,topo_sort,1.25562,1.25523,112132096,15530196992,15642329088,-1,-1
instances/vars_1.8_all/instance_12939v99_1.80r0.cnf,all,12939,23290,-1,-1,-1,0,25846,744,62,backbone,7.8894,7.89578,112132096,15530196992,15642329088,-1,-1
instances/vars_1.8_all/instance_12939v99_1.80r0.cnf,all,12939,23290,-1,-1,-1,0,25846,744,62,wcc,0.21167,0.211232,112132096,15530196992,15642329088,-1,-1
instances/vars_1.8_all/instance_12939v99_1.80r0.cnf,all,12939,23290,-1,-1,-1,0,25846,744,62,wcc_grouped,1.09912,1.09971,112132096,15530196992,15642329088,-1,-1
instances/vars_1.8_all/instance_12939v99_1.80r0.cnf,all,12939,23290,-1,-1,-1,0,25846,744,62,heuristic1,280.085,280.087,112132096,15530196992,15642329088,3064,3435
instances/vars_1.8_all/instance_12939v99_1.80r0.cnf,all,12939,23290,-1,-1,-1,0,25846,744,62,heuristic2,231.141,231.143,112132096,15530196992,15642329088,2600,2971
instances/vars_1.8_all/instance_12939v99_1.80r0.cnf,all,12939,23290,-1,-1,-1,0,25846,744,62,heuristic3,274.995,275,112132096,15530196992,15642329088,2672,3043
instances/vars_1.8_all/instance_12939v99_1.80r0.cnf,all,12939,23290,-1,-1,-1,0,25846,744,62,heuristic4,37608.4,37608.9,112132096,15530196992,15642329088,2418,2789
instances/vars_1.8_all/instance_12939v99_1.80r0.cnf,all,12939,23290,-1,-1,-1,0,25846,744,62,cleanup_device,0.0449219,0.044256,112132096,15530196992,15642329088,-1,-1
instances/vars_1.8_all/instance_12939v99_1.80r0.cnf,all,12939,23290,-1,-1,-1,0,25846,744,62,total,38417.3,-1,112132096,15530196992,15642329088,-1,-1
instances/vars_1.8_all/instance_13060v100_1.80r0.cnf,all,13060,23508,-1,-1,-1,0,26118,780,52,read_instance,6.16235,-1,107937792,15534391296,15642329088,-1,-1
instances/vars_1.8_all/instance_13060v100_1.80r0.cnf,all,13060,23508,-1,-1,-1,0,26118,780,52,alloc_graph,0.254395,0.250112,110034944,15532294144,15642329088,-1,-1
instances/vars_1.8_all/instance_13060v100_1.80r0.cnf,all,13060,23508,-1,-1,-1,0,26118,780,52,scc,4.44727,4.44861,112132096,15530196992,15642329088,-1,-1
instances/vars_1.8_all/instance_13060v100_1.80r0.cnf,all,13060,23508,-1,-1,-1,0,26118,780,52,topo_sort,1.0498,1.04874,112132096,15530196992,15642329088,-1,-1
instances/vars_1.8_all/instance_13060v100_1.80r0.cnf,all,13060,23508,-1,-1,-1,0,26118,780,52,backbone,7.51685,7.52141,112132096,15530196992,15642329088,-1,-1
instances/vars_1.8_all/instance_13060v100_1.80r0.cnf,all,13060,23508,-1,-1,-1,0,26118,780,52,wcc,0.232422,0.231456,112132096,15530196992,15642329088,-1,-1
instances/vars_1.8_all/instance_13060v100_1.80r0.cnf,all,13060,23508,-1,-1,-1,0,26118,780,52,wcc_grouped,1.09839,1.09773,112132096,15530196992,15642329088,-1,-1
instances/vars_1.8_all/instance_13060v100_1.80r0.cnf,all,13060,23508,-1,-1,-1,0,26118,780,52,heuristic1,283.247,283.251,112132096,15530196992,15642329088,3111,3500
instances/vars_1.8_all/instance_13060v100_1.80r0.cnf,all,13060,23508,-1,-1,-1,0,26118,780,52,heuristic2,239.633,239.637,112132096,15530196992,15642329088,2669,3058
instances/vars_1.8_all/instance_13060v100_1.80r0.cnf,all,13060,23508,-1,-1,-1,0,26118,780,52,heuristic3,273.635,273.639,112132096,15530196992,15642329088,2652,3041
instances/vars_1.8_all/instance_13060v100_1.80r0.cnf,all,13060,23508,-1,-1,-1,0,26118,780,52,heuristic4,38470.1,38470.6,112132096,15530196992,15642329088,2444,2833
instances/vars_1.8_all/instance_13060v100_1.80r0.cnf,all,13060,23508,-1,-1,-1,0,26118,780,52,cleanup_device,0.0429688,0.041888,112132096,15530196992,15642329088,-1,-1
instances/vars_1.8_all/instance_13060v100_1.80r0.cnf,all,13060,23508,-1,-1,-1,0,26118,780,52,total,39289,-1,112132096,15530196992,15642329088,-1,-1
instances/vars_1.8_all/instance_13180v101_1.80r0.cnf,all,13180,23724,-1,-1,-1,0,26284,786,60,read_instance,6.05078,-1,107937792,15534391296,15642329088,-1,-1
instances/vars_1.8_all/instance_13180v101_1.80r0.cnf,all,13180,23724,-1,-1,-1,0,26284,786,60,alloc_graph,0.233154,0.23456,110034944,15532294144,15642329088,-1,-1
instances/vars_1.8_all/instance_13180v101_1.80r0.cnf,all,13180,23724,-1,-1,-1,0,26284,786,60,scc,4.72656,4.72698,112132096,15530196992,15642329088,-1,-1
instances/vars_1.8_all/instance_13180v101_1.80r0.cnf,all,13180,23724,-1,-1,-1,0,26284,786,60,topo_sort,1.30273,1.30294,112132096,15530196992,15642329088,-1,-1
instances/vars_1.8_all/instance_13180v101_1.80r0.cnf,all,13180,23724,-1,-1,-1,0,26284,786,60,backbone,7.71875,7.7249,112132096,15530196992,15642329088,-1,-1
instances/vars_1.8_all/instance_13180v101_1.80r0.cnf,all,13180,23724,-1,-1,-1,0,26284,786,60,wcc,0.27124,0.271456,112132096,15530196992,15642329088,-1,-1
instances/vars_1.8_all/instance_13180v101_1.80r0.cnf,all,13180,23724,-1,-1,-1,0,26284,786,60,wcc_grouped,1.05762,1.05811,112132096,15530196992,15642329088,-1,-1
instances/vars_1.8_all/instance_13180v101_1.80r0.cnf,all,13180,23724,-1,-1,-1,0,26284,786,60,heuristic1,287.657,287.661,112132096,15530196992,15642329088,3165,3556
instances/vars_1.8_all/instance_13180v101_1.80r0.cnf,all,13180,23724,-1,-1,-1,0,26284,786,60,heuristic2,238.534,238.538,112132096,15530196992,15642329088,2706,3097
instances/vars_1.8_all/instance_13180v101_1.80r0.cnf,all,13180,23724,-1,-1,-1,0,26284,786,60,heuristic3,291.454,291.458,112132096,15530196992,15642329088,2780,3171
instances/vars_1.8_all/instance_13180v101_1.80r0.cnf,all,13180,23724,-1,-1,-1,0,26284,786,60,heuristic4,39890.3,39890.8,112132096,15530196992,15642329088,2522,2913
instances/vars_1.8_all/instance_13180v101_1.80r0.cnf,all,13180,23724,-1,-1,-1,0,26284,786,60,cleanup_device,0.048584,0.048224,112132096,15530196992,15642329088,-1,-1
instances/vars_1.8_all/instance_13180v101_1.80r0.cnf,all,13180,23724,-1,-1,-1,0,26284,786,60,total,40731,-1,112132096,15530196992,15642329088,-1,-1
instances/vars_1.8_all/instance_13301v102_1.80r0.cnf,all,13301,23942,-1,-1,-1,0,26602,878,68,read_instance,6.59277,-1,107937792,15534391296,15642329088,-1,-1
instances/vars_1.8_all/instance_13301v102_1.80r0.cnf,all,13301,23942,-1,-1,-1,0,26602,878,68,alloc_graph,0.233887,0.23264,110034944,15532294144,15642329088,-1,-1
instances/vars_1.8_all/instance_13301v102_1.80r0.cnf,all,13301,23942,-1,-1,-1,0,26602,878,68,scc,4.46094,4.46243,112132096,15530196992,15642329088,-1,-1
instances/vars_1.8_all/instance_13301v102_1.80r0.cnf,all,13301,23942,-1,-1,-1,0,26602,878,68,topo_sort,1.34644,1.3457,112132096,15530196992,15642329088,-1,-1
instances/vars_1.8_all/instance_13301v102_1.80r0.cnf,all,13301,23942,-1,-1,-1,0,26602,878,68,backbone,7.7793,7.7895,112132096,15530196992,15642329088,-1,-1
instances/vars_1.8_all/instance_13301v102_1.80r0.cnf,all,13301,23942,-1,-1,-1,0,26602,878,68,wcc,0.268555,0.268032,112132096,15530196992,15642329088,-1,-1
instances/vars_1.8_all/instance_13301v102_1.80r0.cnf,all,13301,23942,-1,-1,-1,0,26602,878,68,wcc_grouped,1.05396,1.05437,112132096,15530196992,15642329088,-1,-1
instances/vars_1.8_all/instance_13301v102_1.80r0.cnf,all,13301,23942,-1,-1,-1,0,26602,878,68,heuristic1,283.739,283.744,112132096,15530196992,15642329088,3137,3575
instances/vars_1.8_all/instance_13301v102_1.80r0.cnf,all,13301,23942,-1,-1,-1,0,26602,878,68,heuristic2,239.978,239.981,112132096,15530196992,15642329088,2696,3134
instances/vars_1.8_all/instance_13301v102_1.80r0.cnf,all,13301,23942,-1,-1,-1,0,26602,878,68,heuristic3,286.06,286.065,112132096,15530196992,15642329088,2742,3179
instances/vars_1.8_all/instance_13301v102_1.80r0.cnf,all,13301,23942,-1,-1,-1,0,26602,878,68,heuristic4,40048.8,40049.4,112132096,15530196992,15642329088,2493,2930
instances/vars_1.8_all/instance_13301v102_1.80r0.cnf,all,13301,23942,-1,-1,-1,0,26602,878,68,cleanup_device,0.0454102,0.04448,112132096,15530196992,15642329088,-1,-1
instances/vars_1.8_all/instance_13301v102_1.80r0.cnf,all,13301,23942,-1,-1,-1,0,26602,878,68,total,40882,-1,112132096,15530196992,15642329088,-1,-1
instances/vars_1.8_all/instance_13422v103_1.80r0.cnf,all,13422,24160,-1,-1,-1,0,26828,846,51,read_instance,6.55322,-1,107937792,15534391296,15642329088,-1,-1
instances/vars_1.8_all/instance_13422v103_1.80r0.cnf,all,13422,24160,-1,-1,-1,0,26828,846,51,alloc_graph,0.250488,0.248352,110034944,15532294144,15642329088,-1,-1
instances/vars_1.8_all/instance_13422v103_1.80r0.cnf,all,13422,24160,-1,-1,-1,0,26828,846,51,scc,4.46143,4.46278,112132096,15530196992,15642329088,-1,-1
instances/vars_1.8_all/instance_13422v103_1.80r0.cnf,all,13422,24160,-1,-1,-1,0,26828,846,51,topo_sort,1.01587,1.01539,112132096,15530196992,15642329088,-1,-1
instances/vars_1.8_all/instance_13422v103_1.80r0.cnf,all,13422,24160,-1,-1,-1,0,26828,846,51,backbone,7.81909,7.82586,112132096,15530196992,15642329088,-1,-1
instances/vars_1.8_all/instance_13422v103_1.80r0.cnf,all,13422,24160,-1,-1,-1,0,26828,846,51,wcc,0.267334,0.267904,112132096,15530196992,15642329088,-1,-1
instances/vars_1.8_all/instance_13422v103_1.80r0.cnf,all,13422,24160,-1,-1,-1,0,26828,846,51,wcc_grouped,1.05371,1.05427,112132096,15530196992,15642329088,-1,-1
instances/vars_1.8_all/instance_13422v103_1.80r0.cnf,all,13422,24160,-1,-1,-1,0,26828,846,51,heuristic1,288.576,288.581,112132096,15530196992,15642329088,3175,3596
instances/vars_1.8_all/instance_13422v103_1.80r0.cnf,all,13422,24160,-1,-1,-1,0,26828,846,51,heuristic2,234.521,234.524,112132096,15530196992,15642329088,2737,3158
instances/vars_1.8_all/instance_13422v103_1.80r0.cnf,all,13422,24160,-1,-1,-1,0,26828,846,51,heuristic3,275.658,275.663,112132096,15530196992,15642329088,2734,3155
instances/vars_1.8_all/instance_13422v103_1.80r0.cnf,all,13422,24160,-1,-1,-1,0,26828,846,51,heuristic4,39888.3,39888.9,112132096,15530196992,15642329088,2469,2890
instances/vars_1.8_all/instance_13422v103_1.80r0.cnf,all,13422,24160,-1,-1,-1,0,26828,846,51,cleanup_device,0.0461426,0.045056,112132096,15530196992,15642329088,-1,-1
instances/vars_1.8_all/instance_13422v103_1.80r0.cnf,all,13422,24160,-1,-1,-1,0,26828,846,51,total,40710.1,-1,112132096,15530196992,15642329088,-1,-1
instances/vars_1.8_all/instance_13542v104_1.80r0.cnf,all,13542,24376,-1,-1,-1,0,27084,862,49,read_instance,6.26489,-1,107937792,15534391296,15642329088,-1,-1
instances/vars_1.8_all/instance_13542v104_1.80r0.cnf,all,13542,24376,-1,-1,-1,0,27084,862,49,alloc_graph,0.240967,0.244736,110034944,15532294144,15642329088,-1,-1
instances/vars_1.8_all/instance_13542v104_1.80r0.cnf,all,13542,24376,-1,-1,-1,0,27084,862,49,scc,4.22754,4.22717,112132096,15530196992,15642329088,-1,-1
instances/vars_1.8_all/instance_13542v104_1.80r0.cnf,all,13542,24376,-1,-1,-1,0,27084,862,49,topo_sort,1.04028,1.03987,112132096,15530196992,15642329088,-1,-1
instances/vars_1.8_all/instance_13542v104_1.80r0.cnf,all,13542,24376,-1,-1,-1,0,27084,862,49,backbone,7.94702,7.95446,112132096,15530196992,15642329088,-1,-1
instances/vars_1.8_all/instance_13542v104_1.80r0.cnf,all,13542,24376,-1,-1,-1,0,27084,862,49,wcc,0.266357,0.26624,112132096,15530196992,15642329088,-1,-1
instances/vars_1.8_all/instance_13542v104_1.80r0.cnf,all,13542,24376,-1,-1,-1,0,27084,862,49,wcc_grouped,1.05615,1.05638,112132096,15530196992,15642329088,-1,-1
instances/vars_1.8_all/instance_13542v104_1.80r0.cnf,all,13542,24376,-1,-1,-1,0,27084,862,49,heuristic1,294.223,294.227,112132096,15530196992,15642329088,3235,3665
instances/vars_1.8_all/instance_13542v104_1.80r0.cnf,all,13542,24376,-1,-1,-1,0,27084,862,49,heuristic2,250.211,250.214,112132096,15530196992,15642329088,2832,3261
instances/vars_1.8_all/instance_13542v104_1.80r0.cnf,all,13542,24376,-1,-1,-1,0,27084,862,49,heuristic3,295.206,295.21,112132096,15530196992,15642329088,2858,3287
instances/vars_1.8_all/instance_13542v104_1.80r0.cnf,all,13542,24376,-1,-1,-1,0,27084,862,49,heuristic4,40869.8,40870.3,112132096,15530196992,15642329088,2520,2949
instances/vars_1.8_all/instance_13542v104_1.80r0.cnf,all,13542,24376,-1,-1,-1,0,27084,862,49,cleanup_device,0.0478516,0.04704,112132096,15530196992,15642329088,-1,-1
instances/vars_1.8_all/instance_13542v104_1.80r0.cnf,all,13542,24376,-1,-1,-1,0,27084,862,49,total,41732.2,-1,112132096,15530196992,15642329088,-1,-1
instances/vars_1.8_all/instance_1361v3_1.80r0.cnf,all,1361,2450,-1,-1,-1,0,2716,116,34,read_instance,0.759521,-1,107937792,15534391296,15642329088,-1,-1
instances/vars_1.8_all/instance_1361v3_1.80r0.cnf,all,1361,2450,-1,-1,-1,0,2716,116,34,alloc_graph,0.204102,0.19456,110034944,15532294144,15642329088,-1,-1
instances/vars_1.8_all/instance_1361v3_1.80r0.cnf,all,1361,2450,-1,-1,-1,0,2716,116,34,scc,4.34375,4.34448,112132096,15530196992,15642329088,-1,-1
instances/vars_1.8_all/instance_1361v3_1.80r0.cnf,all,1361,2450,-1,-1,-1,0,2716,116,34,topo_sort,0.697998,0.697376,112132096,15530196992,15642329088,-1,-1
instances/vars_1.8_all/instance_1361v3_1.80r0.cnf,all,1361,2450,-1,-1,-1,0,2716,116,34,backbone,5.21289,5.21843,112132096,15530196992,15642329088,-1,-1
instances/vars_1.8_all/instance_1361v3_1.80r0.cnf,all,1361,2450,-1,-1,-1,0,2716,116,34,wcc,0.197266,0.197088,112132096,15530196992,15642329088,-1,-1
instances/vars_1.8_all/instance_1361v3_1.80r0.cnf,all,1361,2450,-1,-1,-1,0,2716,116,34,wcc_grouped,0.35498,0.354432,112132096,15530196992,15642329088,-1,-1
instances/vars_1.8_all/instance_1361v3_1.80r0.cnf,all,1361,2450,-1,-1,-1,0,2716,116,34,heuristic1,27.1904,27.1899,112132096,15530196992,15642329088,310,367
instances/vars_1.8_all/instance_1361v3_1.80r0.cnf,all,1361,2450,-1,-1,-1,0,2716,116,34,heuristic2,21.7415,21.7405,112132096,15530196992,15642329088,266,322
instances/vars_1.8_all/instance_1361v3_1.80r0.cnf,all,1361,2450,-1,-1,-1,0,2716,116,34,heuristic3,26.4373,26.4363,112132096,15530196992,15642329088,262,318
instances/vars_1.8_all/instance_1361v3_1.80r0.cnf,all,1361,2450,-1,-1,-1,0,2716,116,34,heuristic4,2371.78,2371.81,112132096,15530196992,15642329088,221,277
instances/vars_1.8_all/instance_1361v3_1.80r0.cnf,all,1361,2450,-1,-1,-1,0,2716,116,34,cleanup_device,0.0390625,0.03856,112132096,15530196992,15642329088,-1,-1
instances/vars_1.8_all/instance_1361v3_1.80r0.cnf,all,1361,2450,-1,-1,-1,0,2716,116,34,total,2459.73,-1,112132096,15530196992,15642329088,-1,-1
instances/vars_1.8_all/instance_13663v105_1.80r0.cnf,all,13663,24593,-1,-1,-1,0,27322,782,52,read_instance,6.29492,-1,107937792,15534391296,15642329088,-1,-1
instances/vars_1.8_all/instance_13663v105_1.80r0.cnf,all,13663,24593,-1,-1,-1,0,27322,782,52,alloc_graph,0.236328,0.231968,110034944,15532294144,15642329088,-1,-1
instances/vars_1.8_all/instance_13663v105_1.80r0.cnf,all,13663,24593,-1,-1,-1,0,27322,782,52,scc,4.34668,4.34803,112132096,15530196992,15642329088,-1,-1
instances/vars_1.8_all/instance_13663v105_1.80r0.cnf,all,13663,24593,-1,-1,-1,0,27322,782,52,topo_sort,1.06909,1.06893,112132096,15530196992,15642329088,-1,-1
instances/vars_1.8_all/instance_13663v105_1.80r0.cnf,all,13663,24593,-1,-1,-1,0,27322,782,52,backbone,8.17603,8.18246,112132096,15530196992,15642329088,-1,-1
instances/vars_1.8_all/instance_13663v105_1.80r0.cnf,all,13663,24593,-1,-1,-1,0,27322,782,52,wcc,0.283691,0.284096,112132096,15530196992,15642329088,-1,-1
instances/vars_1.8_all/instance_13663v105_1.80r0.cnf,all,13663,24593,-1,-1,-1,0,27322,782,52,wcc_grouped,1.03125,1.03098,112132096,15530196992,15642329088,-1,-1
instances/vars_1.8_all/instance_13663v105_1.80r0.cnf,all,13663,24593,-1,-1,-1,0,27322,782,52,heuristic1,303.755,303.761,112132096,15530196992,15642329088,3289,3678
instances/vars_1.8_all/instance_13663v105_1.80r0.cnf,all,13663,24593,-1,-1,-1,0,27322,782,52,heuristic2,243.666,243.669,112132096,15530196992,15642329088,2775,3165
instances/vars_1.8_all/instance_13663v105_1.80r0.cnf,all,13663,24593,-1,-1,-1,0,27322,782,52,heuristic3,295.075,295.079,112132096,15530196992,15642329088,2860,3249
instances/vars_1.8_all/instance_13663v105_1.80r0.cnf,all,13663,24593,-1,-1,-1,0,27322,782,52,heuristic4,41436.4,41436.9,112132096,15530196992,15642329088,2534,2923
instances/vars_1.8_all/instance_13663v105_1.80r0.cnf,all,13663,24593,-1,-1,-1,0,27322,782,52,cleanup_device,0.0463867,0.045408,112132096,15530196992,15642329088,-1,-1
instances/vars_1.8_all/instance_13663v105_1.80r0.cnf,all,13663,24593,-1,-1,-1,0,27322,782,52,total,42302,-1,112132096,15530196992,15642329088,-1,-1
instances/vars_1.8_all/instance_13783v106_1.80r0.cnf,all,13783,24809,-1,-1,-1,0,27540,896,78,read_instance,6.62378,-1,107937792,15534391296,15642329088,-1,-1
instances/vars_1.8_all/instance_13783v106_1.80r0.cnf,all,13783,24809,-1,-1,-1,0,27540,896,78,alloc_graph,0.243408,0.248416,110034944,15532294144,15642329088,-1,-1
instances/vars_1.8_all/instance_13783v106_1.80r0.cnf,all,13783,24809,-1,-1,-1,0,27540,896,78,scc,4.56323,4.56448,112132096,15530196992,15642329088,-1,-1
instances/vars_1.8_all/instance_13783v106_1.80r0.cnf,all,13783,24809,-1,-1,-1,0,27540,896,78,topo_sort,1.53784,1.53715,112132096,15530196992,15642329088,-1,-1
instances/vars_1.8_all/instance_13783v106_1.80r0.cnf,all,13783,24809,-1,-1,-1,0,27540,896,78,backbone,8.12256,8.12858,112132096,15530196992,15642329088,-1,-1
instances/vars_1.8_all/instance_13783v106_1.80r0.cnf,all,13783,24809,-1,-1,-1,0,27540,896,78,wcc,0.275391,0.275232,112132096,15530196992,15642329088,-1,-1
instances/vars_1.8_all/instance_13783v106_1.80r0.cnf,all,13783,24809,-1,-1,-1,0,27540,896,78,wcc_grouped,1.0498,1.04947,112132096,15530196992,15642329088,-1,-1
instances/vars_1.8_all/instance_13783v106_1.80r0.cnf,all,13783,24809,-1,-1,-1,0,27540,896,78,heuristic1,299.79,299.794,112132096,15530196992,15642329088,3308,3754
instances/vars_1.8_all/instance_13783v106_1.80r0.cnf,all,13783,24809,-1,-1,-1,0,27540,896,78,heuristic2,246.229,246.234,112132096,15530196992,15642329088,2868,3314
instances/vars_1.8_all/instance_13783v106_1.80r0.cnf,all,13783,24809,-1,-1,-1,0,27540,896,78,heuristic3,294.394,294.398,112132096,15530196992,15642329088,2851,3297
instances/vars_1.8_all/instance_13783v106_1.80r0.cnf,all,13783,24809,-1,-1,-1,0,27540,896,78,heuristic4,42613.5,42614.1,112132096,15530196992,15642329088,2574,3020
instances/vars_1.8_all/instance_13783v106_1.80r0.cnf,all,13783,24809,-1,-1,-1,0,27540,896,78,cleanup_device,0.0495605,0.04864,112132096,15530196992,15642329088,-1,-1
instances/vars_1.8_all/instance_13783v106_1.80r0.cnf,all,13783,24809,-1,-1,-1,0,27540,896,78,total,43478,-1,112132096,15530196992,15642329088,-1,-1
instances/vars_1.8_all/instance_13904v107_1.80r0.cnf,all,13904,25027,-1,-1,-1,0,27808,850,87,read_instance,10.011,-1,107937792,15534391296,15642329088,-1,-1
instances/vars_1.8_all/instance_13904v107_1.80r0.cnf,all,13904,25027,-1,-1,-1,0,27808,850,87,alloc_graph,0.304932,0.29696,110034944,15532294144,15642329088,-1,-1
instances/vars_1.8_all/instance_13904v107_1.80r0.cnf,all,13904,25027,-1,-1,-1,0,27808,850,87,scc,4.63086,4.63264,112132096,15530196992,15642329088,-1,-1
instances/vars_1.8_all/instance_13904v107_1.80r0.cnf,all,13904,25027,-1,-1,-1,0,27808,850,87,topo_sort,1.74463,1.74442,112132096,15530196992,15642329088,-1,-1
instances/vars_1.8_all/instance_13904v107_1.80r0.cnf,all,13904,25027,-1,-1,-1,0,27808,850,87,backbone,8.31689,8.32499,112132096,15530196992,15642329088,-1,-1
instances/vars_1.8_all/instance_13904v107_1.80r0.cnf,all,13904,25027,-1,-1,-1,0,27808,850,87,wcc,0.27002,0.26944,112132096,15530196992,15642329088,-1,-1
instances/vars_1.8_all/instance_13904v107_1.80r0.cnf,all,13904,25027,-1,-1,-1,0,27808,850,87,wcc_grouped,1.03833,1.03859,112132096,15530196992,15642329088,-1,-1
instances/vars_1.8_all/instance_13904v107_1.80r0.cnf,all,13904,25027,-1,-1,-1,0,27808,850,87,heuristic1,308.142,308.146,112132096,15530196992,15642329088,3325,3749
instances/vars_1.8_all/instance_13904v107_1.80r0.cnf,all,13904,25027,-1,-1,-1,0,27808,850,87,heuristic2,255.183,255.186,112132096,15530196992,15642329088,2897,3321
instances/vars_1.8_all/instance_13904v107_1.80r0.cnf,all,13904,25027,-1,-1,-1,0,27808,850,87,heuristic3,298.473,298.479,112132096,15530196992,15642329088,2863,3287
instances/vars_1.8_all/instance_13904v107_1.80r0.cnf,all,13904,25027,-1,-1,-1,0,27808,850,87,heuristic4,43432.5,43433.1,112132096,15530196992,15642329088,2605,3029
instances/vars_1.8_all/instance_13904v107_1.80r0.cnf,all,13904,25027,-1,-1,-1,0,27808,850,87,cleanup_device,0.0463867,0.045376,112132096,15530196992,15642329088,-1,-1
instances/vars_1.8_all/instance_13904v107_1.80r0.cnf,all,13904,25027,-1,-1,-1,0,27808,850,87,total,44322.4,-1,112132096,15530196992,15642329088,-1,-1
instances/vars_1.8_all/instance_14025v108_1.80r0.cnf,all,14025,25245,-1,-1,-1,0,28026,878,114,read_instance,6.60693,-1,107937792,15534391296,15642329088,-1,-1
instances/vars_1.8_all/instance_14025v108_1.80r0.cnf,all,14025,25245,-1,-1,-1,0,28026,878,114,alloc_graph,0.25708,0.254752,110034944,15532294144,15642329088,-1,-1
instances/vars_1.8_all/instance_14025v108_1.80r0.cnf,all,14025,25245,-1,-1,-1,0,28026,878,114,scc,4.69141,4.6928,112132096,15530196992,15642329088,-1,-1
instances/vars_1.8_all/instance_14025v108_1.80r0.cnf,all,14025,25245,-1,-1,-1,0,28026,878,114,topo_sort,2.24316,2.24182,112132096,15530196992,15642329088,-1,-1
instances/vars_1.8_all/instance_14025v108_1.80r0.cnf,all,14025,25245,-1,-1,-1,0,28026,878,114,backbone,8.52539,8.53206,112132096,15530196992,15642329088,-1,-1
instances/vars_1.8_all/instance_14025v108_1.80r0.cnf,all,14025,25245,-1,-1,-1,0,28026,878,114,wcc,0.251465,0.251904,112132096,15530196992,15642329088,-1,-1
instances/vars_1.8_all/instance_14025v108_1.80r0.cnf,all,14025,25245,-1,-1,-1,0,28026,878,114,wcc_grouped,1.06812,1.06781,112132096,15530196992,15642329088,-1,-1
instances/vars_1.8_all/instance_14025v108_1.80r0.cnf,all,14025,25245,-1,-1,-1,0,28026,878,114,heuristic1,310.105,310.11,112132096,15530196992,15642329088,3373,3810
instances/vars_1.8_all/instance_14025v108_1.80r0.cnf,all,14025,25245,-1,-1,-1,0,28026,878,114,heuristic2,250.557,250.56,112132096,15530196992,15642329088,2838,3276
instances/vars_1.8_all/instance_14025v108_1.80r0.cnf,all,14025,25245,-1,-1,-1,0,28026,878,114,heuristic3,294.624,294.629,112132096,15530196992,15642329088,2876,3313
instances/vars_1.8_all/instance_14025v108_1.80r0.cnf,all,14025,25245,-1,-1,-1,0,28026,878,114,heuristic4,43934.1,43934.6,112132096,15530196992,15642329088,2587,3024
instances/vars_1.8_all/instance_14025v108_1.80r0.cnf,all,14025,25245,-1,-1,-1,0,28026,878,114,cleanup_device,0.0500488,0.049088,112132096,15530196992,15642329088,-1,-1
instances/vars_1.8_all/instance_14025v108_1.80r0.cnf,all,14025,25245,-1,-1,-1,0,28026,878,114,total,44814.7,-1,112132096,15530196992,15642329088,-1,-1
instances/vars_1.8_all/instance_14145v109_1.80r0.cnf,all,14145,25461,-1,-1,-1,0,28290,852,66,read_instance,6.77588,-1,107937792,15534391296,15642329088,-1,-1
instances/vars_1.8_all/instance_14145v109_1.80r0.cnf,all,14145,25461,-1,-1,-1,0,28290,852,66,alloc_graph,0.267334,0.267808,110034944,15532294144,15642329088,-1,-1
instances/vars_1.8_all/instance_14145v109_1.80r0.cnf,all,14145,25461,-1,-1,-1,0,28290,852,66,scc,4.46118,4.46237,112132096,15530196992,15642329088,-1,-1
instances/vars_1.8_all/instance_14145v109_1.80r0.cnf,all,14145,25461,-1,-1,-1,0,28290,852,66,topo_sort,1.29956,1.29894,112132096,15530196992,15642329088,-1,-1
instances/vars_1.8_all/instance_14145v109_1.80r0.cnf,all,14145,25461,-1,-1,-1,0,28290,852,66,backbone,8.14966,8.15587,112132096,15530196992,15642329088,-1,-1
instances/vars_1.8_all/instance_14145v109_1.80r0.cnf,all,14145,25461,-1,-1,-1,0,28290,852,66,wcc,0.252441,0.251904,112132096,15530196992,15642329088,-1,-1
instances/vars_1.8_all/instance_14145v109_1.80r0.cnf,all,14145,25461,-1,-1,-1,0,28290,852,66,wcc_grouped,1.05835,1.05882,112132096,15530196992,15642329088,-1,-1
instances/vars_1.8_all/instance_14145v109_1.80r0.cnf,all,14145,25461,-1,-1,-1,0,28290,852,66,heuristic1,309.596,309.603,112132096,15530196992,15642329088,3370,3795
instances/vars_1.8_all/instance_14145v109_1.80r0.cnf,all,14145,25461,-1,-1,-1,0,28290,852,66,heuristic2,253.172,253.176,112132096,15530196992,15642329088,2897,3321
instances/vars_1.8_all/instance_14145v109_1.80r0.cnf,all,14145,25461,-1,-1,-1,0,28290,852,66,heuristic3,307.882,307.886,112132096,15530196992,15642329088,2962,3386
instances/vars_1.8_all/instance_14145v109_1.80r0.cnf,all,14145,25461,-1,-1,-1,0,28290,852,66,heuristic4,45667.6,45668.2,112132096,15530196992,15642329088,2653,3077
instances/vars_1.8_all/instance_14145v109_1.80r0.cnf,all,14145,25461,-1,-1,-1,0,28290,852,66,cleanup_device,0.0483398,0.047552,112132096,15530196992,15642329088,-1,-1
instances/vars_1.8_all/instance_14145v109_1.80r0.cnf,all,14145,25461,-1,-1,-1,0,28290,852,66,total,46562.3,-1,112132096,15530196992,15642329088,-1,-1
instances/vars_1.8_all/instance_14266v110_1.80r0.cnf,all,14266,25679,-1,-1,-1,0,28526,898,106,read_instance,6.45752,-1,107937792,15534391296,15642329088,-1,-1
instances/vars_1.8_all/instance_14266v110_1.80r0.cnf,all,14266,25679,-1,-1,-1,0,28526,898,106,alloc_graph,0.241943,0.240064,110034944,15532294144,15642329088,-1,-1
instances/vars_1.8_all/instance_14266v110_1.80r0.cnf,all,14266,25679,-1,-1,-1,0,28526,898,106,scc,4.67578,4.67654,112132096,15530196992,15642329088,-1,-1
instances/vars_1.8_all/instance_14266v110_1.80r0.cnf,all,14266,25679,-1,-1,-1,0,28526,898,106,topo_sort,2.00244,2.00144,112132096,15530196992,15642329088,-1,-1
instances/vars_1.8_all/instance_14266v110_1.80r0.cnf,all,14266,25679,-1,-1,-1,0,28526,898,106,backbone,8.22729,8.23315,112132096,15530196992,15642329088,-1,-1
instances/vars_1.8_all/instance_14266v110_1.80r0.cnf,all,14266,25679,-1,-1,-1,0,28526,898,106,wcc,0.252441,0.251904,112132096,15530196992,15642329088,-1,-1
instances/vars_1.8_all/instance_14266v110_1.80r0.cnf,all,14266,25679,-1,-1,-1,0,28526,898,106,wcc_grouped,1.13086,1.13078,112132096,15530196992,15642329088,-1,-1
instances/vars_1.8_all/instance_14266v110_1.80r0.cnf,all,14266,25679,-1,-1,-1,0,28526,898,106,heuristic1,309.147,309.153,112132096,15530196992,15642329088,3402,3852
instances/vars_1.8_all/instance_14266v110_1.80r0.cnf,all,14266,25679,-1,-1,-1,0,28526,898,106,heuristic2,252.511,252.514,112132096,15530196992,15642329088,2896,3343
instances/vars_1.8_all/instance_14266v110_1.80r0.cnf,all,14266,25679,-1,-1,-1,0,28526,898,106,heuristic3,299.339,299.343,112132096,15530196992,15642329088,2890,3337
instances/vars_1.8_all/instance_14266v110_1.80r0.cnf,all,14266,25679,-1,-1,-1,0,28526,898,106,heuristic4,45805,45805.7,112132096,15530196992,15642329088,2624,3071
instances/vars_1.8_all/instance_14266v110_1.80r0.cnf,all,14266,25679,-1,-1,-1,0,28526,898,106,cleanup_device,0.0498047,0.04912,112132096,15530196992,15642329088,-1,-1
instances/vars_1.8_all/instance_14266v110_1.80r0.cnf,all,14266,25679,-1,-1,-1,0,28526,898,106,total,46690.7,-1,112132096,15530196992,15642329088,-1,-1
instances/vars_1.8_all/instance_14386v111_1.80r0.cnf,all,14386,25895,-1,-1,-1,0,28764,890,61,read_instance,7.04736,-1,107937792,15534391296,15642329088,-1,-1
instances/vars_1.8_all/instance_14386v111_1.80r0.cnf,all,14386,25895,-1,-1,-1,0,28764,890,61,alloc_graph,0.243896,0.244704,110034944,15532294144,15642329088,-1,-1
instances/vars_1.8_all/instance_14386v111_1.80r0.cnf,all,14386,25895,-1,-1,-1,0,28764,890,61,scc,4.82837,4.82899,112132096,15530196992,15642329088,-1,-1
instances/vars_1.8_all/instance_14386v111_1.80r0.cnf,all,14386,25895,-1,-1,-1,0,28764,890,61,topo_sort,1.23584,1.23469,112132096,15530196992,15642329088,-1,-1
instances/vars_1.8_all/instance_14386v111_1.80r0.cnf,all,14386,25895,-1,-1,-1,0,28764,890,61,backbone,8.21851,8.22474,112132096,15530196992,15642329088,-1,-1
instances/vars_1.8_all/instance_14386v111_1.80r0.cnf,all,14386,25895,-1,-1,-1,0,28764,890,61,wcc,0.248047,0.248128,112132096,15530196992,15642329088,-1,-1
instances/vars_1.8_all/instance_14386v111_1.80r0.cnf,all,14386,25895,-1,-1,-1,0,28764,890,61,wcc_grouped,1.12036,1.12058,112132096,15530196992,15642329088,-1,-1
instances/vars_1.8_all/instance_14386v111_1.80r0.cnf,all,14386,25895,-1,-1,-1,0,28764,890,61,heuristic1,310.3,310.304,112132096,15530196992,15642329088,3387,3831
instances/vars_1.8_all/instance_14386v111_1.80r0.cnf,all,14386,25895,-1,-1,-1,0,28764,890,61,heuristic2,254.531,254.535,112132096,15530196992,15642329088,2845,3290
instances/vars_1.8_all/instance_14386v111_1.80r0.cnf,all,14386,25895,-1,-1,-1,0,28764,890,61,heuristic3,310.409,310.413,112132096,15530196992,15642329088,2985,3428
instances/vars_1.8_all/instance_14386v111_1.80r0.cnf,all,14386,25895,-1,-1,-1,0,28764,890,61,heuristic4,46415,46415.6,112132096,15530196992,15642329088,2649,3092
instances/vars_1.8_all/instance_14386v111_1.80r0.cnf,all,14386,25895,-1,-1,-1,0,28764,890,61,cleanup_device,0.0788574,0.076128,112132096,15530196992,15642329088,-1,-1
instances/vars_1.8_all/instance_14386v111_1.80r0.cnf,all,14386,25895,-1,-1,-1,0,28764,890,61,total,47315,-1,112132096,15530196992,15642329088,-1,-1
instances/vars_1.8_all/instance_14507v112_1.80r0.cnf,all,14507,26113,-1,-1,-1,0,29014,922,75,read_instance,7.24048,-1,107937792,15534391296,15642329088,-1,-1
instances/vars_1.8_all/instance_14507v112_1.80r0.cnf,all,14507,26113,-1,-1,-1,0,29014,922,75,alloc_graph,0.24707,0.243392,110034944,15532294144,15642329088,-1,-1
instances/vars_1.8_all/instance_14507v112_1.80r0.cnf,all,14507,26113,-1,-1,-1,0,29014,922,75,scc,4.80176,4.8033,112132096,15530196992,15642329088,-1,-1
instances/vars_1.8_all/instance_14507v112_1.80r0.cnf,all,14507,26113,-1,-1,-1,0,29014,922,75,topo_sort,1.4978,1.49734,112132096,15530196992,15642329088,-1,-1
instances/vars_1.8_all/instance_14507v112_1.80r0.cnf,all,14507,26113,-1,-1,-1,0,29014,922,75,backbone,8.77393,8.77984,112132096,15530196992,15642329088,-1,-1
instances/vars_1.8_all/instance_14507v112_1.80r0.cnf,all,14507,26113,-1,-1,-1,0,29014,922,75,wcc,0.232178,0.231456,112132096,15530196992,15642329088,-1,-1
instances/vars_1.8_all/instance_14507v112_1.80r0.cnf,all,14507,26113,-1,-1,-1,0,29014,922,75,wcc_grouped,1.08594,1.08624,112132096,15530196992,15642329088,-1,-1
instances/vars_1.8_all/instance_14507v112_1.80r0.cnf,all,14507,26113,-1,-1,-1,0,29014,922,75,heuristic1,317.362,317.367,112132096,15530196992,15642329088,3431,3891
instances/vars_1.8_all/instance_14507v112_1.80r0.cnf,all,14507,26113,-1,-1,-1,0,29014,922,75,heuristic2,258.646,258.65,112132096,15530196992,15642329088,2924,3385
instances/vars_1.8_all/instance_14507v112_1.80r0.cnf,all,14507,26113,-1,-1,-1,0,29014,922,75,heuristic3,308.125,308.13,112132096,15530196992,15642329088,2917,3376
instances/vars_1.8_all/instance_14507v112_1.80r0.cnf,all,14507,26113,-1,-1,-1,0,29014,922,75,heuristic4,46710,46710.6,112132096,15530196992,15642329088,2620,3079
instances/vars_1.8_all/instance_14507v112_1.80r0.cnf,all,14507,26113,-1,-1,-1,0,29014,922,75,cleanup_device,0.0478516,0.046912,112132096,15530196992,15642329088,-1,-1
instances/vars_1.8_all/instance_14507v112_1.80r0.cnf,all,14507,26113,-1,-1,-1,0,29014,922,75,total,47619.7,-1,112132096,15530196992,15642329088,-1,-1
instances/vars_1.8_all/instance_14628v113_1.80r0.cnf,all,14628,26330,-1,-1,-1,0,29256,844,98,read_instance,6.75708,-1,107937792,15534391296,15642329088,-1,-1
instances/vars_1.8_all/instance_14628v113_1.80r0.cnf,all,14628,26330,-1,-1,-1,0,29256,844,98,alloc_graph,0.251953,0.252576,110034944,15532294144,15642329088,-1,-1
instances/vars_1.8_all/instance_14628v113_1.80r0.cnf,all,14628,26330,-1,-1,-1,0,29256,844,98,scc,4.47388,4.4752,112132096,15530196992,15642329088,-1,-1
instances/vars_1.8_all/instance_14628v113_1.80r0.cnf,all,14628,26330,-1,-1,-1,0,29256,844,98,topo_sort,1.90015,1.89981,112132096,15530196992,15642329088,-1,-1
instances/vars_1.8_all/instance_14628v113_1.80r0.cnf,all,14628,26330,-1,-1,-1,0,29256,844,98,backbone,8.33154,8.33718,112132096,15530196992,15642329088,-1,-1
instances/vars_1.8_all/instance_14628v113_1.80r0.cnf,all,14628,26330,-1,-1,-1,0,29256,844,98,wcc,0.265625,0.265536,112132096,15530196992,15642329088,-1,-1
instances/vars_1.8_all/instance_14628v113_1.80r0.cnf,all,14628,26330,-1,-1,-1,0,29256,844,98,wcc_grouped,1.05737,1.05677,112132096,15530196992,15642329088,-1,-1
instances/vars_1.8_all/instance_14628v113_1.80r0.cnf,all,14628,26330,-1,-1,-1,0,29256,844,98,heuristic1,320.415,320.42,112132096,15530196992,15642329088,3514,3935
instances/vars_1.8_all/instance_14628v113_1.80r0.cnf,all,14628,26330,-1,-1,-1,0,29256,844,98,heuristic2,261.043,261.047,112132096,15530196992,15642329088,2960,3380
instances/vars_1.8_all/instance_14628v113_1.80r0.cnf,all,14628,26330,-1,-1,-1,0,29256,844,98,heuristic3,321.601,321.607,112132096,15530196992,15642329088,3089,3509
instances/vars_1.8_all/instance_14628v113_1.80r0.cnf,all,14628,26330,-1,-1,-1,0,29256,844,98,heuristic4,51021.5,51022.2,112132096,15530196992,15642329088,2811,3231
instances/vars_1.8_all/instance_14628v113_1.80r0.cnf,all,14628,26330,-1,-1,-1,0,29256,844,98,cleanup_device,0.0471191,0.046464,112132096,15530196992,15642329088,-1,-1
instances/vars_1.8_all/instance_14628v113_1.80r0.cnf,all,14628,26330,-1,-1,-1,0,29256,844,98,total,51949.3,-1,112132096,15530196992,15642329088,-1,-1
instances/vars_1.8_all/instance_14748v114_1.80r0.cnf,all,14748,26546,-1,-1,-1,0,29496,970,77,read_instance,7.37451,-1,107937792,15534391296,15642329088,-1,-1
instances/vars_1.8_all/instance_14748v114_1.80r0.cnf,all,14748,26546,-1,-1,-1,0,29496,970,77,alloc_graph,0.25,0.247616,110034944,15532294144,15642329088,-1,-1
instances/vars_1.8_all/instance_14748v114_1.80r0.cnf,all,14748,26546,-1,-1,-1,0,29496,970,77,scc,4.71655,4.71664,112132096,15530196992,15642329088,-1,-1
instances/vars_1.8_all/instance_14748v114_1.80r0.cnf,all,14748,26546,-1,-1,-1,0,29496,970,77,topo_sort,1.49146,1.4912,112132096,15530196992,15642329088,-1,-1
instances/vars_1.8_all/instance_14748v114_1.80r0.cnf,all,14748,26546,-1,-1,-1,0,29496,970,77,backbone,8.55933,8.56614,112132096,15530196992,15642329088,-1,-1
instances/vars_1.8_all/instance_14748v114_1.80r0.cnf,all,14748,26546,-1,-1,-1,0,29496,970,77,wcc,0.265137,0.2656,112132096,15530196992,15642329088,-1,-1
instances/vars_1.8_all/instance_14748v114_1.80r0.cnf,all,14748,26546,-1,-1,-1,0,29496,970,77,wcc_grouped,1.04419,1.04419,112132096,15530196992,15642329088,-1,-1
instances/vars_1.8_all/instance_14748v114_1.80r0.cnf,all,14748,26546,-1,-1,-1,0,29496,970,77,heuristic1,317.448,317.453,112132096,15530196992,15642329088,3487,3971
instances/vars_1.8_all/instance_14748v114_1.80r0.cnf,all,14748,26546,-1,-1,-1,0,29496,970,77,heuristic2,264.588,264.591,112132096,15530196992,15642329088,3005,3488
instances/vars_1.8_all/instance_14748v114_1.80r0.cnf,all,14748,26546,-1,-1,-1,0,29496,970,77,heuristic3,309.365,309.369,112132096,15530196992,15642329088,2970,3453
instances/vars_1.8_all/instance_14748v114_1.80r0.cnf,all,14748,26546,-1,-1,-1,0,29496,970,77,heuristic4,49685.7,49686.4,112132096,15530196992,15642329088,2721,3204
instances/vars_1.8_all/instance_14748v114_1.80r0.cnf,all,14748,26546,-1,-1,-1,0,29496,970,77,cleanup_device,0.0625,0.061856,112132096,15530196992,15642329088,-1,-1
instances/vars_1.8_all/instance_14748v114_1.80r0.cnf,all,14748,26546,-1,-1,-1,0,29496,970,77,total,50602.6,-1,112132096,15530196992,15642329088,-1,-1
instances/vars_1.8_all/instance_1482v4_1.80r0.cnf,all,1482,2668,-1,-1,-1,0,2928,120,51,read_instance,0.804443,-1,107937792,15534391296,15642329088,-1,-1
instances/vars_1.8_all/instance_1482v4_1.80r0.cnf,all,1482,2668,-1,-1,-1,0,2928,120,51,alloc_graph,0.171875,0.155648,110034944,15532294144,15642329088,-1,-1
instances/vars_1.8_all/instance_1482v4_1.80r0.cnf,all,1482,2668,-1,-1,-1,0,2928,120,51,scc,4.49634,4.49741,112132096,15530196992,15642329088,-1,-1
instances/vars_1.8_all/instance_1482v4_1.80r0.cnf,all,1482,2668,-1,-1,-1,0,2928,120,51,topo_sort,1.02686,1.02614,112132096,15530196992,15642329088,-1,-1
instances/vars_1.8_all/instance_1482v4_1.80r0.cnf,all,1482,2668,-1,-1,-1,0,2928,120,51,backbone,4.99146,4.99622,112132096,15530196992,15642329088,-1,-1
instances/vars_1.8_all/instance_1482v4_1.80r0.cnf,all,1482,2668,-1,-1,-1,0,2928,120,51,wcc,0.216553,0.216832,112132096,15530196992,15642329088,-1,-1
instances/vars_1.8_all/instance_1482v4_1.80r0.cnf,all,1482,2668,-1,-1,-1,0,2928,120,51,wcc_grouped,0.367432,0.366912,112132096,15530196992,15642329088,-1,-1
instances/vars_1.8_all/instance_1482v4_1.80r0.cnf,all,1482,2668,-1,-1,-1,0,2928,120,51,heuristic1,28.1182,28.1175,112132096,15530196992,15642329088,332,390
instances/vars_1.8_all/instance_1482v4_1.80r0.cnf,all,1482,2668,-1,-1,-1,0,2928,120,51,heuristic2,24.3845,24.3835,112132096,15530196992,15642329088,305,363
instances/vars_1.8_all/instance_1482v4_1.80r0.cnf,all,1482,2668,-1,-1,-1,0,2928,120,51,heuristic3,30.6409,30.641,112132096,15530196992,15642329088,297,355
instances/vars_1.8_all/instance_1482v4_1.80r0.cnf,all,1482,2668,-1,-1,-1,0,2928,120,51,heuristic4,2923.32,2923.36,112132096,15530196992,15642329088,269,327
instances/vars_1.8_all/instance_1482v4_1.80r0.cnf,all,1482,2668,-1,-1,-1,0,2928,120,51,cleanup_device,0.041748,0.041632,112132096,15530196992,15642329088,-1,-1
instances/vars_1.8_all/instance_1482v4_1.80r0.cnf,all,1482,2668,-1,-1,-1,0,2928,120,51,total,3019.31,-1,112132096,15530196992,15642329088,-1,-1
instances/vars_1.8_all/instance_14869v115_1.80r0.cnf,all,14869,26764,-1,-1,-1,0,29738,944,53,read_instance,6.98145,-1,107937792,15534391296,15642329088,-1,-1
instances/vars_1.8_all/instance_14869v115_1.80r0.cnf,all,14869,26764,-1,-1,-1,0,29738,944,53,alloc_graph,0.245117,0.2432,110034944,15532294144,15642329088,-1,-1
instances/vars_1.8_all/instance_14869v115_1.80r0.cnf,all,14869,26764,-1,-1,-1,0,29738,944,53,scc,4.75,4.75082,112132096,15530196992,15642329088,-1,-1
instances/vars_1.8_all/instance_14869v115_1.80r0.cnf,all,14869,26764,-1,-1,-1,0,29738,944,53,topo_sort,1.05713,1.05635,112132096,15530196992,15642329088,-1,-1
instances/vars_1.8_all/instance_14869v115_1.80r0.cnf,all,14869,26764,-1,-1,-1,0,29738,944,53,backbone,8.43579,8.44627,112132096,15530196992,15642329088,-1,-1
instances/vars_1.8_all/instance_14869v115_1.80r0.cnf,all,14869,26764,-1,-1,-1,0,29738,944,53,wcc,0.287354,0.28704,112132096,15530196992,15642329088,-1,-1
instances/vars_1.8_all/instance_14869v115_1.80r0.cnf,all,14869,26764,-1,-1,-1,0,29738,944,53,wcc_grouped,1.01025,1.01024,112132096,15530196992,15642329088,-1,-1
instances/vars_1.8_all/instance_14869v115_1.80r0.cnf,all,14869,26764,-1,-1,-1,0,29738,944,53,heuristic1,332.991,332.996,112132096,15530196992,15642329088,3581,4052
instances/vars_1.8_all/instance_14869v115_1.80r0.cnf,all,14869,26764,-1,-1,-1,0,29738,944,53,heuristic2,272.041,272.047,112132096,15530196992,15642329088,3033,3503
instances/vars_1.8_all/instance_14869v115_1.80r0.cnf,all,14869,26764,-1,-1,-1,0,29738,944,53,heuristic3,327.137,327.141,112132096,15530196992,15642329088,3131,3601
instances/vars_1.8_all/instance_14869v115_1.80r0.cnf,all,14869,26764,-1,-1,-1,0,29738,944,53,heuristic4,51759.1,51759.8,112132096,15530196992,15642329088,2801,3271
instances/vars_1.8_all/instance_14869v115_1.80r0.cnf,all,14869,26764,-1,-1,-1,0,29738,944,53,cleanup_device,0.0483398,0.047488,112132096,15530196992,15642329088,-1,-1
instances/vars_1.8_all/instance_14869v115_1.80r0.cnf,all,14869,26764,-1,-1,-1,0,29738,944,53,total,52715.8,-1,112132096,15530196992,15642329088,-1,-1
instances/vars_1.8_all/instance_14989v116_1.80r0.cnf,all,14989,26980,-1,-1,-1,0,29970,946,52,read_instance,6.98804,-1,107937792,15534391296,15642329088,-1,-1
instances/vars_1.8_all/instance_14989v116_1.80r0.cnf,all,14989,26980,-1,-1,-1,0,29970,946,52,alloc_graph,0.242676,0.2472,110034944,15532294144,15642329088,-1,-1
instances/vars_1.8_all/instance_14989v116_1.80r0.cnf,all,14989,26980,-1,-1,-1,0,29970,946,52,scc,4.48682,4.48819,112132096,15530196992,15642329088,-1,-1
instances/vars_1.8_all/instance_14989v116_1.80r0.cnf,all,14989,26980,-1,-1,-1,0,29970,946,52,topo_sort,1.06958,1.06886,112132096,15530196992,15642329088,-1,-1
instances/vars_1.8_all/instance_14989v116_1.80r0.cnf,all,14989,26980,-1,-1,-1,0,29970,946,52,backbone,8.53198,8.53782,112132096,15530196992,15642329088,-1,-1
instances/vars_1.8_all/instance_14989v116_1.80r0.cnf,all,14989,26980,-1,-1,-1,0,29970,946,52,wcc,0.313477,0.31504,112132096,15530196992,15642329088,-1,-1
instances/vars_1.8_all/instance_14989v116_1.80r0.cnf,all,14989,26980,-1,-1,-1,0,29970,946,52,wcc_grouped,1.02417,1.02528,112132096,15530196992,15642329088,-1,-1
instances/vars_1.8_all/instance_14989v116_1.80r0.cnf,all,14989,26980,-1,-1,-1,0,29970,946,52,heuristic1,324.044,324.05,112132096,15530196992,15642329088,3512,3984
instances/vars_1.8_all/instance_14989v116_1.80r0.cnf,all,14989,26980,-1,-1,-1,0,29970,946,52,heuristic2,270.406,270.41,112132096,15530196992,15642329088,3048,3519
instances/vars_1.8_all/instance_14989v116_1.80r0.cnf,all,14989,26980,-1,-1,-1,0,29970,946,52,heuristic3,315.992,315.997,112132096,15530196992,15642329088,3033,3504
instances/vars_1.8_all/instance_14989v116_1.80r0.cnf,all,14989,26980,-1,-1,-1,0,29970,946,52,heuristic4,51669,51669.7,112132096,15530196992,15642329088,2739,3210
instances/vars_1.8_all/instance_14989v116_1.80r0.cnf,all,14989,26980,-1,-1,-1,0,29970,946,52,cleanup_device,0.0476074,0.046496,112132096,15530196992,15642329088,-1,-1
instances/vars_1.8_all/instance_14989v116_1.80r0.cnf,all,14989,26980,-1,-1,-1,0,29970,946,52,total,52603.9,-1,112132096,15530196992,15642329088,-1,-1
instances/vars_1.8_all/instance_15110v117_1.80r0.cnf,all,15110,27198,-1,-1,-1,0,30220,922,54,read_instance,7.05371,-1,107937792,15534391296,15642329088,-1,-1
instances/vars_1.8_all/instance_15110v117_1.80r0.cnf,all,15110,27198,-1,-1,-1,0,30220,922,54,alloc_graph,0.237305,0.239968,110034944,15532294144,15642329088,-1,-1
instances/vars_1.8_all/instance_15110v117_1.80r0.cnf,all,15110,27198,-1,-1,-1,0,30220,922,54,scc,4.16089,4.16282,112132096,15530196992,15642329088,-1,-1
instances/vars_1.8_all/instance_15110v117_1.80r0.cnf,all,15110,27198,-1,-1,-1,0,30220,922,54,topo_sort,1.19385,1.19456,112132096,15530196992,15642329088,-1,-1
instances/vars_1.8_all/instance_15110v117_1.80r0.cnf,all,15110,27198,-1,-1,-1,0,30220,922,54,backbone,8.60547,8.60909,112132096,15530196992,15642329088,-1,-1
instances/vars_1.8_all/instance_15110v117_1.80r0.cnf,all,15110,27198,-1,-1,-1,0,30220,922,54,wcc,0.365967,0.366592,112132096,15530196992,15642329088,-1,-1
instances/vars_1.8_all/instance_15110v117_1.80r0.cnf,all,15110,27198,-1,-1,-1,0,30220,922,54,wcc_grouped,0.974365,0.97456,112132096,15530196992,15642329088,-1,-1
instances/vars_1.8_all/instance_15110v117_1.80r0.cnf,all,15110,27198,-1,-1,-1,0,30220,922,54,heuristic1,333.591,333.596,112132096,15530196992,15642329088,3604,4063
instances/vars_1.8_all/instance_15110v117_1.80r0.cnf,all,15110,27198,-1,-1,-1,0,30220,922,54,heuristic2,267.983,267.986,112132096,15530196992,15642329088,3059,3519
instances/vars_1.8_all/instance_15110v117_1.80r0.cnf,all,15110,27198,-1,-1,-1,0,30220,922,54,heuristic3,323.013,323.017,112132096,15530196992,15642329088,3070,3529
instances/vars_1.8_all/instance_15110v117_1.80r0.cnf,all,15110,27198,-1,-1,-1,0,30220,922,54,heuristic4,53513.8,53514.5,112132096,15530196992,15642329088,2799,3258
instances/vars_1.8_all/instance_15110v117_1.80r0.cnf,all,15110,27198,-1,-1,-1,0,30220,922,54,cleanup_device,0.0463867,0.045664,112132096,15530196992,15642329088,-1,-1
instances/vars_1.8_all/instance_15110v117_1.80r0.cnf,all,15110,27198,-1,-1,-1,0,30220,922,54,total,54462.7,-1,112132096,15530196992,15642329088,-1,-1
instances/vars_1.8_all/instance_15231v118_1.80r0.cnf,all,15231,27416,-1,-1,-1,0,30432,952,69,read_instance,7.11719,-1,107937792,15534391296,15642329088,-1,-1
instances/vars_1.8_all/instance_15231v118_1.80r0.cnf,all,15231,27416,-1,-1,-1,0,30432,952,69,alloc_graph,0.253662,0.254976,110034944,15532294144,15642329088,-1,-1
instances/vars_1.8_all/instance_15231v118_1.80r0.cnf,all,15231,27416,-1,-1,-1,0,30432,952,69,scc,4.59521,4.59648,112132096,15530196992,15642329088,-1,-1
instances/vars_1.8_all/instance_15231v118_1.80r0.cnf,all,15231,27416,-1,-1,-1,0,30432,952,69,topo_sort,1.37256,1.37178,112132096,15530196992,15642329088,-1,-1
instances/vars_1.8_all/instance_15231v118_1.80r0.cnf,all,15231,27416,-1,-1,-1,0,30432,952,69,backbone,8.48486,8.49139,112132096,15530196992,15642329088,-1,-1
instances/vars_1.8_all/instance_15231v118_1.80r0.cnf,all,15231,27416,-1,-1,-1,0,30432,952,69,wcc,0.26123,0.261728,112132096,15530196992,15642329088,-1,-1
instances/vars_1.8_all/instance_15231v118_1.80r0.cnf,all,15231,27416,-1,-1,-1,0,30432,952,69,wcc_grouped,1.0498,1.04934,112132096,15530196992,15642329088,-1,-1
instances/vars_1.8_all/instance_15231v118_1.80r0.cnf,all,15231,27416,-1,-1,-1,0,30432,952,69,heuristic1,336.088,336.093,112132096,15530196992,15642329088,3665,4140
instances/vars_1.8_all/instance_15231v118_1.80r0.cnf,all,15231,27416,-1,-1,-1,0,30432,952,69,heuristic2,273.717,273.72,112132096,15530196992,15642329088,3133,3607
instances/vars_1.8_all/instance_15231v118_1.80r0.cnf,all,15231,27416,-1,-1,-1,0,30432,952,69,heuristic3,320.051,320.056,112132096,15530196992,15642329088,3137,3611
instances/vars_1.8_all/instance_15231v118_1.80r0.cnf,all,15231,27416,-1,-1,-1,0,30432,952,69,heuristic4,54486.3,54487,112132096,15530196992,15642329088,2842,3316
instances/vars_1.8_all/instance_15231v118_1.80r0.cnf,all,15231,27416,-1,-1,-1,0,30432,952,69,cleanup_device,0.0456543,0.044608,112132096,15530196992,15642329088,-1,-1
instances/vars_1.8_all/instance_15231v118_1.80r0.cnf,all,15231,27416,-1,-1,-1,0,30432,952,69,total,55441.1,-1,112132096,15530196992,15642329088,-1,-1
instances/vars_1.8_all/instance_15351v119_1.80r0.cnf,all,15351,27632,-1,-1,-1,0,30702,984,88,read_instance,7.86328,-1,107937792,15534391296,15642329088,-1,-1
instances/vars_1.8_all/instance_15351v119_1.80r0.cnf,all,15351,27632,-1,-1,-1,0,30702,984,88,alloc_graph,0.260498,0.25632,110034944,15532294144,15642329088,-1,-1
instances/vars_1.8_all/instance_15351v119_1.80r0.cnf,all,15351,27632,-1,-1,-1,0,30702,984,88,scc,5.29272,5.29472,112132096,15530196992,15642329088,-1,-1
instances/vars_1.8_all/instance_15351v119_1.80r0.cnf,all,15351,27632,-1,-1,-1,0,30702,984,88,topo_sort,1.75122,1.75104,112132096,15530196992,15642329088,-1,-1
instances/vars_1.8_all/instance_15351v119_1.80r0.cnf,all,15351,27632,-1,-1,-1,0,30702,984,88,backbone,9.10303,9.10931,112132096,15530196992,15642329088,-1,-1
instances/vars_1.8_all/instance_15351v119_1.80r0.cnf,all,15351,27632,-1,-1,-1,0,30702,984,88,wcc,0.277344,0.2768,112132096,15530196992,15642329088,-1,-1
instances/vars_1.8_all/instance_15351v119_1.80r0.cnf,all,15351,27632,-1,-1,-1,0,30702,984,88,wcc_grouped,1.04272,1.04298,112132096,15530196992,15642329088,-1,-1
instances/vars_1.8_all/instance_15351v119_1.80r0.cnf,all,15351,27632,-1,-1,-1,0,30702,984,88,heuristic1,336.669,336.674,112132096,15530196992,15642329088,3711,4201
instances/vars_1.8_all/instance_15351v119_1.80r0.cnf,all,15351,27632,-1,-1,-1,0,30702,984,88,heuristic2,272.001,272.005,112132096,15530196992,15642329088,3084,3574
instances/vars_1.8_all/instance_15351v119_1.80r0.cnf,all,15351,27632,-1,-1,-1,0,30702,984,88,heuristic3,326.968,326.973,112132096,15530196992,15642329088,3091,3581
instances/vars_1.8_all/instance_15351v119_1.80r0.cnf,all,15351,27632,-1,-1,-1,0,30702,984,88,heuristic4,55225.1,55225.9,112132096,15530196992,15642329088,2791,3281
instances/vars_1.8_all/instance_15351v119_1.80r0.cnf,all,15351,27632,-1,-1,-1,0,30702,984,88,cleanup_device,0.0473633,0.046912,112132096,15530196992,15642329088,-1,-1
instances/vars_1.8_all/instance_15351v119_1.80r0.cnf,all,15351,27632,-1,-1,-1,0,30702,984,88,total,56188.1,-1,112132096,15530196992,15642329088,-1,-1
instances/vars_1.8_all/instance_15472v120_1.80r0.cnf,all,15472,27850,-1,-1,-1,0,30918,940,70,read_instance,7.29053,-1,107937792,15534391296,15642329088,-1,-1
instances/vars_1.8_all/instance_15472v120_1.80r0.cnf,all,15472,27850,-1,-1,-1,0,30918,940,70,alloc_graph,0.27002,0.268896,110034944,15532294144,15642329088,-1,-1
instances/vars_1.8_all/instance_15472v120_1.80r0.cnf,all,15472,27850,-1,-1,-1,0,30918,940,70,scc,4.65137,4.65254,112132096,15530196992,15642329088,-1,-1
instances/vars_1.8_all/instance_15472v120_1.80r0.cnf,all,15472,27850,-1,-1,-1,0,30918,940,70,topo_sort,1.44263,1.44179,112132096,15530196992,15642329088,-1,-1
instances/vars_1.8_all/instance_15472v120_1.80r0.cnf,all,15472,27850,-1,-1,-1,0,30918,940,70,backbone,8.62671,8.63264,112132096,15530196992,15642329088,-1,-1
instances/vars_1.8_all/instance_15472v120_1.80r0.cnf,all,15472,27850,-1,-1,-1,0,30918,940,70,wcc,0.272461,0.271008,112132096,15530196992,15642329088,-1,-1
instances/vars_1.8_all/instance_15472v120_1.80r0.cnf,all,15472,27850,-1,-1,-1,0,30918,940,70,wcc_grouped,1.03223,1.03235,112132096,15530196992,15642329088,-1,-1
instances/vars_1.8_all/instance_15472v120_1.80r0.cnf,all,15472,27850,-1,-1,-1,0,30918,940,70,heuristic1,348.527,348.533,112132096,15530196992,15642329088,3792,4262
instances/vars_1.8_all/instance_15472v120_1.80r0.cnf,all,15472,27850,-1,-1,-1,0,30918,940,70,heuristic2,283.824,283.828,112132096,15530196992,15642329088,3218,3686
instances/vars_1.8_all/instance_15472v120_1.80r0.cnf,all,15472,27850,-1,-1,-1,0,30918,940,70,heuristic3,335.506,335.511,112132096,15530196992,15642329088,3214,3682
instances/vars_1.8_all/instance_15472v120_1.80r0.cnf,all,15472,27850,-1,-1,-1,0,30918,940,70,heuristic4,57363.4,57364.2,112132096,15530196992,15642329088,2867,3335
instances/vars_1.8_all/instance_15472v120_1.80r0.cnf,all,15472,27850,-1,-1,-1,0,30918,940,70,cleanup_device,0.0534668,0.050912,112132096,15530196992,15642329088,-1,-1
instances/vars_1.8_all/instance_15472v120_1.80r0.cnf,all,15472,27850,-1,-1,-1,0,30918,940,70,total,58356.7,-1,112132096,15530196992,15642329088,-1,-1
instances/vars_1.8_all/instance_15592v121_1.80r0.cnf,all,15592,28066,-1,-1,-1,0,31150,942,79,read_instance,7.354,-1,107937792,15534391296,15642329088,-1,-1
instances/vars_1.8_all/instance_15592v121_1.80r0.cnf,all,15592,28066,-1,-1,-1,0,31150,942,79,alloc_graph,0.259033,0.264672,110034944,15532294144,15642329088,-1,-1
instances/vars_1.8_all/instance_15592v121_1.80r0.cnf,all,15592,28066,-1,-1,-1,0,31150,942,79,scc,4.68506,4.68624,112132096,15530196992,15642329088,-1,-1
instances/vars_1.8_all/instance_15592v121_1.80r0.cnf,all,15592,28066,-1,-1,-1,0,31150,942,79,topo_sort,1.53491,1.53382,112132096,15530196992,15642329088,-1,-1
instances/vars_1.8_all/instance_15592v121_1.80r0.cnf,all,15592,28066,-1,-1,-1,0,31150,942,79,backbone,8.74951,8.7551,112132096,15530196992,15642329088,-1,-1
instances/vars_1.8_all/instance_15592v121_1.80r0.cnf,all,15592,28066,-1,-1,-1,0,31150,942,79,wcc,0.266113,0.266272,112132096,15530196992,15642329088,-1,-1
instances/vars_1.8_all/instance_15592v121_1.80r0.cnf,all,15592,28066,-1,-1,-1,0,31150,942,79,wcc_grouped,1.05469,1.05472,112132096,15530196992,15642329088,-1,-1
instances/vars_1.8_all/instance_15592v121_1.80r0.cnf,all,15592,28066,-1,-1,-1,0,31150,942,79,heuristic1,345.473,345.479,112132096,15530196992,15642329088,3753,4223
instances/vars_1.8_all/instance_15592v121_1.80r0.cnf,all,15592,28066,-1,-1,-1,0,31150,942,79,heuristic2,282.759,282.762,112132096,15530196992,15642329088,3202,3671
instances/vars_1.8_all/instance_15592v121_1.80r0.cnf,all,15592,28066,-1,-1,-1,0,31150,942,79,heuristic3,337.631,337.636,112132096,15530196992,15642329088,3270,3739
instances/vars_1.8_all/instance_15592v121_1.80r0.cnf,all,15592,28066,-1,-1,-1,0,31150,942,79,heuristic4,58747.4,58748.2,112132096,15530196992,15642329088,2913,3382
instances/vars_1.8_all/instance_15592v121_1.80r0.cnf,all,15592,28066,-1,-1,-1,0,31150,942,79,cleanup_device,0.0544434,0.053664,112132096,15530196992,15642329088,-1,-1
instances/vars_1.8_all/instance_15592v121_1.80r0.cnf,all,15592,28066,-1,-1,-1,0,31150,942,79,total,59739,-1,112132096,15530196992,15642329088,-1,-1
instances/vars_1.8_all/instance_15713v122_1.80r0.cnf,all,15713,28283,-1,-1,-1,0,31418,944,93,read_instance,8.09814,-1,107937792,15534391296,15642329088,-1,-1
instances/vars_1.8_all/instance_15713v122_1.80r0.cnf,all,15713,28283,-1,-1,-1,0,31418,944,93,alloc_graph,0.288818,0.289984,110034944,15532294144,15642329088,-1,-1
instances/vars_1.8_all/instance_15713v122_1.80r0.cnf,all,15713,28283,-1,-1,-1,0,31418,944,93,scc,4.66577,4.66698,112132096,15530196992,15642329088,-1,-1
instances/vars_1.8_all/instance_15713v122_1.80r0.cnf,all,15713,28283,-1,-1,-1,0,31418,944,93,topo_sort,1.80762,1.80685,112132096,15530196992,15642329088,-1,-1
instances/vars_1.8_all/instance_15713v122_1.80r0.cnf,all,15713,28283,-1,-1,-1,0,31418,944,93,backbone,9.05078,9.05693,112132096,15530196992,15642329088,-1,-1
instances/vars_1.8_all/instance_15713v122_1.80r0.cnf,all,15713,28283,-1,-1,-1,0,31418,944,93,wcc,0.27124,0.270432,112132096,15530196992,15642329088,-1,-1
instances/vars_1.8_all/instance_15713v122_1.80r0.cnf,all,15713,28283,-1,-1,-1,0,31418,944,93,wcc_grouped,1.08105,1.08134,112132096,15530196992,15642329088,-1,-1
instances/vars_1.8_all/instance_15713v122_1.80r0.cnf,all,15713,28283,-1,-1,-1,0,31418,944,93,heuristic1,343.097,343.102,112132096,15530196992,15642329088,3774,4247
instances/vars_1.8_all/instance_15713v122_1.80r0.cnf,all,15713,28283,-1,-1,-1,0,31418,944,93,heuristic2,287.396,287.4,112132096,15530196992,15642329088,3265,3736
instances/vars_1.8_all/instance_15713v122_1.80r0.cnf,all,15713,28283,-1,-1,-1,0,31418,944,93,heuristic3,336.716,336.721,112132096,15530196992,15642329088,3273,3743
instances/vars_1.8_all/instance_15713v122_1.80r0.cnf,all,15713,28283,-1,-1,-1,0,31418,944,93,heuristic4,62126.7,62127.5,112132096,15530196992,15642329088,3043,3513
instances/vars_1.8_all/instance_15713v122_1.80r0.cnf,all,15713,28283,-1,-1,-1,0,31418,944,93,cleanup_device,0.0549316,0.05376,112132096,15530196992,15642329088,-1,-1
instances/vars_1.8_all/instance_15713v122_1.80r0.cnf,all,15713,28283,-1,-1,-1,0,31418,944,93,total,63120.9,-1,112132096,15530196992,15642329088,-1,-1
instances/vars_1.8_all/instance_15834v123_1.80r0.cnf,all,15834,28501,-1,-1,-1,0,31668,1006,51,read_instance,7.46094,-1,107937792,15534391296,15642329088,-1,-1
instances/vars_1.8_all/instance_15834v123_1.80r0.cnf,all,15834,28501,-1,-1,-1,0,31668,1006,51,alloc_graph,0.272461,0.269248,110034944,15532294144,15642329088,-1,-1
instances/vars_1.8_all/instance_15834v123_1.80r0.cnf,all,15834,28501,-1,-1,-1,0,31668,1006,51,scc,4.58594,4.58867,112132096,15530196992,15642329088,-1,-1
instances/vars_1.8_all/instance_15834v123_1.80r0.cnf,all,15834,28501,-1,-1,-1,0,31668,1006,51,topo_sort,1.02759,1.02736,112132096,15530196992,15642329088,-1,-1
instances/vars_1.8_all/instance_15834v123_1.80r0.cnf,all,15834,28501,-1,-1,-1,0,31668,1006,51,backbone,8.76953,8.7769,112132096,15530196992,15642329088,-1,-1
instances/vars_1.8_all/instance_15834v123_1.80r0.cnf,all,15834,28501,-1,-1,-1,0,31668,1006,51,wcc,0.262451,0.262144,112132096,15530196992,15642329088,-1,-1
instances/vars_1.8_all/instance_15834v123_1.80r0.cnf,all,15834,28501,-1,-1,-1,0,31668,1006,51,wcc_grouped,1.06299,1.05779,112132096,15530196992,15642329088,-1,-1
instances/vars_1.8_all/instance_15834v123_1.80r0.cnf,all,15834,28501,-1,-1,-1,0,31668,1006,51,heuristic1,348.722,348.727,112132096,15530196992,15642329088,3801,4302
instances/vars_1.8_all/instance_15834v123_1.80r0.cnf,all,15834,28501,-1,-1,-1,0,31668,1006,51,heuristic2,281.877,281.88,112132096,15530196992,15642329088,3228,3730
instances/vars_1.8_all/instance_15834v123_1.80r0.cnf,all,15834,28501,-1,-1,-1,0,31668,1006,51,heuristic3,329.65,329.656,112132096,15530196992,15642329088,3237,3738
instances/vars_1.8_all/instance_15834v123_1.80r0.cnf,all,15834,28501,-1,-1,-1,0,31668,1006,51,heuristic4,60487.2,60488,112132096,15530196992,15642329088,2960,3461
instances/vars_1.8_all/instance_15834v123_1.80r0.cnf,all,15834,28501,-1,-1,-1,0,31668,1006,51,cleanup_device,0.0461426,0.04528,112132096,15530196992,15642329088,-1,-1
instances/vars_1.8_all/instance_15834v123_1.80r0.cnf,all,15834,28501,-1,-1,-1,0,31668,1006,51,total,61472.6,-1,112132096,15530196992,15642329088,-1,-1
instances/vars_1.8_all/instance_15954v124_1.80r0.cnf,all,15954,28717,-1,-1,-1,0,31908,1004,53,read_instance,7.75562,-1,107937792,15534391296,15642329088,-1,-1
instances/vars_1.8_all/instance_15954v124_1.80r0.cnf,all,15954,28717,-1,-1,-1,0,31908,1004,53,alloc_graph,0.285645,0.284896,110034944,15532294144,15642329088,-1,-1
instances/vars_1.8_all/instance_15954v124_1.80r0.cnf,all,15954,28717,-1,-1,-1,0,31908,1004,53,scc,4.68726,4.68787,112132096,15530196992,15642329088,-1,-1
instances/vars_1.8_all/instance_15954v124_1.80r0.cnf,all,15954,28717,-1,-1,-1,0,31908,1004,53,topo_sort,1.10938,1.10861,112132096,15530196992,15642329088,-1,-1
instances/vars_1.8_all/instance_15954v124_1.80r0.cnf,all,15954,28717,-1,-1,-1,0,31908,1004,53,backbone,9.04077,9.04605,112132096,15530196992,15642329088,-1,-1
instances/vars_1.8_all/instance_15954v124_1.80r0.cnf,all,15954,28717,-1,-1,-1,0,31908,1004,53,wcc,0.253174,0.253056,112132096,15530196992,15642329088,-1,-1
instances/vars_1.8_all/instance_15954v124_1.80r0.cnf,all,15954,28717,-1,-1,-1,0,31908,1004,53,wcc_grouped,1.11816,1.11955,112132096,15530196992,15642329088,-1,-1
instances/vars_1.8_all/instance_15954v124_1.80r0.cnf,all,15954,28717,-1,-1,-1,0,31908,1004,53,heuristic1,350.036,350.043,112132096,15530196992,15642329088,3840,4341
instances/vars_1.8_all/instance_15954v124_1.80r0.cnf,all,15954,28717,-1,-1,-1,0,31908,1004,53,heuristic2,275.802,275.807,112132096,15530196992,15642329088,3194,3696
instances/vars_1.8_all/instance_15954v124_1.80r0.cnf,all,15954,28717,-1,-1,-1,0,31908,1004,53,heuristic3,338.772,338.776,112132096,15530196992,15642329088,3265,3765
instances/vars_1.8_all/instance_15954v124_1.80r0.cnf,all,15954,28717,-1,-1,-1,0,31908,1004,53,heuristic4,60792.7,60793.6,112132096,15530196992,15642329088,2917,3417
instances/vars_1.8_all/instance_15954v124_1.80r0.cnf,all,15954,28717,-1,-1,-1,0,31908,1004,53,cleanup_device,0.0505371,0.049824,112132096,15530196992,15642329088,-1,-1
instances/vars_1.8_all/instance_15954v124_1.80r0.cnf,all,15954,28717,-1,-1,-1,0,31908,1004,53,total,61783.4,-1,112132096,15530196992,15642329088,-1,-1
instances/vars_1.8_all/instance_1603v5_1.80r0.cnf,all,1603,2885,-1,-1,-1,0,3204,106,28,read_instance,0.759521,-1,107937792,15534391296,15642329088,-1,-1
instances/vars_1.8_all/instance_1603v5_1.80r0.cnf,all,1603,2885,-1,-1,-1,0,3204,106,28,alloc_graph,0.167725,0.151904,110034944,15532294144,15642329088,-1,-1
instances/vars_1.8_all/instance_1603v5_1.80r0.cnf,all,1603,2885,-1,-1,-1,0,3204,106,28,scc,4.2854,4.28646,112132096,15530196992,15642329088,-1,-1
instances/vars_1.8_all/instance_1603v5_1.80r0.cnf,all,1603,2885,-1,-1,-1,0,3204,106,28,topo_sort,0.624268,0.622912,112132096,15530196992,15642329088,-1,-1
instances/vars_1.8_all/instance_1603v5_1.80r0.cnf,all,1603,2885,-1,-1,-1,0,3204,106,28,backbone,5.05884,5.06429,112132096,15530196992,15642329088,-1,-1
instances/vars_1.8_all/instance_1603v5_1.80r0.cnf,all,1603,2885,-1,-1,-1,0,3204,106,28,wcc,0.216553,0.216768,112132096,15530196992,15642329088,-1,-1
instances/vars_1.8_all/instance_1603v5_1.80r0.cnf,all,1603,2885,-1,-1,-1,0,3204,106,28,wcc_grouped,0.347168,0.347264,112132096,15530196992,15642329088,-1,-1
instances/vars_1.8_all/instance_1603v5_1.80r0.cnf,all,1603,2885,-1,-1,-1,0,3204,106,28,heuristic1,32.9358,32.9357,112132096,15530196992,15642329088,377,429
instances/vars_1.8_all/instance_1603v5_1.80r0.cnf,all,1603,2885,-1,-1,-1,0,3204,106,28,heuristic2,26.1453,26.1449,112132096,15530196992,15642329088,316,368
instances/vars_1.8_all/instance_1603v5_1.80r0.cnf,all,1603,2885,-1,-1,-1,0,3204,106,28,heuristic3,32.3403,32.3402,112132096,15530196992,15642329088,319,371
instances/vars_1.8_all/instance_1603v5_1.80r0.cnf,all,1603,2885,-1,-1,-1,0,3204,106,28,heuristic4,3191.63,3191.68,112132096,15530196992,15642329088,293,345
instances/vars_1.8_all/instance_1603v5_1.80r0.cnf,all,1603,2885,-1,-1,-1,0,3204,106,28,cleanup_device,0.0473633,0.04688,112132096,15530196992,15642329088,-1,-1
instances/vars_1.8_all/instance_1603v5_1.80r0.cnf,all,1603,2885,-1,-1,-1,0,3204,106,28,total,3295.31,-1,112132096,15530196992,15642329088,-1,-1
instances/vars_1.8_all/instance_16075v125_1.80r0.cnf,all,16075,28935,-1,-1,-1,0,32140,982,59,read_instance,7.34229,-1,107937792,15534391296,15642329088,-1,-1
instances/vars_1.8_all/instance_16075v125_1.80r0.cnf,all,16075,28935,-1,-1,-1,0,32140,982,59,alloc_graph,0.260742,0.264,110034944,15532294144,15642329088,-1,-1
instances/vars_1.8_all/instance_16075v125_1.80r0.cnf,all,16075,28935,-1,-1,-1,0,32140,982,59,scc,4.30615,4.30726,112132096,15530196992,15642329088,-1,-1
instances/vars_1.8_all/instance_16075v125_1.80r0.cnf,all,16075,28935,-1,-1,-1,0,32140,982,59,topo_sort,1.15796,1.15805,112132096,15530196992,15642329088,-1,-1
instances/vars_1.8_all/instance_16075v125_1.80r0.cnf,all,16075,28935,-1,-1,-1,0,32140,982,59,backbone,8.83105,8.83648,112132096,15530196992,15642329088,-1,-1
instances/vars_1.8_all/instance_16075v125_1.80r0.cnf,all,16075,28935,-1,-1,-1,0,32140,982,59,wcc,0.260498,0.260096,112132096,15530196992,15642329088,-1,-1
instances/vars_1.8_all/instance_16075v125_1.80r0.cnf,all,16075,28935,-1,-1,-1,0,32140,982,59,wcc_grouped,1.07153,1.07216,112132096,15530196992,15642329088,-1,-1
instances/vars_1.8_all/instance_16075v125_1.80r0.cnf,all,16075,28935,-1,-1,-1,0,32140,982,59,heuristic1,347.431,347.436,112132096,15530196992,15642329088,3758,4250
instances/vars_1.8_all/instance_16075v125_1.80r0.cnf,all,16075,28935,-1,-1,-1,0,32140,982,59,heuristic2,295.915,295.919,112132096,15530196992,15642329088,3313,3803
instances/vars_1.8_all/instance_16075v125_1.80r0.cnf,all,16075,28935,-1,-1,-1,0,32140,982,59,heuristic3,344.14,344.145,112132096,15530196992,15642329088,3251,3741
instances/vars_1.8_all/instance_16075v125_1.80r0.cnf,all,16075,28935,-1,-1,-1,0,32140,982,59,heuristic4,63020,63020.8,112132096,15530196992,15642329088,2985,3475
instances/vars_1.8_all/instance_16075v125_1.80r0.cnf,all,16075,28935,-1,-1,-1,0,32140,982,59,cleanup_device,0.0471191,0.045856,112132096,15530196992,15642329088,-1,-1
instances/vars_1.8_all/instance_16075v125_1.80r0.cnf,all,16075,28935,-1,-1,-1,0,32140,982,59,total,64032.5,-1,112132096,15530196992,15642329088,-1,-1
instances/vars_1.8_all/instance_16195v126_1.80r0.cnf,all,16195,29151,-1,-1,-1,0,32374,1110,103,read_instance,7.56348,-1,107937792,15534391296,15642329088,-1,-1
instances/vars_1.8_all/instance_16195v126_1.80r0.cnf,all,16195,29151,-1,-1,-1,0,32374,1110,103,alloc_graph,0.242188,0.244448,110034944,15532294144,15642329088,-1,-1
instances/vars_1.8_all/instance_16195v126_1.80r0.cnf,all,16195,29151,-1,-1,-1,0,32374,1110,103,scc,4.93677,4.93782,112132096,15530196992,15642329088,-1,-1
instances/vars_1.8_all/instance_16195v126_1.80r0.cnf,all,16195,29151,-1,-1,-1,0,32374,1110,103,topo_sort,1.98071,1.97997,112132096,15530196992,15642329088,-1,-1
instances/vars_1.8_all/instance_16195v126_1.80r0.cnf,all,16195,29151,-1,-1,-1,0,32374,1110,103,backbone,9.30566,9.31238,112132096,15530196992,15642329088,-1,-1
instances/vars_1.8_all/instance_16195v126_1.80r0.cnf,all,16195,29151,-1,-1,-1,0,32374,1110,103,wcc,0.299805,0.300448,112132096,15530196992,15642329088,-1,-1
instances/vars_1.8_all/instance_16195v126_1.80r0.cnf,all,16195,29151,-1,-1,-1,0,32374,1110,103,wcc_grouped,1.01978,1.02093,112132096,15530196992,15642329088,-1,-1
instances/vars_1.8_all/instance_16195v126_1.80r0.cnf,all,16195,29151,-1,-1,-1,0,32374,1110,103,heuristic1,355.916,355.921,112132096,15530196992,15642329088,3848,4401
instances/vars_1.8_all/instance_16195v126_1.80r0.cnf,all,16195,29151,-1,-1,-1,0,32374,1110,103,heuristic2,292.848,292.852,112132096,15530196992,15642329088,3259,3813
instances/vars_1.8_all/instance_16195v126_1.80r0.cnf,all,16195,29151,-1,-1,-1,0,32374,1110,103,heuristic3,349.455,349.46,112132096,15530196992,15642329088,3316,3869
instances/vars_1.8_all/instance_16195v126_1.80r0.cnf,all,16195,29151,-1,-1,-1,0,32374,1110,103,heuristic4,64332.3,64333.2,112132096,15530196992,15642329088,2983,3536
instances/vars_1.8_all/instance_16195v126_1.80r0.cnf,all,16195,29151,-1,-1,-1,0,32374,1110,103,cleanup_device,0.0498047,0.0488,112132096,15530196992,15642329088,-1,-1
instances/vars_1.8_all/instance_16195v126_1.80r0.cnf,all,16195,29151,-1,-1,-1,0,32374,1110,103,total,65357.6,-1,112132096,15530196992,15642329088,-1,-1
instances/vars_1.8_all/instance_16316v127_1.80r0.cnf,all,16316,29369,-1,-1,-1,0,32626,1026,63,read_instance,7.89697,-1,107937792,15534391296,15642329088,-1,-1
instances/vars_1.8_all/instance_16316v127_1.80r0.cnf,all,16316,29369,-1,-1,-1,0,32626,1026,63,alloc_graph,0.288086,0.285696,110034944,15532294144,15642329088,-1,-1
instances/vars_1.8_all/instance_16316v127_1.80r0.cnf,all,16316,29369,-1,-1,-1,0,32626,1026,63,scc,4.5918,4.59267,112132096,15530196992,15642329088,-1,-1
instances/vars_1.8_all/instance_16316v127_1.80r0.cnf,all,16316,29369,-1,-1,-1,0,32626,1026,63,topo_sort,1.26294,1.26291,112132096,15530196992,15642329088,-1,-1
instances/vars_1.8_all/instance_16316v127_1.80r0.cnf,all,16316,29369,-1,-1,-1,0,32626,1026,63,backbone,9.25635,9.26285,112132096,15530196992,15642329088,-1,-1
instances/vars_1.8_all/instance_16316v127_1.80r0.cnf,all,16316,29369,-1,-1,-1,0,32626,1026,63,wcc,0.263672,0.262464,112132096,15530196992,15642329088,-1,-1
instances/vars_1.8_all/instance_16316v127_1.80r0.cnf,all,16316,29369,-1,-1,-1,0,32626,1026,63,wcc_grouped,1.0769,1.0769,112132096,15530196992,15642329088,-1,-1
instances/vars_1.8_all/instance_16316v127_1.80r0.cnf,all,16316,29369,-1,-1,-1,0,32626,1026,63,heuristic1,358.588,358.595,112132096,15530196992,15642329088,3943,4454
instances/vars_1.8_all/instance_16316v127_1.80r0.cnf,all,16316,29369,-1,-1,-1,0,32626,1026,63,heuristic2,287.533,287.537,112132096,15530196992,15642329088,3364,3875
instances/vars_1.8_all/instance_16316v127_1.80r0.cnf,all,16316,29369,-1,-1,-1,0,32626,1026,63,heuristic3,340.514,340.514,112132096,15530196992,15642329088,3348,3859
instances/vars_1.8_all/instance_16316v127_1.80r0.cnf,all,16316,29369,-1,-1,-1,0,32626,1026,63,heuristic4,66250.7,66251.6,112132096,15530196992,15642329088,3062,3573
instances/vars_1.8_all/instance_16316v127_1.80r0.cnf,all,16316,29369,-1,-1,-1,0,32626,1026,63,cleanup_device,0.0510254,0.04848,112132096,15530196992,15642329088,-1,-1
instances/vars_1.8_all/instance_16316v127_1.80r0.cnf,all,16316,29369,-1,-1,-1,0,32626,1026,63,total,67263.9,-1,112132096,15530196992,15642329088,-1,-1
instances/vars_1.8_all/instance_16437v128_1.80r0.cnf,all,16437,29587,-1,-1,-1,0,32844,1030,65,read_instance,7.94409,-1,107937792,15534391296,15642329088,-1,-1
instances/vars_1.8_all/instance_16437v128_1.80r0.cnf,all,16437,29587,-1,-1,-1,0,32844,1030,65,alloc_graph,0.251953,0.257888,110034944,15532294144,15642329088,-1,-1
instances/vars_1.8_all/instance_16437v128_1.80r0.cnf,all,16437,29587,-1,-1,-1,0,32844,1030,65,scc,4.51367,4.51526,112132096,15530196992,15642329088,-1,-1
instances/vars_1.8_all/instance_16437v128_1.80r0.cnf,all,16437,29587,-1,-1,-1,0,32844,1030,65,topo_sort,1.30127,1.30032,112132096,15530196992,15642329088,-1,-1
instances/vars_1.8_all/instance_16437v128_1.80r0.cnf,all,16437,29587,-1,-1,-1,0,32844,1030,65,backbone,8.9375,8.9423,112132096,15530196992,15642329088,-1,-1
instances/vars_1.8_all/instance_16437v128_1.80r0.cnf,all,16437,29587,-1,-1,-1,0,32844,1030,65,wcc,0.310791,0.3104,112132096,15530196992,15642329088,-1,-1
instances/vars_1.8_all/instance_16437v128_1.80r0.cnf,all,16437,29587,-1,-1,-1,0,32844,1030,65,wcc_grouped,1.03442,1.03533,112132096,15530196992,15642329088,-1,-1
instances/vars_1.8_all/instance_16437v128_1.80r0.cnf,all,16437,29587,-1,-1,-1,0,32844,1030,65,heuristic1,366.963,366.968,112132096,15530196992,15642329088,3980,4494
instances/vars_1.8_all/instance_16437v128_1.80r0.cnf,all,16437,29587,-1,-1,-1,0,32844,1030,65,heuristic2,293.877,293.881,112132096,15530196992,15642329088,3362,3877
instances/vars_1.8_all/instance_16437v128_1.80r0.cnf,all,16437,29587,-1,-1,-1,0,32844,1030,65,heuristic3,359.444,359.449,112132096,15530196992,15642329088,3414,3927
instances/vars_1.8_all/instance_16437v128_1.80r0.cnf,all,16437,29587,-1,-1,-1,0,32844,1030,65,heuristic4,67797.6,67798.5,112132096,15530196992,15642329088,3082,3595
instances/vars_1.8_all/instance_16437v128_1.80r0.cnf,all,16437,29587,-1,-1,-1,0,32844,1030,65,cleanup_device,0.0437012,0.04304,112132096,15530196992,15642329088,-1,-1
instances/vars_1.8_all/instance_16437v128_1.80r0.cnf,all,16437,29587,-1,-1,-1,0,32844,1030,65,total,68843.9,-1,112132096,15530196992,15642329088,-1,-1
instances/vars_1.8_all/instance_16557v129_1.80r0.cnf,all,16557,29803,-1,-1,-1,0,33108,1034,70,read_instance,7.9624,-1,107937792,15534391296,15642329088,-1,-1
instances/vars_1.8_all/instance_16557v129_1.80r0.cnf,all,16557,29803,-1,-1,-1,0,33108,1034,70,alloc_graph,0.249756,0.254112,110034944,15532294144,15642329088,-1,-1
instances/vars_1.8_all/instance_16557v129_1.80r0.cnf,all,16557,29803,-1,-1,-1,0,33108,1034,70,scc,4.46802,4.46928,112132096,15530196992,15642329088,-1,-1
instances/vars_1.8_all/instance_16557v129_1.80r0.cnf,all,16557,29803,-1,-1,-1,0,33108,1034,70,topo_sort,1.39551,1.39443,112132096,15530196992,15642329088,-1,-1
instances/vars_1.8_all/instance_16557v129_1.80r0.cnf,all,16557,29803,-1,-1,-1,0,33108,1034,70,backbone,9.18457,9.19056,112132096,15530196992,15642329088,-1,-1
instances/vars_1.8_all/instance_16557v129_1.80r0.cnf,all,16557,29803,-1,-1,-1,0,33108,1034,70,wcc,0.257324,0.256352,112132096,15530196992,15642329088,-1,-1
instances/vars_1.8_all/instance_16557v129_1.80r0.cnf,all,16557,29803,-1,-1,-1,0,33108,1034,70,wcc_grouped,1.06348,1.06426,112132096,15530196992,15642329088,-1,-1
instances/vars_1.8_all/instance_16557v129_1.80r0.cnf,all,16557,29803,-1,-1,-1,0,33108,1034,70,heuristic1,366.206,366.211,112132096,15530196992,15642329088,3962,4481
instances/vars_1.8_all/instance_16557v129_1.80r0.cnf,all,16557,29803,-1,-1,-1,0,33108,1034,70,heuristic2,300.654,300.658,114229248,15528099840,15642329088,3331,3846
instances/vars_1.8_all/instance_16557v129_1.80r0.cnf,all,16557,29803,-1,-1,-1,0,33108,1034,70,heuristic3,350.356,350.361,114229248,15528099840,15642329088,3340,3855
instances/vars_1.8_all/instance_16557v129_1.80r0.cnf,all,16557,29803,-1,-1,-1,0,33108,1034,70,heuristic4,67813.6,67814.5,114229248,15528099840,15642329088,3045,3560
instances/vars_1.8_all/instance_16557v129_1.80r0.cnf,all,16557,29803,-1,-1,-1,0,33108,1034,70,cleanup_device,0.0791016,0.077696,114229248,15528099840,15642329088,-1,-1
instances/vars_1.8_all/instance_16557v129_1.80r0.cnf,all,16557,29803,-1,-1,-1,0,33108,1034,70,total,68857.2,-1,114229248,15528099840,15642329088,-1,-1
instances/vars_1.8_all/instance_16678v130_1.80r0.cnf,all,16678,30020,-1,-1,-1,0,33348,950,50,read_instance,8.79688,-1,107937792,15534391296,15642329088,-1,-1
instances/vars_1.8_all/instance_16678v130_1.80r0.cnf,all,16678,30020,-1,-1,-1,0,33348,950,50,alloc_graph,0.284668,0.282816,110034944,15532294144,15642329088,-1,-1
instances/vars_1.8_all/instance_16678v130_1.80r0.cnf,all,16678,30020,-1,-1,-1,0,33348,950,50,scc,4.45947,4.46032,112132096,15530196992,15642329088,-1,-1
instances/vars_1.8_all/instance_16678v130_1.80r0.cnf,all,16678,30020,-1,-1,-1,0,33348,950,50,topo_sort,1.03564,1.0344,112132096,15530196992,15642329088,-1,-1
instances/vars_1.8_all/instance_16678v130_1.80r0.cnf,all,16678,30020,-1,-1,-1,0,33348,950,50,backbone,9.5437,9.55165,112132096,15530196992,15642329088,-1,-1
instances/vars_1.8_all/instance_16678v130_1.80r0.cnf,all,16678,30020,-1,-1,-1,0,33348,950,50,wcc,0.279541,0.278528,112132096,15530196992,15642329088,-1,-1
instances/vars_1.8_all/instance_16678v130_1.80r0.cnf,all,16678,30020,-1,-1,-1,0,33348,950,50,wcc_grouped,1.01733,1.01786,112132096,15530196992,15642329088,-1,-1
instances/vars_1.8_all/instance_16678v130_1.80r0.cnf,all,16678,30020,-1,-1,-1,0,33348,950,50,heuristic1,371.156,371.167,112132096,15530196992,15642329088,4042,4517
instances/vars_1.8_all/instance_16678v130_1.80r0.cnf,all,16678,30020,-1,-1,-1,0,33348,950,50,heuristic2,299.63,299.634,112132096,15530196992,15642329088,3460,3934
instances/vars_1.8_all/instance_16678v130_1.80r0.cnf,all,16678,30020,-1,-1,-1,0,33348,950,50,heuristic3,358.087,358.094,112132096,15530196992,15642329088,3494,3968
instances/vars_1.8_all/instance_16678v130_1.80r0.cnf,all,16678,30020,-1,-1,-1,0,33348,950,50,heuristic4,72344.7,72345.6,112132096,15530196992,15642329088,3197,3671
instances/vars_1.8_all/instance_16678v130_1.80r0.cnf,all,16678,30020,-1,-1,-1,0,33348,950,50,cleanup_device,0.0517578,0.050784,112132096,15530196992,15642329088,-1,-1
instances/vars_1.8_all/instance_16678v130_1.80r0.cnf,all,16678,30020,-1,-1,-1,0,33348,950,50,total,73400.8,-1,112132096,15530196992,15642329088,-1,-1
instances/vars_1.8_all/instance_16798v131_1.80r0.cnf,all,16798,30236,-1,-1,-1,0,33596,1060,76,read_instance,8.03564,-1,107937792,15534391296,15642329088,-1,-1
instances/vars_1.8_all/instance_16798v131_1.80r0.cnf,all,16798,30236,-1,-1,-1,0,33596,1060,76,alloc_graph,0.281738,0.285088,110034944,15532294144,15642329088,-1,-1
instances/vars_1.8_all/instance_16798v131_1.80r0.cnf,all,16798,30236,-1,-1,-1,0,33596,1060,76,scc,4.83691,4.83891,112132096,15530196992,15642329088,-1,-1
instances/vars_1.8_all/instance_16798v131_1.80r0.cnf,all,16798,30236,-1,-1,-1,0,33596,1060,76,topo_sort,1.51978,1.51853,112132096,15530196992,15642329088,-1,-1
instances/vars_1.8_all/instance_16798v131_1.80r0.cnf,all,16798,30236,-1,-1,-1,0,33596,1060,76,backbone,9.75928,9.76634,112132096,15530196992,15642329088,-1,-1
instances/vars_1.8_all/instance_16798v131_1.80r0.cnf,all,16798,30236,-1,-1,-1,0,33596,1060,76,wcc,0.289795,0.290208,112132096,15530196992,15642329088,-1,-1
instances/vars_1.8_all/instance_16798v131_1.80r0.cnf,all,16798,30236,-1,-1,-1,0,33596,1060,76,wcc_grouped,1.04077,1.04179,112132096,15530196992,15642329088,-1,-1
instances/vars_1.8_all/instance_16798v131_1.80r0.cnf,all,16798,30236,-1,-1,-1,0,33596,1060,76,heuristic1,380.978,380.99,112132096,15530196992,15642329088,4051,4580
instances/vars_1.8_all/instance_16798v131_1.80r0.cnf,all,16798,30236,-1,-1,-1,0,33596,1060,76,heuristic2,302.997,303.003,112132096,15530196992,15642329088,3452,3981
instances/vars_1.8_all/instance_16798v131_1.80r0.cnf,all,16798,30236,-1,-1,-1,0,33596,1060,76,heuristic3,360.419,360.425,112132096,15530196992,15642329088,3441,3969
instances/vars_1.8_all/instance_16798v131_1.80r0.cnf,all,16798,30236,-1,-1,-1,0,33596,1060,76,heuristic4,72253.3,72254.3,112132096,15530196992,15642329088,3151,3679
instances/vars_1.8_all/instance_16798v131_1.80r0.cnf,all,16798,30236,-1,-1,-1,0,33596,1060,76,cleanup_device,0.0507812,0.050176,112132096,15530196992,15642329088,-1,-1
instances/vars_1.8_all/instance_16798v131_1.80r0.cnf,all,16798,30236,-1,-1,-1,0,33596,1060,76,total,73325.3,-1,112132096,15530196992,15642329088,-1,-1
instances/vars_1.8_all/instance_16919v132_1.80r0.cnf,all,16919,30454,-1,-1,-1,0,33836,1026,61,read_instance,8.18262,-1,107937792,15534391296,15642329088,-1,-1
instances/vars_1.8_all/instance_16919v132_1.80r0.cnf,all,16919,30454,-1,-1,-1,0,33836,1026,61,alloc_graph,0.264648,0.268128,110034944,15532294144,15642329088,-1,-1
instances/vars_1.8_all/instance_16919v132_1.80r0.cnf,all,16919,30454,-1,-1,-1,0,33836,1026,61,scc,4.38867,4.38915,112132096,15530196992,15642329088,-1,-1
instances/vars_1.8_all/instance_16919v132_1.80r0.cnf,all,16919,30454,-1,-1,-1,0,33836,1026,61,topo_sort,1.22876,1.22806,112132096,15530196992,15642329088,-1,-1
instances/vars_1.8_all/instance_16919v132_1.80r0.cnf,all,16919,30454,-1,-1,-1,0,33836,1026,61,backbone,9.22559,9.23053,112132096,15530196992,15642329088,-1,-1
instances/vars_1.8_all/instance_16919v132_1.80r0.cnf,all,16919,30454,-1,-1,-1,0,33836,1026,61,wcc,0.256104,0.256,112132096,15530196992,15642329088,-1,-1
instances/vars_1.8_all/instance_16919v132_1.80r0.cnf,all,16919,30454,-1,-1,-1,0,33836,1026,61,wcc_grouped,1.13306,1.13405,112132096,15530196992,15642329088,-1,-1
instances/vars_1.8_all/instance_16919v132_1.80r0.cnf,all,16919,30454,-1,-1,-1,0,33836,1026,61,heuristic1,385.142,385.153,112132096,15530196992,15642329088,4116,4627
instances/vars_1.8_all/instance_16919v132_1.80r0.cnf,all,16919,30454,-1,-1,-1,0,33836,1026,61,heuristic2,313.702,313.706,112132096,15530196992,15642329088,3496,4008
instances/vars_1.8_all/instance_16919v132_1.80r0.cnf,all,16919,30454,-1,-1,-1,0,33836,1026,61,heuristic3,370.393,370.402,112132096,15530196992,15642329088,3544,4055
instances/vars_1.8_all/instance_16919v132_1.80r0.cnf,all,16919,30454,-1,-1,-1,0,33836,1026,61,heuristic4,73673.9,73674.9,112132096,15530196992,15642329088,3177,3688
instances/vars_1.8_all/instance_16919v132_1.80r0.cnf,all,16919,30454,-1,-1,-1,0,33836,1026,61,cleanup_device,0.0661621,0.064928,112132096,15530196992,15642329088,-1,-1
instances/vars_1.8_all/instance_16919v132_1.80r0.cnf,all,16919,30454,-1,-1,-1,0,33836,1026,61,total,74769.7,-1,112132096,15530196992,15642329088,-1,-1
instances/vars_1.8_all/instance_17040v133_1.80r0.cnf,all,17040,30672,-1,-1,-1,0,34078,1054,60,read_instance,8.85205,-1,107937792,15534391296,15642329088,-1,-1
instances/vars_1.8_all/instance_17040v133_1.80r0.cnf,all,17040,30672,-1,-1,-1,0,34078,1054,60,alloc_graph,0.312744,0.311456,110034944,15532294144,15642329088,-1,-1
instances/vars_1.8_all/instance_17040v133_1.80r0.cnf,all,17040,30672,-1,-1,-1,0,34078,1054,60,scc,4.67432,4.67517,112132096,15530196992,15642329088,-1,-1
instances/vars_1.8_all/instance_17040v133_1.80r0.cnf,all,17040,30672,-1,-1,-1,0,34078,1054,60,topo_sort,1.25488,1.25424,112132096,15530196992,15642329088,-1,-1
instances/vars_1.8_all/instance_17040v133_1.80r0.cnf,all,17040,30672,-1,-1,-1,0,34078,1054,60,backbone,9.53687,9.54189,112132096,15530196992,15642329088,-1,-1
instances/vars_1.8_all/instance_17040v133_1.80r0.cnf,all,17040,30672,-1,-1,-1,0,34078,1054,60,wcc,0.275146,0.27504,112132096,15530196992,15642329088,-1,-1
instances/vars_1.8_all/instance_17040v133_1.80r0.cnf,all,17040,30672,-1,-1,-1,0,34078,1054,60,wcc_grouped,1.1084,1.10928,112132096,15530196992,15642329088,-1,-1
instances/vars_1.8_all/instance_17040v133_1.80r0.cnf,all,17040,30672,-1,-1,-1,0,34078,1054,60,heuristic1,386.593,386.605,112132096,15530196992,15642329088,4087,4612
instances/vars_1.8_all/instance_17040v133_1.80r0.cnf,all,17040,30672,-1,-1,-1,0,34078,1054,60,heuristic2,313.622,313.626,112132096,15530196992,15642329088,3526,4051
instances/vars_1.8_all/instance_17040v133_1.80r0.cnf,all,17040,30672,-1,-1,-1,0,34078,1054,60,heuristic3,374.296,374.304,112132096,15530196992,15642329088,3566,4091
instances/vars_1.8_all/instance_17040v133_1.80r0.cnf,all,17040,30672,-1,-1,-1,0,34078,1054,60,heuristic4,75192.6,75193.6,112132096,15530196992,15642329088,3197,3722
instances/vars_1.8_all/instance_17040v133_1.80r0.cnf,all,17040,30672,-1,-1,-1,0,34078,1054,60,cleanup_device,0.0483398,0.047552,112132096,15530196992,15642329088,-1,-1
instances/vars_1.8_all/instance_17040v133_1.80r0.cnf,all,17040,30672,-1,-1,-1,0,34078,1054,60,total,76295,-1,112132096,15530196992,15642329088,-1,-1
instances/vars_1.8_all/instance_17160v134_1.80r0.cnf,all,17160,30888,-1,-1,-1,0,34320,1012,55,read_instance,8.24585,-1,107937792,15534391296,15642329088,-1,-1
instances/vars_1.8_all/instance_17160v134_1.80r0.cnf,all,17160,30888,-1,-1,-1,0,34320,1012,55,alloc_graph,0.300781,0.302688,110034944,15532294144,15642329088,-1,-1
instances/vars_1.8_all/instance_17160v134_1.80r0.cnf,all,17160,30888,-1,-1,-1,0,34320,1012,55,scc,4.16577,4.16694,112132096,15530196992,15642329088,-1,-1
instances/vars_1.8_all/instance_17160v134_1.80r0.cnf,all,17160,30888,-1,-1,-1,0,34320,1012,55,topo_sort,1.08057,1.07958,112132096,15530196992,15642329088,-1,-1
instances/vars_1.8_all/instance_17160v134_1.80r0.cnf,all,17160,30888,-1,-1,-1,0,34320,1012,55,backbone,9.38525,9.39072,112132096,15530196992,15642329088,-1,-1
instances/vars_1.8_all/instance_17160v134_1.80r0.cnf,all,17160,30888,-1,-1,-1,0,34320,1012,55,wcc,0.262207,0.262144,112132096,15530196992,15642329088,-1,-1
instances/vars_1.8_all/instance_17160v134_1.80r0.cnf,all,17160,30888,-1,-1,-1,0,34320,1012,55,wcc_grouped,1.05664,1.0569,112132096,15530196992,15642329088,-1,-1
instances/vars_1.8_all/instance_17160v134_1.80r0.cnf,all,17160,30888,-1,-1,-1,0,34320,1012,55,heuristic1,382.535,382.543,112132096,15530196992,15642329088,4093,4599
instances/vars_1.8_all/instance_17160v134_1.80r0.cnf,all,17160,30888,-1,-1,-1,0,34320,1012,55,heuristic2,317.358,317.364,112132096,15530196992,15642329088,3545,4051
instances/vars_1.8_all/instance_17160v134_1.80r0.cnf,all,17160,30888,-1,-1,-1,0,34320,1012,55,heuristic3,368.896,368.904,112132096,15530196992,15642329088,3549,4054
instances/vars_1.8_all/instance_17160v134_1.80r0.cnf,all,17160,30888,-1,-1,-1,0,34320,1012,55,heuristic4,75715.5,75716.5,112132096,15530196992,15642329088,3197,3702
instances/vars_1.8_all/instance_17160v134_1.80r0.cnf,all,17160,30888,-1,-1,-1,0,34320,1012,55,cleanup_device,0.0463867,0.0456,112132096,15530196992,15642329088,-1,-1
instances/vars_1.8_all/instance_17160v134_1.80r0.cnf,all,17160,30888,-1,-1,-1,0,34320,1012,55,total,76810.6,-1,112132096,15530196992,15642329088,-1,-1
instances/vars_1.8_all/instance_1723v6_1.80r0.cnf,all,1723,3101,-1,-1,-1,0,3446,112,45,read_instance,0.811279,-1,107937792,15534391296,15642329088,-1,-1
instances/vars_1.8_all/instance_1723v6_1.80r0.cnf,all,1723,3101,-1,-1,-1,0,3446,112,45,alloc_graph,0.169678,0.154144,110034944,15532294144,15642329088,-1,-1
instances/vars_1.8_all/instance_1723v6_1.80r0.cnf,all,1723,3101,-1,-1,-1,0,3446,112,45,scc,4.09985,4.10042,112132096,15530196992,15642329088,-1,-1
instances/vars_1.8_all/instance_1723v6_1.80r0.cnf,all,1723,3101,-1,-1,-1,0,3446,112,45,topo_sort,0.900879,0.899936,112132096,15530196992,15642329088,-1,-1
instances/vars_1.8_all/instance_1723v6_1.80r0.cnf,all,1723,3101,-1,-1,-1,0,3446,112,45,backbone,5.13086,5.13667,112132096,15530196992,15642329088,-1,-1
instances/vars_1.8_all/instance_1723v6_1.80r0.cnf,all,1723,3101,-1,-1,-1,0,3446,112,45,wcc,0.2229,0.222976,112132096,15530196992,15642329088,-1,-1
instances/vars_1.8_all/instance_1723v6_1.80r0.cnf,all,1723,3101,-1,-1,-1,0,3446,112,45,wcc_grouped,0.389648,0.3928,112132096,15530196992,15642329088,-1,-1
instances/vars_1.8_all/instance_1723v6_1.80r0.cnf,all,1723,3101,-1,-1,-1,0,3446,112,45,heuristic1,35.9014,35.9021,112132096,15530196992,15642329088,414,468
instances/vars_1.8_all/instance_1723v6_1.80r0.cnf,all,1723,3101,-1,-1,-1,0,3446,112,45,heuristic2,29.4468,29.4461,112132096,15530196992,15642329088,355,409
instances/vars_1.8_all/instance_1723v6_1.80r0.cnf,all,1723,3101,-1,-1,-1,0,3446,112,45,heuristic3,34.1558,34.1558,112132096,15530196992,15642329088,344,398
instances/vars_1.8_all/instance_1723v6_1.80r0.cnf,all,1723,3101,-1,-1,-1,0,3446,112,45,heuristic4,3169.67,3169.72,112132096,15530196992,15642329088,292,346
instances/vars_1.8_all/instance_1723v6_1.80r0.cnf,all,1723,3101,-1,-1,-1,0,3446,112,45,cleanup_device,0.0390625,0.03824,112132096,15530196992,15642329088,-1,-1
instances/vars_1.8_all/instance_1723v6_1.80r0.cnf,all,1723,3101,-1,-1,-1,0,3446,112,45,total,3281.79,-1,112132096,15530196992,15642329088,-1,-1
instances/vars_1.8_all/instance_17281v135_1.80r0.cnf,all,17281,31106,-1,-1,-1,0,34552,1114,67,read_instance,8.05322,-1,107937792,15534391296,15642329088,-1,-1
instances/vars_1.8_all/instance_17281v135_1.80r0.cnf,all,17281,31106,-1,-1,-1,0,34552,1114,67,alloc_graph,0.271729,0.276608,110034944,15532294144,15642329088,-1,-1
instances/vars_1.8_all/instance_17281v135_1.80r0.cnf,all,17281,31106,-1,-1,-1,0,34552,1114,67,scc,4.33984,4.34115,112132096,15530196992,15642329088,-1,-1
instances/vars_1.8_all/instance_17281v135_1.80r0.cnf,all,17281,31106,-1,-1,-1,0,34552,1114,67,topo_sort,1.31177,1.31178,112132096,15530196992,15642329088,-1,-1
instances/vars_1.8_all/instance_17281v135_1.80r0.cnf,all,17281,31106,-1,-1,-1,0,34552,1114,67,backbone,9.55029,9.55437,112132096,15530196992,15642329088,-1,-1
instances/vars_1.8_all/instance_17281v135_1.80r0.cnf,all,17281,31106,-1,-1,-1,0,34552,1114,67,wcc,0.251709,0.251584,112132096,15530196992,15642329088,-1,-1
instances/vars_1.8_all/instance_17281v135_1.80r0.cnf,all,17281,31106,-1,-1,-1,0,34552,1114,67,wcc_grouped,1.08496,1.08544,112132096,15530196992,15642329088,-1,-1
instances/vars_1.8_all/instance_17281v135_1.80r0.cnf,all,17281,31106,-1,-1,-1,0,34552,1114,67,heuristic1,389.369,389.379,112132096,15530196992,15642329088,4148,4708
instances/vars_1.8_all/instance_17281v135_1.80r0.cnf,all,17281,31106,-1,-1,-1,0,34552,1114,67,heuristic2,315.225,315.23,112132096,15530196992,15642329088,3504,4060
instances/vars_1.8_all/instance_17281v135_1.80r0.cnf,all,17281,31106,-1,-1,-1,0,34552,1114,67,heuristic3,371.975,371.986,112132096,15530196992,15642329088,3502,4057
instances/vars_1.8_all/instance_17281v135_1.80r0.cnf,all,17281,31106,-1,-1,-1,0,34552,1114,67,heuristic4,75732.5,75733.5,112132096,15530196992,15642329088,3135,3690
instances/vars_1.8_all/instance_17281v135_1.80r0.cnf,all,17281,31106,-1,-1,-1,0,34552,1114,67,cleanup_device,0.0512695,0.050208,112132096,15530196992,15642329088,-1,-1
instances/vars_1.8_all/instance_17281v135_1.80r0.cnf,all,17281,31106,-1,-1,-1,0,34552,1114,67,total,76835.8,-1,112132096,15530196992,15642329088,-1,-1
instances/vars_1.8_all/instance_17402v136_1.80r0.cnf,all,17402,31324,-1,-1,-1,0,34768,1068,56,read_instance,8.23193,-1,107937792,15534391296,15642329088,-1,-1
instances/vars_1.8_all/instance_17402v136_1.80r0.cnf,all,17402,31324,-1,-1,-1,0,34768,1068,56,alloc_graph,0.265381,0.268704,110034944,15532294144,15642329088,-1,-1
instances/vars_1.8_all/instance_17402v136_1.80r0.cnf,all,17402,31324,-1,-1,-1,0,34768,1068,56,scc,4.84766,4.84874,112132096,15530196992,15642329088,-1,-1
instances/vars_1.8_all/instance_17402v136_1.80r0.cnf,all,17402,31324,-1,-1,-1,0,34768,1068,56,topo_sort,1.14551,1.14464,112132096,15530196992,15642329088,-1,-1
instances/vars_1.8_all/instance_17402v136_1.80r0.cnf,all,17402,31324,-1,-1,-1,0,34768,1068,56,backbone,9.62793,9.63366,112132096,15530196992,15642329088,-1,-1
instances/vars_1.8_all/instance_17402v136_1.80r0.cnf,all,17402,31324,-1,-1,-1,0,34768,1068,56,wcc,0.30957,0.309248,112132096,15530196992,15642329088,-1,-1
instances/vars_1.8_all/instance_17402v136_1.80r0.cnf,all,17402,31324,-1,-1,-1,0,34768,1068,56,wcc_grouped,1.02686,1.02784,112132096,15530196992,15642329088,-1,-1
instances/vars_1.8_all/instance_17402v136_1.80r0.cnf,all,17402,31324,-1,-1,-1,0,34768,1068,56,heuristic1,379.41,379.428,112132096,15530196992,15642329088,4185,4720
instances/vars_1.8_all/instance_17402v136_1.80r0.cnf,all,17402,31324,-1,-1,-1,0,34768,1068,56,heuristic2,314.724,314.73,112132096,15530196992,15642329088,3597,4131
instances/vars_1.8_all/instance_17402v136_1.80r0.cnf,all,17402,31324,-1,-1,-1,0,34768,1068,56,heuristic3,376.691,376.699,112132096,15530196992,15642329088,3610,4143
instances/vars_1.8_all/instance_17402v136_1.80r0.cnf,all,17402,31324,-1,-1,-1,0,34768,1068,56,heuristic4,80413,80414.1,112132096,15530196992,15642329088,3309,3842
instances/vars_1.8_all/instance_17402v136_1.80r0.cnf,all,17402,31324,-1,-1,-1,0,34768,1068,56,cleanup_device,0.0800781,0.078912,112132096,15530196992,15642329088,-1,-1
instances/vars_1.8_all/instance_17402v136_1.80r0.cnf,all,17402,31324,-1,-1,-1,0,34768,1068,56,total,81511.2,-1,112132096,15530196992,15642329088,-1,-1
instances/vars_1.8_all/instance_17522v137_1.80r0.cnf,all,17522,31540,-1,-1,-1,0,35038,1116,64,read_instance,8.51538,-1,107937792,15534391296,15642329088,-1,-1
instances/vars_1.8_all/instance_17522v137_1.80r0.cnf,all,17522,31540,-1,-1,-1,0,35038,1116,64,alloc_graph,0.248047,0.252224,110034944,15532294144,15642329088,-1,-1
instances/vars_1.8_all/instance_17522v137_1.80r0.cnf,all,17522,31540,-1,-1,-1,0,35038,1116,64,scc,4.39893,4.40006,112132096,15530196992,15642329088,-1,-1
instances/vars_1.8_all/instance_17522v137_1.80r0.cnf,all,17522,31540,-1,-1,-1,0,35038,1116,64,topo_sort,1.28271,1.28186,112132096,15530196992,15642329088,-1,-1
instances/vars_1.8_all/instance_17522v137_1.80r0.cnf,all,17522,31540,-1,-1,-1,0,35038,1116,64,backbone,10.5684,10.5755,112132096,15530196992,15642329088,-1,-1
instances/vars_1.8_all/instance_17522v137_1.80r0.cnf,all,17522,31540,-1,-1,-1,0,35038,1116,64,wcc,0.279297,0.278592,112132096,15530196992,15642329088,-1,-1
instances/vars_1.8_all/instance_17522v137_1.80r0.cnf,all,17522,31540,-1,-1,-1,0,35038,1116,64,wcc_grouped,2.84302,2.84349,112132096,15530196992,15642329088,-1,-1
instances/vars_1.8_all/instance_17522v137_1.80r0.cnf,all,17522,31540,-1,-1,-1,0,35038,1116,64,heuristic1,390.369,390.382,112132096,15530196992,15642329088,4136,4694
instances/vars_1.8_all/instance_17522v137_1.80r0.cnf,all,17522,31540,-1,-1,-1,0,35038,1116,64,heuristic2,319.777,319.787,112132096,15530196992,15642329088,3521,4080
instances/vars_1.8_all/instance_17522v137_1.80r0.cnf,all,17522,31540,-1,-1,-1,0,35038,1116,64,heuristic3,378.172,378.178,112132096,15530196992,15642329088,3580,4137
instances/vars_1.8_all/instance_17522v137_1.80r0.cnf,all,17522,31540,-1,-1,-1,0,35038,1116,64,heuristic4,80862.1,80863.2,112132096,15530196992,15642329088,3238,3795
instances/vars_1.8_all/instance_17522v137_1.80r0.cnf,all,17522,31540,-1,-1,-1,0,35038,1116,64,cleanup_device,0.0556641,0.053344,112132096,15530196992,15642329088,-1,-1
instances/vars_1.8_all/instance_17522v137_1.80r0.cnf,all,17522,31540,-1,-1,-1,0,35038,1116,64,total,81981.9,-1,112132096,15530196992,15642329088,-1,-1
instances/vars_1.8_all/instance_17643v138_1.80r0.cnf,all,17643,31757,-1,-1,-1,0,35266,980,68,read_instance,8.39209,-1,107937792,15534391296,15642329088,-1,-1
instances/vars_1.8_all/instance_17643v138_1.80r0.cnf,all,17643,31757,-1,-1,-1,0,35266,980,68,alloc_graph,0.298828,0.302176,110034944,15532294144,15642329088,-1,-1
instances/vars_1.8_all/instance_17643v138_1.80r0.cnf,all,17643,31757,-1,-1,-1,0,35266,980,68,scc,4.69995,4.70125,112132096,15530196992,15642329088,-1,-1
instances/vars_1.8_all/instance_17643v138_1.80r0.cnf,all,17643,31757,-1,-1,-1,0,35266,980,68,topo_sort,1.37305,1.37197,112132096,15530196992,15642329088,-1,-1
instances/vars_1.8_all/instance_17643v138_1.80r0.cnf,all,17643,31757,-1,-1,-1,0,35266,980,68,backbone,10.0337,10.0401,112132096,15530196992,15642329088,-1,-1
instances/vars_1.8_all/instance_17643v138_1.80r0.cnf,all,17643,31757,-1,-1,-1,0,35266,980,68,wcc,0.26709,0.267808,112132096,15530196992,15642329088,-1,-1
instances/vars_1.8_all/instance_17643v138_1.80r0.cnf,all,17643,31757,-1,-1,-1,0,35266,980,68,wcc_grouped,2.87915,2.88074,112132096,15530196992,15642329088,-1,-1
instances/vars_1.8_all/instance_17643v138_1.80r0.cnf,all,17643,31757,-1,-1,-1,0,35266,980,68,heuristic1,397.42,397.427,112132096,15530196992,15642329088,4235,4725
instances/vars_1.8_all/instance_17643v138_1.80r0.cnf,all,17643,31757,-1,-1,-1,0,35266,980,68,heuristic2,327.162,327.166,112132096,15530196992,15642329088,3646,4135
instances/vars_1.8_all/instance_17643v138_1.80r0.cnf,all,17643,31757,-1,-1,-1,0,35266,980,68,heuristic3,383.89,383.897,112132096,15530196992,15642329088,3718,4207
instances/vars_1.8_all/instance_17643v138_1.80r0.cnf,all,17643,31757,-1,-1,-1,0,35266,980,68,heuristic4,82838.1,82839.2,112132096,15530196992,15642329088,3279,3768
instances/vars_1.8_all/instance_17643v138_1.80r0.cnf,all,17643,31757,-1,-1,-1,0,35266,980,68,cleanup_device,0.065918,0.061536,112132096,15530196992,15642329088,-1,-1
instances/vars_1.8_all/instance_17643v138_1.80r0.cnf,all,17643,31757,-1,-1,-1,0,35266,980,68,total,83977.8,-1,112132096,15530196992,15642329088,-1,-1
instances/vars_1.8_all/instance_17763v139_1.80r0.cnf,all,17763,31973,-1,-1,-1,0,35520,1060,105,read_instance,8.50977,-1,107937792,15534391296,15642329088,-1,-1
instances/vars_1.8_all/instance_17763v139_1.80r0.cnf,all,17763,31973,-1,-1,-1,0,35520,1060,105,alloc_graph,0.397217,0.39792,110034944,15532294144,15642329088,-1,-1
instances/vars_1.8_all/instance_17763v139_1.80r0.cnf,all,17763,31973,-1,-1,-1,0,35520,1060,105,scc,4.5249,4.52656,112132096,15530196992,15642329088,-1,-1
instances/vars_1.8_all/instance_17763v139_1.80r0.cnf,all,17763,31973,-1,-1,-1,0,35520,1060,105,topo_sort,2.02271,2.02266,112132096,15530196992,15642329088,-1,-1
instances/vars_1.8_all/instance_17763v139_1.80r0.cnf,all,17763,31973,-1,-1,-1,0,35520,1060,105,backbone,10.0579,10.0643,112132096,15530196992,15642329088,-1,-1
instances/vars_1.8_all/instance_17763v139_1.80r0.cnf,all,17763,31973,-1,-1,-1,0,35520,1060,105,wcc,0.252441,0.252128,112132096,15530196992,15642329088,-1,-1
instances/vars_1.8_all/instance_17763v139_1.80r0.cnf,all,17763,31973,-1,-1,-1,0,35520,1060,105,wcc_grouped,2.88916,2.89043,112132096,15530196992,15642329088,-1,-1
instances/vars_1.8_all/instance_17763v139_1.80r0.cnf,all,17763,31973,-1,-1,-1,0,35520,1060,105,heuristic1,403.594,403.605,112132096,15530196992,15642329088,4302,4830
instances/vars_1.8_all/instance_17763v139_1.80r0.cnf,all,17763,31973,-1,-1,-1,0,35520,1060,105,heuristic2,324.521,324.525,112132096,15530196992,15642329088,3657,4185
instances/vars_1.8_all/instance_17763v139_1.80r0.cnf,all,17763,31973,-1,-1,-1,0,35520,1060,105,heuristic3,381.493,381.501,112132096,15530196992,15642329088,3657,4185
instances/vars_1.8_all/instance_17763v139_1.80r0.cnf,all,17763,31973,-1,-1,-1,0,35520,1060,105,heuristic4,83649.9,83651,112132096,15530196992,15642329088,3299,3827
instances/vars_1.8_all/instance_17763v139_1.80r0.cnf,all,17763,31973,-1,-1,-1,0,35520,1060,105,cleanup_device,0.0588379,0.055616,112132096,15530196992,15642329088,-1,-1
instances/vars_1.8_all/instance_17763v139_1.80r0.cnf,all,17763,31973,-1,-1,-1,0,35520,1060,105,total,84791.5,-1,112132096,15530196992,15642329088,-1,-1
instances/vars_1.8_all/instance_17884v140_1.80r0.cnf,all,17884,32191,-1,-1,-1,0,35714,1210,135,read_instance,8.84985,-1,107937792,15534391296,15642329088,-1,-1
instances/vars_1.8_all/instance_17884v140_1.80r0.cnf,all,17884,32191,-1,-1,-1,0,35714,1210,135,alloc_graph,0.263428,0.267872,110034944,15532294144,15642329088,-1,-1
instances/vars_1.8_all/instance_17884v140_1.80r0.cnf,all,17884,32191,-1,-1,-1,0,35714,1210,135,scc,4.77588,4.77741,112132096,15530196992,15642329088,-1,-1
instances/vars_1.8_all/instance_17884v140_1.80r0.cnf,all,17884,32191,-1,-1,-1,0,35714,1210,135,topo_sort,2.604,2.60326,112132096,15530196992,15642329088,-1,-1
instances/vars_1.8_all/instance_17884v140_1.80r0.cnf,all,17884,32191,-1,-1,-1,0,35714,1210,135,backbone,10.4109,10.4164,112132096,15530196992,15642329088,-1,-1
instances/vars_1.8_all/instance_17884v140_1.80r0.cnf,all,17884,32191,-1,-1,-1,0,35714,1210,135,wcc,0.286377,0.286272,112132096,15530196992,15642329088,-1,-1
instances/vars_1.8_all/instance_17884v140_1.80r0.cnf,all,17884,32191,-1,-1,-1,0,35714,1210,135,wcc_grouped,2.82812,2.82858,112132096,15530196992,15642329088,-1,-1
instances/vars_1.8_all/instance_17884v140_1.80r0.cnf,all,17884,32191,-1,-1,-1,0,35714,1210,135,heuristic1,393.833,393.842,112132096,15530196992,15642329088,4180,4784
instances/vars_1.8_all/instance_17884v140_1.80r0.cnf,all,17884,32191,-1,-1,-1,0,35714,1210,135,heuristic2,324.054,324.059,112132096,15530196992,15642329088,3640,4243
instances/vars_1.8_all/instance_17884v140_1.80r0.cnf,all,17884,32191,-1,-1,-1,0,35714,1210,135,heuristic3,380.563,380.569,112132096,15530196992,15642329088,3663,4266
instances/vars_1.8_all/instance_17884v140_1.80r0.cnf,all,17884,32191,-1,-1,-1,0,35714,1210,135,heuristic4,85650.5,85651.7,112132096,15530196992,15642329088,3275,3878
instances/vars_1.8_all/instance_17884v140_1.80r0.cnf,all,17884,32191,-1,-1,-1,0,35714,1210,135,cleanup_device,0.064209,0.062048,112132096,15530196992,15642329088,-1,-1
instances/vars_1.8_all/instance_17884v140_1.80r0.cnf,all,17884,32191,-1,-1,-1,0,35714,1210,135,total,86782.5,-1,112132096,15530196992,15642329088,-1,-1
instances/vars_1.8_all/instance_18005v141_1.80r0.cnf,all,18005,32409,-1,-1,-1,0,35994,1106,59,read_instance,8.74951,-1,107937792,15534391296,15642329088,-1,-1
instances/vars_1.8_all/instance_18005v141_1.80r0.cnf,all,18005,32409,-1,-1,-1,0,35994,1106,59,alloc_graph,0.300049,0.300256,110034944,15532294144,15642329088,-1,-1
instances/vars_1.8_all/instance_18005v141_1.80r0.cnf,all,18005,32409,-1,-1,-1,0,35994,1106,59,scc,4.4082,4.4097,112132096,15530196992,15642329088,-1,-1
instances/vars_1.8_all/instance_18005v141_1.80r0.cnf,all,18005,32409,-1,-1,-1,0,35994,1106,59,topo_sort,1.22485,1.22429,112132096,15530196992,15642329088,-1,-1
instances/vars_1.8_all/instance_18005v141_1.80r0.cnf,all,18005,32409,-1,-1,-1,0,35994,1106,59,backbone,10.0659,10.0716,112132096,15530196992,15642329088,-1,-1
instances/vars_1.8_all/instance_18005v141_1.80r0.cnf,all,18005,32409,-1,-1,-1,0,35994,1106,59,wcc,0.284424,0.284576,112132096,15530196992,15642329088,-1,-1
instances/vars_1.8_all/instance_18005v141_1.80r0.cnf,all,18005,32409,-1,-1,-1,0,35994,1106,59,wcc_grouped,2.85986,2.86128,112132096,15530196992,15642329088,-1,-1
instances/vars_1.8_all/instance_18005v141_1.80r0.cnf,all,18005,32409,-1,-1,-1,0,35994,1106,59,heuristic1,405.428,405.436,112132096,15530196992,15642329088,4318,4869
instances/vars_1.8_all/instance_18005v141_1.80r0.cnf,all,18005,32409,-1,-1,-1,0,35994,1106,59,heuristic2,324.343,324.349,112132096,15530196992,15642329088,3689,4242
instances/vars_1.8_all/instance_18005v141_1.80r0.cnf,all,18005,32409,-1,-1,-1,0,35994,1106,59,heuristic3,390.744,390.752,112132096,15530196992,15642329088,3722,4273
instances/vars_1.8_all/instance_18005v141_1.80r0.cnf,all,18005,32409,-1,-1,-1,0,35994,1106,59,heuristic4,87411.4,87412.6,112132096,15530196992,15642329088,3337,3888
instances/vars_1.8_all/instance_18005v141_1.80r0.cnf,all,18005,32409,-1,-1,-1,0,35994,1106,59,cleanup_device,0.050293,0.04816,112132096,15530196992,15642329088,-1,-1
instances/vars_1.8_all/instance_18005v141_1.80r0.cnf,all,18005,32409,-1,-1,-1,0,35994,1106,59,total,88563.1,-1,112132096,15530196992,15642329088,-1,-1
instances/vars_1.8_all/instance_18125v142_1.80r0.cnf,all,18125,32625,-1,-1,-1,0,36242,1098,60,read_instance,8.7251,-1,107937792,15534391296,15642329088,-1,-1
instances/vars_1.8_all/instance_18125v142_1.80r0.cnf,all,18125,32625,-1,-1,-1,0,36242,1098,60,alloc_graph,0.263672,0.273248,110034944,15532294144,15642329088,-1,-1
instances/vars_1.8_all/instance_18125v142_1.80r0.cnf,all,18125,32625,-1,-1,-1,0,36242,1098,60,scc,4.54517,4.54666,112132096,15530196992,15642329088,-1,-1
instances/vars_1.8_all/instance_18125v142_1.80r0.cnf,all,18125,32625,-1,-1,-1,0,36242,1098,60,topo_sort,1.19702,1.19651,112132096,15530196992,15642329088,-1,-1
instances/vars_1.8_all/instance_18125v142_1.80r0.cnf,all,18125,32625,-1,-1,-1,0,36242,1098,60,backbone,10.2388,10.2451,112132096,15530196992,15642329088,-1,-1
instances/vars_1.8_all/instance_18125v142_1.80r0.cnf,all,18125,32625,-1,-1,-1,0,36242,1098,60,wcc,0.266846,0.2664,112132096,15530196992,15642329088,-1,-1
instances/vars_1.8_all/instance_18125v142_1.80r0.cnf,all,18125,32625,-1,-1,-1,0,36242,1098,60,wcc_grouped,2.88184,2.88342,112132096,15530196992,15642329088,-1,-1
instances/vars_1.8_all/instance_18125v142_1.80r0.cnf,all,18125,32625,-1,-1,-1,0,36242,1098,60,heuristic1,408.629,408.639,112132096,15530196992,15642329088,4312,4860
instances/vars_1.8_all/instance_18125v142_1.80r0.cnf,all,18125,32625,-1,-1,-1,0,36242,1098,60,heuristic2,328.796,328.8,112132096,15530196992,15642329088,3724,4271
instances/vars_1.8_all/instance_18125v142_1.80r0.cnf,all,18125,32625,-1,-1,-1,0,36242,1098,60,heuristic3,391.916,391.92,112132096,15530196992,15642329088,3689,4236
instances/vars_1.8_all/instance_18125v142_1.80r0.cnf,all,18125,32625,-1,-1,-1,0,36242,1098,60,heuristic4,88406.5,88407.7,112132096,15530196992,15642329088,3347,3894
instances/vars_1.8_all/instance_18125v142_1.80r0.cnf,all,18125,32625,-1,-1,-1,0,36242,1098,60,cleanup_device,0.0495605,0.047872,112132096,15530196992,15642329088,-1,-1
instances/vars_1.8_all/instance_18125v142_1.80r0.cnf,all,18125,32625,-1,-1,-1,0,36242,1098,60,total,89567.3,-1,112132096,15530196992,15642329088,-1,-1
instances/vars_1.8_all/instance_18246v143_1.80r0.cnf,all,18246,32843,-1,-1,-1,0,36492,1180,68,read_instance,9.12158,-1,107937792,15534391296,15642329088,-1,-1
instances/vars_1.8_all/instance_18246v143_1.80r0.cnf,all,18246,32843,-1,-1,-1,0,36492,1180,68,alloc_graph,0.259277,0.261376,110034944,15532294144,15642329088,-1,-1
instances/vars_1.8_all/instance_18246v143_1.80r0.cnf,all,18246,32843,-1,-1,-1,0,36492,1180,68,scc,4.00903,4.00973,112132096,15530196992,15642329088,-1,-1
instances/vars_1.8_all/instance_18246v143_1.80r0.cnf,all,18246,32843,-1,-1,-1,0,36492,1180,68,topo_sort,1.31543,1.31456,112132096,15530196992,15642329088,-1,-1
instances/vars_1.8_all/instance_18246v143_1.80r0.cnf,all,18246,32843,-1,-1,-1,0,36492,1180,68,backbone,10.0654,10.0714,112132096,15530196992,15642329088,-1,-1
instances/vars_1.8_all/instance_18246v143_1.80r0.cnf,all,18246,32843,-1,-1,-1,0,36492,1180,68,wcc,0.265869,0.26512,112132096,15530196992,15642329088,-1,-1
instances/vars_1.8_all/instance_18246v143_1.80r0.cnf,all,18246,32843,-1,-1,-1,0,36492,1180,68,wcc_grouped,2.86548,2.8671,112132096,15530196992,15642329088,-1,-1
instances/vars_1.8_all/instance_18246v143_1.80r0.cnf,all,18246,32843,-1,-1,-1,0,36492,1180,68,heuristic1,404.437,404.446,112132096,15530196992,15642329088,4333,4925
instances/vars_1.8_all/instance_18246v143_1.80r0.cnf,all,18246,32843,-1,-1,-1,0,36492,1180,68,heuristic2,317.307,317.311,112132096,15530196992,15642329088,3695,4284
instances/vars_1.8_all/instance_18246v143_1.80r0.cnf,all,18246,32843,-1,-1,-1,0,36492,1180,68,heuristic3,394.208,394.213,112132096,15530196992,15642329088,3790,4378
instances/vars_1.8_all/instance_18246v143_1.80r0.cnf,all,18246,32843,-1,-1,-1,0,36492,1180,68,heuristic4,90516.2,90517.5,112132096,15530196992,15642329088,3391,3979
instances/vars_1.8_all/instance_18246v143_1.80r0.cnf,all,18246,32843,-1,-1,-1,0,36492,1180,68,cleanup_device,0.0532227,0.050656,112132096,15530196992,15642329088,-1,-1
instances/vars_1.8_all/instance_18246v143_1.80r0.cnf,all,18246,32843,-1,-1,-1,0,36492,1180,68,total,91663.4,-1,112132096,15530196992,15642329088,-1,-1
instances/vars_1.8_all/instance_18366v144_1.80r0.cnf,all,18366,33059,-1,-1,-1,0,36730,1156,53,read_instance,9.21509,-1,107937792,15534391296,15642329088,-1,-1
instances/vars_1.8_all/instance_18366v144_1.80r0.cnf,all,18366,33059,-1,-1,-1,0,36730,1156,53,alloc_graph,0.255615,0.262112,110034944,15532294144,15642329088,-1,-1
instances/vars_1.8_all/instance_18366v144_1.80r0.cnf,all,18366,33059,-1,-1,-1,0,36730,1156,53,scc,4.10571,4.10614,112132096,15530196992,15642329088,-1,-1
instances/vars_1.8_all/instance_18366v144_1.80r0.cnf,all,18366,33059,-1,-1,-1,0,36730,1156,53,topo_sort,1.07544,1.07472,112132096,15530196992,15642329088,-1,-1
instances/vars_1.8_all/instance_18366v144_1.80r0.cnf,all,18366,33059,-1,-1,-1,0,36730,1156,53,backbone,10.1311,10.1377,112132096,15530196992,15642329088,-1,-1
instances/vars_1.8_all/instance_18366v144_1.80r0.cnf,all,18366,33059,-1,-1,-1,0,36730,1156,53,wcc,0.261963,0.262144,112132096,15530196992,15642329088,-1,-1
instances/vars_1.8_all/instance_18366v144_1.80r0.cnf,all,18366,33059,-1,-1,-1,0,36730,1156,53,wcc_grouped,2.88135,2.88195,112132096,15530196992,15642329088,-1,-1
instances/vars_1.8_all/instance_18366v144_1.80r0.cnf,all,18366,33059,-1,-1,-1,0,36730,1156,53,heuristic1,406.94,406.951,112132096,15530196992,15642329088,4417,4993
instances/vars_1.8_all/instance_18366v144_1.80r0.cnf,all,18366,33059,-1,-1,-1,0,36730,1156,53,heuristic2,323.34,323.345,112132096,15530196992,15642329088,3768,4345
instances/vars_1.8_all/instance_18366v144_1.80r0.cnf,all,18366,33059,-1,-1,-1,0,36730,1156,53,heuristic3,382.51,382.516,112132096,15530196992,15642329088,3790,4366
instances/vars_1.8_all/instance_18366v144_1.80r0.cnf,all,18366,33059,-1,-1,-1,0,36730,1156,53,heuristic4,91544,91545.2,112132096,15530196992,15642329088,3399,3975
instances/vars_1.8_all/instance_18366v144_1.80r0.cnf,all,18366,33059,-1,-1,-1,0,36730,1156,53,cleanup_device,0.0529785,0.050976,112132096,15530196992,15642329088,-1,-1
instances/vars_1.8_all/instance_18366v144_1.80r0.cnf,all,18366,33059,-1,-1,-1,0,36730,1156,53,total,92688.2,-1,112132096,15530196992,15642329088,-1,-1
instances/vars_1.8_all/instance_1844v7_1.80r0.cnf,all,1844,3319,-1,-1,-1,0,3684,136,33,read_instance,0.891113,-1,107937792,15534391296,15642329088,-1,-1
instances/vars_1.8_all/instance_1844v7_1.80r0.cnf,all,1844,3319,-1,-1,-1,0,3684,136,33,alloc_graph,0.187744,0.174848,110034944,15532294144,15642329088,-1,-1
instances/vars_1.8_all/instance_1844v7_1.80r0.cnf,all,1844,3319,-1,-1,-1,0,3684,136,33,scc,4.38159,4.38272,112132096,15530196992,15642329088,-1,-1
instances/vars_1.8_all/instance_1844v7_1.80r0.cnf,all,1844,3319,-1,-1,-1,0,3684,136,33,topo_sort,0.687012,0.6864,112132096,15530196992,15642329088,-1,-1
instances/vars_1.8_all/instance_1844v7_1.80r0.cnf,all,1844,3319,-1,-1,-1,0,3684,136,33,backbone,5.41113,5.41782,112132096,15530196992,15642329088,-1,-1
instances/vars_1.8_all/instance_1844v7_1.80r0.cnf,all,1844,3319,-1,-1,-1,0,3684,136,33,wcc,0.22876,0.227392,112132096,15530196992,15642329088,-1,-1
instances/vars_1.8_all/instance_1844v7_1.80r0.cnf,all,1844,3319,-1,-1,-1,0,3684,136,33,wcc_grouped,0.359619,0.359584,112132096,15530196992,15642329088,-1,-1
instances/vars_1.8_all/instance_1844v7_1.80r0.cnf,all,1844,3319,-1,-1,-1,0,3684,136,33,heuristic1,38.5806,38.5821,112132096,15530196992,15642329088,443,511
instances/vars_1.8_all/instance_1844v7_1.80r0.cnf,all,1844,3319,-1,-1,-1,0,3684,136,33,heuristic2,31.0457,31.046,112132096,15530196992,15642329088,368,434
instances/vars_1.8_all/instance_1844v7_1.80r0.cnf,all,1844,3319,-1,-1,-1,0,3684,136,33,heuristic3,37.9622,37.9631,112132096,15530196992,15642329088,383,449
instances/vars_1.8_all/instance_1844v7_1.80r0.cnf,all,1844,3319,-1,-1,-1,0,3684,136,33,heuristic4,3681.04,3681.09,112132096,15530196992,15642329088,336,402
instances/vars_1.8_all/instance_1844v7_1.80r0.cnf,all,1844,3319,-1,-1,-1,0,3684,136,33,cleanup_device,0.0429688,0.04256,112132096,15530196992,15642329088,-1,-1
instances/vars_1.8_all/instance_1844v7_1.80r0.cnf,all,1844,3319,-1,-1,-1,0,3684,136,33,total,3801.64,-1,112132096,15530196992,15642329088,-1,-1
instances/vars_1.8_all/instance_18487v145_1.80r0.cnf,all,18487,33277,-1,-1,-1,0,36974,1066,51,read_instance,9.02393,-1,107937792,15534391296,15642329088,-1,-1
instances/vars_1.8_all/instance_18487v145_1.80r0.cnf,all,18487,33277,-1,-1,-1,0,36974,1066,51,alloc_graph,0.270996,0.274944,110034944,15532294144,15642329088,-1,-1
instances/vars_1.8_all/instance_18487v145_1.80r0.cnf,all,18487,33277,-1,-1,-1,0,36974,1066,51,scc,4.06006,4.06147,112132096,15530196992,15642329088,-1,-1
instances/vars_1.8_all/instance_18487v145_1.80r0.cnf,all,18487,33277,-1,-1,-1,0,36974,1066,51,topo_sort,1.02661,1.02608,112132096,15530196992,15642329088,-1,-1
instances/vars_1.8_all/instance_18487v145_1.80r0.cnf,all,18487,33277,-1,-1,-1,0,36974,1066,51,backbone,9.88037,9.88518,112132096,15530196992,15642329088,-1,-1
instances/vars_1.8_all/instance_18487v145_1.80r0.cnf,all,18487,33277,-1,-1,-1,0,36974,1066,51,wcc,0.274414,0.274432,112132096,15530196992,15642329088,-1,-1
instances/vars_1.8_all/instance_18487v145_1.80r0.cnf,all,18487,33277,-1,-1,-1,0,36974,1066,51,wcc_grouped,2.84912,2.8505,112132096,15530196992,15642329088,-1,-1
instances/vars_1.8_all/instance_18487v145_1.80r0.cnf,all,18487,33277,-1,-1,-1,0,36974,1066,51,heuristic1,429.743,429.754,112132096,15530196992,15642329088,4524,5056
instances/vars_1.8_all/instance_18487v145_1.80r0.cnf,all,18487,33277,-1,-1,-1,0,36974,1066,51,heuristic2,340.916,340.924,112132096,15530196992,15642329088,3803,4335
instances/vars_1.8_all/instance_18487v145_1.80r0.cnf,all,18487,33277,-1,-1,-1,0,36974,1066,51,heuristic3,410.595,410.607,112132096,15530196992,15642329088,3892,4423
instances/vars_1.8_all/instance_18487v145_1.80r0.cnf,all,18487,33277,-1,-1,-1,0,36974,1066,51,heuristic4,94351.9,94353.1,112132096,15530196992,15642329088,3517,4048
instances/vars_1.8_all/instance_18487v145_1.80r0.cnf,all,18487,33277,-1,-1,-1,0,36974,1066,51,cleanup_device,0.0534668,0.050112,112132096,15530196992,15642329088,-1,-1
instances/vars_1.8_all/instance_18487v145_1.80r0.cnf,all,18487,33277,-1,-1,-1,0,36974,1066,51,total,95563.8,-1,112132096,15530196992,15642329088,-1,-1
instances/vars_1.8_all/instance_18608v146_1.80r0.cnf,all,18608,33494,-1,-1,-1,0,37216,1132,55,read_instance,9.16626,-1,107937792,15534391296,15642329088,-1,-1
instances/vars_1.8_all/instance_18608v146_1.80r0.cnf,all,18608,33494,-1,-1,-1,0,37216,1132,55,alloc_graph,0.261719,0.264992,110034944,15532294144,15642329088,-1,-1
instances/vars_1.8_all/instance_18608v146_1.80r0.cnf,all,18608,33494,-1,-1,-1,0,37216,1132,55,scc,4.10645,4.10749,112132096,15530196992,15642329088,-1,-1
instances/vars_1.8_all/instance_18608v146_1.80r0.cnf,all,18608,33494,-1,-1,-1,0,37216,1132,55,topo_sort,1.1167,1.11632,112132096,15530196992,15642329088,-1,-1
instances/vars_1.8_all/instance_18608v146_1.80r0.cnf,all,18608,33494,-1,-1,-1,0,37216,1132,55,backbone,10.2305,10.2359,112132096,15530196992,15642329088,-1,-1
instances/vars_1.8_all/instance_18608v146_1.80r0.cnf,all,18608,33494,-1,-1,-1,0,37216,1132,55,wcc,0.261963,0.261728,112132096,15530196992,15642329088,-1,-1
instances/vars_1.8_all/instance_18608v146_1.80r0.cnf,all,18608,33494,-1,-1,-1,0,37216,1132,55,wcc_grouped,2.88281,2.88397,112132096,15530196992,15642329088,-1,-1
instances/vars_1.8_all/instance_18608v146_1.80r0.cnf,all,18608,33494,-1,-1,-1,0,37216,1132,55,heuristic1,420.532,420.545,112132096,15530196992,15642329088,4516,5080
instances/vars_1.8_all/instance_18608v146_1.80r0.cnf,all,18608,33494,-1,-1,-1,0,37216,1132,55,heuristic2,329.367,329.372,112132096,15530196992,15642329088,3738,4302
instances/vars_1.8_all/instance_18608v146_1.80r0.cnf,all,18608,33494,-1,-1,-1,0,37216,1132,55,heuristic3,402.755,402.761,112132096,15530196992,15642329088,3863,4427
instances/vars_1.8_all/instance_18608v146_1.80r0.cnf,all,18608,33494,-1,-1,-1,0,37216,1132,55,heuristic4,95446.4,95447.7,112132096,15530196992,15642329088,3480,4044
instances/vars_1.8_all/instance_18608v146_1.80r0.cnf,all,18608,33494,-1,-1,-1,0,37216,1132,55,cleanup_device,0.0788574,0.076928,112132096,15530196992,15642329088,-1,-1
instances/vars_1.8_all/instance_18608v146_1.80r0.cnf,all,18608,33494,-1,-1,-1,0,37216,1132,55,total,96630.4,-1,112132096,15530196992,15642329088,-1,-1
instances/vars_1.8_all/instance_18728v147_1.80r0.cnf,all,18728,33710,-1,-1,-1,0,37442,994,73,read_instance,11.4382,-1,107937792,15534391296,15642329088,-1,-1
instances/vars_1.8_all/instance_18728v147_1.80r0.cnf,all,18728,33710,-1,-1,-1,0,37442,994,73,alloc_graph,0.318604,0.30848,110034944,15532294144,15642329088,-1,-1
instances/vars_1.8_all/instance_18728v147_1.80r0.cnf,all,18728,33710,-1,-1,-1,0,37442,994,73,scc,5.28687,5.28854,112132096,15530196992,15642329088,-1,-1
instances/vars_1.8_all/instance_18728v147_1.80r0.cnf,all,18728,33710,-1,-1,-1,0,37442,994,73,topo_sort,1.71533,1.71638,112132096,15530196992,15642329088,-1,-1
instances/vars_1.8_all/instance_18728v147_1.80r0.cnf,all,18728,33710,-1,-1,-1,0,37442,994,73,backbone,11.9858,11.9952,112132096,15530196992,15642329088,-1,-1
instances/vars_1.8_all/instance_18728v147_1.80r0.cnf,all,18728,33710,-1,-1,-1,0,37442,994,73,wcc,0.317627,0.319296,112132096,15530196992,15642329088,-1,-1
instances/vars_1.8_all/instance_18728v147_1.80r0.cnf,all,18728,33710,-1,-1,-1,0,37442,994,73,wcc_grouped,2.80249,2.80646,112132096,15530196992,15642329088,-1,-1
instances/vars_1.8_all/instance_18728v147_1.80r0.cnf,all,18728,33710,-1,-1,-1,0,37442,994,73,heuristic1,501.303,501.314,114229248,15528099840,15642329088,4587,5082
instances/vars_1.8_all/instance_18728v147_1.80r0.cnf,all,18728,33710,-1,-1,-1,0,37442,994,73,heuristic2,396.394,396.399,114229248,15528099840,15642329088,3881,4376
instances/vars_1.8_all/instance_18728v147_1.80r0.cnf,all,18728,33710,-1,-1,-1,0,37442,994,73,heuristic3,468.46,468.466,114229248,15528099840,15642329088,3979,4474
instances/vars_1.8_all/instance_18728v147_1.80r0.cnf,all,18728,33710,-1,-1,-1,0,37442,994,73,heuristic4,100356,100357,114229248,15528099840,15642329088,3565,4060
instances/vars_1.8_all/instance_18728v147_1.80r0.cnf,all,18728,33710,-1,-1,-1,0,37442,994,73,cleanup_device,0.0568848,0.054016,112132096,15530196992,15642329088,-1,-1
instances/vars_1.8_all/instance_18728v147_1.80r0.cnf,all,18728,33710,-1,-1,-1,0,37442,994,73,total,101759,-1,112132096,15530196992,15642329088,-1,-1
instances/vars_1.8_all/instance_18849v148_1.80r0.cnf,all,18849,33928,-1,-1,-1,0,37688,1150,77,read_instance,9.61255,-1,107937792,15534391296,15642329088,-1,-1
instances/vars_1.8_all/instance_18849v148_1.80r0.cnf,all,18849,33928,-1,-1,-1,0,37688,1150,77,alloc_graph,0.278809,0.285632,110034944,15532294144,15642329088,-1,-1
instances/vars_1.8_all/instance_18849v148_1.80r0.cnf,all,18849,33928,-1,-1,-1,0,37688,1150,77,scc,4.47388,4.47462,112132096,15530196992,15642329088,-1,-1
instances/vars_1.8_all/instance_18849v148_1.80r0.cnf,all,18849,33928,-1,-1,-1,0,37688,1150,77,topo_sort,1.56812,1.56771,112132096,15530196992,15642329088,-1,-1
instances/vars_1.8_all/instance_18849v148_1.80r0.cnf,all,18849,33928,-1,-1,-1,0,37688,1150,77,backbone,10.7258,10.7325,112132096,15530196992,15642329088,-1,-1
instances/vars_1.8_all/instance_18849v148_1.80r0.cnf,all,18849,33928,-1,-1,-1,0,37688,1150,77,wcc,0.280762,0.280576,112132096,15530196992,15642329088,-1,-1
instances/vars_1.8_all/instance_18849v148_1.80r0.cnf,all,18849,33928,-1,-1,-1,0,37688,1150,77,wcc_grouped,2.85132,2.85286,112132096,15530196992,15642329088,-1,-1
instances/vars_1.8_all/instance_18849v148_1.80r0.cnf,all,18849,33928,-1,-1,-1,0,37688,1150,77,heuristic1,427.01,427.016,114229248,15528099840,15642329088,4522,5096
instances/vars_1.8_all/instance_18849v148_1.80r0.cnf,all,18849,33928,-1,-1,-1,0,37688,1150,77,heuristic2,346.145,346.15,114229248,15528099840,15642329088,3873,4447
instances/vars_1.8_all/instance_18849v148_1.80r0.cnf,all,18849,33928,-1,-1,-1,0,37688,1150,77,heuristic3,422.533,422.539,114229248,15528099840,15642329088,3921,4494
instances/vars_1.8_all/instance_18849v148_1.80r0.cnf,all,18849,33928,-1,-1,-1,0,37688,1150,77,heuristic4,98924.8,98926.1,114229248,15528099840,15642329088,3485,4058
instances/vars_1.8_all/instance_18849v148_1.80r0.cnf,all,18849,33928,-1,-1,-1,0,37688,1150,77,cleanup_device,0.0585938,0.055072,112132096,15530196992,15642329088,-1,-1
instances/vars_1.8_all/instance_18849v148_1.80r0.cnf,all,18849,33928,-1,-1,-1,0,37688,1150,77,total,100153,-1,112132096,15530196992,15642329088,-1,-1
instances/vars_1.8_all/instance_18969v149_1.80r0.cnf,all,18969,34144,-1,-1,-1,0,37926,1168,81,read_instance,9.95825,-1,107937792,15534391296,15642329088,-1,-1
instances/vars_1.8_all/instance_18969v149_1.80r0.cnf,all,18969,34144,-1,-1,-1,0,37926,1168,81,alloc_graph,0.300293,0.30016,110034944,15532294144,15642329088,-1,-1
instances/vars_1.8_all/instance_18969v149_1.80r0.cnf,all,18969,34144,-1,-1,-1,0,37926,1168,81,scc,4.34155,4.34266,112132096,15530196992,15642329088,-1,-1
instances/vars_1.8_all/instance_18969v149_1.80r0.cnf,all,18969,34144,-1,-1,-1,0,37926,1168,81,topo_sort,1.60352,1.60298,112132096,15530196992,15642329088,-1,-1
instances/vars_1.8_all/instance_18969v149_1.80r0.cnf,all,18969,34144,-1,-1,-1,0,37926,1168,81,backbone,10.8418,10.8484,112132096,15530196992,15642329088,-1,-1
instances/vars_1.8_all/instance_18969v149_1.80r0.cnf,all,18969,34144,-1,-1,-1,0,37926,1168,81,wcc,0.272461,0.272256,112132096,15530196992,15642329088,-1,-1
instances/vars_1.8_all/instance_18969v149_1.80r0.cnf,all,18969,34144,-1,-1,-1,0,37926,1168,81,wcc_grouped,2.86646,2.8672,112132096,15530196992,15642329088,-1,-1
instances/vars_1.8_all/instance_18969v149_1.80r0.cnf,all,18969,34144,-1,-1,-1,0,37926,1168,81,heuristic1,427.838,427.844,114229248,15528099840,15642329088,4599,5181
instances/vars_1.8_all/instance_18969v149_1.80r0.cnf,all,18969,34144,-1,-1,-1,0,37926,1168,81,heuristic2,340.207,340.212,114229248,15528099840,15642329088,3922,4504
instances/vars_1.8_all/instance_18969v149_1.80r0.cnf,all,18969,34144,-1,-1,-1,0,37926,1168,81,heuristic3,409.255,409.26,114229248,15528099840,15642329088,3862,4444
instances/vars_1.8_all/instance_18969v149_1.80r0.cnf,all,18969,34144,-1,-1,-1,0,37926,1168,81,heuristic4,100661,100662,114229248,15528099840,15642329088,3491,4073
instances/vars_1.8_all/instance_18969v149_1.80r0.cnf,all,18969,34144,-1,-1,-1,0,37926,1168,81,cleanup_device,0.0546875,0.050176,112132096,15530196992,15642329088,-1,-1
instances/vars_1.8_all/instance_18969v149_1.80r0.cnf,all,18969,34144,-1,-1,-1,0,37926,1168,81,total,101871,-1,112132096,15530196992,15642329088,-1,-1
instances/vars_1.8_all/instance_19090v150_1.80r0.cnf,all,19090,34362,-1,-1,-1,0,38178,1142,99,read_instance,9.32373,-1,107937792,15534391296,15642329088,-1,-1
instances/vars_1.8_all/instance_19090v150_1.80r0.cnf,all,19090,34362,-1,-1,-1,0,38178,1142,99,alloc_graph,0.307861,0.311072,110034944,15532294144,15642329088,-1,-1
instances/vars_1.8_all/instance_19090v150_1.80r0.cnf,all,19090,34362,-1,-1,-1,0,38178,1142,99,scc,4.50903,4.5104,112132096,15530196992,15642329088,-1,-1
instances/vars_1.8_all/instance_19090v150_1.80r0.cnf,all,19090,34362,-1,-1,-1,0,38178,1142,99,topo_sort,1.87012,1.86954,112132096,15530196992,15642329088,-1,-1
instances/vars_1.8_all/instance_19090v150_1.80r0.cnf,all,19090,34362,-1,-1,-1,0,38178,1142,99,backbone,10.8232,10.8285,112132096,15530196992,15642329088,-1,-1
instances/vars_1.8_all/instance_19090v150_1.80r0.cnf,all,19090,34362,-1,-1,-1,0,38178,1142,99,wcc,0.267578,0.26752,112132096,15530196992,15642329088,-1,-1
instances/vars_1.8_all/instance_19090v150_1.80r0.cnf,all,19090,34362,-1,-1,-1,0,38178,1142,99,wcc_grouped,2.87329,2.87482,112132096,15530196992,15642329088,-1,-1
instances/vars_1.8_all/instance_19090v150_1.80r0.cnf,all,19090,34362,-1,-1,-1,0,38178,1142,99,heuristic1,427.53,427.536,114229248,15528099840,15642329088,4558,5129
instances/vars_1.8_all/instance_19090v150_1.80r0.cnf,all,19090,34362,-1,-1,-1,0,38178,1142,99,heuristic2,347.205,347.21,114229248,15528099840,15642329088,3879,4450
instances/vars_1.8_all/instance_19090v150_1.80r0.cnf,all,19090,34362,-1,-1,-1,0,38178,1142,99,heuristic3,418.19,418.196,114229248,15528099840,15642329088,3886,4456
instances/vars_1.8_all/instance_19090v150_1.80r0.cnf,all,19090,34362,-1,-1,-1,0,38178,1142,99,heuristic4,103778,103779,114229248,15528099840,15642329088,3543,4113
instances/vars_1.8_all/instance_19090v150_1.80r0.cnf,all,19090,34362,-1,-1,-1,0,38178,1142,99,cleanup_device,0.0554199,0.05184,112132096,15530196992,15642329088,-1,-1
instances/vars_1.8_all/instance_19090v150_1.80r0.cnf,all,19090,34362,-1,-1,-1,0,38178,1142,99,total,105004,-1,112132096,15530196992,15642329088,-1,-1
instances/vars_1.8_all/instance_19211v151_1.80r0.cnf,all,19211,34580,-1,-1,-1,0,38412,1156,55,read_instance,9.92188,-1,107937792,15534391296,15642329088,-1,-1
instances/vars_1.8_all/instance_19211v151_1.80r0.cnf,all,19211,34580,-1,-1,-1,0,38412,1156,55,alloc_graph,0.282227,0.287712,110034944,15532294144,15642329088,-1,-1
instances/vars_1.8_all/instance_19211v151_1.80r0.cnf,all,19211,34580,-1,-1,-1,0,38412,1156,55,scc,4.73706,4.73878,112132096,15530196992,15642329088,-1,-1
instances/vars_1.8_all/instance_19211v151_1.80r0.cnf,all,19211,34580,-1,-1,-1,0,38412,1156,55,topo_sort,1.104,1.10387,112132096,15530196992,15642329088,-1,-1
instances/vars_1.8_all/instance_19211v151_1.80r0.cnf,all,19211,34580,-1,-1,-1,0,38412,1156,55,backbone,10.7258,10.7329,112132096,15530196992,15642329088,-1,-1
instances/vars_1.8_all/instance_19211v151_1.80r0.cnf,all,19211,34580,-1,-1,-1,0,38412,1156,55,wcc,0.273193,0.2728,112132096,15530196992,15642329088,-1,-1
instances/vars_1.8_all/instance_19211v151_1.80r0.cnf,all,19211,34580,-1,-1,-1,0,38412,1156,55,wcc_grouped,2.86133,2.86266,112132096,15530196992,15642329088,-1,-1
instances/vars_1.8_all/instance_19211v151_1.80r0.cnf,all,19211,34580,-1,-1,-1,0,38412,1156,55,heuristic1,425.339,425.346,114229248,15528099840,15642329088,4631,5209
instances/vars_1.8_all/instance_19211v151_1.80r0.cnf,all,19211,34580,-1,-1,-1,0,38412,1156,55,heuristic2,341.239,341.244,114229248,15528099840,15642329088,3868,4445
instances/vars_1.8_all/instance_19211v151_1.80r0.cnf,all,19211,34580,-1,-1,-1,0,38412,1156,55,heuristic3,418.496,418.502,114229248,15528099840,15642329088,3958,4534
instances/vars_1.8_all/instance_19211v151_1.80r0.cnf,all,19211,34580,-1,-1,-1,0,38412,1156,55,heuristic4,105893,105894,114229248,15528099840,15642329088,3603,4179
instances/vars_1.8_all/instance_19211v151_1.80r0.cnf,all,19211,34580,-1,-1,-1,0,38412,1156,55,cleanup_device,0.0556641,0.052192,112132096,15530196992,15642329088,-1,-1
instances/vars_1.8_all/instance_19211v151_1.80r0.cnf,all,19211,34580,-1,-1,-1,0,38412,1156,55,total,107111,-1,112132096,15530196992,15642329088,-1,-1
instances/vars_1.8_all/instance_19331v152_1.80r0.cnf,all,19331,34796,-1,-1,-1,0,38652,1088,60,read_instance,9.91187,-1,107937792,15534391296,15642329088,-1,-1
instances/vars_1.8_all/instance_19331v152_1.80r0.cnf,all,19331,34796,-1,-1,-1,0,38652,1088,60,alloc_graph,0.286133,0.288704,110034944,15532294144,15642329088,-1,-1
instances/vars_1.8_all/instance_19331v152_1.80r0.cnf,all,19331,34796,-1,-1,-1,0,38652,1088,60,scc,4.65259,4.65398,112132096,15530196992,15642329088,-1,-1
instances/vars_1.8_all/instance_19331v152_1.80r0.cnf,all,19331,34796,-1,-1,-1,0,38652,1088,60,topo_sort,1.20508,1.2055,112132096,15530196992,15642329088,-1,-1
instances/vars_1.8_all/instance_19331v152_1.80r0.cnf,all,19331,34796,-1,-1,-1,0,38652,1088,60,backbone,10.9136,10.9201,112132096,15530196992,15642329088,-1,-1
instances/vars_1.8_all/instance_19331v152_1.80r0.cnf,all,19331,34796,-1,-1,-1,0,38652,1088,60,wcc,0.263184,0.263616,112132096,15530196992,15642329088,-1,-1
instances/vars_1.8_all/instance_19331v152_1.80r0.cnf,all,19331,34796,-1,-1,-1,0,38652,1088,60,wcc_grouped,2.85571,2.85923,112132096,15530196992,15642329088,-1,-1
instances/vars_1.8_all/instance_19331v152_1.80r0.cnf,all,19331,34796,-1,-1,-1,0,38652,1088,60,heuristic1,435.659,435.665,114229248,15528099840,15642329088,4701,5246
instances/vars_1.8_all/instance_19331v152_1.80r0.cnf,all,19331,34796,-1,-1,-1,0,38652,1088,60,heuristic2,339.386,339.391,114229248,15528099840,15642329088,3926,4470
instances/vars_1.8_all/instance_19331v152_1.80r0.cnf,all,19331,34796,-1,-1,-1,0,38652,1088,60,heuristic3,422.563,422.569,114229248,15528099840,15642329088,3960,4502
instances/vars_1.8_all/instance_19331v152_1.80r0.cnf,all,19331,34796,-1,-1,-1,0,38652,1088,60,heuristic4,108294,108295,114229248,15528099840,15642329088,3614,4156
instances/vars_1.8_all/instance_19331v152_1.80r0.cnf,all,19331,34796,-1,-1,-1,0,38652,1088,60,cleanup_device,0.0688477,0.067168,112132096,15530196992,15642329088,-1,-1
instances/vars_1.8_all/instance_19331v152_1.80r0.cnf,all,19331,34796,-1,-1,-1,0,38652,1088,60,total,109524,-1,112132096,15530196992,15642329088,-1,-1
instances/vars_1.8_all/instance_19452v153_1.80r0.cnf,all,19452,35014,-1,-1,-1,0,38886,1182,61,read_instance,9.36963,-1,107937792,15534391296,15642329088,-1,-1
instances/vars_1.8_all/instance_19452v153_1.80r0.cnf,all,19452,35014,-1,-1,-1,0,38886,1182,61,alloc_graph,0.322021,0.323904,110034944,15532294144,15642329088,-1,-1
instances/vars_1.8_all/instance_19452v153_1.80r0.cnf,all,19452,35014,-1,-1,-1,0,38886,1182,61,scc,4.33447,4.33504,112132096,15530196992,15642329088,-1,-1
instances/vars_1.8_all/instance_19452v153_1.80r0.cnf,all,19452,35014,-1,-1,-1,0,38886,1182,61,topo_sort,1.24463,1.24384,112132096,15530196992,15642329088,-1,-1
instances/vars_1.8_all/instance_19452v153_1.80r0.cnf,all,19452,35014,-1,-1,-1,0,38886,1182,61,backbone,10.8979,10.9021,112132096,15530196992,15642329088,-1,-1
instances/vars_1.8_all/instance_19452v153_1.80r0.cnf,all,19452,35014,-1,-1,-1,0,38886,1182,61,wcc,0.305908,0.30656,112132096,15530196992,15642329088,-1,-1
instances/vars_1.8_all/instance_19452v153_1.80r0.cnf,all,19452,35014,-1,-1,-1,0,38886,1182,61,wcc_grouped,2.83765,2.83853,112132096,15530196992,15642329088,-1,-1
instances/vars_1.8_all/instance_19452v153_1.80r0.cnf,all,19452,35014,-1,-1,-1,0,38886,1182,61,heuristic1,439.458,439.464,114229248,15528099840,15642329088,4684,5273
instances/vars_1.8_all/instance_19452v153_1.80r0.cnf,all,19452,35014,-1,-1,-1,0,38886,1182,61,heuristic2,350.837,350.841,114229248,15528099840,15642329088,3932,4521
instances/vars_1.8_all/instance_19452v153_1.80r0.cnf,all,19452,35014,-1,-1,-1,0,38886,1182,61,heuristic3,442.385,442.391,114229248,15528099840,15642329088,4055,4644
instances/vars_1.8_all/instance_19452v153_1.80r0.cnf,all,19452,35014,-1,-1,-1,0,38886,1182,61,heuristic4,110552,110553,114229248,15528099840,15642329088,3664,4253
instances/vars_1.8_all/instance_19452v153_1.80r0.cnf,all,19452,35014,-1,-1,-1,0,38886,1182,61,cleanup_device,0.0712891,0.068448,112132096,15530196992,15642329088,-1,-1
instances/vars_1.8_all/instance_19452v153_1.80r0.cnf,all,19452,35014,-1,-1,-1,0,38886,1182,61,total,111816,-1,112132096,15530196992,15642329088,-1,-1
instances/vars_1.8_all/instance_19572v154_1.80r0.cnf,all,19572,35230,-1,-1,-1,0,39140,1178,71,read_instance,9.5542,-1,107937792,15534391296,15642329088,-1,-1
instances/vars_1.8_all/instance_19572v154_1.80r0.cnf,all,19572,35230,-1,-1,-1,0,39140,1178,71,alloc_graph,0.281738,0.287488,110034944,15532294144,15642329088,-1,-1
instances/vars_1.8_all/instance_19572v154_1.80r0.cnf,all,19572,35230,-1,-1,-1,0,39140,1178,71,scc,4.3103,4.31088,112132096,15530196992,15642329088,-1,-1
instances/vars_1.8_all/instance_19572v154_1.80r0.cnf,all,19572,35230,-1,-1,-1,0,39140,1178,71,topo_sort,1.39233,1.39181,112132096,15530196992,15642329088,-1,-1
instances/vars_1.8_all/instance_19572v154_1.80r0.cnf,all,19572,35230,-1,-1,-1,0,39140,1178,71,backbone,11.093,11.1002,112132096,15530196992,15642329088,-1,-1
instances/vars_1.8_all/instance_19572v154_1.80r0.cnf,all,19572,35230,-1,-1,-1,0,39140,1178,71,wcc,0.280518,0.28032,112132096,15530196992,15642329088,-1,-1
instances/vars_1.8_all/instance_19572v154_1.80r0.cnf,all,19572,35230,-1,-1,-1,0,39140,1178,71,wcc_grouped,2.84399,2.8449,112132096,15530196992,15642329088,-1,-1
instances/vars_1.8_all/instance_19572v154_1.80r0.cnf,all,19572,35230,-1,-1,-1,0,39140,1178,71,heuristic1,442.213,442.219,114229248,15528099840,15642329088,4685,5274
instances/vars_1.8_all/instance_19572v154_1.80r0.cnf,all,19572,35230,-1,-1,-1,0,39140,1178,71,heuristic2,359.85,359.854,114229248,15528099840,15642329088,3991,4578
instances/vars_1.8_all/instance_19572v154_1.80r0.cnf,all,19572,35230,-1,-1,-1,0,39140,1178,71,heuristic3,436.092,436.098,114229248,15528099840,15642329088,4052,4639
instances/vars_1.8_all/instance_19572v154_1.80r0.cnf,all,19572,35230,-1,-1,-1,0,39140,1178,71,heuristic4,109530,109532,114229248,15528099840,15642329088,3586,4173
instances/vars_1.8_all/instance_19572v154_1.80r0.cnf,all,19572,35230,-1,-1,-1,0,39140,1178,71,cleanup_device,0.065918,0.060096,112132096,15530196992,15642329088,-1,-1
instances/vars_1.8_all/instance_19572v154_1.80r0.cnf,all,19572,35230,-1,-1,-1,0,39140,1178,71,total,110801,-1,112132096,15530196992,15642329088,-1,-1
instances/vars_1.8_all/instance_1964v8_1.80r0.cnf,all,1964,3535,-1,-1,-1,0,3900,148,33,read_instance,1.1062,-1,107937792,15534391296,15642329088,-1,-1
instances/vars_1.8_all/instance_1964v8_1.80r0.cnf,all,1964,3535,-1,-1,-1,0,3900,148,33,alloc_graph,0.216553,0.192512,110034944,15532294144,15642329088,-1,-1
instances/vars_1.8_all/instance_1964v8_1.80r0.cnf,all,1964,3535,-1,-1,-1,0,3900,148,33,scc,4.55151,4.55248,112132096,15530196992,15642329088,-1,-1
instances/vars_1.8_all/instance_1964v8_1.80r0.cnf,all,1964,3535,-1,-1,-1,0,3900,148,33,topo_sort,0.716309,0.716448,112132096,15530196992,15642329088,-1,-1
instances/vars_1.8_all/instance_1964v8_1.80r0.cnf,all,1964,3535,-1,-1,-1,0,3900,148,33,backbone,5.57056,5.57664,112132096,15530196992,15642329088,-1,-1
instances/vars_1.8_all/instance_1964v8_1.80r0.cnf,all,1964,3535,-1,-1,-1,0,3900,148,33,wcc,0.207031,0.206848,112132096,15530196992,15642329088,-1,-1
instances/vars_1.8_all/instance_1964v8_1.80r0.cnf,all,1964,3535,-1,-1,-1,0,3900,148,33,wcc_grouped,0.393311,0.393216,112132096,15530196992,15642329088,-1,-1
instances/vars_1.8_all/instance_1964v8_1.80r0.cnf,all,1964,3535,-1,-1,-1,0,3900,148,33,heuristic1,42.1516,42.1516,112132096,15530196992,15642329088,470,542
instances/vars_1.8_all/instance_1964v8_1.80r0.cnf,all,1964,3535,-1,-1,-1,0,3900,148,33,heuristic2,33.8821,33.8814,112132096,15530196992,15642329088,409,481
instances/vars_1.8_all/instance_1964v8_1.80r0.cnf,all,1964,3535,-1,-1,-1,0,3900,148,33,heuristic3,39.2991,39.2989,112132096,15530196992,15642329088,397,469
instances/vars_1.8_all/instance_1964v8_1.80r0.cnf,all,1964,3535,-1,-1,-1,0,3900,148,33,heuristic4,4078.08,4078.13,112132096,15530196992,15642329088,370,442
instances/vars_1.8_all/instance_1964v8_1.80r0.cnf,all,1964,3535,-1,-1,-1,0,3900,148,33,cleanup_device,0.0439453,0.043744,112132096,15530196992,15642329088,-1,-1
instances/vars_1.8_all/instance_1964v8_1.80r0.cnf,all,1964,3535,-1,-1,-1,0,3900,148,33,total,4207,-1,112132096,15530196992,15642329088,-1,-1
instances/vars_1.8_all/instance_19693v155_1.80r0.cnf,all,19693,35447,-1,-1,-1,0,39386,1274,80,read_instance,9.62207,-1,107937792,15534391296,15642329088,-1,-1
instances/vars_1.8_all/instance_19693v155_1.80r0.cnf,all,19693,35447,-1,-1,-1,0,39386,1274,80,alloc_graph,0.28418,0.295904,110034944,15532294144,15642329088,-1,-1
instances/vars_1.8_all/instance_19693v155_1.80r0.cnf,all,19693,35447,-1,-1,-1,0,39386,1274,80,scc,4.30542,4.30582,112132096,15530196992,15642329088,-1,-1
instances/vars_1.8_all/instance_19693v155_1.80r0.cnf,all,19693,35447,-1,-1,-1,0,39386,1274,80,topo_sort,1.54395,1.54365,112132096,15530196992,15642329088,-1,-1
instances/vars_1.8_all/instance_19693v155_1.80r0.cnf,all,19693,35447,-1,-1,-1,0,39386,1274,80,backbone,11.0876,11.094,112132096,15530196992,15642329088,-1,-1
instances/vars_1.8_all/instance_19693v155_1.80r0.cnf,all,19693,35447,-1,-1,-1,0,39386,1274,80,wcc,0.280029,0.279264,112132096,15530196992,15642329088,-1,-1
instances/vars_1.8_all/instance_19693v155_1.80r0.cnf,all,19693,35447,-1,-1,-1,0,39386,1274,80,wcc_grouped,2.84253,2.84422,112132096,15530196992,15642329088,-1,-1
instances/vars_1.8_all/instance_19693v155_1.80r0.cnf,all,19693,35447,-1,-1,-1,0,39386,1274,80,heuristic1,444.154,444.16,114229248,15528099840,15642329088,4713,5349
instances/vars_1.8_all/instance_19693v155_1.80r0.cnf,all,19693,35447,-1,-1,-1,0,39386,1274,80,heuristic2,360.356,360.361,114229248,15528099840,15642329088,3999,4635
instances/vars_1.8_all/instance_19693v155_1.80r0.cnf,all,19693,35447,-1,-1,-1,0,39386,1274,80,heuristic3,447.136,447.142,114229248,15528099840,15642329088,4025,4661
instances/vars_1.8_all/instance_19693v155_1.80r0.cnf,all,19693,35447,-1,-1,-1,0,39386,1274,80,heuristic4,113497,113499,114229248,15528099840,15642329088,3666,4302
instances/vars_1.8_all/instance_19693v155_1.80r0.cnf,all,19693,35447,-1,-1,-1,0,39386,1274,80,cleanup_device,0.0751953,0.071712,112132096,15530196992,15642329088,-1,-1
instances/vars_1.8_all/instance_19693v155_1.80r0.cnf,all,19693,35447,-1,-1,-1,0,39386,1274,80,total,114782,-1,112132096,15530196992,15642329088,-1,-1
instances/vars_1.8_all/instance_19814v156_1.80r0.cnf,all,19814,35665,-1,-1,-1,0,39616,1206,89,read_instance,11.2378,-1,107937792,15534391296,15642329088,-1,-1
instances/vars_1.8_all/instance_19814v156_1.80r0.cnf,all,19814,35665,-1,-1,-1,0,39616,1206,89,alloc_graph,0.298828,0.301952,110034944,15532294144,15642329088,-1,-1
instances/vars_1.8_all/instance_19814v156_1.80r0.cnf,all,19814,35665,-1,-1,-1,0,39616,1206,89,scc,5.29761,5.29872,112132096,15530196992,15642329088,-1,-1
instances/vars_1.8_all/instance_19814v156_1.80r0.cnf,all,19814,35665,-1,-1,-1,0,39616,1206,89,topo_sort,1.91309,1.9065,112132096,15530196992,15642329088,-1,-1
instances/vars_1.8_all/instance_19814v156_1.80r0.cnf,all,19814,35665,-1,-1,-1,0,39616,1206,89,backbone,11.8635,11.869,112132096,15530196992,15642329088,-1,-1
instances/vars_1.8_all/instance_19814v156_1.80r0.cnf,all,19814,35665,-1,-1,-1,0,39616,1206,89,wcc,0.28418,0.283328,112132096,15530196992,15642329088,-1,-1
instances/vars_1.8_all/instance_19814v156_1.80r0.cnf,all,19814,35665,-1,-1,-1,0,39616,1206,89,wcc_grouped,2.85474,2.85622,112132096,15530196992,15642329088,-1,-1
instances/vars_1.8_all/instance_19814v156_1.80r0.cnf,all,19814,35665,-1,-1,-1,0,39616,1206,89,heuristic1,434.806,434.81,114229248,15528099840,15642329088,4705,5306
instances/vars_1.8_all/instance_19814v156_1.80r0.cnf,all,19814,35665,-1,-1,-1,0,39616,1206,89,heuristic2,359.405,359.409,114229248,15528099840,15642329088,4021,4622
instances/vars_1.8_all/instance_19814v156_1.80r0.cnf,all,19814,35665,-1,-1,-1,0,39616,1206,89,heuristic3,430.622,430.628,114229248,15528099840,15642329088,4095,4696
instances/vars_1.8_all/instance_19814v156_1.80r0.cnf,all,19814,35665,-1,-1,-1,0,39616,1206,89,heuristic4,112459,112461,114229248,15528099840,15642329088,3639,4240
instances/vars_1.8_all/instance_19814v156_1.80r0.cnf,all,19814,35665,-1,-1,-1,0,39616,1206,89,cleanup_device,0.057373,0.054144,112132096,15530196992,15642329088,-1,-1
instances/vars_1.8_all/instance_19814v156_1.80r0.cnf,all,19814,35665,-1,-1,-1,0,39616,1206,89,total,113721,-1,112132096,15530196992,15642329088,-1,-1
instances/vars_1.8_all/instance_19934v157_1.80r0.cnf,all,19934,35881,-1,-1,-1,0,39820,1298,85,read_instance,10.0754,-1,107937792,15534391296,15642329088,-1,-1
instances/vars_1.8_all/instance_19934v157_1.80r0.cnf,all,19934,35881,-1,-1,-1,0,39820,1298,85,alloc_graph,0.272217,0.277312,110034944,15532294144,15642329088,-1,-1
instances/vars_1.8_all/instance_19934v157_1.80r0.cnf,all,19934,35881,-1,-1,-1,0,39820,1298,85,scc,4.49561,4.49667,112132096,15530196992,15642329088,-1,-1
instances/vars_1.8_all/instance_19934v157_1.80r0.cnf,all,19934,35881,-1,-1,-1,0,39820,1298,85,topo_sort,1.67798,1.6776,112132096,15530196992,15642329088,-1,-1
instances/vars_1.8_all/instance_19934v157_1.80r0.cnf,all,19934,35881,-1,-1,-1,0,39820,1298,85,backbone,11.5442,11.5514,112132096,15530196992,15642329088,-1,-1
instances/vars_1.8_all/instance_19934v157_1.80r0.cnf,all,19934,35881,-1,-1,-1,0,39820,1298,85,wcc,0.33252,0.33376,112132096,15530196992,15642329088,-1,-1
instances/vars_1.8_all/instance_19934v157_1.80r0.cnf,all,19934,35881,-1,-1,-1,0,39820,1298,85,wcc_grouped,2.8042,2.80576,112132096,15530196992,15642329088,-1,-1
instances/vars_1.8_all/instance_19934v157_1.80r0.cnf,all,19934,35881,-1,-1,-1,0,39820,1298,85,heuristic1,443.759,443.765,114229248,15528099840,15642329088,4770,5417
instances/vars_1.8_all/instance_19934v157_1.80r0.cnf,all,19934,35881,-1,-1,-1,0,39820,1298,85,heuristic2,359.62,359.624,114229248,15528099840,15642329088,4086,4734
instances/vars_1.8_all/instance_19934v157_1.80r0.cnf,all,19934,35881,-1,-1,-1,0,39820,1298,85,heuristic3,434.846,434.852,114229248,15528099840,15642329088,4086,4733
instances/vars_1.8_all/instance_19934v157_1.80r0.cnf,all,19934,35881,-1,-1,-1,0,39820,1298,85,heuristic4,119570,119571,114229248,15528099840,15642329088,3768,4415
instances/vars_1.8_all/instance_19934v157_1.80r0.cnf,all,19934,35881,-1,-1,-1,0,39820,1298,85,cleanup_device,0.059082,0.055776,112132096,15530196992,15642329088,-1,-1
instances/vars_1.8_all/instance_19934v157_1.80r0.cnf,all,19934,35881,-1,-1,-1,0,39820,1298,85,total,120842,-1,112132096,15530196992,15642329088,-1,-1
instances/vars_1.8_all/instance_20055v158_1.80r0.cnf,all,20055,36099,-1,-1,-1,0,40106,1196,66,read_instance,9.97144,-1,107937792,15534391296,15642329088,-1,-1
instances/vars_1.8_all/instance_20055v158_1.80r0.cnf,all,20055,36099,-1,-1,-1,0,40106,1196,66,alloc_graph,0.287598,0.289728,110034944,15532294144,15642329088,-1,-1
instances/vars_1.8_all/instance_20055v158_1.80r0.cnf,all,20055,36099,-1,-1,-1,0,40106,1196,66,scc,4.51538,4.51603,112132096,15530196992,15642329088,-1,-1
instances/vars_1.8_all/instance_20055v158_1.80r0.cnf,all,20055,36099,-1,-1,-1,0,40106,1196,66,topo_sort,1.33984,1.33798,112132096,15530196992,15642329088,-1,-1
instances/vars_1.8_all/instance_20055v158_1.80r0.cnf,all,20055,36099,-1,-1,-1,0,40106,1196,66,backbone,11.1067,11.115,112132096,15530196992,15642329088,-1,-1
instances/vars_1.8_all/instance_20055v158_1.80r0.cnf,all,20055,36099,-1,-1,-1,0,40106,1196,66,wcc,0.273438,0.272608,112132096,15530196992,15642329088,-1,-1
instances/vars_1.8_all/instance_20055v158_1.80r0.cnf,all,20055,36099,-1,-1,-1,0,40106,1196,66,wcc_grouped,2.86084,2.8631,112132096,15530196992,15642329088,-1,-1
instances/vars_1.8_all/instance_20055v158_1.80r0.cnf,all,20055,36099,-1,-1,-1,0,40106,1196,66,heuristic1,451.929,451.935,114229248,15528099840,15642329088,4797,5393
instances/vars_1.8_all/instance_20055v158_1.80r0.cnf,all,20055,36099,-1,-1,-1,0,40106,1196,66,heuristic2,369.747,369.751,114229248,15528099840,15642329088,4088,4684
instances/vars_1.8_all/instance_20055v158_1.80r0.cnf,all,20055,36099,-1,-1,-1,0,40106,1196,66,heuristic3,450.893,450.9,114229248,15528099840,15642329088,4204,4800
instances/vars_1.8_all/instance_20055v158_1.80r0.cnf,all,20055,36099,-1,-1,-1,0,40106,1196,66,heuristic4,119425,119427,114229248,15528099840,15642329088,3718,4314
instances/vars_1.8_all/instance_20055v158_1.80r0.cnf,all,20055,36099,-1,-1,-1,0,40106,1196,66,cleanup_device,0.057373,0.054368,112132096,15530196992,15642329088,-1,-1
instances/vars_1.8_all/instance_20055v158_1.80r0.cnf,all,20055,36099,-1,-1,-1,0,40106,1196,66,total,120731,-1,112132096,15530196992,15642329088,-1,-1
instances/vars_1.8_all/instance_20175v159_1.80r0.cnf,all,20175,36315,-1,-1,-1,0,40342,1238,68,read_instance,9.93579,-1,107937792,15534391296,15642329088,-1,-1
instances/vars_1.8_all/instance_20175v159_1.80r0.cnf,all,20175,36315,-1,-1,-1,0,40342,1238,68,alloc_graph,0.297363,0.307744,110034944,15532294144,15642329088,-1,-1
instances/vars_1.8_all/instance_20175v159_1.80r0.cnf,all,20175,36315,-1,-1,-1,0,40342,1238,68,scc,4.2688,4.2697,112132096,15530196992,15642329088,-1,-1
instances/vars_1.8_all/instance_20175v159_1.80r0.cnf,all,20175,36315,-1,-1,-1,0,40342,1238,68,topo_sort,1.34058,1.34003,112132096,15530196992,15642329088,-1,-1
instances/vars_1.8_all/instance_20175v159_1.80r0.cnf,all,20175,36315,-1,-1,-1,0,40342,1238,68,backbone,11.2031,11.2091,112132096,15530196992,15642329088,-1,-1
instances/vars_1.8_all/instance_20175v159_1.80r0.cnf,all,20175,36315,-1,-1,-1,0,40342,1238,68,wcc,0.263428,0.263712,112132096,15530196992,15642329088,-1,-1
instances/vars_1.8_all/instance_20175v159_1.80r0.cnf,all,20175,36315,-1,-1,-1,0,40342,1238,68,wcc_grouped,2.87793,2.87792,112132096,15530196992,15642329088,-1,-1
instances/vars_1.8_all/instance_20175v159_1.80r0.cnf,all,20175,36315,-1,-1,-1,0,40342,1238,68,heuristic1,432.822,432.828,114229248,15528099840,15642329088,4737,5355
instances/vars_1.8_all/instance_20175v159_1.80r0.cnf,all,20175,36315,-1,-1,-1,0,40342,1238,68,heuristic2,365.963,365.969,114229248,15528099840,15642329088,4080,4697
instances/vars_1.8_all/instance_20175v159_1.80r0.cnf,all,20175,36315,-1,-1,-1,0,40342,1238,68,heuristic3,442.2,442.206,114229248,15528099840,15642329088,4155,4772
instances/vars_1.8_all/instance_20175v159_1.80r0.cnf,all,20175,36315,-1,-1,-1,0,40342,1238,68,heuristic4,122808,122810,114229248,15528099840,15642329088,3787,4404
instances/vars_1.8_all/instance_20175v159_1.80r0.cnf,all,20175,36315,-1,-1,-1,0,40342,1238,68,cleanup_device,0.0544434,0.051552,112132096,15530196992,15642329088,-1,-1
instances/vars_1.8_all/instance_20175v159_1.80r0.cnf,all,20175,36315,-1,-1,-1,0,40342,1238,68,total,124082,-1,112132096,15530196992,15642329088,-1,-1
instances/vars_1.8_all/instance_20296v160_1.80r0.cnf,all,20296,36533,-1,-1,-1,0,40574,1218,75,read_instance,10.728,-1,107937792,15534391296,15642329088,-1,-1
instances/vars_1.8_all/instance_20296v160_1.80r0.cnf,all,20296,36533,-1,-1,-1,0,40574,1218,75,alloc_graph,0.299561,0.308512,110034944,15532294144,15642329088,-1,-1
instances/vars_1.8_all/instance_20296v160_1.80r0.cnf,all,20296,36533,-1,-1,-1,0,40574,1218,75,scc,4.80957,4.81082,112132096,15530196992,15642329088,-1,-1
instances/vars_1.8_all/instance_20296v160_1.80r0.cnf,all,20296,36533,-1,-1,-1,0,40574,1218,75,topo_sort,1.50439,1.50282,112132096,15530196992,15642329088,-1,-1
instances/vars_1.8_all/instance_20296v160_1.80r0.cnf,all,20296,36533,-1,-1,-1,0,40574,1218,75,backbone,11.9561,11.9645,112132096,15530196992,15642329088,-1,-1
instances/vars_1.8_all/instance_20296v160_1.80r0.cnf,all,20296,36533,-1,-1,-1,0,40574,1218,75,wcc,0.305176,0.305152,112132096,15530196992,15642329088,-1,-1
instances/vars_1.8_all/instance_20296v160_1.80r0.cnf,all,20296,36533,-1,-1,-1,0,40574,1218,75,wcc_grouped,2.83984,2.84118,112132096,15530196992,15642329088,-1,-1
instances/vars_1.8_all/instance_20296v160_1.80r0.cnf,all,20296,36533,-1,-1,-1,0,40574,1218,75,heuristic1,448.868,448.874,114229248,15528099840,15642329088,4814,5422
instances/vars_1.8_all/instance_20296v160_1.80r0.cnf,all,20296,36533,-1,-1,-1,0,40574,1218,75,heuristic2,363.148,363.153,114229248,15528099840,15642329088,4083,4691
instances/vars_1.8_all/instance_20296v160_1.80r0.cnf,all,20296,36533,-1,-1,-1,0,40574,1218,75,heuristic3,438.214,438.221,114229248,15528099840,15642329088,4137,4745
instances/vars_1.8_all/instance_20296v160_1.80r0.cnf,all,20296,36533,-1,-1,-1,0,40574,1218,75,heuristic4,123087,123089,114229248,15528099840,15642329088,3739,4347
instances/vars_1.8_all/instance_20296v160_1.80r0.cnf,all,20296,36533,-1,-1,-1,0,40574,1218,75,cleanup_device,0.0546875,0.051776,112132096,15530196992,15642329088,-1,-1
instances/vars_1.8_all/instance_20296v160_1.80r0.cnf,all,20296,36533,-1,-1,-1,0,40574,1218,75,total,124373,-1,112132096,15530196992,15642329088,-1,-1
instances/vars_1.8_all/instance_20417v161_1.80r0.cnf,all,20417,36751,-1,-1,-1,0,40834,1278,69,read_instance,10.9709,-1,107937792,15534391296,15642329088,-1,-1
instances/vars_1.8_all/instance_20417v161_1.80r0.cnf,all,20417,36751,-1,-1,-1,0,40834,1278,69,alloc_graph,0.299316,0.306656,110034944,15532294144,15642329088,-1,-1
instances/vars_1.8_all/instance_20417v161_1.80r0.cnf,all,20417,36751,-1,-1,-1,0,40834,1278,69,scc,4.72803,4.72941,112132096,15530196992,15642329088,-1,-1
instances/vars_1.8_all/instance_20417v161_1.80r0.cnf,all,20417,36751,-1,-1,-1,0,40834,1278,69,topo_sort,1.40088,1.40045,112132096,15530196992,15642329088,-1,-1
instances/vars_1.8_all/instance_20417v161_1.80r0.cnf,all,20417,36751,-1,-1,-1,0,40834,1278,69,backbone,11.9512,11.9581,112132096,15530196992,15642329088,-1,-1
instances/vars_1.8_all/instance_20417v161_1.80r0.cnf,all,20417,36751,-1,-1,-1,0,40834,1278,69,wcc,0.2771,0.277024,112132096,15530196992,15642329088,-1,-1
instances/vars_1.8_all/instance_20417v161_1.80r0.cnf,all,20417,36751,-1,-1,-1,0,40834,1278,69,wcc_grouped,2.87402,2.87738,112132096,15530196992,15642329088,-1,-1
instances/vars_1.8_all/instance_20417v161_1.80r0.cnf,all,20417,36751,-1,-1,-1,0,40834,1278,69,heuristic1,468.937,468.943,114229248,15528099840,15642329088,4905,5542
instances/vars_1.8_all/instance_20417v161_1.80r0.cnf,all,20417,36751,-1,-1,-1,0,40834,1278,69,heuristic2,376.108,376.113,114229248,15528099840,15642329088,4118,4755
instances/vars_1.8_all/instance_20417v161_1.80r0.cnf,all,20417,36751,-1,-1,-1,0,40834,1278,69,heuristic3,462.466,462.472,114229248,15528099840,15642329088,4294,4931
instances/vars_1.8_all/instance_20417v161_1.80r0.cnf,all,20417,36751,-1,-1,-1,0,40834,1278,69,heuristic4,129446,129448,114229248,15528099840,15642329088,3895,4532
instances/vars_1.8_all/instance_20417v161_1.80r0.cnf,all,20417,36751,-1,-1,-1,0,40834,1278,69,cleanup_device,0.0527344,0.048704,112132096,15530196992,15642329088,-1,-1
instances/vars_1.8_all/instance_20417v161_1.80r0.cnf,all,20417,36751,-1,-1,-1,0,40834,1278,69,total,130789,-1,112132096,15530196992,15642329088,-1,-1
instances/vars_1.8_all/instance_20537v162_1.80r0.cnf,all,20537,36967,-1,-1,-1,0,41050,1280,77,read_instance,10.6899,-1,107937792,15534391296,15642329088,-1,-1
instances/vars_1.8_all/instance_20537v162_1.80r0.cnf,all,20537,36967,-1,-1,-1,0,41050,1280,77,alloc_graph,0.299561,0.304096,110034944,15532294144,15642329088,-1,-1
instances/vars_1.8_all/instance_20537v162_1.80r0.cnf,all,20537,36967,-1,-1,-1,0,41050,1280,77,scc,4.56421,4.56582,112132096,15530196992,15642329088,-1,-1
instances/vars_1.8_all/instance_20537v162_1.80r0.cnf,all,20537,36967,-1,-1,-1,0,41050,1280,77,topo_sort,1.53613,1.53542,112132096,15530196992,15642329088,-1,-1
instances/vars_1.8_all/instance_20537v162_1.80r0.cnf,all,20537,36967,-1,-1,-1,0,41050,1280,77,backbone,12.0527,12.0594,112132096,15530196992,15642329088,-1,-1
instances/vars_1.8_all/instance_20537v162_1.80r0.cnf,all,20537,36967,-1,-1,-1,0,41050,1280,77,wcc,0.287109,0.28672,112132096,15530196992,15642329088,-1,-1
instances/vars_1.8_all/instance_20537v162_1.80r0.cnf,all,20537,36967,-1,-1,-1,0,41050,1280,77,wcc_grouped,2.84668,2.84736,112132096,15530196992,15642329088,-1,-1
instances/vars_1.8_all/instance_20537v162_1.80r0.cnf,all,20537,36967,-1,-1,-1,0,41050,1280,77,heuristic1,455.217,455.223,114229248,15528099840,15642329088,4919,5558
instances/vars_1.8_all/instance_20537v162_1.80r0.cnf,all,20537,36967,-1,-1,-1,0,41050,1280,77,heuristic2,359.802,359.806,114229248,15528099840,15642329088,4209,4848
instances/vars_1.8_all/instance_20537v162_1.80r0.cnf,all,20537,36967,-1,-1,-1,0,41050,1280,77,heuristic3,448.445,448.451,114229248,15528099840,15642329088,4250,4889
instances/vars_1.8_all/instance_20537v162_1.80r0.cnf,all,20537,36967,-1,-1,-1,0,41050,1280,77,heuristic4,127046,127048,114229248,15528099840,15642329088,3776,4415
instances/vars_1.8_all/instance_20537v162_1.80r0.cnf,all,20537,36967,-1,-1,-1,0,41050,1280,77,cleanup_device,0.0549316,0.051808,112132096,15530196992,15642329088,-1,-1
instances/vars_1.8_all/instance_20537v162_1.80r0.cnf,all,20537,36967,-1,-1,-1,0,41050,1280,77,total,128345,-1,112132096,15530196992,15642329088,-1,-1
instances/vars_1.8_all/instance_20658v163_1.80r0.cnf,all,20658,37184,-1,-1,-1,0,41298,1290,63,read_instance,10.8098,-1,107937792,15534391296,15642329088,-1,-1
instances/vars_1.8_all/instance_20658v163_1.80r0.cnf,all,20658,37184,-1,-1,-1,0,41298,1290,63,alloc_graph,0.294189,0.300608,110034944,15532294144,15642329088,-1,-1
instances/vars_1.8_all/instance_20658v163_1.80r0.cnf,all,20658,37184,-1,-1,-1,0,41298,1290,63,scc,4.77295,4.77402,112132096,15530196992,15642329088,-1,-1
instances/vars_1.8_all/instance_20658v163_1.80r0.cnf,all,20658,37184,-1,-1,-1,0,41298,1290,63,topo_sort,1.30371,1.30317,112132096,15530196992,15642329088,-1,-1
instances/vars_1.8_all/instance_20658v163_1.80r0.cnf,all,20658,37184,-1,-1,-1,0,41298,1290,63,backbone,11.8333,11.8396,112132096,15530196992,15642329088,-1,-1
instances/vars_1.8_all/instance_20658v163_1.80r0.cnf,all,20658,37184,-1,-1,-1,0,41298,1290,63,wcc,0.292236,0.292064,112132096,15530196992,15642329088,-1,-1
instances/vars_1.8_all/instance_20658v163_1.80r0.cnf,all,20658,37184,-1,-1,-1,0,41298,1290,63,wcc_grouped,2.84204,2.84467,112132096,15530196992,15642329088,-1,-1
instances/vars_1.8_all/instance_20658v163_1.80r0.cnf,all,20658,37184,-1,-1,-1,0,41298,1290,63,heuristic1,470.774,470.798,114229248,15528099840,15642329088,4926,5571
instances/vars_1.8_all/instance_20658v163_1.80r0.cnf,all,20658,37184,-1,-1,-1,0,41298,1290,63,heuristic2,378.908,378.913,114229248,15528099840,15642329088,4248,4891
instances/vars_1.8_all/instance_20658v163_1.80r0.cnf,all,20658,37184,-1,-1,-1,0,41298,1290,63,heuristic3,457.149,457.156,114229248,15528099840,15642329088,4241,4884
instances/vars_1.8_all/instance_20658v163_1.80r0.cnf,all,20658,37184,-1,-1,-1,0,41298,1290,63,heuristic4,129648,129649,114229248,15528099840,15642329088,3833,4476
instances/vars_1.8_all/instance_20658v163_1.80r0.cnf,all,20658,37184,-1,-1,-1,0,41298,1290,63,cleanup_device,0.0529785,0.049824,112132096,15530196992,15642329088,-1,-1
instances/vars_1.8_all/instance_20658v163_1.80r0.cnf,all,20658,37184,-1,-1,-1,0,41298,1290,63,total,130989,-1,112132096,15530196992,15642329088,-1,-1
instances/vars_1.8_all/instance_20778v164_1.80r0.cnf,all,20778,37400,-1,-1,-1,0,41540,1176,56,read_instance,10.1865,-1,107937792,15534391296,15642329088,-1,-1
instances/vars_1.8_all/instance_20778v164_1.80r0.cnf,all,20778,37400,-1,-1,-1,0,41540,1176,56,alloc_graph,0.292236,0.286624,110034944,15532294144,15642329088,-1,-1
instances/vars_1.8_all/instance_20778v164_1.80r0.cnf,all,20778,37400,-1,-1,-1,0,41540,1176,56,scc,4.24341,4.24429,112132096,15530196992,15642329088,-1,-1
instances/vars_1.8_all/instance_20778v164_1.80r0.cnf,all,20778,37400,-1,-1,-1,0,41540,1176,56,topo_sort,1.09863,1.0976,112132096,15530196992,15642329088,-1,-1
instances/vars_1.8_all/instance_20778v164_1.80r0.cnf,all,20778,37400,-1,-1,-1,0,41540,1176,56,backbone,12.0884,12.0977,112132096,15530196992,15642329088,-1,-1
instances/vars_1.8_all/instance_20778v164_1.80r0.cnf,all,20778,37400,-1,-1,-1,0,41540,1176,56,wcc,0.306152,0.305344,112132096,15530196992,15642329088,-1,-1
instances/vars_1.8_all/instance_20778v164_1.80r0.cnf,all,20778,37400,-1,-1,-1,0,41540,1176,56,wcc_grouped,2.80981,2.81174,112132096,15530196992,15642329088,-1,-1
instances/vars_1.8_all/instance_20778v164_1.80r0.cnf,all,20778,37400,-1,-1,-1,0,41540,1176,56,heuristic1,471.773,471.78,114229248,15528099840,15642329088,5041,5630
instances/vars_1.8_all/instance_20778v164_1.80r0.cnf,all,20778,37400,-1,-1,-1,0,41540,1176,56,heuristic2,383.448,383.452,114229248,15528099840,15642329088,4277,4866
instances/vars_1.8_all/instance_20778v164_1.80r0.cnf,all,20778,37400,-1,-1,-1,0,41540,1176,56,heuristic3,469.246,469.253,114229248,15528099840,15642329088,4395,4981
instances/vars_1.8_all/instance_20778v164_1.80r0.cnf,all,20778,37400,-1,-1,-1,0,41540,1176,56,heuristic4,134386,134388,114229248,15528099840,15642329088,3940,4526
instances/vars_1.8_all/instance_20778v164_1.80r0.cnf,all,20778,37400,-1,-1,-1,0,41540,1176,56,cleanup_device,0.060791,0.056832,112132096,15530196992,15642329088,-1,-1
instances/vars_1.8_all/instance_20778v164_1.80r0.cnf,all,20778,37400,-1,-1,-1,0,41540,1176,56,total,135744,-1,112132096,15530196992,15642329088,-1,-1
instances/vars_1.8_all/instance_2085v9_1.80r0.cnf,all,2085,3753,-1,-1,-1,0,4158,160,50,read_instance,1.01587,-1,107937792,15534391296,15642329088,-1,-1
instances/vars_1.8_all/instance_2085v9_1.80r0.cnf,all,2085,3753,-1,-1,-1,0,4158,160,50,alloc_graph,0.177246,0.16384,110034944,15532294144,15642329088,-1,-1
instances/vars_1.8_all/instance_2085v9_1.80r0.cnf,all,2085,3753,-1,-1,-1,0,4158,160,50,scc,4.39062,4.39152,112132096,15530196992,15642329088,-1,-1
instances/vars_1.8_all/instance_2085v9_1.80r0.cnf,all,2085,3753,-1,-1,-1,0,4158,160,50,topo_sort,1.02319,1.02205,112132096,15530196992,15642329088,-1,-1
instances/vars_1.8_all/instance_2085v9_1.80r0.cnf,all,2085,3753,-1,-1,-1,0,4158,160,50,backbone,5.09375,5.09824,112132096,15530196992,15642329088,-1,-1
instances/vars_1.8_all/instance_2085v9_1.80r0.cnf,all,2085,3753,-1,-1,-1,0,4158,160,50,wcc,0.222168,0.222912,112132096,15530196992,15642329088,-1,-1
instances/vars_1.8_all/instance_2085v9_1.80r0.cnf,all,2085,3753,-1,-1,-1,0,4158,160,50,wcc_grouped,0.400146,0.399968,112132096,15530196992,15642329088,-1,-1
instances/vars_1.8_all/instance_2085v9_1.80r0.cnf,all,2085,3753,-1,-1,-1,0,4158,160,50,heuristic1,41.4302,41.431,112132096,15530196992,15642329088,492,570
instances/vars_1.8_all/instance_2085v9_1.80r0.cnf,all,2085,3753,-1,-1,-1,0,4158,160,50,heuristic2,35.1582,35.159,112132096,15530196992,15642329088,426,504
instances/vars_1.8_all/instance_2085v9_1.80r0.cnf,all,2085,3753,-1,-1,-1,0,4158,160,50,heuristic3,41.0298,41.0296,112132096,15530196992,15642329088,416,494
instances/vars_1.8_all/instance_2085v9_1.80r0.cnf,all,2085,3753,-1,-1,-1,0,4158,160,50,heuristic4,4305.02,4305.08,112132096,15530196992,15642329088,390,468
instances/vars_1.8_all/instance_2085v9_1.80r0.cnf,all,2085,3753,-1,-1,-1,0,4158,160,50,cleanup_device,0.0441895,0.044,112132096,15530196992,15642329088,-1,-1
instances/vars_1.8_all/instance_2085v9_1.80r0.cnf,all,2085,3753,-1,-1,-1,0,4158,160,50,total,4435.79,-1,112132096,15530196992,15642329088,-1,-1
instances/vars_1.8_all/instance_20899v165_1.80r0.cnf,all,20899,37618,-1,-1,-1,0,41796,1224,70,read_instance,10.4966,-1,107937792,15534391296,15642329088,-1,-1
instances/vars_1.8_all/instance_20899v165_1.80r0.cnf,all,20899,37618,-1,-1,-1,0,41796,1224,70,alloc_graph,0.288818,0.294592,110034944,15532294144,15642329088,-1,-1
instances/vars_1.8_all/instance_20899v165_1.80r0.cnf,all,20899,37618,-1,-1,-1,0,41796,1224,70,scc,4.71802,4.7185,112132096,15530196992,15642329088,-1,-1
instances/vars_1.8_all/instance_20899v165_1.80r0.cnf,all,20899,37618,-1,-1,-1,0,41796,1224,70,topo_sort,1.48779,1.48694,112132096,15530196992,15642329088,-1,-1
instances/vars_1.8_all/instance_20899v165_1.80r0.cnf,all,20899,37618,-1,-1,-1,0,41796,1224,70,backbone,12.271,12.2779,112132096,15530196992,15642329088,-1,-1
instances/vars_1.8_all/instance_20899v165_1.80r0.cnf,all,20899,37618,-1,-1,-1,0,41796,1224,70,wcc,0.307861,0.308864,112132096,15530196992,15642329088,-1,-1
instances/vars_1.8_all/instance_20899v165_1.80r0.cnf,all,20899,37618,-1,-1,-1,0,41796,1224,70,wcc_grouped,2.82642,2.82717,112132096,15530196992,15642329088,-1,-1
instances/vars_1.8_all/instance_20899v165_1.80r0.cnf,all,20899,37618,-1,-1,-1,0,41796,1224,70,heuristic1,472.28,472.286,114229248,15528099840,15642329088,5041,5651
instances/vars_1.8_all/instance_20899v165_1.80r0.cnf,all,20899,37618,-1,-1,-1,0,41796,1224,70,heuristic2,387.696,387.7,114229248,15528099840,15642329088,4326,4936
instances/vars_1.8_all/instance_20899v165_1.80r0.cnf,all,20899,37618,-1,-1,-1,0,41796,1224,70,heuristic3,471.404,471.41,114229248,15528099840,15642329088,4361,4971
instances/vars_1.8_all/instance_20899v165_1.80r0.cnf,all,20899,37618,-1,-1,-1,0,41796,1224,70,heuristic4,135561,135562,114229248,15528099840,15642329088,3918,4528
instances/vars_1.8_all/instance_20899v165_1.80r0.cnf,all,20899,37618,-1,-1,-1,0,41796,1224,70,cleanup_device,0.0541992,0.0512,112132096,15530196992,15642329088,-1,-1
instances/vars_1.8_all/instance_20899v165_1.80r0.cnf,all,20899,37618,-1,-1,-1,0,41796,1224,70,total,136927,-1,112132096,15530196992,15642329088,-1,-1
instances/vars_1.8_all/instance_21020v166_1.80r0.cnf,all,21020,37836,-1,-1,-1,0,42038,1358,64,read_instance,10.2141,-1,107937792,15534391296,15642329088,-1,-1
instances/vars_1.8_all/instance_21020v166_1.80r0.cnf,all,21020,37836,-1,-1,-1,0,42038,1358,64,alloc_graph,0.293457,0.300352,110034944,15532294144,15642329088,-1,-1
instances/vars_1.8_all/instance_21020v166_1.80r0.cnf,all,21020,37836,-1,-1,-1,0,42038,1358,64,scc,4.39282,4.39402,112132096,15530196992,15642329088,-1,-1
instances/vars_1.8_all/instance_21020v166_1.80r0.cnf,all,21020,37836,-1,-1,-1,0,42038,1358,64,topo_sort,1.26782,1.26736,112132096,15530196992,15642329088,-1,-1
instances/vars_1.8_all/instance_21020v166_1.80r0.cnf,all,21020,37836,-1,-1,-1,0,42038,1358,64,backbone,11.7556,11.7656,112132096,15530196992,15642329088,-1,-1
instances/vars_1.8_all/instance_21020v166_1.80r0.cnf,all,21020,37836,-1,-1,-1,0,42038,1358,64,wcc,0.295654,0.296416,112132096,15530196992,15642329088,-1,-1
instances/vars_1.8_all/instance_21020v166_1.80r0.cnf,all,21020,37836,-1,-1,-1,0,42038,1358,64,wcc_grouped,2.83032,2.83238,112132096,15530196992,15642329088,-1,-1
instances/vars_1.8_all/instance_21020v166_1.80r0.cnf,all,21020,37836,-1,-1,-1,0,42038,1358,64,heuristic1,472.618,472.625,114229248,15528099840,15642329088,5076,5753
instances/vars_1.8_all/instance_21020v166_1.80r0.cnf,all,21020,37836,-1,-1,-1,0,42038,1358,64,heuristic2,385.505,385.51,114229248,15528099840,15642329088,4275,4953
instances/vars_1.8_all/instance_21020v166_1.80r0.cnf,all,21020,37836,-1,-1,-1,0,42038,1358,64,heuristic3,462.837,462.843,114229248,15528099840,15642329088,4347,5024
instances/vars_1.8_all/instance_21020v166_1.80r0.cnf,all,21020,37836,-1,-1,-1,0,42038,1358,64,heuristic4,135170,135172,114229248,15528099840,15642329088,3883,4560
instances/vars_1.8_all/instance_21020v166_1.80r0.cnf,all,21020,37836,-1,-1,-1,0,42038,1358,64,cleanup_device,0.0534668,0.049952,112132096,15530196992,15642329088,-1,-1
instances/vars_1.8_all/instance_21020v166_1.80r0.cnf,all,21020,37836,-1,-1,-1,0,42038,1358,64,total,136525,-1,112132096,15530196992,15642329088,-1,-1
instances/vars_1.8_all/instance_21140v167_1.80r0.cnf,all,21140,38052,-1,-1,-1,0,42280,1266,57,read_instance,10.5579,-1,107937792,15534391296,15642329088,-1,-1
instances/vars_1.8_all/instance_21140v167_1.80r0.cnf,all,21140,38052,-1,-1,-1,0,42280,1266,57,alloc_graph,0.3125,0.31952,110034944,15532294144,15642329088,-1,-1
instances/vars_1.8_all/instance_21140v167_1.80r0.cnf,all,21140,38052,-1,-1,-1,0,42280,1266,57,scc,4.52759,4.52835,112132096,15530196992,15642329088,-1,-1
instances/vars_1.8_all/instance_21140v167_1.80r0.cnf,all,21140,38052,-1,-1,-1,0,42280,1266,57,topo_sort,1.15698,1.15712,112132096,15530196992,15642329088,-1,-1
instances/vars_1.8_all/instance_21140v167_1.80r0.cnf,all,21140,38052,-1,-1,-1,0,42280,1266,57,backbone,11.9236,11.9329,112132096,15530196992,15642329088,-1,-1
instances/vars_1.8_all/instance_21140v167_1.80r0.cnf,all,21140,38052,-1,-1,-1,0,42280,1266,57,wcc,0.311279,0.31008,112132096,15530196992,15642329088,-1,-1
instances/vars_1.8_all/instance_21140v167_1.80r0.cnf,all,21140,38052,-1,-1,-1,0,42280,1266,57,wcc_grouped,2.80469,2.80618,112132096,15530196992,15642329088,-1,-1
instances/vars_1.8_all/instance_21140v167_1.80r0.cnf,all,21140,38052,-1,-1,-1,0,42280,1266,57,heuristic1,475.977,475.983,114229248,15528099840,15642329088,5110,5743
instances/vars_1.8_all/instance_21140v167_1.80r0.cnf,all,21140,38052,-1,-1,-1,0,42280,1266,57,heuristic2,384.46,384.467,114229248,15528099840,15642329088,4334,4966
instances/vars_1.8_all/instance_21140v167_1.80r0.cnf,all,21140,38052,-1,-1,-1,0,42280,1266,57,heuristic3,480.19,480.197,114229248,15528099840,15642329088,4410,5041
instances/vars_1.8_all/instance_21140v167_1.80r0.cnf,all,21140,38052,-1,-1,-1,0,42280,1266,57,heuristic4,138841,138843,114229248,15528099840,15642329088,3947,4578
instances/vars_1.8_all/instance_21140v167_1.80r0.cnf,all,21140,38052,-1,-1,-1,0,42280,1266,57,cleanup_device,0.064209,0.06048,112132096,15530196992,15642329088,-1,-1
instances/vars_1.8_all/instance_21140v167_1.80r0.cnf,all,21140,38052,-1,-1,-1,0,42280,1266,57,total,140217,-1,112132096,15530196992,15642329088,-1,-1
instances/vars_1.8_all/instance_21261v168_1.80r0.cnf,all,21261,38270,-1,-1,-1,0,42516,1292,77,read_instance,10.9648,-1,107937792,15534391296,15642329088,-1,-1
instances/vars_1.8_all/instance_21261v168_1.80r0.cnf,all,21261,38270,-1,-1,-1,0,42516,1292,77,alloc_graph,0.324219,0.325856,110034944,15532294144,15642329088,-1,-1
instances/vars_1.8_all/instance_21261v168_1.80r0.cnf,all,21261,38270,-1,-1,-1,0,42516,1292,77,scc,4.65991,4.65974,112132096,15530196992,15642329088,-1,-1
instances/vars_1.8_all/instance_21261v168_1.80r0.cnf,all,21261,38270,-1,-1,-1,0,42516,1292,77,topo_sort,1.54956,1.54861,112132096,15530196992,15642329088,-1,-1
instances/vars_1.8_all/instance_21261v168_1.80r0.cnf,all,21261,38270,-1,-1,-1,0,42516,1292,77,backbone,12.4639,12.4716,112132096,15530196992,15642329088,-1,-1
instances/vars_1.8_all/instance_21261v168_1.80r0.cnf,all,21261,38270,-1,-1,-1,0,42516,1292,77,wcc,0.334473,0.33504,112132096,15530196992,15642329088,-1,-1
instances/vars_1.8_all/instance_21261v168_1.80r0.cnf,all,21261,38270,-1,-1,-1,0,42516,1292,77,wcc_grouped,2.78735,2.78874,112132096,15530196992,15642329088,-1,-1
instances/vars_1.8_all/instance_21261v168_1.80r0.cnf,all,21261,38270,-1,-1,-1,0,42516,1292,77,heuristic1,479.146,479.153,114229248,15528099840,15642329088,5103,5750
instances/vars_1.8_all/instance_21261v168_1.80r0.cnf,all,21261,38270,-1,-1,-1,0,42516,1292,77,heuristic2,389.031,389.036,114229248,15528099840,15642329088,4349,4994
instances/vars_1.8_all/instance_21261v168_1.80r0.cnf,all,21261,38270,-1,-1,-1,0,42516,1292,77,heuristic3,474.136,474.142,114229248,15528099840,15642329088,4462,5106
instances/vars_1.8_all/instance_21261v168_1.80r0.cnf,all,21261,38270,-1,-1,-1,0,42516,1292,77,heuristic4,143051,143053,114229248,15528099840,15642329088,3986,4630
instances/vars_1.8_all/instance_21261v168_1.80r0.cnf,all,21261,38270,-1,-1,-1,0,42516,1292,77,cleanup_device,0.0598145,0.056224,112132096,15530196992,15642329088,-1,-1
instances/vars_1.8_all/instance_21261v168_1.80r0.cnf,all,21261,38270,-1,-1,-1,0,42516,1292,77,total,144430,-1,112132096,15530196992,15642329088,-1,-1
instances/vars_1.8_all/instance_21381v169_1.80r0.cnf,all,21381,38486,-1,-1,-1,0,42734,1254,58,read_instance,12.1013,-1,107937792,15534391296,15642329088,-1,-1
instances/vars_1.8_all/instance_21381v169_1.80r0.cnf,all,21381,38486,-1,-1,-1,0,42734,1254,58,alloc_graph,0.455078,0.440928,110034944,15532294144,15642329088,-1,-1
instances/vars_1.8_all/instance_21381v169_1.80r0.cnf,all,21381,38486,-1,-1,-1,0,42734,1254,58,scc,5.12402,5.1225,112132096,15530196992,15642329088,-1,-1
instances/vars_1.8_all/instance_21381v169_1.80r0.cnf,all,21381,38486,-1,-1,-1,0,42734,1254,58,topo_sort,1.23584,1.23501,112132096,15530196992,15642329088,-1,-1
instances/vars_1.8_all/instance_21381v169_1.80r0.cnf,all,21381,38486,-1,-1,-1,0,42734,1254,58,backbone,12.5769,12.585,112132096,15530196992,15642329088,-1,-1
instances/vars_1.8_all/instance_21381v169_1.80r0.cnf,all,21381,38486,-1,-1,-1,0,42734,1254,58,wcc,0.340332,0.341024,112132096,15530196992,15642329088,-1,-1
instances/vars_1.8_all/instance_21381v169_1.80r0.cnf,all,21381,38486,-1,-1,-1,0,42734,1254,58,wcc_grouped,2.771,2.7719,112132096,15530196992,15642329088,-1,-1
instances/vars_1.8_all/instance_21381v169_1.80r0.cnf,all,21381,38486,-1,-1,-1,0,42734,1254,58,heuristic1,478.328,478.334,114229248,15528099840,15642329088,5096,5724
instances/vars_1.8_all/instance_21381v169_1.80r0.cnf,all,21381,38486,-1,-1,-1,0,42734,1254,58,heuristic2,390.743,390.748,114229248,15528099840,15642329088,4415,5040
instances/vars_1.8_all/instance_21381v169_1.80r0.cnf,all,21381,38486,-1,-1,-1,0,42734,1254,58,heuristic3,471.285,471.29,114229248,15528099840,15642329088,4422,5047
instances/vars_1.8_all/instance_21381v169_1.80r0.cnf,all,21381,38486,-1,-1,-1,0,42734,1254,58,heuristic4,142864,142866,114229248,15528099840,15642329088,3972,4597
instances/vars_1.8_all/instance_21381v169_1.80r0.cnf,all,21381,38486,-1,-1,-1,0,42734,1254,58,cleanup_device,0.0622559,0.058112,112132096,15530196992,15642329088,-1,-1
instances/vars_1.8_all/instance_21381v169_1.80r0.cnf,all,21381,38486,-1,-1,-1,0,42734,1254,58,total,144242,-1,112132096,15530196992,15642329088,-1,-1
instances/vars_1.8_all/instance_21502v170_1.80r0.cnf,all,21502,38704,-1,-1,-1,0,42988,1336,84,read_instance,12.5225,-1,107937792,15534391296,15642329088,-1,-1
instances/vars_1.8_all/instance_21502v170_1.80r0.cnf,all,21502,38704,-1,-1,-1,0,42988,1336,84,alloc_graph,0.409424,0.400512,110034944,15532294144,15642329088,-1,-1
instances/vars_1.8_all/instance_21502v170_1.80r0.cnf,all,21502,38704,-1,-1,-1,0,42988,1336,84,scc,5.02344,5.02464,112132096,15530196992,15642329088,-1,-1
instances/vars_1.8_all/instance_21502v170_1.80r0.cnf,all,21502,38704,-1,-1,-1,0,42988,1336,84,topo_sort,1.66553,1.66531,112132096,15530196992,15642329088,-1,-1
instances/vars_1.8_all/instance_21502v170_1.80r0.cnf,all,21502,38704,-1,-1,-1,0,42988,1336,84,backbone,13.0339,13.0426,112132096,15530196992,15642329088,-1,-1
instances/vars_1.8_all/instance_21502v170_1.80r0.cnf,all,21502,38704,-1,-1,-1,0,42988,1336,84,wcc,0.339111,0.339104,112132096,15530196992,15642329088,-1,-1
instances/vars_1.8_all/instance_21502v170_1.80r0.cnf,all,21502,38704,-1,-1,-1,0,42988,1336,84,wcc_grouped,0.992188,0.992896,114229248,15528099840,15642329088,-1,-1
instances/vars_1.8_all/instance_21502v170_1.80r0.cnf,all,21502,38704,-1,-1,-1,0,42988,1336,84,heuristic1,477.089,477.097,114229248,15528099840,15642329088,5152,5819
instances/vars_1.8_all/instance_21502v170_1.80r0.cnf,all,21502,38704,-1,-1,-1,0,42988,1336,84,heuristic2,380.745,380.751,114229248,15528099840,15642329088,4395,5062
instances/vars_1.8_all/instance_21502v170_1.80r0.cnf,all,21502,38704,-1,-1,-1,0,42988,1336,84,heuristic3,466.691,466.698,114229248,15528099840,15642329088,4409,5075
instances/vars_1.8_all/instance_21502v170_1.80r0.cnf,all,21502,38704,-1,-1,-1,0,42988,1336,84,heuristic4,145515,145517,114229248,15528099840,15642329088,3990,4656
instances/vars_1.8_all/instance_21502v170_1.80r0.cnf,all,21502,38704,-1,-1,-1,0,42988,1336,84,cleanup_device,0.609619,0.611136,112132096,15530196992,15642329088,-1,-1
instances/vars_1.8_all/instance_21502v170_1.80r0.cnf,all,21502,38704,-1,-1,-1,0,42988,1336,84,total,146876,-1,112132096,15530196992,15642329088,-1,-1
instances/vars_1.8_all/instance_21623v171_1.80r0.cnf,all,21623,38921,-1,-1,-1,0,43210,1440,101,read_instance,10.6743,-1,107937792,15534391296,15642329088,-1,-1
instances/vars_1.8_all/instance_21623v171_1.80r0.cnf,all,21623,38921,-1,-1,-1,0,43210,1440,101,alloc_graph,0.311279,0.315392,110034944,15532294144,15642329088,-1,-1
instances/vars_1.8_all/instance_21623v171_1.80r0.cnf,all,21623,38921,-1,-1,-1,0,43210,1440,101,scc,4.79712,4.79773,112132096,15530196992,15642329088,-1,-1
instances/vars_1.8_all/instance_21623v171_1.80r0.cnf,all,21623,38921,-1,-1,-1,0,43210,1440,101,topo_sort,2.03174,2.03174,112132096,15530196992,15642329088,-1,-1
instances/vars_1.8_all/instance_21623v171_1.80r0.cnf,all,21623,38921,-1,-1,-1,0,43210,1440,101,backbone,12.6973,12.7027,112132096,15530196992,15642329088,-1,-1
instances/vars_1.8_all/instance_21623v171_1.80r0.cnf,all,21623,38921,-1,-1,-1,0,43210,1440,101,wcc,0.303467,0.303104,112132096,15530196992,15642329088,-1,-1
instances/vars_1.8_all/instance_21623v171_1.80r0.cnf,all,21623,38921,-1,-1,-1,0,43210,1440,101,wcc_grouped,1.03589,1.03629,114229248,15528099840,15642329088,-1,-1
instances/vars_1.8_all/instance_21623v171_1.80r0.cnf,all,21623,38921,-1,-1,-1,0,43210,1440,101,heuristic1,482.03,482.036,114229248,15528099840,15642329088,5153,5871
instances/vars_1.8_all/instance_21623v171_1.80r0.cnf,all,21623,38921,-1,-1,-1,0,43210,1440,101,heuristic2,395.074,395.079,114229248,15528099840,15642329088,4352,5071
instances/vars_1.8_all/instance_21623v171_1.80r0.cnf,all,21623,38921,-1,-1,-1,0,43210,1440,101,heuristic3,486.108,486.115,114229248,15528099840,15642329088,4465,5183
instances/vars_1.8_all/instance_21623v171_1.80r0.cnf,all,21623,38921,-1,-1,-1,0,43210,1440,101,heuristic4,147398,147400,114229248,15528099840,15642329088,3993,4711
instances/vars_1.8_all/instance_21623v171_1.80r0.cnf,all,21623,38921,-1,-1,-1,0,43210,1440,101,cleanup_device,0.517578,0.516864,112132096,15530196992,15642329088,-1,-1
instances/vars_1.8_all/instance_21623v171_1.80r0.cnf,all,21623,38921,-1,-1,-1,0,43210,1440,101,total,148796,-1,112132096,15530196992,15642329088,-1,-1
instances/vars_1.8_all/instance_21743v172_1.80r0.cnf,all,21743,39137,-1,-1,-1,0,43458,1336,71,read_instance,10.9299,-1,107937792,15534391296,15642329088,-1,-1
instances/vars_1.8_all/instance_21743v172_1.80r0.cnf,all,21743,39137,-1,-1,-1,0,43458,1336,71,alloc_graph,0.3396,0.344512,110034944,15532294144,15642329088,-1,-1
instances/vars_1.8_all/instance_21743v172_1.80r0.cnf,all,21743,39137,-1,-1,-1,0,43458,1336,71,scc,4.63281,4.63366,112132096,15530196992,15642329088,-1,-1
instances/vars_1.8_all/instance_21743v172_1.80r0.cnf,all,21743,39137,-1,-1,-1,0,43458,1336,71,topo_sort,1.4375,1.43702,112132096,15530196992,15642329088,-1,-1
instances/vars_1.8_all/instance_21743v172_1.80r0.cnf,all,21743,39137,-1,-1,-1,0,43458,1336,71,backbone,12.6316,12.6419,112132096,15530196992,15642329088,-1,-1
instances/vars_1.8_all/instance_21743v172_1.80r0.cnf,all,21743,39137,-1,-1,-1,0,43458,1336,71,wcc,0.317871,0.31744,112132096,15530196992,15642329088,-1,-1
instances/vars_1.8_all/instance_21743v172_1.80r0.cnf,all,21743,39137,-1,-1,-1,0,43458,1336,71,wcc_grouped,1.00073,0.999808,114229248,15528099840,15642329088,-1,-1
instances/vars_1.8_all/instance_21743v172_1.80r0.cnf,all,21743,39137,-1,-1,-1,0,43458,1336,71,heuristic1,494.583,494.589,114229248,15528099840,15642329088,5206,5873
instances/vars_1.8_all/instance_21743v172_1.80r0.cnf,all,21743,39137,-1,-1,-1,0,43458,1336,71,heuristic2,399.236,399.241,114229248,15528099840,15642329088,4399,5068
instances/vars_1.8_all/instance_21743v172_1.80r0.cnf,all,21743,39137,-1,-1,-1,0,43458,1336,71,heuristic3,494.173,494.181,114229248,15528099840,15642329088,4513,5179
instances/vars_1.8_all/instance_21743v172_1.80r0.cnf,all,21743,39137,-1,-1,-1,0,43458,1336,71,heuristic4,152399,152401,114229248,15528099840,15642329088,4084,4750
instances/vars_1.8_all/instance_21743v172_1.80r0.cnf,all,21743,39137,-1,-1,-1,0,43458,1336,71,cleanup_device,0.626465,0.627232,112132096,15530196992,15642329088,-1,-1
instances/vars_1.8_all/instance_21743v172_1.80r0.cnf,all,21743,39137,-1,-1,-1,0,43458,1336,71,total,153821,-1,112132096,15530196992,15642329088,-1,-1
instances/vars_1.8_all/instance_21864v173_1.80r0.cnf,all,21864,39355,-1,-1,-1,0,43698,1326,100,read_instance,10.8865,-1,107937792,15534391296,15642329088,-1,-1
instances/vars_1.8_all/instance_21864v173_1.80r0.cnf,all,21864,39355,-1,-1,-1,0,43698,1326,100,alloc_graph,0.321045,0.324864,110034944,15532294144,15642329088,-1,-1
instances/vars_1.8_all/instance_21864v173_1.80r0.cnf,all,21864,39355,-1,-1,-1,0,43698,1326,100,scc,5.3396,5.33994,112132096,15530196992,15642329088,-1,-1
instances/vars_1.8_all/instance_21864v173_1.80r0.cnf,all,21864,39355,-1,-1,-1,0,43698,1326,100,topo_sort,1.95166,1.952,112132096,15530196992,15642329088,-1,-1
instances/vars_1.8_all/instance_21864v173_1.80r0.cnf,all,21864,39355,-1,-1,-1,0,43698,1326,100,backbone,12.5913,12.5983,112132096,15530196992,15642329088,-1,-1
instances/vars_1.8_all/instance_21864v173_1.80r0.cnf,all,21864,39355,-1,-1,-1,0,43698,1326,100,wcc,0.321045,0.321536,112132096,15530196992,15642329088,-1,-1
instances/vars_1.8_all/instance_21864v173_1.80r0.cnf,all,21864,39355,-1,-1,-1,0,43698,1326,100,wcc_grouped,1.03223,1.03248,114229248,15528099840,15642329088,-1,-1
instances/vars_1.8_all/instance_21864v173_1.80r0.cnf,all,21864,39355,-1,-1,-1,0,43698,1326,100,heuristic1,495.927,495.934,114229248,15528099840,15642329088,5233,5895
instances/vars_1.8_all/instance_21864v173_1.80r0.cnf,all,21864,39355,-1,-1,-1,0,43698,1326,100,heuristic2,402.343,402.348,114229248,15528099840,15642329088,4490,5151
instances/vars_1.8_all/instance_21864v173_1.80r0.cnf,all,21864,39355,-1,-1,-1,0,43698,1326,100,heuristic3,484.727,484.733,114229248,15528099840,15642329088,4449,5110
instances/vars_1.8_all/instance_21864v173_1.80r0.cnf,all,21864,39355,-1,-1,-1,0,43698,1326,100,heuristic4,153422,153424,114229248,15528099840,15642329088,4056,4717
instances/vars_1.8_all/instance_21864v173_1.80r0.cnf,all,21864,39355,-1,-1,-1,0,43698,1326,100,cleanup_device,0.598633,0.599456,112132096,15530196992,15642329088,-1,-1
instances/vars_1.8_all/instance_21864v173_1.80r0.cnf,all,21864,39355,-1,-1,-1,0,43698,1326,100,total,154840,-1,112132096,15530196992,15642329088,-1,-1
instances/vars_1.8_all/instance_21984v174_1.80r0.cnf,all,21984,39571,-1,-1,-1,0,43968,1368,64,read_instance,10.8625,-1,107937792,15534391296,15642329088,-1,-1
instances/vars_1.8_all/instance_21984v174_1.80r0.cnf,all,21984,39571,-1,-1,-1,0,43968,1368,64,alloc_graph,0.318604,0.326144,110034944,15532294144,15642329088,-1,-1
instances/vars_1.8_all/instance_21984v174_1.80r0.cnf,all,21984,39571,-1,-1,-1,0,43968,1368,64,scc,4.68311,4.68438,112132096,15530196992,15642329088,-1,-1
instances/vars_1.8_all/instance_21984v174_1.80r0.cnf,all,21984,39571,-1,-1,-1,0,43968,1368,64,topo_sort,1.29395,1.29302,112132096,15530196992,15642329088,-1,-1
instances/vars_1.8_all/instance_21984v174_1.80r0.cnf,all,21984,39571,-1,-1,-1,0,43968,1368,64,backbone,12.3821,12.39,112132096,15530196992,15642329088,-1,-1
instances/vars_1.8_all/instance_21984v174_1.80r0.cnf,all,21984,39571,-1,-1,-1,0,43968,1368,64,wcc,0.328613,0.328032,112132096,15530196992,15642329088,-1,-1
instances/vars_1.8_all/instance_21984v174_1.80r0.cnf,all,21984,39571,-1,-1,-1,0,43968,1368,64,wcc_grouped,1.00586,1.00707,114229248,15528099840,15642329088,-1,-1
instances/vars_1.8_all/instance_21984v174_1.80r0.cnf,all,21984,39571,-1,-1,-1,0,43968,1368,64,heuristic1,501.356,501.363,114229248,15528099840,15642329088,5302,5987
instances/vars_1.8_all/instance_21984v174_1.80r0.cnf,all,21984,39571,-1,-1,-1,0,43968,1368,64,heuristic2,404.448,404.454,114229248,15528099840,15642329088,4484,5166
instances/vars_1.8_all/instance_21984v174_1.80r0.cnf,all,21984,39571,-1,-1,-1,0,43968,1368,64,heuristic3,494.389,494.396,114229248,15528099840,15642329088,4564,5246
instances/vars_1.8_all/instance_21984v174_1.80r0.cnf,all,21984,39571,-1,-1,-1,0,43968,1368,64,heuristic4,153680,153682,114229248,15528099840,15642329088,4086,4768
instances/vars_1.8_all/instance_21984v174_1.80r0.cnf,all,21984,39571,-1,-1,-1,0,43968,1368,64,cleanup_device,0.560791,0.56048,112132096,15530196992,15642329088,-1,-1
instances/vars_1.8_all/instance_21984v174_1.80r0.cnf,all,21984,39571,-1,-1,-1,0,43968,1368,64,total,155114,-1,112132096,15530196992,15642329088,-1,-1
instances/vars_1.8_all/instance_2206v10_1.80r0.cnf,all,2206,3971,-1,-1,-1,0,4392,136,40,read_instance,1.17773,-1,107937792,15534391296,15642329088,-1,-1
instances/vars_1.8_all/instance_2206v10_1.80r0.cnf,all,2206,3971,-1,-1,-1,0,4392,136,40,alloc_graph,0.197266,0.18432,110034944,15532294144,15642329088,-1,-1
instances/vars_1.8_all/instance_2206v10_1.80r0.cnf,all,2206,3971,-1,-1,-1,0,4392,136,40,scc,4.60352,4.6039,112132096,15530196992,15642329088,-1,-1
instances/vars_1.8_all/instance_2206v10_1.80r0.cnf,all,2206,3971,-1,-1,-1,0,4392,136,40,topo_sort,0.82959,0.828352,112132096,15530196992,15642329088,-1,-1
instances/vars_1.8_all/instance_2206v10_1.80r0.cnf,all,2206,3971,-1,-1,-1,0,4392,136,40,backbone,5.03564,5.04054,112132096,15530196992,15642329088,-1,-1
instances/vars_1.8_all/instance_2206v10_1.80r0.cnf,all,2206,3971,-1,-1,-1,0,4392,136,40,wcc,0.213867,0.214528,112132096,15530196992,15642329088,-1,-1
instances/vars_1.8_all/instance_2206v10_1.80r0.cnf,all,2206,3971,-1,-1,-1,0,4392,136,40,wcc_grouped,0.38208,0.381824,112132096,15530196992,15642329088,-1,-1
instances/vars_1.8_all/instance_2206v10_1.80r0.cnf,all,2206,3971,-1,-1,-1,0,4392,136,40,heuristic1,44.0872,44.0875,112132096,15530196992,15642329088,504,570
instances/vars_1.8_all/instance_2206v10_1.80r0.cnf,all,2206,3971,-1,-1,-1,0,4392,136,40,heuristic2,36.5103,36.5113,112132096,15530196992,15642329088,439,505
instances/vars_1.8_all/instance_2206v10_1.80r0.cnf,all,2206,3971,-1,-1,-1,0,4392,136,40,heuristic3,43.2278,43.2273,112132096,15530196992,15642329088,437,503
instances/vars_1.8_all/instance_2206v10_1.80r0.cnf,all,2206,3971,-1,-1,-1,0,4392,136,40,heuristic4,4500.57,4500.63,112132096,15530196992,15642329088,408,474
instances/vars_1.8_all/instance_2206v10_1.80r0.cnf,all,2206,3971,-1,-1,-1,0,4392,136,40,cleanup_device,0.0397949,0.03952,112132096,15530196992,15642329088,-1,-1
instances/vars_1.8_all/instance_2206v10_1.80r0.cnf,all,2206,3971,-1,-1,-1,0,4392,136,40,total,4637.8,-1,112132096,15530196992,15642329088,-1,-1
instances/vars_1.8_all/instance_22105v175_1.80r0.cnf,all,22105,39789,-1,-1,-1,0,44210,1418,94,read_instance,10.8782,-1,107937792,15534391296,15642329088,-1,-1
instances/vars_1.8_all/instance_22105v175_1.80r0.cnf,all,22105,39789,-1,-1,-1,0,44210,1418,94,alloc_graph,0.325439,0.329568,110034944,15532294144,15642329088,-1,-1
instances/vars_1.8_all/instance_22105v175_1.80r0.cnf,all,22105,39789,-1,-1,-1,0,44210,1418,94,scc,4.54565,4.54675,112132096,15530196992,15642329088,-1,-1
instances/vars_1.8_all/instance_22105v175_1.80r0.cnf,all,22105,39789,-1,-1,-1,0,44210,1418,94,topo_sort,1.81396,1.81286,112132096,15530196992,15642329088,-1,-1
instances/vars_1.8_all/instance_22105v175_1.80r0.cnf,all,22105,39789,-1,-1,-1,0,44210,1418,94,backbone,12.7468,12.7547,112132096,15530196992,15642329088,-1,-1
instances/vars_1.8_all/instance_22105v175_1.80r0.cnf,all,22105,39789,-1,-1,-1,0,44210,1418,94,wcc,0.318604,0.319072,112132096,15530196992,15642329088,-1,-1
instances/vars_1.8_all/instance_22105v175_1.80r0.cnf,all,22105,39789,-1,-1,-1,0,44210,1418,94,wcc_grouped,1.01172,1.01174,114229248,15528099840,15642329088,-1,-1
instances/vars_1.8_all/instance_22105v175_1.80r0.cnf,all,22105,39789,-1,-1,-1,0,44210,1418,94,heuristic1,493.104,493.111,114229248,15528099840,15642329088,5262,5970
instances/vars_1.8_all/instance_22105v175_1.80r0.cnf,all,22105,39789,-1,-1,-1,0,44210,1418,94,heuristic2,397.051,397.056,114229248,15528099840,15642329088,4412,5120
instances/vars_1.8_all/instance_22105v175_1.80r0.cnf,all,22105,39789,-1,-1,-1,0,44210,1418,94,heuristic3,488.655,488.662,114229248,15528099840,15642329088,4485,5192
instances/vars_1.8_all/instance_22105v175_1.80r0.cnf,all,22105,39789,-1,-1,-1,0,44210,1418,94,heuristic4,158158,158160,114229248,15528099840,15642329088,4095,4802
instances/vars_1.8_all/instance_22105v175_1.80r0.cnf,all,22105,39789,-1,-1,-1,0,44210,1418,94,cleanup_device,0.602295,0.602144,112132096,15530196992,15642329088,-1,-1
instances/vars_1.8_all/instance_22105v175_1.80r0.cnf,all,22105,39789,-1,-1,-1,0,44210,1418,94,total,159571,-1,112132096,15530196992,15642329088,-1,-1
instances/vars_1.8_all/instance_22226v176_1.80r0.cnf,all,22226,40007,-1,-1,-1,0,44394,1374,81,read_instance,11.4358,-1,107937792,15534391296,15642329088,-1,-1
instances/vars_1.8_all/instance_22226v176_1.80r0.cnf,all,22226,40007,-1,-1,-1,0,44394,1374,81,alloc_graph,0.332031,0.339136,110034944,15532294144,15642329088,-1,-1
instances/vars_1.8_all/instance_22226v176_1.80r0.cnf,all,22226,40007,-1,-1,-1,0,44394,1374,81,scc,4.98975,4.99104,112132096,15530196992,15642329088,-1,-1
instances/vars_1.8_all/instance_22226v176_1.80r0.cnf,all,22226,40007,-1,-1,-1,0,44394,1374,81,topo_sort,1.59033,1.58944,112132096,15530196992,15642329088,-1,-1
instances/vars_1.8_all/instance_22226v176_1.80r0.cnf,all,22226,40007,-1,-1,-1,0,44394,1374,81,backbone,12.9124,12.92,112132096,15530196992,15642329088,-1,-1
instances/vars_1.8_all/instance_22226v176_1.80r0.cnf,all,22226,40007,-1,-1,-1,0,44394,1374,81,wcc,0.367188,0.366592,112132096,15530196992,15642329088,-1,-1
instances/vars_1.8_all/instance_22226v176_1.80r0.cnf,all,22226,40007,-1,-1,-1,0,44394,1374,81,wcc_grouped,0.978516,0.978944,114229248,15528099840,15642329088,-1,-1
instances/vars_1.8_all/instance_22226v176_1.80r0.cnf,all,22226,40007,-1,-1,-1,0,44394,1374,81,heuristic1,494.364,494.371,114229248,15528099840,15642329088,5258,5944
instances/vars_1.8_all/instance_22226v176_1.80r0.cnf,all,22226,40007,-1,-1,-1,0,44394,1374,81,heuristic2,399.035,399.039,114229248,15528099840,15642329088,4552,5237
instances/vars_1.8_all/instance_22226v176_1.80r0.cnf,all,22226,40007,-1,-1,-1,0,44394,1374,81,heuristic3,491.888,491.895,114229248,15528099840,15642329088,4506,5191
instances/vars_1.8_all/instance_22226v176_1.80r0.cnf,all,22226,40007,-1,-1,-1,0,44394,1374,81,heuristic4,156550,156552,114229248,15528099840,15642329088,4012,4697
instances/vars_1.8_all/instance_22226v176_1.80r0.cnf,all,22226,40007,-1,-1,-1,0,44394,1374,81,cleanup_device,0.601074,0.601376,112132096,15530196992,15642329088,-1,-1
instances/vars_1.8_all/instance_22226v176_1.80r0.cnf,all,22226,40007,-1,-1,-1,0,44394,1374,81,total,157970,-1,112132096,15530196992,15642329088,-1,-1
instances/vars_1.8_all/instance_22346v177_1.80r0.cnf,all,22346,40223,-1,-1,-1,0,44690,1472,63,read_instance,12.0178,-1,107937792,15534391296,15642329088,-1,-1
instances/vars_1.8_all/instance_22346v177_1.80r0.cnf,all,22346,40223,-1,-1,-1,0,44690,1472,63,alloc_graph,0.327881,0.333504,110034944,15532294144,15642329088,-1,-1
instances/vars_1.8_all/instance_22346v177_1.80r0.cnf,all,22346,40223,-1,-1,-1,0,44690,1472,63,scc,4.80005,4.80208,112132096,15530196992,15642329088,-1,-1
instances/vars_1.8_all/instance_22346v177_1.80r0.cnf,all,22346,40223,-1,-1,-1,0,44690,1472,63,topo_sort,1.26074,1.25875,112132096,15530196992,15642329088,-1,-1
instances/vars_1.8_all/instance_22346v177_1.80r0.cnf,all,22346,40223,-1,-1,-1,0,44690,1472,63,backbone,13.1738,13.1832,112132096,15530196992,15642329088,-1,-1
instances/vars_1.8_all/instance_22346v177_1.80r0.cnf,all,22346,40223,-1,-1,-1,0,44690,1472,63,wcc,0.32251,0.322208,112132096,15530196992,15642329088,-1,-1
instances/vars_1.8_all/instance_22346v177_1.80r0.cnf,all,22346,40223,-1,-1,-1,0,44690,1472,63,wcc_grouped,0.972412,0.972832,114229248,15528099840,15642329088,-1,-1
instances/vars_1.8_all/instance_22346v177_1.80r0.cnf,all,22346,40223,-1,-1,-1,0,44690,1472,63,heuristic1,506.552,506.559,114229248,15528099840,15642329088,5372,6107
instances/vars_1.8_all/instance_22346v177_1.80r0.cnf,all,22346,40223,-1,-1,-1,0,44690,1472,63,heuristic2,402.191,402.197,114229248,15528099840,15642329088,4545,5281
instances/vars_1.8_all/instance_22346v177_1.80r0.cnf,all,22346,40223,-1,-1,-1,0,44690,1472,63,heuristic3,498.505,498.513,114229248,15528099840,15642329088,4559,5293
instances/vars_1.8_all/instance_22346v177_1.80r0.cnf,all,22346,40223,-1,-1,-1,0,44690,1472,63,heuristic4,161658,161660,114229248,15528099840,15642329088,4135,4869
instances/vars_1.8_all/instance_22346v177_1.80r0.cnf,all,22346,40223,-1,-1,-1,0,44690,1472,63,cleanup_device,0.597168,0.597088,112132096,15530196992,15642329088,-1,-1
instances/vars_1.8_all/instance_22346v177_1.80r0.cnf,all,22346,40223,-1,-1,-1,0,44690,1472,63,total,163101,-1,112132096,15530196992,15642329088,-1,-1
instances/vars_1.8_all/instance_22467v178_1.80r0.cnf,all,22467,40441,-1,-1,-1,0,44932,1328,78,read_instance,11.2478,-1,107937792,15534391296,15642329088,-1,-1
instances/vars_1.8_all/instance_22467v178_1.80r0.cnf,all,22467,40441,-1,-1,-1,0,44932,1328,78,alloc_graph,0.336426,0.34208,110034944,15532294144,15642329088,-1,-1
instances/vars_1.8_all/instance_22467v178_1.80r0.cnf,all,22467,40441,-1,-1,-1,0,44932,1328,78,scc,5.01392,5.01539,112132096,15530196992,15642329088,-1,-1
instances/vars_1.8_all/instance_22467v178_1.80r0.cnf,all,22467,40441,-1,-1,-1,0,44932,1328,78,topo_sort,1.56348,1.5631,112132096,15530196992,15642329088,-1,-1
instances/vars_1.8_all/instance_22467v178_1.80r0.cnf,all,22467,40441,-1,-1,-1,0,44932,1328,78,backbone,13.0613,13.0725,112132096,15530196992,15642329088,-1,-1
instances/vars_1.8_all/instance_22467v178_1.80r0.cnf,all,22467,40441,-1,-1,-1,0,44932,1328,78,wcc,0.344727,0.344064,112132096,15530196992,15642329088,-1,-1
instances/vars_1.8_all/instance_22467v178_1.80r0.cnf,all,22467,40441,-1,-1,-1,0,44932,1328,78,wcc_grouped,0.974365,0.976128,114229248,15528099840,15642329088,-1,-1
instances/vars_1.8_all/instance_22467v178_1.80r0.cnf,all,22467,40441,-1,-1,-1,0,44932,1328,78,heuristic1,501.351,501.359,114229248,15528099840,15642329088,5368,6030
instances/vars_1.8_all/instance_22467v178_1.80r0.cnf,all,22467,40441,-1,-1,-1,0,44932,1328,78,heuristic2,396.801,396.805,114229248,15528099840,15642329088,4574,5236
instances/vars_1.8_all/instance_22467v178_1.80r0.cnf,all,22467,40441,-1,-1,-1,0,44932,1328,78,heuristic3,493.6,493.608,114229248,15528099840,15642329088,4601,5263
instances/vars_1.8_all/instance_22467v178_1.80r0.cnf,all,22467,40441,-1,-1,-1,0,44932,1328,78,heuristic4,165074,165076,114229248,15528099840,15642329088,4139,4801
instances/vars_1.8_all/instance_22467v178_1.80r0.cnf,all,22467,40441,-1,-1,-1,0,44932,1328,78,cleanup_device,0.636963,0.637792,112132096,15530196992,15642329088,-1,-1
instances/vars_1.8_all/instance_22467v178_1.80r0.cnf,all,22467,40441,-1,-1,-1,0,44932,1328,78,total,166501,-1,112132096,15530196992,15642329088,-1,-1
instances/vars_1.8_all/instance_22587v179_1.80r0.cnf,all,22587,40657,-1,-1,-1,0,45174,1510,80,read_instance,11.9221,-1,107937792,15534391296,15642329088,-1,-1
instances/vars_1.8_all/instance_22587v179_1.80r0.cnf,all,22587,40657,-1,-1,-1,0,45174,1510,80,alloc_graph,0.342773,0.348096,110034944,15532294144,15642329088,-1,-1
instances/vars_1.8_all/instance_22587v179_1.80r0.cnf,all,22587,40657,-1,-1,-1,0,45174,1510,80,scc,5.19238,5.19414,112132096,15530196992,15642329088,-1,-1
instances/vars_1.8_all/instance_22587v179_1.80r0.cnf,all,22587,40657,-1,-1,-1,0,45174,1510,80,topo_sort,1.61206,1.6121,112132096,15530196992,15642329088,-1,-1
instances/vars_1.8_all/instance_22587v179_1.80r0.cnf,all,22587,40657,-1,-1,-1,0,45174,1510,80,backbone,13.6731,13.6843,112132096,15530196992,15642329088,-1,-1
instances/vars_1.8_all/instance_22587v179_1.80r0.cnf,all,22587,40657,-1,-1,-1,0,45174,1510,80,wcc,0.316162,0.315424,112132096,15530196992,15642329088,-1,-1
instances/vars_1.8_all/instance_22587v179_1.80r0.cnf,all,22587,40657,-1,-1,-1,0,45174,1510,80,wcc_grouped,1.06494,1.06512,114229248,15528099840,15642329088,-1,-1
instances/vars_1.8_all/instance_22587v179_1.80r0.cnf,all,22587,40657,-1,-1,-1,0,45174,1510,80,heuristic1,506.885,506.893,114229248,15528099840,15642329088,5451,6206
instances/vars_1.8_all/instance_22587v179_1.80r0.cnf,all,22587,40657,-1,-1,-1,0,45174,1510,80,heuristic2,403.562,403.567,114229248,15528099840,15642329088,4567,5321
instances/vars_1.8_all/instance_22587v179_1.80r0.cnf,all,22587,40657,-1,-1,-1,0,45174,1510,80,heuristic3,501.392,501.398,114229248,15528099840,15642329088,4734,5487
instances/vars_1.8_all/instance_22587v179_1.80r0.cnf,all,22587,40657,-1,-1,-1,0,45174,1510,80,heuristic4,167621,167623,114229248,15528099840,15642329088,4169,4922
instances/vars_1.8_all/instance_22587v179_1.80r0.cnf,all,22587,40657,-1,-1,-1,0,45174,1510,80,cleanup_device,0.564941,0.56496,112132096,15530196992,15642329088,-1,-1
instances/vars_1.8_all/instance_22587v179_1.80r0.cnf,all,22587,40657,-1,-1,-1,0,45174,1510,80,total,169070,-1,112132096,15530196992,15642329088,-1,-1
instances/vars_1.8_all/instance_22708v180_1.80r0.cnf,all,22708,40874,-1,-1,-1,0,45416,1338,70,read_instance,12.0605,-1,107937792,15534391296,15642329088,-1,-1
instances/vars_1.8_all/instance_22708v180_1.80r0.cnf,all,22708,40874,-1,-1,-1,0,45416,1338,70,alloc_graph,0.35083,0.360128,110034944,15532294144,15642329088,-1,-1
instances/vars_1.8_all/instance_22708v180_1.80r0.cnf,all,22708,40874,-1,-1,-1,0,45416,1338,70,scc,4.6167,4.61798,112132096,15530196992,15642329088,-1,-1
instances/vars_1.8_all/instance_22708v180_1.80r0.cnf,all,22708,40874,-1,-1,-1,0,45416,1338,70,topo_sort,1.39209,1.39104,112132096,15530196992,15642329088,-1,-1
instances/vars_1.8_all/instance_22708v180_1.80r0.cnf,all,22708,40874,-1,-1,-1,0,45416,1338,70,backbone,13.2769,13.2838,112132096,15530196992,15642329088,-1,-1
instances/vars_1.8_all/instance_22708v180_1.80r0.cnf,all,22708,40874,-1,-1,-1,0,45416,1338,70,wcc,0.304688,0.30352,112132096,15530196992,15642329088,-1,-1
instances/vars_1.8_all/instance_22708v180_1.80r0.cnf,all,22708,40874,-1,-1,-1,0,45416,1338,70,wcc_grouped,1.0498,1.05062,114229248,15528099840,15642329088,-1,-1
instances/vars_1.8_all/instance_22708v180_1.80r0.cnf,all,22708,40874,-1,-1,-1,0,45416,1338,70,heuristic1,515.778,515.784,114229248,15528099840,15642329088,5434,6101
instances/vars_1.8_all/instance_22708v180_1.80r0.cnf,all,22708,40874,-1,-1,-1,0,45416,1338,70,heuristic2,413.205,413.211,114229248,15528099840,15642329088,4715,5384
instances/vars_1.8_all/instance_22708v180_1.80r0.cnf,all,22708,40874,-1,-1,-1,0,45416,1338,70,heuristic3,512.504,512.511,114229248,15528099840,15642329088,4718,5385
instances/vars_1.8_all/instance_22708v180_1.80r0.cnf,all,22708,40874,-1,-1,-1,0,45416,1338,70,heuristic4,171351,171353,114229248,15528099840,15642329088,4229,4896
instances/vars_1.8_all/instance_22708v180_1.80r0.cnf,all,22708,40874,-1,-1,-1,0,45416,1338,70,cleanup_device,0.524658,0.524384,112132096,15530196992,15642329088,-1,-1
instances/vars_1.8_all/instance_22708v180_1.80r0.cnf,all,22708,40874,-1,-1,-1,0,45416,1338,70,total,172828,-1,112132096,15530196992,15642329088,-1,-1
instances/vars_1.8_all/instance_22829v181_1.80r0.cnf,all,22829,41092,-1,-1,-1,0,45658,1308,89,read_instance,11.885,-1,107937792,15534391296,15642329088,-1,-1
instances/vars_1.8_all/instance_22829v181_1.80r0.cnf,all,22829,41092,-1,-1,-1,0,45658,1308,89,alloc_graph,0.300781,0.310208,110034944,15532294144,15642329088,-1,-1
instances/vars_1.8_all/instance_22829v181_1.80r0.cnf,all,22829,41092,-1,-1,-1,0,45658,1308,89,scc,4.9187,4.92016,112132096,15530196992,15642329088,-1,-1
instances/vars_1.8_all/instance_22829v181_1.80r0.cnf,all,22829,41092,-1,-1,-1,0,45658,1308,89,topo_sort,1.73511,1.73437,112132096,15530196992,15642329088,-1,-1
instances/vars_1.8_all/instance_22829v181_1.80r0.cnf,all,22829,41092,-1,-1,-1,0,45658,1308,89,backbone,13.3853,13.3907,112132096,15530196992,15642329088,-1,-1
instances/vars_1.8_all/instance_22829v181_1.80r0.cnf,all,22829,41092,-1,-1,-1,0,45658,1308,89,wcc,0.286377,0.286144,112132096,15530196992,15642329088,-1,-1
instances/vars_1.8_all/instance_22829v181_1.80r0.cnf,all,22829,41092,-1,-1,-1,0,45658,1308,89,wcc_grouped,1.07031,1.07002,114229248,15528099840,15642329088,-1,-1
instances/vars_1.8_all/instance_22829v181_1.80r0.cnf,all,22829,41092,-1,-1,-1,0,45658,1308,89,heuristic1,519.594,519.602,114229248,15528099840,15642329088,5538,6190
instances/vars_1.8_all/instance_22829v181_1.80r0.cnf,all,22829,41092,-1,-1,-1,0,45658,1308,89,heuristic2,422.118,422.124,114229248,15528099840,15642329088,4708,5361
instances/vars_1.8_all/instance_22829v181_1.80r0.cnf,all,22829,41092,-1,-1,-1,0,45658,1308,89,heuristic3,520.622,520.629,114229248,15528099840,15642329088,4758,5410
instances/vars_1.8_all/instance_22829v181_1.80r0.cnf,all,22829,41092,-1,-1,-1,0,45658,1308,89,heuristic4,175239,175242,114229248,15528099840,15642329088,4255,4907
instances/vars_1.8_all/instance_22829v181_1.80r0.cnf,all,22829,41092,-1,-1,-1,0,45658,1308,89,cleanup_device,0.595215,0.596096,112132096,15530196992,15642329088,-1,-1
instances/vars_1.8_all/instance_22829v181_1.80r0.cnf,all,22829,41092,-1,-1,-1,0,45658,1308,89,total,176738,-1,112132096,15530196992,15642329088,-1,-1
instances/vars_1.8_all/instance_22949v182_1.80r0.cnf,all,22949,41308,-1,-1,-1,0,45890,1320,84,read_instance,11.7444,-1,107937792,15534391296,15642329088,-1,-1
instances/vars_1.8_all/instance_22949v182_1.80r0.cnf,all,22949,41308,-1,-1,-1,0,45890,1320,84,alloc_graph,0.381348,0.371296,110034944,15532294144,15642329088,-1,-1
instances/vars_1.8_all/instance_22949v182_1.80r0.cnf,all,22949,41308,-1,-1,-1,0,45890,1320,84,scc,4.87964,4.88115,112132096,15530196992,15642329088,-1,-1
instances/vars_1.8_all/instance_22949v182_1.80r0.cnf,all,22949,41308,-1,-1,-1,0,45890,1320,84,topo_sort,1.69165,1.69091,112132096,15530196992,15642329088,-1,-1
instances/vars_1.8_all/instance_22949v182_1.80r0.cnf,all,22949,41308,-1,-1,-1,0,45890,1320,84,backbone,13.0754,13.0837,112132096,15530196992,15642329088,-1,-1
instances/vars_1.8_all/instance_22949v182_1.80r0.cnf,all,22949,41308,-1,-1,-1,0,45890,1320,84,wcc,0.323975,0.323584,112132096,15530196992,15642329088,-1,-1
instances/vars_1.8_all/instance_22949v182_1.80r0.cnf,all,22949,41308,-1,-1,-1,0,45890,1320,84,wcc_grouped,1.00537,1.0056,114229248,15528099840,15642329088,-1,-1
instances/vars_1.8_all/instance_22949v182_1.80r0.cnf,all,22949,41308,-1,-1,-1,0,45890,1320,84,heuristic1,511.698,511.706,114229248,15528099840,15642329088,5565,6224
instances/vars_1.8_all/instance_22949v182_1.80r0.cnf,all,22949,41308,-1,-1,-1,0,45890,1320,84,heuristic2,416.454,416.459,114229248,15528099840,15642329088,4714,5372
instances/vars_1.8_all/instance_22949v182_1.80r0.cnf,all,22949,41308,-1,-1,-1,0,45890,1320,84,heuristic3,506.589,506.597,114229248,15528099840,15642329088,4755,5413
instances/vars_1.8_all/instance_22949v182_1.80r0.cnf,all,22949,41308,-1,-1,-1,0,45890,1320,84,heuristic4,177277,177279,114229248,15528099840,15642329088,4240,4898
instances/vars_1.8_all/instance_22949v182_1.80r0.cnf,all,22949,41308,-1,-1,-1,0,45890,1320,84,cleanup_device,0.586182,0.586784,112132096,15530196992,15642329088,-1,-1
instances/vars_1.8_all/instance_22949v182_1.80r0.cnf,all,22949,41308,-1,-1,-1,0,45890,1320,84,total,178748,-1,112132096,15530196992,15642329088,-1,-1
instances/vars_1.8_all/instance_23070v183_1.80r0.cnf,all,23070,41526,-1,-1,-1,0,46114,1410,79,read_instance,12.4001,-1,107937792,15534391296,15642329088,-1,-1
instances/vars_1.8_all/instance_23070v183_1.80r0.cnf,all,23070,41526,-1,-1,-1,0,46114,1410,79,alloc_graph,0.358887,0.363168,110034944,15532294144,15642329088,-1,-1
instances/vars_1.8_all/instance_23070v183_1.80r0.cnf,all,23070,41526,-1,-1,-1,0,46114,1410,79,scc,5.39355,5.39453,112132096,15530196992,15642329088,-1,-1
instances/vars_1.8_all/instance_23070v183_1.80r0.cnf,all,23070,41526,-1,-1,-1,0,46114,1410,79,topo_sort,1.61597,1.61504,112132096,15530196992,15642329088,-1,-1
instances/vars_1.8_all/instance_23070v183_1.80r0.cnf,all,23070,41526,-1,-1,-1,0,46114,1410,79,backbone,14.0259,14.0361,112132096,15530196992,15642329088,-1,-1
instances/vars_1.8_all/instance_23070v183_1.80r0.cnf,all,23070,41526,-1,-1,-1,0,46114,1410,79,wcc,0.34668,0.346592,112132096,15530196992,15642329088,-1,-1
instances/vars_1.8_all/instance_23070v183_1.80r0.cnf,all,23070,41526,-1,-1,-1,0,46114,1410,79,wcc_grouped,1.04053,1.04154,114229248,15528099840,15642329088,-1,-1
instances/vars_1.8_all/instance_23070v183_1.80r0.cnf,all,23070,41526,-1,-1,-1,0,46114,1410,79,heuristic1,519.524,519.532,114229248,15528099840,15642329088,5589,6297
instances/vars_1.8_all/instance_23070v183_1.80r0.cnf,all,23070,41526,-1,-1,-1,0,46114,1410,79,heuristic2,405.277,405.281,114229248,15528099840,15642329088,4667,5372
instances/vars_1.8_all/instance_23070v183_1.80r0.cnf,all,23070,41526,-1,-1,-1,0,46114,1410,79,heuristic3,501.191,501.197,114229248,15528099840,15642329088,4738,5441
instances/vars_1.8_all/instance_23070v183_1.80r0.cnf,all,23070,41526,-1,-1,-1,0,46114,1410,79,heuristic4,180228,180230,114229248,15528099840,15642329088,4276,4979
instances/vars_1.8_all/instance_23070v183_1.80r0.cnf,all,23070,41526,-1,-1,-1,0,46114,1410,79,cleanup_device,0.577393,0.578624,112132096,15530196992,15642329088,-1,-1
instances/vars_1.8_all/instance_23070v183_1.80r0.cnf,all,23070,41526,-1,-1,-1,0,46114,1410,79,total,181692,-1,112132096,15530196992,15642329088,-1,-1
instances/vars_1.8_all/instance_23190v184_1.80r0.cnf,all,23190,41742,-1,-1,-1,0,46360,1418,61,read_instance,12.5427,-1,107937792,15534391296,15642329088,-1,-1
instances/vars_1.8_all/instance_23190v184_1.80r0.cnf,all,23190,41742,-1,-1,-1,0,46360,1418,61,alloc_graph,0.364014,0.372224,110034944,15532294144,15642329088,-1,-1
instances/vars_1.8_all/instance_23190v184_1.80r0.cnf,all,23190,41742,-1,-1,-1,0,46360,1418,61,scc,5.04272,5.04544,112132096,15530196992,15642329088,-1,-1
instances/vars_1.8_all/instance_23190v184_1.80r0.cnf,all,23190,41742,-1,-1,-1,0,46360,1418,61,topo_sort,1.24951,1.24845,112132096,15530196992,15642329088,-1,-1
instances/vars_1.8_all/instance_23190v184_1.80r0.cnf,all,23190,41742,-1,-1,-1,0,46360,1418,61,backbone,13.7146,13.7244,112132096,15530196992,15642329088,-1,-1
instances/vars_1.8_all/instance_23190v184_1.80r0.cnf,all,23190,41742,-1,-1,-1,0,46360,1418,61,wcc,0.371338,0.370688,112132096,15530196992,15642329088,-1,-1
instances/vars_1.8_all/instance_23190v184_1.80r0.cnf,all,23190,41742,-1,-1,-1,0,46360,1418,61,wcc_grouped,0.962402,0.962752,114229248,15528099840,15642329088,-1,-1
instances/vars_1.8_all/instance_23190v184_1.80r0.cnf,all,23190,41742,-1,-1,-1,0,46360,1418,61,heuristic1,530.671,530.679,114229248,15528099840,15642329088,5638,6346
instances/vars_1.8_all/instance_23190v184_1.80r0.cnf,all,23190,41742,-1,-1,-1,0,46360,1418,61,heuristic2,428.87,428.876,114229248,15528099840,15642329088,4787,5494
instances/vars_1.8_all/instance_23190v184_1.80r0.cnf,all,23190,41742,-1,-1,-1,0,46360,1418,61,heuristic3,536.032,536.039,114229248,15528099840,15642329088,4844,5551
instances/vars_1.8_all/instance_23190v184_1.80r0.cnf,all,23190,41742,-1,-1,-1,0,46360,1418,61,heuristic4,184758,184760,114229248,15528099840,15642329088,4380,5087
instances/vars_1.8_all/instance_23190v184_1.80r0.cnf,all,23190,41742,-1,-1,-1,0,46360,1418,61,cleanup_device,0.543945,0.543616,112132096,15530196992,15642329088,-1,-1
instances/vars_1.8_all/instance_23190v184_1.80r0.cnf,all,23190,41742,-1,-1,-1,0,46360,1418,61,total,186291,-1,112132096,15530196992,15642329088,-1,-1
instances/vars_1.8_all/instance_2326v11_1.80r0.cnf,all,2326,4187,-1,-1,-1,0,4650,144,34,read_instance,2.23193,-1,107937792,15534391296,15642329088,-1,-1
instances/vars_1.8_all/instance_2326v11_1.80r0.cnf,all,2326,4187,-1,-1,-1,0,4650,144,34,alloc_graph,0.281494,0.25904,110034944,15532294144,15642329088,-1,-1
instances/vars_1.8_all/instance_2326v11_1.80r0.cnf,all,2326,4187,-1,-1,-1,0,4650,144,34,scc,5.86108,5.86342,112132096,15530196992,15642329088,-1,-1
instances/vars_1.8_all/instance_2326v11_1.80r0.cnf,all,2326,4187,-1,-1,-1,0,4650,144,34,topo_sort,0.839355,0.83984,112132096,15530196992,15642329088,-1,-1
instances/vars_1.8_all/instance_2326v11_1.80r0.cnf,all,2326,4187,-1,-1,-1,0,4650,144,34,backbone,8.58423,8.59238,112132096,15530196992,15642329088,-1,-1
instances/vars_1.8_all/instance_2326v11_1.80r0.cnf,all,2326,4187,-1,-1,-1,0,4650,144,34,wcc,0.274414,0.274432,112132096,15530196992,15642329088,-1,-1
instances/vars_1.8_all/instance_2326v11_1.80r0.cnf,all,2326,4187,-1,-1,-1,0,4650,144,34,wcc_grouped,0.584717,0.585152,112132096,15530196992,15642329088,-1,-1
instances/vars_1.8_all/instance_2326v11_1.80r0.cnf,all,2326,4187,-1,-1,-1,0,4650,144,34,heuristic1,56.0032,56.0042,112132096,15530196992,15642329088,563,633
instances/vars_1.8_all/instance_2326v11_1.80r0.cnf,all,2326,4187,-1,-1,-1,0,4650,144,34,heuristic2,41.1409,41.141,112132096,15530196992,15642329088,476,546
instances/vars_1.8_all/instance_2326v11_1.80r0.cnf,all,2326,4187,-1,-1,-1,0,4650,144,34,heuristic3,44.7744,44.7751,112132096,15530196992,15642329088,441,511
instances/vars_1.8_all/instance_2326v11_1.80r0.cnf,all,2326,4187,-1,-1,-1,0,4650,144,34,heuristic4,4191.93,4191.99,112132096,15530196992,15642329088,383,453
instances/vars_1.8_all/instance_2326v11_1.80r0.cnf,all,2326,4187,-1,-1,-1,0,4650,144,34,cleanup_device,0.043457,0.042912,112132096,15530196992,15642329088,-1,-1
instances/vars_1.8_all/instance_2326v11_1.80r0.cnf,all,2326,4187,-1,-1,-1,0,4650,144,34,total,4353.65,-1,112132096,15530196992,15642329088,-1,-1
instances/vars_1.8_all/instance_23311v185_1.80r0.cnf,all,23311,41960,-1,-1,-1,0,46596,1428,61,read_instance,12.843,-1,107937792,15534391296,15642329088,-1,-1
instances/vars_1.8_all/instance_23311v185_1.80r0.cnf,all,23311,41960,-1,-1,-1,0,46596,1428,61,alloc_graph,0.374023,0.3792,110034944,15532294144,15642329088,-1,-1
instances/vars_1.8_all/instance_23311v185_1.80r0.cnf,all,23311,41960,-1,-1,-1,0,46596,1428,61,scc,4.97046,4.97146,112132096,15530196992,15642329088,-1,-1
instances/vars_1.8_all/instance_23311v185_1.80r0.cnf,all,23311,41960,-1,-1,-1,0,46596,1428,61,topo_sort,1.29199,1.29146,112132096,15530196992,15642329088,-1,-1
instances/vars_1.8_all/instance_23311v185_1.80r0.cnf,all,23311,41960,-1,-1,-1,0,46596,1428,61,backbone,14.0078,14.0168,112132096,15530196992,15642329088,-1,-1
instances/vars_1.8_all/instance_23311v185_1.80r0.cnf,all,23311,41960,-1,-1,-1,0,46596,1428,61,wcc,0.336182,0.336288,112132096,15530196992,15642329088,-1,-1
instances/vars_1.8_all/instance_23311v185_1.80r0.cnf,all,23311,41960,-1,-1,-1,0,46596,1428,61,wcc_grouped,1.02368,1.02531,114229248,15528099840,15642329088,-1,-1
instances/vars_1.8_all/instance_23311v185_1.80r0.cnf,all,23311,41960,-1,-1,-1,0,46596,1428,61,heuristic1,519.981,519.99,114229248,15528099840,15642329088,5544,6256
instances/vars_1.8_all/instance_23311v185_1.80r0.cnf,all,23311,41960,-1,-1,-1,0,46596,1428,61,heuristic2,411.647,411.652,114229248,15528099840,15642329088,4766,5479
instances/vars_1.8_all/instance_23311v185_1.80r0.cnf,all,23311,41960,-1,-1,-1,0,46596,1428,61,heuristic3,522.244,522.251,114229248,15528099840,15642329088,4895,5607
instances/vars_1.8_all/instance_23311v185_1.80r0.cnf,all,23311,41960,-1,-1,-1,0,46596,1428,61,heuristic4,185689,185691,114229248,15528099840,15642329088,4360,5072
instances/vars_1.8_all/instance_23311v185_1.80r0.cnf,all,23311,41960,-1,-1,-1,0,46596,1428,61,cleanup_device,0.565918,0.56608,112132096,15530196992,15642329088,-1,-1
instances/vars_1.8_all/instance_23311v185_1.80r0.cnf,all,23311,41960,-1,-1,-1,0,46596,1428,61,total,187181,-1,112132096,15530196992,15642329088,-1,-1
instances/vars_1.8_all/instance_23432v186_1.80r0.cnf,all,23432,42178,-1,-1,-1,0,46864,1424,88,read_instance,12.2678,-1,107937792,15534391296,15642329088,-1,-1
instances/vars_1.8_all/instance_23432v186_1.80r0.cnf,all,23432,42178,-1,-1,-1,0,46864,1424,88,alloc_graph,0.374512,0.384608,110034944,15532294144,15642329088,-1,-1
instances/vars_1.8_all/instance_23432v186_1.80r0.cnf,all,23432,42178,-1,-1,-1,0,46864,1424,88,scc,5.31714,5.3185,112132096,15530196992,15642329088,-1,-1
instances/vars_1.8_all/instance_23432v186_1.80r0.cnf,all,23432,42178,-1,-1,-1,0,46864,1424,88,topo_sort,1.7644,1.76374,112132096,15530196992,15642329088,-1,-1
instances/vars_1.8_all/instance_23432v186_1.80r0.cnf,all,23432,42178,-1,-1,-1,0,46864,1424,88,backbone,14.262,14.273,112132096,15530196992,15642329088,-1,-1
instances/vars_1.8_all/instance_23432v186_1.80r0.cnf,all,23432,42178,-1,-1,-1,0,46864,1424,88,wcc,0.32666,0.32656,112132096,15530196992,15642329088,-1,-1
instances/vars_1.8_all/instance_23432v186_1.80r0.cnf,all,23432,42178,-1,-1,-1,0,46864,1424,88,wcc_grouped,0.841064,0.839968,114229248,15528099840,15642329088,-1,-1
instances/vars_1.8_all/instance_23432v186_1.80r0.cnf,all,23432,42178,-1,-1,-1,0,46864,1424,88,heuristic1,523.937,523.945,114229248,15528099840,15642329088,5647,6359
instances/vars_1.8_all/instance_23432v186_1.80r0.cnf,all,23432,42178,-1,-1,-1,0,46864,1424,88,heuristic2,419.876,419.882,114229248,15528099840,15642329088,4774,5484
instances/vars_1.8_all/instance_23432v186_1.80r0.cnf,all,23432,42178,-1,-1,-1,0,46864,1424,88,heuristic3,519.341,519.348,114229248,15528099840,15642329088,4886,5596
instances/vars_1.8_all/instance_23432v186_1.80r0.cnf,all,23432,42178,-1,-1,-1,0,46864,1424,88,heuristic4,186243,186246,114229248,15528099840,15642329088,4335,5045
instances/vars_1.8_all/instance_23432v186_1.80r0.cnf,all,23432,42178,-1,-1,-1,0,46864,1424,88,cleanup_device,0.570801,0.57104,112132096,15530196992,15642329088,-1,-1
instances/vars_1.8_all/instance_23432v186_1.80r0.cnf,all,23432,42178,-1,-1,-1,0,46864,1424,88,total,187745,-1,112132096,15530196992,15642329088,-1,-1
instances/vars_1.8_all/instance_23552v187_1.80r0.cnf,all,23552,42394,-1,-1,-1,0,47094,1472,70,read_instance,12.9639,-1,107937792,15534391296,15642329088,-1,-1
instances/vars_1.8_all/instance_23552v187_1.80r0.cnf,all,23552,42394,-1,-1,-1,0,47094,1472,70,alloc_graph,0.380859,0.388288,110034944,15532294144,15642329088,-1,-1
instances/vars_1.8_all/instance_23552v187_1.80r0.cnf,all,23552,42394,-1,-1,-1,0,47094,1472,70,scc,5.04395,5.0456,112132096,15530196992,15642329088,-1,-1
instances/vars_1.8_all/instance_23552v187_1.80r0.cnf,all,23552,42394,-1,-1,-1,0,47094,1472,70,topo_sort,1.40918,1.40934,112132096,15530196992,15642329088,-1,-1
instances/vars_1.8_all/instance_23552v187_1.80r0.cnf,all,23552,42394,-1,-1,-1,0,47094,1472,70,backbone,14.2808,14.2871,112132096,15530196992,15642329088,-1,-1
instances/vars_1.8_all/instance_23552v187_1.80r0.cnf,all,23552,42394,-1,-1,-1,0,47094,1472,70,wcc,0.309814,0.309248,112132096,15530196992,15642329088,-1,-1
instances/vars_1.8_all/instance_23552v187_1.80r0.cnf,all,23552,42394,-1,-1,-1,0,47094,1472,70,wcc_grouped,0.915283,0.915072,114229248,15528099840,15642329088,-1,-1
instances/vars_1.8_all/instance_23552v187_1.80r0.cnf,all,23552,42394,-1,-1,-1,0,47094,1472,70,heuristic1,540.1,540.107,114229248,15528099840,15642329088,5645,6382
instances/vars_1.8_all/instance_23552v187_1.80r0.cnf,all,23552,42394,-1,-1,-1,0,47094,1472,70,heuristic2,429.557,429.562,114229248,15528099840,15642329088,4806,5545
instances/vars_1.8_all/instance_23552v187_1.80r0.cnf,all,23552,42394,-1,-1,-1,0,47094,1472,70,heuristic3,536.505,536.513,114229248,15528099840,15642329088,4896,5630
instances/vars_1.8_all/instance_23552v187_1.80r0.cnf,all,23552,42394,-1,-1,-1,0,47094,1472,70,heuristic4,191036,191038,114229248,15528099840,15642329088,4407,5141
instances/vars_1.8_all/instance_23552v187_1.80r0.cnf,all,23552,42394,-1,-1,-1,0,47094,1472,70,cleanup_device,0.54834,0.548224,112132096,15530196992,15642329088,-1,-1
instances/vars_1.8_all/instance_23552v187_1.80r0.cnf,all,23552,42394,-1,-1,-1,0,47094,1472,70,total,192580,-1,112132096,15530196992,15642329088,-1,-1
instances/vars_1.8_all/instance_23673v188_1.80r0.cnf,all,23673,42611,-1,-1,-1,0,47342,1378,58,read_instance,12.6807,-1,107937792,15534391296,15642329088,-1,-1
instances/vars_1.8_all/instance_23673v188_1.80r0.cnf,all,23673,42611,-1,-1,-1,0,47342,1378,58,alloc_graph,0.343018,0.353696,110034944,15532294144,15642329088,-1,-1
instances/vars_1.8_all/instance_23673v188_1.80r0.cnf,all,23673,42611,-1,-1,-1,0,47342,1378,58,scc,5.21899,5.22051,112132096,15530196992,15642329088,-1,-1
instances/vars_1.8_all/instance_23673v188_1.80r0.cnf,all,23673,42611,-1,-1,-1,0,47342,1378,58,topo_sort,1.1897,1.1888,112132096,15530196992,15642329088,-1,-1
instances/vars_1.8_all/instance_23673v188_1.80r0.cnf,all,23673,42611,-1,-1,-1,0,47342,1378,58,backbone,14.2515,14.2575,112132096,15530196992,15642329088,-1,-1
instances/vars_1.8_all/instance_23673v188_1.80r0.cnf,all,23673,42611,-1,-1,-1,0,47342,1378,58,wcc,0.311768,0.311296,112132096,15530196992,15642329088,-1,-1
instances/vars_1.8_all/instance_23673v188_1.80r0.cnf,all,23673,42611,-1,-1,-1,0,47342,1378,58,wcc_grouped,0.931885,0.931776,114229248,15528099840,15642329088,-1,-1
instances/vars_1.8_all/instance_23673v188_1.80r0.cnf,all,23673,42611,-1,-1,-1,0,47342,1378,58,heuristic1,542.336,542.343,114229248,15528099840,15642329088,5700,6390
instances/vars_1.8_all/instance_23673v188_1.80r0.cnf,all,23673,42611,-1,-1,-1,0,47342,1378,58,heuristic2,434.773,434.779,114229248,15528099840,15642329088,4914,5602
instances/vars_1.8_all/instance_23673v188_1.80r0.cnf,all,23673,42611,-1,-1,-1,0,47342,1378,58,heuristic3,543.386,543.393,114229248,15528099840,15642329088,4954,5642
instances/vars_1.8_all/instance_23673v188_1.80r0.cnf,all,23673,42611,-1,-1,-1,0,47342,1378,58,heuristic4,195297,195300,114229248,15528099840,15642329088,4458,5146
instances/vars_1.8_all/instance_23673v188_1.80r0.cnf,all,23673,42611,-1,-1,-1,0,47342,1378,58,cleanup_device,0.564453,0.564704,112132096,15530196992,15642329088,-1,-1
instances/vars_1.8_all/instance_23673v188_1.80r0.cnf,all,23673,42611,-1,-1,-1,0,47342,1378,58,total,196856,-1,112132096,15530196992,15642329088,-1,-1
instances/vars_1.8_all/instance_23793v189_1.80r0.cnf,all,23793,42827,-1,-1,-1,0,47578,1486,56,read_instance,12.1619,-1,107937792,15534391296,15642329088,-1,-1
instances/vars_1.8_all/instance_23793v189_1.80r0.cnf,all,23793,42827,-1,-1,-1,0,47578,1486,56,alloc_graph,0.367432,0.37552,110034944,15532294144,15642329088,-1,-1
instances/vars_1.8_all/instance_23793v189_1.80r0.cnf,all,23793,42827,-1,-1,-1,0,47578,1486,56,scc,4.75977,4.76038,112132096,15530196992,15642329088,-1,-1
instances/vars_1.8_all/instance_23793v189_1.80r0.cnf,all,23793,42827,-1,-1,-1,0,47578,1486,56,topo_sort,1.11792,1.11728,112132096,15530196992,15642329088,-1,-1
instances/vars_1.8_all/instance_23793v189_1.80r0.cnf,all,23793,42827,-1,-1,-1,0,47578,1486,56,backbone,14.1848,14.1929,112132096,15530196992,15642329088,-1,-1
instances/vars_1.8_all/instance_23793v189_1.80r0.cnf,all,23793,42827,-1,-1,-1,0,47578,1486,56,wcc,0.337646,0.336224,112132096,15530196992,15642329088,-1,-1
instances/vars_1.8_all/instance_23793v189_1.80r0.cnf,all,23793,42827,-1,-1,-1,0,47578,1486,56,wcc_grouped,0.865967,0.864288,114229248,15528099840,15642329088,-1,-1
instances/vars_1.8_all/instance_23793v189_1.80r0.cnf,all,23793,42827,-1,-1,-1,0,47578,1486,56,heuristic1,542.625,542.634,114229248,15528099840,15642329088,5707,6448
instances/vars_1.8_all/instance_23793v189_1.80r0.cnf,all,23793,42827,-1,-1,-1,0,47578,1486,56,heuristic2,436.593,436.598,114229248,15528099840,15642329088,4903,5645
instances/vars_1.8_all/instance_23793v189_1.80r0.cnf,all,23793,42827,-1,-1,-1,0,47578,1486,56,heuristic3,540.763,540.771,114229248,15528099840,15642329088,4931,5672
instances/vars_1.8_all/instance_23793v189_1.80r0.cnf,all,23793,42827,-1,-1,-1,0,47578,1486,56,heuristic4,196578,196581,114229248,15528099840,15642329088,4445,5186
instances/vars_1.8_all/instance_23793v189_1.80r0.cnf,all,23793,42827,-1,-1,-1,0,47578,1486,56,cleanup_device,0.478516,0.479072,112132096,15530196992,15642329088,-1,-1
instances/vars_1.8_all/instance_23793v189_1.80r0.cnf,all,23793,42827,-1,-1,-1,0,47578,1486,56,total,198135,-1,112132096,15530196992,15642329088,-1,-1
instances/vars_1.8_all/instance_23914v190_1.80r0.cnf,all,23914,43045,-1,-1,-1,0,47828,1512,73,read_instance,12.5264,-1,107937792,15534391296,15642329088,-1,-1
instances/vars_1.8_all/instance_23914v190_1.80r0.cnf,all,23914,43045,-1,-1,-1,0,47828,1512,73,alloc_graph,0.506104,0.405504,110034944,15532294144,15642329088,-1,-1
instances/vars_1.8_all/instance_23914v190_1.80r0.cnf,all,23914,43045,-1,-1,-1,0,47828,1512,73,scc,5.07104,5.07251,112132096,15530196992,15642329088,-1,-1
instances/vars_1.8_all/instance_23914v190_1.80r0.cnf,all,23914,43045,-1,-1,-1,0,47828,1512,73,topo_sort,1.4563,1.45549,112132096,15530196992,15642329088,-1,-1
instances/vars_1.8_all/instance_23914v190_1.80r0.cnf,all,23914,43045,-1,-1,-1,0,47828,1512,73,backbone,14.5532,14.5625,112132096,15530196992,15642329088,-1,-1
instances/vars_1.8_all/instance_23914v190_1.80r0.cnf,all,23914,43045,-1,-1,-1,0,47828,1512,73,wcc,0.315918,0.315808,112132096,15530196992,15642329088,-1,-1
instances/vars_1.8_all/instance_23914v190_1.80r0.cnf,all,23914,43045,-1,-1,-1,0,47828,1512,73,wcc_grouped,0.92627,0.925472,114229248,15528099840,15642329088,-1,-1
instances/vars_1.8_all/instance_23914v190_1.80r0.cnf,all,23914,43045,-1,-1,-1,0,47828,1512,73,heuristic1,548.696,548.703,114229248,15528099840,15642329088,5673,6430
instances/vars_1.8_all/instance_23914v190_1.80r0.cnf,all,23914,43045,-1,-1,-1,0,47828,1512,73,heuristic2,440.772,440.778,114229248,15528099840,15642329088,4922,5678
instances/vars_1.8_all/instance_23914v190_1.80r0.cnf,all,23914,43045,-1,-1,-1,0,47828,1512,73,heuristic3,548.938,548.946,114229248,15528099840,15642329088,4974,5728
instances/vars_1.8_all/instance_23914v190_1.80r0.cnf,all,23914,43045,-1,-1,-1,0,47828,1512,73,heuristic4,201729,201732,114229248,15528099840,15642329088,4489,5243
instances/vars_1.8_all/instance_23914v190_1.80r0.cnf,all,23914,43045,-1,-1,-1,0,47828,1512,73,cleanup_device,0.582764,0.58288,112132096,15530196992,15642329088,-1,-1
instances/vars_1.8_all/instance_23914v190_1.80r0.cnf,all,23914,43045,-1,-1,-1,0,47828,1512,73,total,203306,-1,112132096,15530196992,15642329088,-1,-1
instances/vars_1.8_all/instance_24035v191_1.80r0.cnf,all,24035,43263,-1,-1,-1,0,48070,1476,54,read_instance,12.011,-1,107937792,15534391296,15642329088,-1,-1
instances/vars_1.8_all/instance_24035v191_1.80r0.cnf,all,24035,43263,-1,-1,-1,0,48070,1476,54,alloc_graph,0.340088,0.351424,110034944,15532294144,15642329088,-1,-1
instances/vars_1.8_all/instance_24035v191_1.80r0.cnf,all,24035,43263,-1,-1,-1,0,48070,1476,54,scc,4.948,4.94947,112132096,15530196992,15642329088,-1,-1
instances/vars_1.8_all/instance_24035v191_1.80r0.cnf,all,24035,43263,-1,-1,-1,0,48070,1476,54,topo_sort,1.08521,1.08435,112132096,15530196992,15642329088,-1,-1
instances/vars_1.8_all/instance_24035v191_1.80r0.cnf,all,24035,43263,-1,-1,-1,0,48070,1476,54,backbone,13.7273,13.7356,112132096,15530196992,15642329088,-1,-1
instances/vars_1.8_all/instance_24035v191_1.80r0.cnf,all,24035,43263,-1,-1,-1,0,48070,1476,54,wcc,0.305664,0.305152,112132096,15530196992,15642329088,-1,-1
instances/vars_1.8_all/instance_24035v191_1.80r0.cnf,all,24035,43263,-1,-1,-1,0,48070,1476,54,wcc_grouped,0.947021,0.946336,114229248,15528099840,15642329088,-1,-1
instances/vars_1.8_all/instance_24035v191_1.80r0.cnf,all,24035,43263,-1,-1,-1,0,48070,1476,54,heuristic1,558.445,558.453,114229248,15528099840,15642329088,5844,6580
instances/vars_1.8_all/instance_24035v191_1.80r0.cnf,all,24035,43263,-1,-1,-1,0,48070,1476,54,heuristic2,442.474,442.479,114229248,15528099840,15642329088,4956,5692
instances/vars_1.8_all/instance_24035v191_1.80r0.cnf,all,24035,43263,-1,-1,-1,0,48070,1476,54,heuristic3,557.872,557.88,114229248,15528099840,15642329088,5054,5790
instances/vars_1.8_all/instance_24035v191_1.80r0.cnf,all,24035,43263,-1,-1,-1,0,48070,1476,54,heuristic4,202676,202679,114229248,15528099840,15642329088,4482,5218
instances/vars_1.8_all/instance_24035v191_1.80r0.cnf,all,24035,43263,-1,-1,-1,0,48070,1476,54,cleanup_device,0.57373,0.573696,112132096,15530196992,15642329088,-1,-1
instances/vars_1.8_all/instance_24035v191_1.80r0.cnf,all,24035,43263,-1,-1,-1,0,48070,1476,54,total,204272,-1,112132096,15530196992,15642329088,-1,-1
instances/vars_1.8_all/instance_24155v192_1.80r0.cnf,all,24155,43479,-1,-1,-1,0,48306,1460,46,read_instance,11.9907,-1,107937792,15534391296,15642329088,-1,-1
instances/vars_1.8_all/instance_24155v192_1.80r0.cnf,all,24155,43479,-1,-1,-1,0,48306,1460,46,alloc_graph,0.313232,0.323904,110034944,15532294144,15642329088,-1,-1
instances/vars_1.8_all/instance_24155v192_1.80r0.cnf,all,24155,43479,-1,-1,-1,0,48306,1460,46,scc,4.50195,4.50288,112132096,15530196992,15642329088,-1,-1
instances/vars_1.8_all/instance_24155v192_1.80r0.cnf,all,24155,43479,-1,-1,-1,0,48306,1460,46,topo_sort,0.917969,0.917632,112132096,15530196992,15642329088,-1,-1
instances/vars_1.8_all/instance_24155v192_1.80r0.cnf,all,24155,43479,-1,-1,-1,0,48306,1460,46,backbone,14.1267,14.1358,112132096,15530196992,15642329088,-1,-1
instances/vars_1.8_all/instance_24155v192_1.80r0.cnf,all,24155,43479,-1,-1,-1,0,48306,1460,46,wcc,0.318115,0.318912,112132096,15530196992,15642329088,-1,-1
instances/vars_1.8_all/instance_24155v192_1.80r0.cnf,all,24155,43479,-1,-1,-1,0,48306,1460,46,wcc_grouped,0.87793,0.876736,114229248,15528099840,15642329088,-1,-1
instances/vars_1.8_all/instance_24155v192_1.80r0.cnf,all,24155,43479,-1,-1,-1,0,48306,1460,46,heuristic1,560.569,560.577,114229248,15528099840,15642329088,5862,6594
instances/vars_1.8_all/instance_24155v192_1.80r0.cnf,all,24155,43479,-1,-1,-1,0,48306,1460,46,heuristic2,452.422,452.427,114229248,15528099840,15642329088,4973,5703
instances/vars_1.8_all/instance_24155v192_1.80r0.cnf,all,24155,43479,-1,-1,-1,0,48306,1460,46,heuristic3,552.246,552.247,114229248,15528099840,15642329088,4941,5670
instances/vars_1.8_all/instance_24155v192_1.80r0.cnf,all,24155,43479,-1,-1,-1,0,48306,1460,46,heuristic4,206504,206507,114229248,15528099840,15642329088,4527,5256
instances/vars_1.8_all/instance_24155v192_1.80r0.cnf,all,24155,43479,-1,-1,-1,0,48306,1460,46,cleanup_device,0.495605,0.493024,112132096,15530196992,15642329088,-1,-1
instances/vars_1.8_all/instance_24155v192_1.80r0.cnf,all,24155,43479,-1,-1,-1,0,48306,1460,46,total,208105,-1,112132096,15530196992,15642329088,-1,-1
instances/vars_1.8_all/instance_24276v193_1.80r0.cnf,all,24276,43697,-1,-1,-1,0,48548,1472,67,read_instance,11.9543,-1,107937792,15534391296,15642329088,-1,-1
instances/vars_1.8_all/instance_24276v193_1.80r0.cnf,all,24276,43697,-1,-1,-1,0,48548,1472,67,alloc_graph,0.346436,0.356832,110034944,15532294144,15642329088,-1,-1
instances/vars_1.8_all/instance_24276v193_1.80r0.cnf,all,24276,43697,-1,-1,-1,0,48548,1472,67,scc,4.87866,4.87971,112132096,15530196992,15642329088,-1,-1
instances/vars_1.8_all/instance_24276v193_1.80r0.cnf,all,24276,43697,-1,-1,-1,0,48548,1472,67,topo_sort,1.37305,1.37344,112132096,15530196992,15642329088,-1,-1
instances/vars_1.8_all/instance_24276v193_1.80r0.cnf,all,24276,43697,-1,-1,-1,0,48548,1472,67,backbone,14.5847,14.5919,112132096,15530196992,15642329088,-1,-1
instances/vars_1.8_all/instance_24276v193_1.80r0.cnf,all,24276,43697,-1,-1,-1,0,48548,1472,67,wcc,0.322021,0.321824,112132096,15530196992,15642329088,-1,-1
instances/vars_1.8_all/instance_24276v193_1.80r0.cnf,all,24276,43697,-1,-1,-1,0,48548,1472,67,wcc_grouped,0.849121,0.847264,114229248,15528099840,15642329088,-1,-1
instances/vars_1.8_all/instance_24276v193_1.80r0.cnf,all,24276,43697,-1,-1,-1,0,48548,1472,67,heuristic1,565.776,565.784,114229248,15528099840,15642329088,5815,6550
instances/vars_1.8_all/instance_24276v193_1.80r0.cnf,all,24276,43697,-1,-1,-1,0,48548,1472,67,heuristic2,459.107,459.114,114229248,15528099840,15642329088,4958,5694
instances/vars_1.8_all/instance_24276v193_1.80r0.cnf,all,24276,43697,-1,-1,-1,0,48548,1472,67,heuristic3,572.434,572.443,114229248,15528099840,15642329088,5083,5817
instances/vars_1.8_all/instance_24276v193_1.80r0.cnf,all,24276,43697,-1,-1,-1,0,48548,1472,67,heuristic4,208727,208730,114229248,15528099840,15642329088,4521,5255
instances/vars_1.8_all/instance_24276v193_1.80r0.cnf,all,24276,43697,-1,-1,-1,0,48548,1472,67,cleanup_device,0.511963,0.512128,112132096,15530196992,15642329088,-1,-1
instances/vars_1.8_all/instance_24276v193_1.80r0.cnf,all,24276,43697,-1,-1,-1,0,48548,1472,67,total,210362,-1,112132096,15530196992,15642329088,-1,-1
instances/vars_1.8_all/instance_24396v194_1.80r0.cnf,all,24396,43913,-1,-1,-1,0,48788,1426,103,read_instance,13.9209,-1,107937792,15534391296,15642329088,-1,-1
instances/vars_1.8_all/instance_24396v194_1.80r0.cnf,all,24396,43913,-1,-1,-1,0,48788,1426,103,alloc_graph,0.466309,0.46352,110034944,15532294144,15642329088,-1,-1
instances/vars_1.8_all/instance_24396v194_1.80r0.cnf,all,24396,43913,-1,-1,-1,0,48788,1426,103,scc,5.71899,5.72157,112132096,15530196992,15642329088,-1,-1
instances/vars_1.8_all/instance_24396v194_1.80r0.cnf,all,24396,43913,-1,-1,-1,0,48788,1426,103,topo_sort,2.01172,2.01136,112132096,15530196992,15642329088,-1,-1
instances/vars_1.8_all/instance_24396v194_1.80r0.cnf,all,24396,43913,-1,-1,-1,0,48788,1426,103,backbone,15.0471,15.0579,112132096,15530196992,15642329088,-1,-1
instances/vars_1.8_all/instance_24396v194_1.80r0.cnf,all,24396,43913,-1,-1,-1,0,48788,1426,103,wcc,0.367432,0.368064,112132096,15530196992,15642329088,-1,-1
instances/vars_1.8_all/instance_24396v194_1.80r0.cnf,all,24396,43913,-1,-1,-1,0,48788,1426,103,wcc_grouped,0.820312,0.8192,114229248,15528099840,15642329088,-1,-1
instances/vars_1.8_all/instance_24396v194_1.80r0.cnf,all,24396,43913,-1,-1,-1,0,48788,1426,103,heuristic1,543.835,543.843,114229248,15528099840,15642329088,5840,6552
instances/vars_1.8_all/instance_24396v194_1.80r0.cnf,all,24396,43913,-1,-1,-1,0,48788,1426,103,heuristic2,442.679,442.685,114229248,15528099840,15642329088,5065,5778
instances/vars_1.8_all/instance_24396v194_1.80r0.cnf,all,24396,43913,-1,-1,-1,0,48788,1426,103,heuristic3,539.949,539.958,114229248,15528099840,15642329088,4994,5705
instances/vars_1.8_all/instance_24396v194_1.80r0.cnf,all,24396,43913,-1,-1,-1,0,48788,1426,103,heuristic4,213204,213207,114229248,15528099840,15642329088,4550,5261
instances/vars_1.8_all/instance_24396v194_1.80r0.cnf,all,24396,43913,-1,-1,-1,0,48788,1426,103,cleanup_device,0.534912,0.535904,112132096,15530196992,15642329088,-1,-1
instances/vars_1.8_all/instance_24396v194_1.80r0.cnf,all,24396,43913,-1,-1,-1,0,48788,1426,103,total,214772,-1,112132096,15530196992,15642329088,-1,-1
instances/vars_1.8_all/instance_2447v12_1.80r0.cnf,all,2447,4405,-1,-1,-1,0,4894,146,51,read_instance,1.32788,-1,107937792,15534391296,15642329088,-1,-1
instances/vars_1.8_all/instance_2447v12_1.80r0.cnf,all,2447,4405,-1,-1,-1,0,4894,146,51,alloc_graph,0.193115,0.181344,110034944,15532294144,15642329088,-1,-1
instances/vars_1.8_all/instance_2447v12_1.80r0.cnf,all,2447,4405,-1,-1,-1,0,4894,146,51,scc,4.72266,4.72282,112132096,15530196992,15642329088,-1,-1
instances/vars_1.8_all/instance_2447v12_1.80r0.cnf,all,2447,4405,-1,-1,-1,0,4894,146,51,topo_sort,1.05103,1.05018,112132096,15530196992,15642329088,-1,-1
instances/vars_1.8_all/instance_2447v12_1.80r0.cnf,all,2447,4405,-1,-1,-1,0,4894,146,51,backbone,5.81982,5.82512,112132096,15530196992,15642329088,-1,-1
instances/vars_1.8_all/instance_2447v12_1.80r0.cnf,all,2447,4405,-1,-1,-1,0,4894,146,51,wcc,0.239502,0.239616,112132096,15530196992,15642329088,-1,-1
instances/vars_1.8_all/instance_2447v12_1.80r0.cnf,all,2447,4405,-1,-1,-1,0,4894,146,51,wcc_grouped,1.08618,1.08611,112132096,15530196992,15642329088,-1,-1
instances/vars_1.8_all/instance_2447v12_1.80r0.cnf,all,2447,4405,-1,-1,-1,0,4894,146,51,heuristic1,53.9653,53.9662,112132096,15530196992,15642329088,613,684
instances/vars_1.8_all/instance_2447v12_1.80r0.cnf,all,2447,4405,-1,-1,-1,0,4894,146,51,heuristic2,42.2222,42.2228,112132096,15530196992,15642329088,508,579
instances/vars_1.8_all/instance_2447v12_1.80r0.cnf,all,2447,4405,-1,-1,-1,0,4894,146,51,heuristic3,50.1658,50.1663,112132096,15530196992,15642329088,520,591
instances/vars_1.8_all/instance_2447v12_1.80r0.cnf,all,2447,4405,-1,-1,-1,0,4894,146,51,heuristic4,5403.77,5403.85,112132096,15530196992,15642329088,487,558
instances/vars_1.8_all/instance_2447v12_1.80r0.cnf,all,2447,4405,-1,-1,-1,0,4894,146,51,cleanup_device,0.0424805,0.042144,112132096,15530196992,15642329088,-1,-1
instances/vars_1.8_all/instance_2447v12_1.80r0.cnf,all,2447,4405,-1,-1,-1,0,4894,146,51,total,5565.57,-1,112132096,15530196992,15642329088,-1,-1
instances/vars_1.8_all/instance_24517v195_1.80r0.cnf,all,24517,44131,-1,-1,-1,0,49032,1356,74,read_instance,12.6128,-1,107937792,15534391296,15642329088,-1,-1
instances/vars_1.8_all/instance_24517v195_1.80r0.cnf,all,24517,44131,-1,-1,-1,0,49032,1356,74,alloc_graph,0.313965,0.31712,110034944,15532294144,15642329088,-1,-1
instances/vars_1.8_all/instance_24517v195_1.80r0.cnf,all,24517,44131,-1,-1,-1,0,49032,1356,74,scc,4.79688,4.79818,112132096,15530196992,15642329088,-1,-1
instances/vars_1.8_all/instance_24517v195_1.80r0.cnf,all,24517,44131,-1,-1,-1,0,49032,1356,74,topo_sort,1.48779,1.48739,112132096,15530196992,15642329088,-1,-1
instances/vars_1.8_all/instance_24517v195_1.80r0.cnf,all,24517,44131,-1,-1,-1,0,49032,1356,74,backbone,14.9531,14.9609,112132096,15530196992,15642329088,-1,-1
instances/vars_1.8_all/instance_24517v195_1.80r0.cnf,all,24517,44131,-1,-1,-1,0,49032,1356,74,wcc,0.318848,0.318048,112132096,15530196992,15642329088,-1,-1
instances/vars_1.8_all/instance_24517v195_1.80r0.cnf,all,24517,44131,-1,-1,-1,0,49032,1356,74,wcc_grouped,0.897705,0.89696,114229248,15528099840,15642329088,-1,-1
instances/vars_1.8_all/instance_24517v195_1.80r0.cnf,all,24517,44131,-1,-1,-1,0,49032,1356,74,heuristic1,555.889,555.897,114229248,15528099840,15642329088,5886,6563
instances/vars_1.8_all/instance_24517v195_1.80r0.cnf,all,24517,44131,-1,-1,-1,0,49032,1356,74,heuristic2,432.409,432.414,114229248,15528099840,15642329088,4949,5628
instances/vars_1.8_all/instance_24517v195_1.80r0.cnf,all,24517,44131,-1,-1,-1,0,49032,1356,74,heuristic3,550.496,550.505,114229248,15528099840,15642329088,5098,5775
instances/vars_1.8_all/instance_24517v195_1.80r0.cnf,all,24517,44131,-1,-1,-1,0,49032,1356,74,heuristic4,214574,214577,114229248,15528099840,15642329088,4556,5233
instances/vars_1.8_all/instance_24517v195_1.80r0.cnf,all,24517,44131,-1,-1,-1,0,49032,1356,74,cleanup_device,0.516357,0.516352,112132096,15530196992,15642329088,-1,-1
instances/vars_1.8_all/instance_24517v195_1.80r0.cnf,all,24517,44131,-1,-1,-1,0,49032,1356,74,total,216152,-1,112132096,15530196992,15642329088,-1,-1
instances/vars_1.8_all/instance_24638v196_1.80r0.cnf,all,24638,44348,-1,-1,-1,0,49274,1450,68,read_instance,13.3123,-1,107937792,15534391296,15642329088,-1,-1
instances/vars_1.8_all/instance_24638v196_1.80r0.cnf,all,24638,44348,-1,-1,-1,0,49274,1450,68,alloc_graph,0.418945,0.418912,110034944,15532294144,15642329088,-1,-1
instances/vars_1.8_all/instance_24638v196_1.80r0.cnf,all,24638,44348,-1,-1,-1,0,49274,1450,68,scc,5.10449,5.10605,112132096,15530196992,15642329088,-1,-1
instances/vars_1.8_all/instance_24638v196_1.80r0.cnf,all,24638,44348,-1,-1,-1,0,49274,1450,68,topo_sort,1.40137,1.40176,112132096,15530196992,15642329088,-1,-1
instances/vars_1.8_all/instance_24638v196_1.80r0.cnf,all,24638,44348,-1,-1,-1,0,49274,1450,68,backbone,15.2263,15.2416,112132096,15530196992,15642329088,-1,-1
instances/vars_1.8_all/instance_24638v196_1.80r0.cnf,all,24638,44348,-1,-1,-1,0,49274,1450,68,wcc,0.361084,0.360448,112132096,15530196992,15642329088,-1,-1
instances/vars_1.8_all/instance_24638v196_1.80r0.cnf,all,24638,44348,-1,-1,-1,0,49274,1450,68,wcc_grouped,0.802979,0.797056,114229248,15528099840,15642329088,-1,-1
instances/vars_1.8_all/instance_24638v196_1.80r0.cnf,all,24638,44348,-1,-1,-1,0,49274,1450,68,heuristic1,568.918,568.926,114229248,15528099840,15642329088,5881,6604
instances/vars_1.8_all/instance_24638v196_1.80r0.cnf,all,24638,44348,-1,-1,-1,0,49274,1450,68,heuristic2,453.416,453.42,114229248,15528099840,15642329088,5074,5797
instances/vars_1.8_all/instance_24638v196_1.80r0.cnf,all,24638,44348,-1,-1,-1,0,49274,1450,68,heuristic3,568.181,568.188,114229248,15528099840,15642329088,5137,5860
instances/vars_1.8_all/instance_24638v196_1.80r0.cnf,all,24638,44348,-1,-1,-1,0,49274,1450,68,heuristic4,220551,220554,114229248,15528099840,15642329088,4634,5357
instances/vars_1.8_all/instance_24638v196_1.80r0.cnf,all,24638,44348,-1,-1,-1,0,49274,1450,68,cleanup_device,0.519043,0.519584,112132096,15530196992,15642329088,-1,-1
instances/vars_1.8_all/instance_24638v196_1.80r0.cnf,all,24638,44348,-1,-1,-1,0,49274,1450,68,total,222181,-1,112132096,15530196992,15642329088,-1,-1
instances/vars_1.8_all/instance_24758v197_1.80r0.cnf,all,24758,44564,-1,-1,-1,0,49516,1492,101,read_instance,14.3696,-1,107937792,15534391296,15642329088,-1,-1
instances/vars_1.8_all/instance_24758v197_1.80r0.cnf,all,24758,44564,-1,-1,-1,0,49516,1492,101,alloc_graph,0.438965,0.437632,110034944,15532294144,15642329088,-1,-1
instances/vars_1.8_all/instance_24758v197_1.80r0.cnf,all,24758,44564,-1,-1,-1,0,49516,1492,101,scc,5.48926,5.49142,112132096,15530196992,15642329088,-1,-1
instances/vars_1.8_all/instance_24758v197_1.80r0.cnf,all,24758,44564,-1,-1,-1,0,49516,1492,101,topo_sort,2.05933,2.05914,112132096,15530196992,15642329088,-1,-1
instances/vars_1.8_all/instance_24758v197_1.80r0.cnf,all,24758,44564,-1,-1,-1,0,49516,1492,101,backbone,15.7498,15.7654,112132096,15530196992,15642329088,-1,-1
instances/vars_1.8_all/instance_24758v197_1.80r0.cnf,all,24758,44564,-1,-1,-1,0,49516,1492,101,wcc,0.312256,0.311296,112132096,15530196992,15642329088,-1,-1
instances/vars_1.8_all/instance_24758v197_1.80r0.cnf,all,24758,44564,-1,-1,-1,0,49516,1492,101,wcc_grouped,0.833984,0.833376,114229248,15528099840,15642329088,-1,-1
instances/vars_1.8_all/instance_24758v197_1.80r0.cnf,all,24758,44564,-1,-1,-1,0,49516,1492,101,heuristic1,554.421,554.43,114229248,15528099840,15642329088,5943,6689
instances/vars_1.8_all/instance_24758v197_1.80r0.cnf,all,24758,44564,-1,-1,-1,0,49516,1492,101,heuristic2,436.181,436.187,114229248,15528099840,15642329088,5038,5784
instances/vars_1.8_all/instance_24758v197_1.80r0.cnf,all,24758,44564,-1,-1,-1,0,49516,1492,101,heuristic3,553.134,553.142,114229248,15528099840,15642329088,5114,5859
instances/vars_1.8_all/instance_24758v197_1.80r0.cnf,all,24758,44564,-1,-1,-1,0,49516,1492,101,heuristic4,224338,224341,114229248,15528099840,15642329088,4636,5381
instances/vars_1.8_all/instance_24758v197_1.80r0.cnf,all,24758,44564,-1,-1,-1,0,49516,1492,101,cleanup_device,0.499268,0.499776,112132096,15530196992,15642329088,-1,-1
instances/vars_1.8_all/instance_24758v197_1.80r0.cnf,all,24758,44564,-1,-1,-1,0,49516,1492,101,total,225924,-1,112132096,15530196992,15642329088,-1,-1
instances/vars_1.8_all/instance_24879v198_1.80r0.cnf,all,24879,44782,-1,-1,-1,0,49756,1618,70,read_instance,13.4578,-1,107937792,15534391296,15642329088,-1,-1
instances/vars_1.8_all/instance_24879v198_1.80r0.cnf,all,24879,44782,-1,-1,-1,0,49756,1618,70,alloc_graph,0.40332,0.406496,110034944,15532294144,15642329088,-1,-1
instances/vars_1.8_all/instance_24879v198_1.80r0.cnf,all,24879,44782,-1,-1,-1,0,49756,1618,70,scc,5.10791,5.10947,112132096,15530196992,15642329088,-1,-1
instances/vars_1.8_all/instance_24879v198_1.80r0.cnf,all,24879,44782,-1,-1,-1,0,49756,1618,70,topo_sort,1.41553,1.4151,112132096,15530196992,15642329088,-1,-1
instances/vars_1.8_all/instance_24879v198_1.80r0.cnf,all,24879,44782,-1,-1,-1,0,49756,1618,70,backbone,15.4324,15.4441,112132096,15530196992,15642329088,-1,-1
instances/vars_1.8_all/instance_24879v198_1.80r0.cnf,all,24879,44782,-1,-1,-1,0,49756,1618,70,wcc,0.352051,0.352256,112132096,15530196992,15642329088,-1,-1
instances/vars_1.8_all/instance_24879v198_1.80r0.cnf,all,24879,44782,-1,-1,-1,0,49756,1618,70,wcc_grouped,0.822998,0.820096,114229248,15528099840,15642329088,-1,-1
instances/vars_1.8_all/instance_24879v198_1.80r0.cnf,all,24879,44782,-1,-1,-1,0,49756,1618,70,heuristic1,556.855,556.863,114229248,15528099840,15642329088,5881,6688
instances/vars_1.8_all/instance_24879v198_1.80r0.cnf,all,24879,44782,-1,-1,-1,0,49756,1618,70,heuristic2,448.057,448.063,114229248,15528099840,15642329088,5060,5867
instances/vars_1.8_all/instance_24879v198_1.80r0.cnf,all,24879,44782,-1,-1,-1,0,49756,1618,70,heuristic3,556.08,556.087,114229248,15528099840,15642329088,5053,5860
instances/vars_1.8_all/instance_24879v198_1.80r0.cnf,all,24879,44782,-1,-1,-1,0,49756,1618,70,heuristic4,222971,222974,114229248,15528099840,15642329088,4596,5403
instances/vars_1.8_all/instance_24879v198_1.80r0.cnf,all,24879,44782,-1,-1,-1,0,49756,1618,70,cleanup_device,0.522217,0.522432,112132096,15530196992,15642329088,-1,-1
instances/vars_1.8_all/instance_24879v198_1.80r0.cnf,all,24879,44782,-1,-1,-1,0,49756,1618,70,total,224573,-1,112132096,15530196992,15642329088,-1,-1
instances/vars_1.8_all/instance_25000v199_1.80r0.cnf,all,25000,45000,-1,-1,-1,0,49992,1498,74,read_instance,13.0022,-1,107937792,15534391296,15642329088,-1,-1
instances/vars_1.8_all/instance_25000v199_1.80r0.cnf,all,25000,45000,-1,-1,-1,0,49992,1498,74,alloc_graph,0.356445,0.367584,110034944,15532294144,15642329088,-1,-1
instances/vars_1.8_all/instance_25000v199_1.80r0.cnf,all,25000,45000,-1,-1,-1,0,49992,1498,74,scc,5.19995,5.20106,112132096,15530196992,15642329088,-1,-1
instances/vars_1.8_all/instance_25000v199_1.80r0.cnf,all,25000,45000,-1,-1,-1,0,49992,1498,74,topo_sort,1.48145,1.48054,112132096,15530196992,15642329088,-1,-1
instances/vars_1.8_all/instance_25000v199_1.80r0.cnf,all,25000,45000,-1,-1,-1,0,49992,1498,74,backbone,15.7246,15.7321,112132096,15530196992,15642329088,-1,-1
instances/vars_1.8_all/instance_25000v199_1.80r0.cnf,all,25000,45000,-1,-1,-1,0,49992,1498,74,wcc,0.276855,0.2776,112132096,15530196992,15642329088,-1,-1
instances/vars_1.8_all/instance_25000v199_1.80r0.cnf,all,25000,45000,-1,-1,-1,0,49992,1498,74,wcc_grouped,0.953857,0.95376,114229248,15528099840,15642329088,-1,-1
instances/vars_1.8_all/instance_25000v199_1.80r0.cnf,all,25000,45000,-1,-1,-1,0,49992,1498,74,heuristic1,575.147,575.155,114229248,15528099840,15642329088,5985,6733
instances/vars_1.8_all/instance_25000v199_1.80r0.cnf,all,25000,45000,-1,-1,-1,0,49992,1498,74,heuristic2,472.729,472.734,114229248,15528099840,15642329088,5198,5947
instances/vars_1.8_all/instance_25000v199_1.80r0.cnf,all,25000,45000,-1,-1,-1,0,49992,1498,74,heuristic3,585.494,585.502,114229248,15528099840,15642329088,5200,5947
instances/vars_1.8_all/instance_25000v199_1.80r0.cnf,all,25000,45000,-1,-1,-1,0,49992,1498,74,heuristic4,230675,230678,114229248,15528099840,15642329088,4705,5452
instances/vars_1.8_all/instance_25000v199_1.80r0.cnf,all,25000,45000,-1,-1,-1,0,49992,1498,74,cleanup_device,0.309082,0.306176,112132096,15530196992,15642329088,-1,-1
instances/vars_1.8_all/instance_25000v199_1.80r0.cnf,all,25000,45000,-1,-1,-1,0,49992,1498,74,total,232349,-1,112132096,15530196992,15642329088,-1,-1
instances/vars_1.8_all/instance_2567v13_1.80r0.cnf,all,2567,4621,-1,-1,-1,0,5134,158,29,read_instance,1.50903,-1,107937792,15534391296,15642329088,-1,-1
instances/vars_1.8_all/instance_2567v13_1.80r0.cnf,all,2567,4621,-1,-1,-1,0,5134,158,29,alloc_graph,0.225342,0.211424,110034944,15532294144,15642329088,-1,-1
instances/vars_1.8_all/instance_2567v13_1.80r0.cnf,all,2567,4621,-1,-1,-1,0,5134,158,29,scc,4.76685,4.76774,112132096,15530196992,15642329088,-1,-1
instances/vars_1.8_all/instance_2567v13_1.80r0.cnf,all,2567,4621,-1,-1,-1,0,5134,158,29,topo_sort,0.613037,0.612096,112132096,15530196992,15642329088,-1,-1
instances/vars_1.8_all/instance_2567v13_1.80r0.cnf,all,2567,4621,-1,-1,-1,0,5134,158,29,backbone,5.35669,5.3625,112132096,15530196992,15642329088,-1,-1
instances/vars_1.8_all/instance_2567v13_1.80r0.cnf,all,2567,4621,-1,-1,-1,0,5134,158,29,wcc,0.23291,0.23264,112132096,15530196992,15642329088,-1,-1
instances/vars_1.8_all/instance_2567v13_1.80r0.cnf,all,2567,4621,-1,-1,-1,0,5134,158,29,wcc_grouped,1.0874,1.08749,112132096,15530196992,15642329088,-1,-1
instances/vars_1.8_all/instance_2567v13_1.80r0.cnf,all,2567,4621,-1,-1,-1,0,5134,158,29,heuristic1,55.2068,55.2081,112132096,15530196992,15642329088,623,700
instances/vars_1.8_all/instance_2567v13_1.80r0.cnf,all,2567,4621,-1,-1,-1,0,5134,158,29,heuristic2,44.385,44.3863,112132096,15530196992,15642329088,522,599
instances/vars_1.8_all/instance_2567v13_1.80r0.cnf,all,2567,4621,-1,-1,-1,0,5134,158,29,heuristic3,48.8167,48.8173,112132096,15530196992,15642329088,502,579
instances/vars_1.8_all/instance_2567v13_1.80r0.cnf,all,2567,4621,-1,-1,-1,0,5134,158,29,heuristic4,5290.14,5290.21,112132096,15530196992,15642329088,477,554
instances/vars_1.8_all/instance_2567v13_1.80r0.cnf,all,2567,4621,-1,-1,-1,0,5134,158,29,cleanup_device,0.0410156,0.040864,112132096,15530196992,15642329088,-1,-1
instances/vars_1.8_all/instance_2567v13_1.80r0.cnf,all,2567,4621,-1,-1,-1,0,5134,158,29,total,5453.38,-1,112132096,15530196992,15642329088,-1,-1
instances/vars_1.8_all/instance_2688v14_1.80r0.cnf,all,2688,4838,-1,-1,-1,0,5374,176,61,read_instance,1.42847,-1,107937792,15534391296,15642329088,-1,-1
instances/vars_1.8_all/instance_2688v14_1.80r0.cnf,all,2688,4838,-1,-1,-1,0,5374,176,61,alloc_graph,0.186768,0.173248,110034944,15532294144,15642329088,-1,-1
instances/vars_1.8_all/instance_2688v14_1.80r0.cnf,all,2688,4838,-1,-1,-1,0,5374,176,61,scc,4.67847,4.67946,112132096,15530196992,15642329088,-1,-1
instances/vars_1.8_all/instance_2688v14_1.80r0.cnf,all,2688,4838,-1,-1,-1,0,5374,176,61,topo_sort,1.20947,1.20915,112132096,15530196992,15642329088,-1,-1
instances/vars_1.8_all/instance_2688v14_1.80r0.cnf,all,2688,4838,-1,-1,-1,0,5374,176,61,backbone,5.67358,5.68442,112132096,15530196992,15642329088,-1,-1
instances/vars_1.8_all/instance_2688v14_1.80r0.cnf,all,2688,4838,-1,-1,-1,0,5374,176,61,wcc,0.237793,0.237472,112132096,15530196992,15642329088,-1,-1
instances/vars_1.8_all/instance_2688v14_1.80r0.cnf,all,2688,4838,-1,-1,-1,0,5374,176,61,wcc_grouped,1.05151,1.05267,112132096,15530196992,15642329088,-1,-1
instances/vars_1.8_all/instance_2688v14_1.80r0.cnf,all,2688,4838,-1,-1,-1,0,5374,176,61,heuristic1,55.9902,55.9914,112132096,15530196992,15642329088,648,734
instances/vars_1.8_all/instance_2688v14_1.80r0.cnf,all,2688,4838,-1,-1,-1,0,5374,176,61,heuristic2,47.197,47.1975,112132096,15530196992,15642329088,566,652
instances/vars_1.8_all/instance_2688v14_1.80r0.cnf,all,2688,4838,-1,-1,-1,0,5374,176,61,heuristic3,54.043,54.0421,112132096,15530196992,15642329088,558,644
instances/vars_1.8_all/instance_2688v14_1.80r0.cnf,all,2688,4838,-1,-1,-1,0,5374,176,61,heuristic4,5775.54,5775.62,112132096,15530196992,15642329088,519,605
instances/vars_1.8_all/instance_2688v14_1.80r0.cnf,all,2688,4838,-1,-1,-1,0,5374,176,61,cleanup_device,0.0441895,0.043616,112132096,15530196992,15642329088,-1,-1
instances/vars_1.8_all/instance_2688v14_1.80r0.cnf,all,2688,4838,-1,-1,-1,0,5374,176,61,total,5948.32,-1,112132096,15530196992,15642329088,-1,-1
instances/vars_1.8_all/instance_2809v15_1.80r0.cnf,all,2809,5056,-1,-1,-1,0,5616,174,45,read_instance,1.44434,-1,107937792,15534391296,15642329088,-1,-1
instances/vars_1.8_all/instance_2809v15_1.80r0.cnf,all,2809,5056,-1,-1,-1,0,5616,174,45,alloc_graph,0.181641,0.169984,110034944,15532294144,15642329088,-1,-1
instances/vars_1.8_all/instance_2809v15_1.80r0.cnf,all,2809,5056,-1,-1,-1,0,5616,174,45,scc,4.41919,4.42093,112132096,15530196992,15642329088,-1,-1
instances/vars_1.8_all/instance_2809v15_1.80r0.cnf,all,2809,5056,-1,-1,-1,0,5616,174,45,topo_sort,0.896484,0.895488,112132096,15530196992,15642329088,-1,-1
instances/vars_1.8_all/instance_2809v15_1.80r0.cnf,all,2809,5056,-1,-1,-1,0,5616,174,45,backbone,5.22192,5.22755,112132096,15530196992,15642329088,-1,-1
instances/vars_1.8_all/instance_2809v15_1.80r0.cnf,all,2809,5056,-1,-1,-1,0,5616,174,45,wcc,0.233643,0.233184,112132096,15530196992,15642329088,-1,-1
instances/vars_1.8_all/instance_2809v15_1.80r0.cnf,all,2809,5056,-1,-1,-1,0,5616,174,45,wcc_grouped,1.09741,1.09882,112132096,15530196992,15642329088,-1,-1
instances/vars_1.8_all/instance_2809v15_1.80r0.cnf,all,2809,5056,-1,-1,-1,0,5616,174,45,heuristic1,59.4272,59.4276,112132096,15530196992,15642329088,664,749
instances/vars_1.8_all/instance_2809v15_1.80r0.cnf,all,2809,5056,-1,-1,-1,0,5616,174,45,heuristic2,46.5178,46.5179,112132096,15530196992,15642329088,579,664
instances/vars_1.8_all/instance_2809v15_1.80r0.cnf,all,2809,5056,-1,-1,-1,0,5616,174,45,heuristic3,62.7839,62.7856,112132096,15530196992,15642329088,562,647
instances/vars_1.8_all/instance_2809v15_1.80r0.cnf,all,2809,5056,-1,-1,-1,0,5616,174,45,heuristic4,5662.01,5662.08,112132096,15530196992,15642329088,510,595
instances/vars_1.8_all/instance_2809v15_1.80r0.cnf,all,2809,5056,-1,-1,-1,0,5616,174,45,cleanup_device,0.0407715,0.040544,112132096,15530196992,15642329088,-1,-1
instances/vars_1.8_all/instance_2809v15_1.80r0.cnf,all,2809,5056,-1,-1,-1,0,5616,174,45,total,5845.25,-1,112132096,15530196992,15642329088,-1,-1
instances/vars_1.8_all/instance_2929v16_1.80r0.cnf,all,2929,5272,-1,-1,-1,0,5854,174,27,read_instance,1.59399,-1,107937792,15534391296,15642329088,-1,-1
instances/vars_1.8_all/instance_2929v16_1.80r0.cnf,all,2929,5272,-1,-1,-1,0,5854,174,27,alloc_graph,0.22998,0.212832,110034944,15532294144,15642329088,-1,-1
instances/vars_1.8_all/instance_2929v16_1.80r0.cnf,all,2929,5272,-1,-1,-1,0,5854,174,27,scc,4.61255,4.6128,112132096,15530196992,15642329088,-1,-1
instances/vars_1.8_all/instance_2929v16_1.80r0.cnf,all,2929,5272,-1,-1,-1,0,5854,174,27,topo_sort,0.597412,0.59664,112132096,15530196992,15642329088,-1,-1
instances/vars_1.8_all/instance_2929v16_1.80r0.cnf,all,2929,5272,-1,-1,-1,0,5854,174,27,backbone,5.34985,5.35539,112132096,15530196992,15642329088,-1,-1
instances/vars_1.8_all/instance_2929v16_1.80r0.cnf,all,2929,5272,-1,-1,-1,0,5854,174,27,wcc,0.199951,0.200224,112132096,15530196992,15642329088,-1,-1
instances/vars_1.8_all/instance_2929v16_1.80r0.cnf,all,2929,5272,-1,-1,-1,0,5854,174,27,wcc_grouped,1.11768,1.11808,112132096,15530196992,15642329088,-1,-1
instances/vars_1.8_all/instance_2929v16_1.80r0.cnf,all,2929,5272,-1,-1,-1,0,5854,174,27,heuristic1,64.418,64.4187,112132096,15530196992,15642329088,727,813
instances/vars_1.8_all/instance_2929v16_1.80r0.cnf,all,2929,5272,-1,-1,-1,0,5854,174,27,heuristic2,50.4539,50.4543,112132096,15530196992,15642329088,614,699
instances/vars_1.8_all/instance_2929v16_1.80r0.cnf,all,2929,5272,-1,-1,-1,0,5854,174,27,heuristic3,57.6235,57.6253,112132096,15530196992,15642329088,602,687
instances/vars_1.8_all/instance_2929v16_1.80r0.cnf,all,2929,5272,-1,-1,-1,0,5854,174,27,heuristic4,6291.15,6291.23,112132096,15530196992,15642329088,564,649
instances/vars_1.8_all/instance_2929v16_1.80r0.cnf,all,2929,5272,-1,-1,-1,0,5854,174,27,cleanup_device,0.0432129,0.042688,112132096,15530196992,15642329088,-1,-1
instances/vars_1.8_all/instance_2929v16_1.80r0.cnf,all,2929,5272,-1,-1,-1,0,5854,174,27,total,6478.43,-1,112132096,15530196992,15642329088,-1,-1
instances/vars_1.8_all/instance_3050v17_1.80r0.cnf,all,3050,5490,-1,-1,-1,0,6098,196,33,read_instance,1.44824,-1,107937792,15534391296,15642329088,-1,-1
instances/vars_1.8_all/instance_3050v17_1.80r0.cnf,all,3050,5490,-1,-1,-1,0,6098,196,33,alloc_graph,0.216553,0.202432,110034944,15532294144,15642329088,-1,-1
instances/vars_1.8_all/instance_3050v17_1.80r0.cnf,all,3050,5490,-1,-1,-1,0,6098,196,33,scc,4.58887,4.58947,112132096,15530196992,15642329088,-1,-1
instances/vars_1.8_all/instance_3050v17_1.80r0.cnf,all,3050,5490,-1,-1,-1,0,6098,196,33,topo_sort,0.682129,0.681248,112132096,15530196992,15642329088,-1,-1
instances/vars_1.8_all/instance_3050v17_1.80r0.cnf,all,3050,5490,-1,-1,-1,0,6098,196,33,backbone,5.2229,5.23062,112132096,15530196992,15642329088,-1,-1
instances/vars_1.8_all/instance_3050v17_1.80r0.cnf,all,3050,5490,-1,-1,-1,0,6098,196,33,wcc,0.276611,0.277856,112132096,15530196992,15642329088,-1,-1
instances/vars_1.8_all/instance_3050v17_1.80r0.cnf,all,3050,5490,-1,-1,-1,0,6098,196,33,wcc_grouped,1.03247,1.03219,112132096,15530196992,15642329088,-1,-1
instances/vars_1.8_all/instance_3050v17_1.80r0.cnf,all,3050,5490,-1,-1,-1,0,6098,196,33,heuristic1,67.8799,67.8811,112132096,15530196992,15642329088,763,859
instances/vars_1.8_all/instance_3050v17_1.80r0.cnf,all,3050,5490,-1,-1,-1,0,6098,196,33,heuristic2,49.8735,49.8744,112132096,15530196992,15642329088,610,706
instances/vars_1.8_all/instance_3050v17_1.80r0.cnf,all,3050,5490,-1,-1,-1,0,6098,196,33,heuristic3,58.3562,58.3569,112132096,15530196992,15642329088,606,702
instances/vars_1.8_all/instance_3050v17_1.80r0.cnf,all,3050,5490,-1,-1,-1,0,6098,196,33,heuristic4,6011.02,6011.1,112132096,15530196992,15642329088,540,636
instances/vars_1.8_all/instance_3050v17_1.80r0.cnf,all,3050,5490,-1,-1,-1,0,6098,196,33,cleanup_device,0.043457,0.043008,112132096,15530196992,15642329088,-1,-1
instances/vars_1.8_all/instance_3050v17_1.80r0.cnf,all,3050,5490,-1,-1,-1,0,6098,196,33,total,6201.66,-1,112132096,15530196992,15642329088,-1,-1
instances/vars_1.8_all/instance_3170v18_1.80r0.cnf,all,3170,5706,-1,-1,-1,0,6320,240,59,read_instance,1.55518,-1,107937792,15534391296,15642329088,-1,-1
instances/vars_1.8_all/instance_3170v18_1.80r0.cnf,all,3170,5706,-1,-1,-1,0,6320,240,59,alloc_graph,0.199463,0.188576,110034944,15532294144,15642329088,-1,-1
instances/vars_1.8_all/instance_3170v18_1.80r0.cnf,all,3170,5706,-1,-1,-1,0,6320,240,59,scc,4.77393,4.77469,112132096,15530196992,15642329088,-1,-1
instances/vars_1.8_all/instance_3170v18_1.80r0.cnf,all,3170,5706,-1,-1,-1,0,6320,240,59,topo_sort,1.18286,1.18221,112132096,15530196992,15642329088,-1,-1
instances/vars_1.8_all/instance_3170v18_1.80r0.cnf,all,3170,5706,-1,-1,-1,0,6320,240,59,backbone,5.36792,5.37354,112132096,15530196992,15642329088,-1,-1
instances/vars_1.8_all/instance_3170v18_1.80r0.cnf,all,3170,5706,-1,-1,-1,0,6320,240,59,wcc,0.23291,0.232288,112132096,15530196992,15642329088,-1,-1
instances/vars_1.8_all/instance_3170v18_1.80r0.cnf,all,3170,5706,-1,-1,-1,0,6320,240,59,wcc_grouped,1.0708,1.07085,112132096,15530196992,15642329088,-1,-1
instances/vars_1.8_all/instance_3170v18_1.80r0.cnf,all,3170,5706,-1,-1,-1,0,6320,240,59,heuristic1,66.0503,66.0529,112132096,15530196992,15642329088,746,864
instances/vars_1.8_all/instance_3170v18_1.80r0.cnf,all,3170,5706,-1,-1,-1,0,6320,240,59,heuristic2,52.9043,52.9044,112132096,15530196992,15642329088,650,768
instances/vars_1.8_all/instance_3170v18_1.80r0.cnf,all,3170,5706,-1,-1,-1,0,6320,240,59,heuristic3,61.3433,61.3444,112132096,15530196992,15642329088,637,755
instances/vars_1.8_all/instance_3170v18_1.80r0.cnf,all,3170,5706,-1,-1,-1,0,6320,240,59,heuristic4,6425.23,6425.31,112132096,15530196992,15642329088,576,694
instances/vars_1.8_all/instance_3170v18_1.80r0.cnf,all,3170,5706,-1,-1,-1,0,6320,240,59,cleanup_device,0.0437012,0.043232,112132096,15530196992,15642329088,-1,-1
instances/vars_1.8_all/instance_3170v18_1.80r0.cnf,all,3170,5706,-1,-1,-1,0,6320,240,59,total,6621.02,-1,112132096,15530196992,15642329088,-1,-1
instances/vars_1.8_all/instance_3291v19_1.80r0.cnf,all,3291,5924,-1,-1,-1,0,6580,200,36,read_instance,1.80249,-1,107937792,15534391296,15642329088,-1,-1
instances/vars_1.8_all/instance_3291v19_1.80r0.cnf,all,3291,5924,-1,-1,-1,0,6580,200,36,alloc_graph,0.227051,0.21216,110034944,15532294144,15642329088,-1,-1
instances/vars_1.8_all/instance_3291v19_1.80r0.cnf,all,3291,5924,-1,-1,-1,0,6580,200,36,scc,4.95312,4.95411,112132096,15530196992,15642329088,-1,-1
instances/vars_1.8_all/instance_3291v19_1.80r0.cnf,all,3291,5924,-1,-1,-1,0,6580,200,36,topo_sort,0.746582,0.745984,112132096,15530196992,15642329088,-1,-1
instances/vars_1.8_all/instance_3291v19_1.80r0.cnf,all,3291,5924,-1,-1,-1,0,6580,200,36,backbone,5.81738,5.82541,112132096,15530196992,15642329088,-1,-1
instances/vars_1.8_all/instance_3291v19_1.80r0.cnf,all,3291,5924,-1,-1,-1,0,6580,200,36,wcc,0.212891,0.212992,112132096,15530196992,15642329088,-1,-1
instances/vars_1.8_all/instance_3291v19_1.80r0.cnf,all,3291,5924,-1,-1,-1,0,6580,200,36,wcc_grouped,1.12256,1.12323,112132096,15530196992,15642329088,-1,-1
instances/vars_1.8_all/instance_3291v19_1.80r0.cnf,all,3291,5924,-1,-1,-1,0,6580,200,36,heuristic1,72.3308,72.3316,112132096,15530196992,15642329088,792,890
instances/vars_1.8_all/instance_3291v19_1.80r0.cnf,all,3291,5924,-1,-1,-1,0,6580,200,36,heuristic2,55.7739,55.7751,112132096,15530196992,15642329088,662,760
instances/vars_1.8_all/instance_3291v19_1.80r0.cnf,all,3291,5924,-1,-1,-1,0,6580,200,36,heuristic3,64.7407,64.7421,112132096,15530196992,15642329088,660,758
instances/vars_1.8_all/instance_3291v19_1.80r0.cnf,all,3291,5924,-1,-1,-1,0,6580,200,36,heuristic4,6571.43,6571.52,112132096,15530196992,15642329088,589,687
instances/vars_1.8_all/instance_3291v19_1.80r0.cnf,all,3291,5924,-1,-1,-1,0,6580,200,36,cleanup_device,0.0439453,0.04384,112132096,15530196992,15642329088,-1,-1
instances/vars_1.8_all/instance_3291v19_1.80r0.cnf,all,3291,5924,-1,-1,-1,0,6580,200,36,total,6780.2,-1,112132096,15530196992,15642329088,-1,-1
instances/vars_1.8_all/instance_3412v20_1.80r0.cnf,all,3412,6142,-1,-1,-1,0,6824,258,61,read_instance,1.62354,-1,107937792,15534391296,15642329088,-1,-1
instances/vars_1.8_all/instance_3412v20_1.80r0.cnf,all,3412,6142,-1,-1,-1,0,6824,258,61,alloc_graph,0.193848,0.182432,110034944,15532294144,15642329088,-1,-1
instances/vars_1.8_all/instance_3412v20_1.80r0.cnf,all,3412,6142,-1,-1,-1,0,6824,258,61,scc,4.78857,4.78797,112132096,15530196992,15642329088,-1,-1
instances/vars_1.8_all/instance_3412v20_1.80r0.cnf,all,3412,6142,-1,-1,-1,0,6824,258,61,topo_sort,1.24512,1.24464,112132096,15530196992,15642329088,-1,-1
instances/vars_1.8_all/instance_3412v20_1.80r0.cnf,all,3412,6142,-1,-1,-1,0,6824,258,61,backbone,5.22046,5.22531,112132096,15530196992,15642329088,-1,-1
instances/vars_1.8_all/instance_3412v20_1.80r0.cnf,all,3412,6142,-1,-1,-1,0,6824,258,61,wcc,0.241699,0.240448,112132096,15530196992,15642329088,-1,-1
instances/vars_1.8_all/instance_3412v20_1.80r0.cnf,all,3412,6142,-1,-1,-1,0,6824,258,61,wcc_grouped,1.09155,1.09158,112132096,15530196992,15642329088,-1,-1
instances/vars_1.8_all/instance_3412v20_1.80r0.cnf,all,3412,6142,-1,-1,-1,0,6824,258,61,heuristic1,70.1917,70.1929,112132096,15530196992,15642329088,783,910
instances/vars_1.8_all/instance_3412v20_1.80r0.cnf,all,3412,6142,-1,-1,-1,0,6824,258,61,heuristic2,57.1987,57.1991,112132096,15530196992,15642329088,684,811
instances/vars_1.8_all/instance_3412v20_1.80r0.cnf,all,3412,6142,-1,-1,-1,0,6824,258,61,heuristic3,65.5212,65.5227,112132096,15530196992,15642329088,663,790
instances/vars_1.8_all/instance_3412v20_1.80r0.cnf,all,3412,6142,-1,-1,-1,0,6824,258,61,heuristic4,6669.19,6669.28,112132096,15530196992,15642329088,598,725
instances/vars_1.8_all/instance_3412v20_1.80r0.cnf,all,3412,6142,-1,-1,-1,0,6824,258,61,cleanup_device,0.0515137,0.050304,112132096,15530196992,15642329088,-1,-1
instances/vars_1.8_all/instance_3412v20_1.80r0.cnf,all,3412,6142,-1,-1,-1,0,6824,258,61,total,6877.63,-1,112132096,15530196992,15642329088,-1,-1
instances/vars_1.8_all/instance_3532v21_1.80r0.cnf,all,3532,6358,-1,-1,-1,0,7052,250,87,read_instance,1.63525,-1,107937792,15534391296,15642329088,-1,-1
instances/vars_1.8_all/instance_3532v21_1.80r0.cnf,all,3532,6358,-1,-1,-1,0,7052,250,87,alloc_graph,0.194336,0.186368,110034944,15532294144,15642329088,-1,-1
instances/vars_1.8_all/instance_3532v21_1.80r0.cnf,all,3532,6358,-1,-1,-1,0,7052,250,87,scc,4.78101,4.78208,112132096,15530196992,15642329088,-1,-1
instances/vars_1.8_all/instance_3532v21_1.80r0.cnf,all,3532,6358,-1,-1,-1,0,7052,250,87,topo_sort,1.68677,1.68678,112132096,15530196992,15642329088,-1,-1
instances/vars_1.8_all/instance_3532v21_1.80r0.cnf,all,3532,6358,-1,-1,-1,0,7052,250,87,backbone,5.49023,5.49542,112132096,15530196992,15642329088,-1,-1
instances/vars_1.8_all/instance_3532v21_1.80r0.cnf,all,3532,6358,-1,-1,-1,0,7052,250,87,wcc,0.220215,0.220032,112132096,15530196992,15642329088,-1,-1
instances/vars_1.8_all/instance_3532v21_1.80r0.cnf,all,3532,6358,-1,-1,-1,0,7052,250,87,wcc_grouped,1.09229,1.09168,112132096,15530196992,15642329088,-1,-1
instances/vars_1.8_all/instance_3532v21_1.80r0.cnf,all,3532,6358,-1,-1,-1,0,7052,250,87,heuristic1,74.1484,74.1508,112132096,15530196992,15642329088,835,958
instances/vars_1.8_all/instance_3532v21_1.80r0.cnf,all,3532,6358,-1,-1,-1,0,7052,250,87,heuristic2,60.1716,60.1715,112132096,15530196992,15642329088,718,841
instances/vars_1.8_all/instance_3532v21_1.80r0.cnf,all,3532,6358,-1,-1,-1,0,7052,250,87,heuristic3,68.0479,68.0491,112132096,15530196992,15642329088,715,838
instances/vars_1.8_all/instance_3532v21_1.80r0.cnf,all,3532,6358,-1,-1,-1,0,7052,250,87,heuristic4,7296.57,7296.67,112132096,15530196992,15642329088,651,774
instances/vars_1.8_all/instance_3532v21_1.80r0.cnf,all,3532,6358,-1,-1,-1,0,7052,250,87,cleanup_device,0.0395508,0.038976,112132096,15530196992,15642329088,-1,-1
instances/vars_1.8_all/instance_3532v21_1.80r0.cnf,all,3532,6358,-1,-1,-1,0,7052,250,87,total,7515.11,-1,112132096,15530196992,15642329088,-1,-1
instances/vars_1.8_all/instance_3653v22_1.80r0.cnf,all,3653,6575,-1,-1,-1,0,7306,246,39,read_instance,1.84937,-1,107937792,15534391296,15642329088,-1,-1
instances/vars_1.8_all/instance_3653v22_1.80r0.cnf,all,3653,6575,-1,-1,-1,0,7306,246,39,alloc_graph,0.233643,0.222848,110034944,15532294144,15642329088,-1,-1
instances/vars_1.8_all/instance_3653v22_1.80r0.cnf,all,3653,6575,-1,-1,-1,0,7306,246,39,scc,4.3396,4.33971,112132096,15530196992,15642329088,-1,-1
instances/vars_1.8_all/instance_3653v22_1.80r0.cnf,all,3653,6575,-1,-1,-1,0,7306,246,39,topo_sort,0.832764,0.832064,112132096,15530196992,15642329088,-1,-1
instances/vars_1.8_all/instance_3653v22_1.80r0.cnf,all,3653,6575,-1,-1,-1,0,7306,246,39,backbone,5.229,5.23363,112132096,15530196992,15642329088,-1,-1
instances/vars_1.8_all/instance_3653v22_1.80r0.cnf,all,3653,6575,-1,-1,-1,0,7306,246,39,wcc,0.223877,0.223584,112132096,15530196992,15642329088,-1,-1
instances/vars_1.8_all/instance_3653v22_1.80r0.cnf,all,3653,6575,-1,-1,-1,0,7306,246,39,wcc_grouped,1.15942,1.15933,112132096,15530196992,15642329088,-1,-1
instances/vars_1.8_all/instance_3653v22_1.80r0.cnf,all,3653,6575,-1,-1,-1,0,7306,246,39,heuristic1,74.1257,74.1268,112132096,15530196992,15642329088,846,967
instances/vars_1.8_all/instance_3653v22_1.80r0.cnf,all,3653,6575,-1,-1,-1,0,7306,246,39,heuristic2,61.5525,61.5536,112132096,15530196992,15642329088,742,863
instances/vars_1.8_all/instance_3653v22_1.80r0.cnf,all,3653,6575,-1,-1,-1,0,7306,246,39,heuristic3,72.394,72.4058,112132096,15530196992,15642329088,747,868
instances/vars_1.8_all/instance_3653v22_1.80r0.cnf,all,3653,6575,-1,-1,-1,0,7306,246,39,heuristic4,7842.05,7842.16,112132096,15530196992,15642329088,697,818
instances/vars_1.8_all/instance_3653v22_1.80r0.cnf,all,3653,6575,-1,-1,-1,0,7306,246,39,cleanup_device,0.0405273,0.040224,112132096,15530196992,15642329088,-1,-1
instances/vars_1.8_all/instance_3653v22_1.80r0.cnf,all,3653,6575,-1,-1,-1,0,7306,246,39,total,8065.01,-1,112132096,15530196992,15642329088,-1,-1
instances/vars_1.8_all/instance_3773v23_1.80r0.cnf,all,3773,6791,-1,-1,-1,0,7462,290,109,read_instance,1.8374,-1,107937792,15534391296,15642329088,-1,-1
instances/vars_1.8_all/instance_3773v23_1.80r0.cnf,all,3773,6791,-1,-1,-1,0,7462,290,109,alloc_graph,0.212891,0.195232,110034944,15532294144,15642329088,-1,-1
instances/vars_1.8_all/instance_3773v23_1.80r0.cnf,all,3773,6791,-1,-1,-1,0,7462,290,109,scc,5.08765,5.08912,112132096,15530196992,15642329088,-1,-1
instances/vars_1.8_all/instance_3773v23_1.80r0.cnf,all,3773,6791,-1,-1,-1,0,7462,290,109,topo_sort,2.10718,2.10621,112132096,15530196992,15642329088,-1,-1
instances/vars_1.8_all/instance_3773v23_1.80r0.cnf,all,3773,6791,-1,-1,-1,0,7462,290,109,backbone,5.22998,5.23427,112132096,15530196992,15642329088,-1,-1
instances/vars_1.8_all/instance_3773v23_1.80r0.cnf,all,3773,6791,-1,-1,-1,0,7462,290,109,wcc,0.265625,0.264768,112132096,15530196992,15642329088,-1,-1
instances/vars_1.8_all/instance_3773v23_1.80r0.cnf,all,3773,6791,-1,-1,-1,0,7462,290,109,wcc_grouped,1.05981,1.05946,112132096,15530196992,15642329088,-1,-1
instances/vars_1.8_all/instance_3773v23_1.80r0.cnf,all,3773,6791,-1,-1,-1,0,7462,290,109,heuristic1,81.8354,81.8377,112132096,15530196992,15642329088,913,1056
instances/vars_1.8_all/instance_3773v23_1.80r0.cnf,all,3773,6791,-1,-1,-1,0,7462,290,109,heuristic2,62.8826,62.8847,112132096,15530196992,15642329088,744,887
instances/vars_1.8_all/instance_3773v23_1.80r0.cnf,all,3773,6791,-1,-1,-1,0,7462,290,109,heuristic3,75.5581,75.5601,112132096,15530196992,15642329088,776,919
instances/vars_1.8_all/instance_3773v23_1.80r0.cnf,all,3773,6791,-1,-1,-1,0,7462,290,109,heuristic4,7779.49,7779.59,112132096,15530196992,15642329088,692,835
instances/vars_1.8_all/instance_3773v23_1.80r0.cnf,all,3773,6791,-1,-1,-1,0,7462,290,109,cleanup_device,0.0402832,0.03984,112132096,15530196992,15642329088,-1,-1
instances/vars_1.8_all/instance_3773v23_1.80r0.cnf,all,3773,6791,-1,-1,-1,0,7462,290,109,total,8016.66,-1,112132096,15530196992,15642329088,-1,-1
instances/vars_1.8_all/instance_3894v24_1.80r0.cnf,all,3894,7009,-1,-1,-1,0,7784,216,57,read_instance,1.76953,-1,107937792,15534391296,15642329088,-1,-1
instances/vars_1.8_all/instance_3894v24_1.80r0.cnf,all,3894,7009,-1,-1,-1,0,7784,216,57,alloc_graph,0.197754,0.186368,110034944,15532294144,15642329088,-1,-1
instances/vars_1.8_all/instance_3894v24_1.80r0.cnf,all,3894,7009,-1,-1,-1,0,7784,216,57,scc,4.58643,4.58624,112132096,15530196992,15642329088,-1,-1
instances/vars_1.8_all/instance_3894v24_1.80r0.cnf,all,3894,7009,-1,-1,-1,0,7784,216,57,topo_sort,1.16895,1.16838,112132096,15530196992,15642329088,-1,-1
instances/vars_1.8_all/instance_3894v24_1.80r0.cnf,all,3894,7009,-1,-1,-1,0,7784,216,57,backbone,5.11279,5.11888,112132096,15530196992,15642329088,-1,-1
instances/vars_1.8_all/instance_3894v24_1.80r0.cnf,all,3894,7009,-1,-1,-1,0,7784,216,57,wcc,0.224121,0.223872,112132096,15530196992,15642329088,-1,-1
instances/vars_1.8_all/instance_3894v24_1.80r0.cnf,all,3894,7009,-1,-1,-1,0,7784,216,57,wcc_grouped,1.10229,1.10246,112132096,15530196992,15642329088,-1,-1
instances/vars_1.8_all/instance_3894v24_1.80r0.cnf,all,3894,7009,-1,-1,-1,0,7784,216,57,heuristic1,82.5364,82.5379,112132096,15530196992,15642329088,934,1040
instances/vars_1.8_all/instance_3894v24_1.80r0.cnf,all,3894,7009,-1,-1,-1,0,7784,216,57,heuristic2,65.7202,65.7215,112132096,15530196992,15642329088,797,903
instances/vars_1.8_all/instance_3894v24_1.80r0.cnf,all,3894,7009,-1,-1,-1,0,7784,216,57,heuristic3,78.4768,78.4789,112132096,15530196992,15642329088,799,905
instances/vars_1.8_all/instance_3894v24_1.80r0.cnf,all,3894,7009,-1,-1,-1,0,7784,216,57,heuristic4,8097.87,8097.98,112132096,15530196992,15642329088,718,824
instances/vars_1.8_all/instance_3894v24_1.80r0.cnf,all,3894,7009,-1,-1,-1,0,7784,216,57,cleanup_device,0.0432129,0.0424,112132096,15530196992,15642329088,-1,-1
instances/vars_1.8_all/instance_3894v24_1.80r0.cnf,all,3894,7009,-1,-1,-1,0,7784,216,57,total,8339.81,-1,112132096,15530196992,15642329088,-1,-1
instances/vars_1.8_all/instance_4015v25_1.80r0.cnf,all,4015,7227,-1,-1,-1,0,8024,256,44,read_instance,2.02295,-1,107937792,15534391296,15642329088,-1,-1
instances/vars_1.8_all/instance_4015v25_1.80r0.cnf,all,4015,7227,-1,-1,-1,0,8024,256,44,alloc_graph,0.225586,0.212992,110034944,15532294144,15642329088,-1,-1
instances/vars_1.8_all/instance_4015v25_1.80r0.cnf,all,4015,7227,-1,-1,-1,0,8024,256,44,scc,4.55811,4.55885,112132096,15530196992,15642329088,-1,-1
instances/vars_1.8_all/instance_4015v25_1.80r0.cnf,all,4015,7227,-1,-1,-1,0,8024,256,44,topo_sort,0.88501,0.884128,112132096,15530196992,15642329088,-1,-1
instances/vars_1.8_all/instance_4015v25_1.80r0.cnf,all,4015,7227,-1,-1,-1,0,8024,256,44,backbone,5.7207,5.72749,112132096,15530196992,15642329088,-1,-1
instances/vars_1.8_all/instance_4015v25_1.80r0.cnf,all,4015,7227,-1,-1,-1,0,8024,256,44,wcc,0.213623,0.213216,112132096,15530196992,15642329088,-1,-1
instances/vars_1.8_all/instance_4015v25_1.80r0.cnf,all,4015,7227,-1,-1,-1,0,8024,256,44,wcc_grouped,1.11914,1.1201,112132096,15530196992,15642329088,-1,-1
instances/vars_1.8_all/instance_4015v25_1.80r0.cnf,all,4015,7227,-1,-1,-1,0,8024,256,44,heuristic1,82.9856,82.9856,112132096,15530196992,15642329088,941,1068
instances/vars_1.8_all/instance_4015v25_1.80r0.cnf,all,4015,7227,-1,-1,-1,0,8024,256,44,heuristic2,65.0076,65.0091,112132096,15530196992,15642329088,795,921
instances/vars_1.8_all/instance_4015v25_1.80r0.cnf,all,4015,7227,-1,-1,-1,0,8024,256,44,heuristic3,78.3088,78.3107,112132096,15530196992,15642329088,796,922
instances/vars_1.8_all/instance_4015v25_1.80r0.cnf,all,4015,7227,-1,-1,-1,0,8024,256,44,heuristic4,8161.06,8161.17,112132096,15530196992,15642329088,724,850
instances/vars_1.8_all/instance_4015v25_1.80r0.cnf,all,4015,7227,-1,-1,-1,0,8024,256,44,cleanup_device,0.0446777,0.044224,112132096,15530196992,15642329088,-1,-1
instances/vars_1.8_all/instance_4015v25_1.80r0.cnf,all,4015,7227,-1,-1,-1,0,8024,256,44,total,8403.22,-1,112132096,15530196992,15642329088,-1,-1
instances/vars_1.8_all/instance_4135v26_1.80r0.cnf,all,4135,7443,-1,-1,-1,0,8258,284,41,read_instance,2.06323,-1,107937792,15534391296,15642329088,-1,-1
instances/vars_1.8_all/instance_4135v26_1.80r0.cnf,all,4135,7443,-1,-1,-1,0,8258,284,41,alloc_graph,0.211182,0.206176,110034944,15532294144,15642329088,-1,-1
instances/vars_1.8_all/instance_4135v26_1.80r0.cnf,all,4135,7443,-1,-1,-1,0,8258,284,41,scc,4.58472,4.5855,112132096,15530196992,15642329088,-1,-1
instances/vars_1.8_all/instance_4135v26_1.80r0.cnf,all,4135,7443,-1,-1,-1,0,8258,284,41,topo_sort,0.89209,0.89184,112132096,15530196992,15642329088,-1,-1
instances/vars_1.8_all/instance_4135v26_1.80r0.cnf,all,4135,7443,-1,-1,-1,0,8258,284,41,backbone,5.21484,5.21958,112132096,15530196992,15642329088,-1,-1
instances/vars_1.8_all/instance_4135v26_1.80r0.cnf,all,4135,7443,-1,-1,-1,0,8258,284,41,wcc,0.237793,0.237568,112132096,15530196992,15642329088,-1,-1
instances/vars_1.8_all/instance_4135v26_1.80r0.cnf,all,4135,7443,-1,-1,-1,0,8258,284,41,wcc_grouped,1.0957,1.09584,112132096,15530196992,15642329088,-1,-1
instances/vars_1.8_all/instance_4135v26_1.80r0.cnf,all,4135,7443,-1,-1,-1,0,8258,284,41,heuristic1,84.7095,84.7116,112132096,15530196992,15642329088,959,1099
instances/vars_1.8_all/instance_4135v26_1.80r0.cnf,all,4135,7443,-1,-1,-1,0,8258,284,41,heuristic2,68.6067,68.6079,112132096,15530196992,15642329088,827,967
instances/vars_1.8_all/instance_4135v26_1.80r0.cnf,all,4135,7443,-1,-1,-1,0,8258,284,41,heuristic3,82.2183,82.2194,112132096,15530196992,15642329088,835,975
instances/vars_1.8_all/instance_4135v26_1.80r0.cnf,all,4135,7443,-1,-1,-1,0,8258,284,41,heuristic4,8333.59,8333.7,112132096,15530196992,15642329088,737,877
instances/vars_1.8_all/instance_4135v26_1.80r0.cnf,all,4135,7443,-1,-1,-1,0,8258,284,41,cleanup_device,0.0441895,0.04352,112132096,15530196992,15642329088,-1,-1
instances/vars_1.8_all/instance_4135v26_1.80r0.cnf,all,4135,7443,-1,-1,-1,0,8258,284,41,total,8584.52,-1,112132096,15530196992,15642329088,-1,-1
instances/vars_1.8_all/instance_4256v27_1.80r0.cnf,all,4256,7661,-1,-1,-1,0,8510,280,41,read_instance,2.25708,-1,107937792,15534391296,15642329088,-1,-1
instances/vars_1.8_all/instance_4256v27_1.80r0.cnf,all,4256,7661,-1,-1,-1,0,8510,280,41,alloc_graph,0.326416,0.312352,110034944,15532294144,15642329088,-1,-1
instances/vars_1.8_all/instance_4256v27_1.80r0.cnf,all,4256,7661,-1,-1,-1,0,8510,280,41,scc,4.60278,4.60272,112132096,15530196992,15642329088,-1,-1
instances/vars_1.8_all/instance_4256v27_1.80r0.cnf,all,4256,7661,-1,-1,-1,0,8510,280,41,topo_sort,0.867676,0.867104,112132096,15530196992,15642329088,-1,-1
instances/vars_1.8_all/instance_4256v27_1.80r0.cnf,all,4256,7661,-1,-1,-1,0,8510,280,41,backbone,5.27954,5.28608,112132096,15530196992,15642329088,-1,-1
instances/vars_1.8_all/instance_4256v27_1.80r0.cnf,all,4256,7661,-1,-1,-1,0,8510,280,41,wcc,0.240723,0.2408,112132096,15530196992,15642329088,-1,-1
instances/vars_1.8_all/instance_4256v27_1.80r0.cnf,all,4256,7661,-1,-1,-1,0,8510,280,41,wcc_grouped,1.07764,1.07776,112132096,15530196992,15642329088,-1,-1
instances/vars_1.8_all/instance_4256v27_1.80r0.cnf,all,4256,7661,-1,-1,-1,0,8510,280,41,heuristic1,90.1685,90.1696,112132096,15530196992,15642329088,1010,1148
instances/vars_1.8_all/instance_4256v27_1.80r0.cnf,all,4256,7661,-1,-1,-1,0,8510,280,41,heuristic2,75.6897,75.6915,112132096,15530196992,15642329088,891,1029
instances/vars_1.8_all/instance_4256v27_1.80r0.cnf,all,4256,7661,-1,-1,-1,0,8510,280,41,heuristic3,86.3936,86.3953,112132096,15530196992,15642329088,862,1000
instances/vars_1.8_all/instance_4256v27_1.80r0.cnf,all,4256,7661,-1,-1,-1,0,8510,280,41,heuristic4,8751.99,8752.11,112132096,15530196992,15642329088,772,910
instances/vars_1.8_all/instance_4256v27_1.80r0.cnf,all,4256,7661,-1,-1,-1,0,8510,280,41,cleanup_device,0.0419922,0.0416,112132096,15530196992,15642329088,-1,-1
instances/vars_1.8_all/instance_4256v27_1.80r0.cnf,all,4256,7661,-1,-1,-1,0,8510,280,41,total,9020.01,-1,112132096,15530196992,15642329088,-1,-1
instances/vars_1.8_all/instance_4376v28_1.80r0.cnf,all,4376,7877,-1,-1,-1,0,8730,322,69,read_instance,2.41943,-1,107937792,15534391296,15642329088,-1,-1
instances/vars_1.8_all/instance_4376v28_1.80r0.cnf,all,4376,7877,-1,-1,-1,0,8730,322,69,alloc_graph,0.22583,0.2128,110034944,15532294144,15642329088,-1,-1
instances/vars_1.8_all/instance_4376v28_1.80r0.cnf,all,4376,7877,-1,-1,-1,0,8730,322,69,scc,5.23413,5.23654,112132096,15530196992,15642329088,-1,-1
instances/vars_1.8_all/instance_4376v28_1.80r0.cnf,all,4376,7877,-1,-1,-1,0,8730,322,69,topo_sort,1.39282,1.39251,112132096,15530196992,15642329088,-1,-1
instances/vars_1.8_all/instance_4376v28_1.80r0.cnf,all,4376,7877,-1,-1,-1,0,8730,322,69,backbone,6.10034,6.10768,112132096,15530196992,15642329088,-1,-1
instances/vars_1.8_all/instance_4376v28_1.80r0.cnf,all,4376,7877,-1,-1,-1,0,8730,322,69,wcc,0.287598,0.286816,112132096,15530196992,15642329088,-1,-1
instances/vars_1.8_all/instance_4376v28_1.80r0.cnf,all,4376,7877,-1,-1,-1,0,8730,322,69,wcc_grouped,1.03662,1.03642,112132096,15530196992,15642329088,-1,-1
instances/vars_1.8_all/instance_4376v28_1.80r0.cnf,all,4376,7877,-1,-1,-1,0,8730,322,69,heuristic1,91.9956,91.998,112132096,15530196992,15642329088,1043,1202
instances/vars_1.8_all/instance_4376v28_1.80r0.cnf,all,4376,7877,-1,-1,-1,0,8730,322,69,heuristic2,74.2603,74.2615,112132096,15530196992,15642329088,897,1056
instances/vars_1.8_all/instance_4376v28_1.80r0.cnf,all,4376,7877,-1,-1,-1,0,8730,322,69,heuristic3,88.5645,88.5651,112132096,15530196992,15642329088,910,1069
instances/vars_1.8_all/instance_4376v28_1.80r0.cnf,all,4376,7877,-1,-1,-1,0,8730,322,69,heuristic4,9247.48,9247.61,112132096,15530196992,15642329088,815,974
instances/vars_1.8_all/instance_4376v28_1.80r0.cnf,all,4376,7877,-1,-1,-1,0,8730,322,69,cleanup_device,0.0397949,0.039744,112132096,15530196992,15642329088,-1,-1
instances/vars_1.8_all/instance_4376v28_1.80r0.cnf,all,4376,7877,-1,-1,-1,0,8730,322,69,total,9520.17,-1,112132096,15530196992,15642329088,-1,-1
instances/vars_1.8_all/instance_4497v29_1.80r0.cnf,all,4497,8095,-1,-1,-1,0,8994,242,40,read_instance,2.19629,-1,107937792,15534391296,15642329088,-1,-1
instances/vars_1.8_all/instance_4497v29_1.80r0.cnf,all,4497,8095,-1,-1,-1,0,8994,242,40,alloc_graph,0.223633,0.211744,110034944,15532294144,15642329088,-1,-1
instances/vars_1.8_all/instance_4497v29_1.80r0.cnf,all,4497,8095,-1,-1,-1,0,8994,242,40,scc,4.55664,4.5568,112132096,15530196992,15642329088,-1,-1
instances/vars_1.8_all/instance_4497v29_1.80r0.cnf,all,4497,8095,-1,-1,-1,0,8994,242,40,topo_sort,0.829102,0.828832,112132096,15530196992,15642329088,-1,-1
instances/vars_1.8_all/instance_4497v29_1.80r0.cnf,all,4497,8095,-1,-1,-1,0,8994,242,40,backbone,5.42188,5.42774,112132096,15530196992,15642329088,-1,-1
instances/vars_1.8_all/instance_4497v29_1.80r0.cnf,all,4497,8095,-1,-1,-1,0,8994,242,40,wcc,0.206543,0.205248,112132096,15530196992,15642329088,-1,-1
instances/vars_1.8_all/instance_4497v29_1.80r0.cnf,all,4497,8095,-1,-1,-1,0,8994,242,40,wcc_grouped,1.14478,1.14483,112132096,15530196992,15642329088,-1,-1
instances/vars_1.8_all/instance_4497v29_1.80r0.cnf,all,4497,8095,-1,-1,-1,0,8994,242,40,heuristic1,95.9983,95.9999,112132096,15530196992,15642329088,1079,1198
instances/vars_1.8_all/instance_4497v29_1.80r0.cnf,all,4497,8095,-1,-1,-1,0,8994,242,40,heuristic2,77.0259,77.0273,112132096,15530196992,15642329088,916,1035
instances/vars_1.8_all/instance_4497v29_1.80r0.cnf,all,4497,8095,-1,-1,-1,0,8994,242,40,heuristic3,88.5815,88.5824,112132096,15530196992,15642329088,911,1030
instances/vars_1.8_all/instance_4497v29_1.80r0.cnf,all,4497,8095,-1,-1,-1,0,8994,242,40,heuristic4,9466.06,9466.19,112132096,15530196992,15642329088,831,950
instances/vars_1.8_all/instance_4497v29_1.80r0.cnf,all,4497,8095,-1,-1,-1,0,8994,242,40,cleanup_device,0.0410156,0.040704,112132096,15530196992,15642329088,-1,-1
instances/vars_1.8_all/instance_4497v29_1.80r0.cnf,all,4497,8095,-1,-1,-1,0,8994,242,40,total,9743.39,-1,112132096,15530196992,15642329088,-1,-1
instances/vars_1.8_all/instance_4618v30_1.80r0.cnf,all,4618,8312,-1,-1,-1,0,9234,308,40,read_instance,2.20679,-1,107937792,15534391296,15642329088,-1,-1
instances/vars_1.8_all/instance_4618v30_1.80r0.cnf,all,4618,8312,-1,-1,-1,0,9234,308,40,alloc_graph,0.195801,0.189056,110034944,15532294144,15642329088,-1,-1
instances/vars_1.8_all/instance_4618v30_1.80r0.cnf,all,4618,8312,-1,-1,-1,0,9234,308,40,scc,4.58716,4.58803,112132096,15530196992,15642329088,-1,-1
instances/vars_1.8_all/instance_4618v30_1.80r0.cnf,all,4618,8312,-1,-1,-1,0,9234,308,40,topo_sort,0.840332,0.839552,112132096,15530196992,15642329088,-1,-1
instances/vars_1.8_all/instance_4618v30_1.80r0.cnf,all,4618,8312,-1,-1,-1,0,9234,308,40,backbone,5.31592,5.32291,112132096,15530196992,15642329088,-1,-1
instances/vars_1.8_all/instance_4618v30_1.80r0.cnf,all,4618,8312,-1,-1,-1,0,9234,308,40,wcc,0.209961,0.209216,112132096,15530196992,15642329088,-1,-1
instances/vars_1.8_all/instance_4618v30_1.80r0.cnf,all,4618,8312,-1,-1,-1,0,9234,308,40,wcc_grouped,1.14331,1.14294,112132096,15530196992,15642329088,-1,-1
instances/vars_1.8_all/instance_4618v30_1.80r0.cnf,all,4618,8312,-1,-1,-1,0,9234,308,40,heuristic1,96.1296,96.1316,112132096,15530196992,15642329088,1074,1228
instances/vars_1.8_all/instance_4618v30_1.80r0.cnf,all,4618,8312,-1,-1,-1,0,9234,308,40,heuristic2,77.4465,77.4486,112132096,15530196992,15642329088,917,1070
instances/vars_1.8_all/instance_4618v30_1.80r0.cnf,all,4618,8312,-1,-1,-1,0,9234,308,40,heuristic3,92.9138,92.9134,112132096,15530196992,15642329088,919,1071
instances/vars_1.8_all/instance_4618v30_1.80r0.cnf,all,4618,8312,-1,-1,-1,0,9234,308,40,heuristic4,9711.63,9711.76,112132096,15530196992,15642329088,852,1004
instances/vars_1.8_all/instance_4618v30_1.80r0.cnf,all,4618,8312,-1,-1,-1,0,9234,308,40,cleanup_device,0.0402832,0.040288,112132096,15530196992,15642329088,-1,-1
instances/vars_1.8_all/instance_4618v30_1.80r0.cnf,all,4618,8312,-1,-1,-1,0,9234,308,40,total,9993.77,-1,112132096,15530196992,15642329088,-1,-1
instances/vars_1.8_all/instance_4738v31_1.80r0.cnf,all,4738,8528,-1,-1,-1,0,9474,276,40,read_instance,2.41089,-1,107937792,15534391296,15642329088,-1,-1
instances/vars_1.8_all/instance_4738v31_1.80r0.cnf,all,4738,8528,-1,-1,-1,0,9474,276,40,alloc_graph,0.225342,0.215296,110034944,15532294144,15642329088,-1,-1
instances/vars_1.8_all/instance_4738v31_1.80r0.cnf,all,4738,8528,-1,-1,-1,0,9474,276,40,scc,4.6189,4.6208,112132096,15530196992,15642329088,-1,-1
instances/vars_1.8_all/instance_4738v31_1.80r0.cnf,all,4738,8528,-1,-1,-1,0,9474,276,40,topo_sort,0.795654,0.794624,112132096,15530196992,15642329088,-1,-1
instances/vars_1.8_all/instance_4738v31_1.80r0.cnf,all,4738,8528,-1,-1,-1,0,9474,276,40,backbone,5.4292,5.4353,112132096,15530196992,15642329088,-1,-1
instances/vars_1.8_all/instance_4738v31_1.80r0.cnf,all,4738,8528,-1,-1,-1,0,9474,276,40,wcc,0.241211,0.240768,112132096,15530196992,15642329088,-1,-1
instances/vars_1.8_all/instance_4738v31_1.80r0.cnf,all,4738,8528,-1,-1,-1,0,9474,276,40,wcc_grouped,1.0647,1.06496,112132096,15530196992,15642329088,-1,-1
instances/vars_1.8_all/instance_4738v31_1.80r0.cnf,all,4738,8528,-1,-1,-1,0,9474,276,40,heuristic1,102.588,102.589,112132096,15530196992,15642329088,1162,1298
instances/vars_1.8_all/instance_4738v31_1.80r0.cnf,all,4738,8528,-1,-1,-1,0,9474,276,40,heuristic2,82.9197,82.9209,112132096,15530196992,15642329088,994,1131
instances/vars_1.8_all/instance_4738v31_1.80r0.cnf,all,4738,8528,-1,-1,-1,0,9474,276,40,heuristic3,94.8127,94.8135,112132096,15530196992,15642329088,987,1123
instances/vars_1.8_all/instance_4738v31_1.80r0.cnf,all,4738,8528,-1,-1,-1,0,9474,276,40,heuristic4,10059.3,10059.4,112132096,15530196992,15642329088,879,1015
instances/vars_1.8_all/instance_4738v31_1.80r0.cnf,all,4738,8528,-1,-1,-1,0,9474,276,40,cleanup_device,0.0405273,0.040448,112132096,15530196992,15642329088,-1,-1
instances/vars_1.8_all/instance_4738v31_1.80r0.cnf,all,4738,8528,-1,-1,-1,0,9474,276,40,total,10355.6,-1,112132096,15530196992,15642329088,-1,-1
instances/vars_1.8_all/instance_4859v32_1.80r0.cnf,all,4859,8746,-1,-1,-1,0,9718,312,45,read_instance,2.42798,-1,107937792,15534391296,15642329088,-1,-1
instances/vars_1.8_all/instance_4859v32_1.80r0.cnf,all,4859,8746,-1,-1,-1,0,9718,312,45,alloc_graph,0.226807,0.211936,110034944,15532294144,15642329088,-1,-1
instances/vars_1.8_all/instance_4859v32_1.80r0.cnf,all,4859,8746,-1,-1,-1,0,9718,312,45,scc,4.40796,4.40918,112132096,15530196992,15642329088,-1,-1
instances/vars_1.8_all/instance_4859v32_1.80r0.cnf,all,4859,8746,-1,-1,-1,0,9718,312,45,topo_sort,0.893311,0.892256,112132096,15530196992,15642329088,-1,-1
instances/vars_1.8_all/instance_4859v32_1.80r0.cnf,all,4859,8746,-1,-1,-1,0,9718,312,45,backbone,5.38525,5.39114,112132096,15530196992,15642329088,-1,-1
instances/vars_1.8_all/instance_4859v32_1.80r0.cnf,all,4859,8746,-1,-1,-1,0,9718,312,45,wcc,0.241211,0.239744,112132096,15530196992,15642329088,-1,-1
instances/vars_1.8_all/instance_4859v32_1.80r0.cnf,all,4859,8746,-1,-1,-1,0,9718,312,45,wcc_grouped,1.07153,1.07168,112132096,15530196992,15642329088,-1,-1
instances/vars_1.8_all/instance_4859v32_1.80r0.cnf,all,4859,8746,-1,-1,-1,0,9718,312,45,heuristic1,102.93,102.932,112132096,15530196992,15642329088,1130,1284
instances/vars_1.8_all/instance_4859v32_1.80r0.cnf,all,4859,8746,-1,-1,-1,0,9718,312,45,heuristic2,84.4189,84.4196,112132096,15530196992,15642329088,991,1145
instances/vars_1.8_all/instance_4859v32_1.80r0.cnf,all,4859,8746,-1,-1,-1,0,9718,312,45,heuristic3,98.1567,98.1586,112132096,15530196992,15642329088,992,1146
instances/vars_1.8_all/instance_4859v32_1.80r0.cnf,all,4859,8746,-1,-1,-1,0,9718,312,45,heuristic4,10161.6,10161.7,112132096,15530196992,15642329088,886,1040
instances/vars_1.8_all/instance_4859v32_1.80r0.cnf,all,4859,8746,-1,-1,-1,0,9718,312,45,cleanup_device,0.0446777,0.04432,112132096,15530196992,15642329088,-1,-1
instances/vars_1.8_all/instance_4859v32_1.80r0.cnf,all,4859,8746,-1,-1,-1,0,9718,312,45,total,10463,-1,112132096,15530196992,15642329088,-1,-1
instances/vars_1.8_all/instance_4979v33_1.80r0.cnf,all,4979,8962,-1,-1,-1,0,9958,288,63,read_instance,2.40283,-1,107937792,15534391296,15642329088,-1,-1
instances/vars_1.8_all/instance_4979v33_1.80r0.cnf,all,4979,8962,-1,-1,-1,0,9958,288,63,alloc_graph,0.251953,0.222688,110034944,15532294144,15642329088,-1,-1
instances/vars_1.8_all/instance_4979v33_1.80r0.cnf,all,4979,8962,-1,-1,-1,0,9958,288,63,scc,5.00854,5.01088,112132096,15530196992,15642329088,-1,-1
instances/vars_1.8_all/instance_4979v33_1.80r0.cnf,all,4979,8962,-1,-1,-1,0,9958,288,63,topo_sort,1.44531,1.44627,112132096,15530196992,15642329088,-1,-1
instances/vars_1.8_all/instance_4979v33_1.80r0.cnf,all,4979,8962,-1,-1,-1,0,9958,288,63,backbone,5.88867,5.90102,112132096,15530196992,15642329088,-1,-1
instances/vars_1.8_all/instance_4979v33_1.80r0.cnf,all,4979,8962,-1,-1,-1,0,9958,288,63,wcc,0.252197,0.25136,112132096,15530196992,15642329088,-1,-1
instances/vars_1.8_all/instance_4979v33_1.80r0.cnf,all,4979,8962,-1,-1,-1,0,9958,288,63,wcc_grouped,1.0625,1.06307,112132096,15530196992,15642329088,-1,-1
instances/vars_1.8_all/instance_4979v33_1.80r0.cnf,all,4979,8962,-1,-1,-1,0,9958,288,63,heuristic1,109.589,109.591,112132096,15530196992,15642329088,1210,1352
instances/vars_1.8_all/instance_4979v33_1.80r0.cnf,all,4979,8962,-1,-1,-1,0,9958,288,63,heuristic2,83.5996,83.6002,112132096,15530196992,15642329088,978,1120
instances/vars_1.8_all/instance_4979v33_1.80r0.cnf,all,4979,8962,-1,-1,-1,0,9958,288,63,heuristic3,101.117,101.12,112132096,15530196992,15642329088,1046,1188
instances/vars_1.8_all/instance_4979v33_1.80r0.cnf,all,4979,8962,-1,-1,-1,0,9958,288,63,heuristic4,10108.1,10108.2,112132096,15530196992,15642329088,880,1022
instances/vars_1.8_all/instance_4979v33_1.80r0.cnf,all,4979,8962,-1,-1,-1,0,9958,288,63,cleanup_device,0.0405273,0.039968,112132096,15530196992,15642329088,-1,-1
instances/vars_1.8_all/instance_4979v33_1.80r0.cnf,all,4979,8962,-1,-1,-1,0,9958,288,63,total,10419.9,-1,112132096,15530196992,15642329088,-1,-1
instances/vars_1.8_all/instance_5100v34_1.80r0.cnf,all,5100,9180,-1,-1,-1,0,10200,292,64,read_instance,2.54785,-1,107937792,15534391296,15642329088,-1,-1
instances/vars_1.8_all/instance_5100v34_1.80r0.cnf,all,5100,9180,-1,-1,-1,0,10200,292,64,alloc_graph,0.242676,0.231616,110034944,15532294144,15642329088,-1,-1
instances/vars_1.8_all/instance_5100v34_1.80r0.cnf,all,5100,9180,-1,-1,-1,0,10200,292,64,scc,4.79028,4.7921,112132096,15530196992,15642329088,-1,-1
instances/vars_1.8_all/instance_5100v34_1.80r0.cnf,all,5100,9180,-1,-1,-1,0,10200,292,64,topo_sort,1.23853,1.23811,112132096,15530196992,15642329088,-1,-1
instances/vars_1.8_all/instance_5100v34_1.80r0.cnf,all,5100,9180,-1,-1,-1,0,10200,292,64,backbone,5.59863,5.60387,112132096,15530196992,15642329088,-1,-1
instances/vars_1.8_all/instance_5100v34_1.80r0.cnf,all,5100,9180,-1,-1,-1,0,10200,292,64,wcc,0.224609,0.223744,112132096,15530196992,15642329088,-1,-1
instances/vars_1.8_all/instance_5100v34_1.80r0.cnf,all,5100,9180,-1,-1,-1,0,10200,292,64,wcc_grouped,1.13013,1.13184,112132096,15530196992,15642329088,-1,-1
instances/vars_1.8_all/instance_5100v34_1.80r0.cnf,all,5100,9180,-1,-1,-1,0,10200,292,64,heuristic1,109.076,109.08,112132096,15530196992,15642329088,1237,1381
instances/vars_1.8_all/instance_5100v34_1.80r0.cnf,all,5100,9180,-1,-1,-1,0,10200,292,64,heuristic2,85.0476,85.0488,112132096,15530196992,15642329088,1011,1155
instances/vars_1.8_all/instance_5100v34_1.80r0.cnf,all,5100,9180,-1,-1,-1,0,10200,292,64,heuristic3,101.024,101.028,112132096,15530196992,15642329088,1056,1200
instances/vars_1.8_all/instance_5100v34_1.80r0.cnf,all,5100,9180,-1,-1,-1,0,10200,292,64,heuristic4,10767.4,10767.5,112132096,15530196992,15642329088,933,1077
instances/vars_1.8_all/instance_5100v34_1.80r0.cnf,all,5100,9180,-1,-1,-1,0,10200,292,64,cleanup_device,0.0437012,0.043392,112132096,15530196992,15642329088,-1,-1
instances/vars_1.8_all/instance_5100v34_1.80r0.cnf,all,5100,9180,-1,-1,-1,0,10200,292,64,total,11079.5,-1,112132096,15530196992,15642329088,-1,-1
instances/vars_1.8_all/instance_5221v35_1.80r0.cnf,all,5221,9398,-1,-1,-1,0,10442,370,57,read_instance,2.43701,-1,107937792,15534391296,15642329088,-1,-1
instances/vars_1.8_all/instance_5221v35_1.80r0.cnf,all,5221,9398,-1,-1,-1,0,10442,370,57,alloc_graph,0.203369,0.191424,110034944,15532294144,15642329088,-1,-1
instances/vars_1.8_all/instance_5221v35_1.80r0.cnf,all,5221,9398,-1,-1,-1,0,10442,370,57,scc,4.69214,4.69363,112132096,15530196992,15642329088,-1,-1
instances/vars_1.8_all/instance_5221v35_1.80r0.cnf,all,5221,9398,-1,-1,-1,0,10442,370,57,topo_sort,1.12915,1.12813,112132096,15530196992,15642329088,-1,-1
instances/vars_1.8_all/instance_5221v35_1.80r0.cnf,all,5221,9398,-1,-1,-1,0,10442,370,57,backbone,5.51172,5.51734,112132096,15530196992,15642329088,-1,-1
instances/vars_1.8_all/instance_5221v35_1.80r0.cnf,all,5221,9398,-1,-1,-1,0,10442,370,57,wcc,0.232422,0.231424,112132096,15530196992,15642329088,-1,-1
instances/vars_1.8_all/instance_5221v35_1.80r0.cnf,all,5221,9398,-1,-1,-1,0,10442,370,57,wcc_grouped,1.11768,1.1344,112132096,15530196992,15642329088,-1,-1
instances/vars_1.8_all/instance_5221v35_1.80r0.cnf,all,5221,9398,-1,-1,-1,0,10442,370,57,heuristic1,107.67,107.672,112132096,15530196992,15642329088,1227,1410
instances/vars_1.8_all/instance_5221v35_1.80r0.cnf,all,5221,9398,-1,-1,-1,0,10442,370,57,heuristic2,86.866,86.8666,112132096,15530196992,15642329088,1043,1226
instances/vars_1.8_all/instance_5221v35_1.80r0.cnf,all,5221,9398,-1,-1,-1,0,10442,370,57,heuristic3,104.303,104.305,112132096,15530196992,15642329088,1046,1229
instances/vars_1.8_all/instance_5221v35_1.80r0.cnf,all,5221,9398,-1,-1,-1,0,10442,370,57,heuristic4,10703.4,10703.5,112132096,15530196992,15642329088,926,1109
instances/vars_1.8_all/instance_5221v35_1.80r0.cnf,all,5221,9398,-1,-1,-1,0,10442,370,57,cleanup_device,0.0471191,0.046784,112132096,15530196992,15642329088,-1,-1
instances/vars_1.8_all/instance_5221v35_1.80r0.cnf,all,5221,9398,-1,-1,-1,0,10442,370,57,total,11018.8,-1,112132096,15530196992,15642329088,-1,-1
instances/vars_1.8_all/instance_5341v36_1.80r0.cnf,all,5341,9614,-1,-1,-1,0,10656,348,38,read_instance,2.44458,-1,107937792,15534391296,15642329088,-1,-1
instances/vars_1.8_all/instance_5341v36_1.80r0.cnf,all,5341,9614,-1,-1,-1,0,10656,348,38,alloc_graph,0.229492,0.222368,110034944,15532294144,15642329088,-1,-1
instances/vars_1.8_all/instance_5341v36_1.80r0.cnf,all,5341,9614,-1,-1,-1,0,10656,348,38,scc,4.38989,4.39018,112132096,15530196992,15642329088,-1,-1
instances/vars_1.8_all/instance_5341v36_1.80r0.cnf,all,5341,9614,-1,-1,-1,0,10656,348,38,topo_sort,0.776123,0.775616,112132096,15530196992,15642329088,-1,-1
instances/vars_1.8_all/instance_5341v36_1.80r0.cnf,all,5341,9614,-1,-1,-1,0,10656,348,38,backbone,5.5708,5.58019,112132096,15530196992,15642329088,-1,-1
instances/vars_1.8_all/instance_5341v36_1.80r0.cnf,all,5341,9614,-1,-1,-1,0,10656,348,38,wcc,0.284912,0.284672,112132096,15530196992,15642329088,-1,-1
instances/vars_1.8_all/instance_5341v36_1.80r0.cnf,all,5341,9614,-1,-1,-1,0,10656,348,38,wcc_grouped,1.03052,1.0305,112132096,15530196992,15642329088,-1,-1
instances/vars_1.8_all/instance_5341v36_1.80r0.cnf,all,5341,9614,-1,-1,-1,0,10656,348,38,heuristic1,111.934,111.936,112132096,15530196992,15642329088,1242,1416
instances/vars_1.8_all/instance_5341v36_1.80r0.cnf,all,5341,9614,-1,-1,-1,0,10656,348,38,heuristic2,93.1978,93.1984,112132096,15530196992,15642329088,1093,1265
instances/vars_1.8_all/instance_5341v36_1.80r0.cnf,all,5341,9614,-1,-1,-1,0,10656,348,38,heuristic3,108.094,108.096,112132096,15530196992,15642329088,1098,1270
instances/vars_1.8_all/instance_5341v36_1.80r0.cnf,all,5341,9614,-1,-1,-1,0,10656,348,38,heuristic4,11627.6,11627.7,112132096,15530196992,15642329088,999,1171
instances/vars_1.8_all/instance_5341v36_1.80r0.cnf,all,5341,9614,-1,-1,-1,0,10656,348,38,cleanup_device,0.045166,0.044864,112132096,15530196992,15642329088,-1,-1
instances/vars_1.8_all/instance_5341v36_1.80r0.cnf,all,5341,9614,-1,-1,-1,0,10656,348,38,total,11956.7,-1,112132096,15530196992,15642329088,-1,-1
instances/vars_1.8_all/instance_5462v37_1.80r0.cnf,all,5462,9832,-1,-1,-1,0,10918,342,40,read_instance,2.97632,-1,107937792,15534391296,15642329088,-1,-1
instances/vars_1.8_all/instance_5462v37_1.80r0.cnf,all,5462,9832,-1,-1,-1,0,10918,342,40,alloc_graph,0.222168,0.21632,110034944,15532294144,15642329088,-1,-1
instances/vars_1.8_all/instance_5462v37_1.80r0.cnf,all,5462,9832,-1,-1,-1,0,10918,342,40,scc,4.78052,4.78227,112132096,15530196992,15642329088,-1,-1
instances/vars_1.8_all/instance_5462v37_1.80r0.cnf,all,5462,9832,-1,-1,-1,0,10918,342,40,topo_sort,0.818604,0.817568,112132096,15530196992,15642329088,-1,-1
instances/vars_1.8_all/instance_5462v37_1.80r0.cnf,all,5462,9832,-1,-1,-1,0,10918,342,40,backbone,6.11841,6.12579,112132096,15530196992,15642329088,-1,-1
instances/vars_1.8_all/instance_5462v37_1.80r0.cnf,all,5462,9832,-1,-1,-1,0,10918,342,40,wcc,0.249512,0.249792,112132096,15530196992,15642329088,-1,-1
instances/vars_1.8_all/instance_5462v37_1.80r0.cnf,all,5462,9832,-1,-1,-1,0,10918,342,40,wcc_grouped,1.0752,1.07555,112132096,15530196992,15642329088,-1,-1
instances/vars_1.8_all/instance_5462v37_1.80r0.cnf,all,5462,9832,-1,-1,-1,0,10918,342,40,heuristic1,116.779,116.782,112132096,15530196992,15642329088,1289,1458
instances/vars_1.8_all/instance_5462v37_1.80r0.cnf,all,5462,9832,-1,-1,-1,0,10918,342,40,heuristic2,92.9617,92.9604,112132096,15530196992,15642329088,1101,1271
instances/vars_1.8_all/instance_5462v37_1.80r0.cnf,all,5462,9832,-1,-1,-1,0,10918,342,40,heuristic3,107.26,107.263,112132096,15530196992,15642329088,1077,1246
instances/vars_1.8_all/instance_5462v37_1.80r0.cnf,all,5462,9832,-1,-1,-1,0,10918,342,40,heuristic4,11464.5,11464.7,112132096,15530196992,15642329088,983,1152
instances/vars_1.8_all/instance_5462v37_1.80r0.cnf,all,5462,9832,-1,-1,-1,0,10918,342,40,cleanup_device,0.0461426,0.04576,112132096,15530196992,15642329088,-1,-1
instances/vars_1.8_all/instance_5462v37_1.80r0.cnf,all,5462,9832,-1,-1,-1,0,10918,342,40,total,11799.1,-1,112132096,15530196992,15642329088,-1,-1
instances/vars_1.8_all/instance_5582v38_1.80r0.cnf,all,5582,10048,-1,-1,-1,0,11122,372,57,read_instance,2.68164,-1,107937792,15534391296,15642329088,-1,-1
instances/vars_1.8_all/instance_5582v38_1.80r0.cnf,all,5582,10048,-1,-1,-1,0,11122,372,57,alloc_graph,0.241943,0.231264,110034944,15532294144,15642329088,-1,-1
instances/vars_1.8_all/instance_5582v38_1.80r0.cnf,all,5582,10048,-1,-1,-1,0,11122,372,57,scc,5.37109,5.37306,112132096,15530196992,15642329088,-1,-1
instances/vars_1.8_all/instance_5582v38_1.80r0.cnf,all,5582,10048,-1,-1,-1,0,11122,372,57,topo_sort,1.25806,1.25722,112132096,15530196992,15642329088,-1,-1
instances/vars_1.8_all/instance_5582v38_1.80r0.cnf,all,5582,10048,-1,-1,-1,0,11122,372,57,backbone,6.19678,6.20579,112132096,15530196992,15642329088,-1,-1
instances/vars_1.8_all/instance_5582v38_1.80r0.cnf,all,5582,10048,-1,-1,-1,0,11122,372,57,wcc,0.265869,0.266208,112132096,15530196992,15642329088,-1,-1
instances/vars_1.8_all/instance_5582v38_1.80r0.cnf,all,5582,10048,-1,-1,-1,0,11122,372,57,wcc_grouped,1.07324,1.07398,112132096,15530196992,15642329088,-1,-1
instances/vars_1.8_all/instance_5582v38_1.80r0.cnf,all,5582,10048,-1,-1,-1,0,11122,372,57,heuristic1,122.528,122.535,112132096,15530196992,15642329088,1341,1525
instances/vars_1.8_all/instance_5582v38_1.80r0.cnf,all,5582,10048,-1,-1,-1,0,11122,372,57,heuristic2,95.7964,95.7975,112132096,15530196992,15642329088,1130,1316
instances/vars_1.8_all/instance_5582v38_1.80r0.cnf,all,5582,10048,-1,-1,-1,0,11122,372,57,heuristic3,113.41,113.412,112132096,15530196992,15642329088,1129,1313
instances/vars_1.8_all/instance_5582v38_1.80r0.cnf,all,5582,10048,-1,-1,-1,0,11122,372,57,heuristic4,11835.9,11836.1,112132096,15530196992,15642329088,1017,1201
instances/vars_1.8_all/instance_5582v38_1.80r0.cnf,all,5582,10048,-1,-1,-1,0,11122,372,57,cleanup_device,0.0563965,0.04944,112132096,15530196992,15642329088,-1,-1
instances/vars_1.8_all/instance_5582v38_1.80r0.cnf,all,5582,10048,-1,-1,-1,0,11122,372,57,total,12186,-1,112132096,15530196992,15642329088,-1,-1
instances/vars_1.8_all/instance_5703v39_1.80r0.cnf,all,5703,10265,-1,-1,-1,0,11406,316,39,read_instance,2.73853,-1,107937792,15534391296,15642329088,-1,-1
instances/vars_1.8_all/instance_5703v39_1.80r0.cnf,all,5703,10265,-1,-1,-1,0,11406,316,39,alloc_graph,0.242188,0.229056,110034944,15532294144,15642329088,-1,-1
instances/vars_1.8_all/instance_5703v39_1.80r0.cnf,all,5703,10265,-1,-1,-1,0,11406,316,39,scc,4.79517,4.79664,112132096,15530196992,15642329088,-1,-1
instances/vars_1.8_all/instance_5703v39_1.80r0.cnf,all,5703,10265,-1,-1,-1,0,11406,316,39,topo_sort,0.861816,0.861568,112132096,15530196992,15642329088,-1,-1
instances/vars_1.8_all/instance_5703v39_1.80r0.cnf,all,5703,10265,-1,-1,-1,0,11406,316,39,backbone,5.99048,5.99747,112132096,15530196992,15642329088,-1,-1
instances/vars_1.8_all/instance_5703v39_1.80r0.cnf,all,5703,10265,-1,-1,-1,0,11406,316,39,wcc,0.246826,0.24608,112132096,15530196992,15642329088,-1,-1
instances/vars_1.8_all/instance_5703v39_1.80r0.cnf,all,5703,10265,-1,-1,-1,0,11406,316,39,wcc_grouped,1.12036,1.12061,112132096,15530196992,15642329088,-1,-1
instances/vars_1.8_all/instance_5703v39_1.80r0.cnf,all,5703,10265,-1,-1,-1,0,11406,316,39,heuristic1,124.283,124.286,112132096,15530196992,15642329088,1382,1538
instances/vars_1.8_all/instance_5703v39_1.80r0.cnf,all,5703,10265,-1,-1,-1,0,11406,316,39,heuristic2,96.2083,96.2085,112132096,15530196992,15642329088,1144,1300
instances/vars_1.8_all/instance_5703v39_1.80r0.cnf,all,5703,10265,-1,-1,-1,0,11406,316,39,heuristic3,113.51,113.512,112132096,15530196992,15642329088,1171,1327
instances/vars_1.8_all/instance_5703v39_1.80r0.cnf,all,5703,10265,-1,-1,-1,0,11406,316,39,heuristic4,12444.6,12444.7,112132096,15530196992,15642329088,1061,1217
instances/vars_1.8_all/instance_5703v39_1.80r0.cnf,all,5703,10265,-1,-1,-1,0,11406,316,39,cleanup_device,0.046875,0.046336,112132096,15530196992,15642329088,-1,-1
instances/vars_1.8_all/instance_5703v39_1.80r0.cnf,all,5703,10265,-1,-1,-1,0,11406,316,39,total,12795.8,-1,112132096,15530196992,15642329088,-1,-1
instances/vars_1.8_all/instance_5824v40_1.80r0.cnf,all,5824,10483,-1,-1,-1,0,11646,352,84,read_instance,3.13013,-1,107937792,15534391296,15642329088,-1,-1
instances/vars_1.8_all/instance_5824v40_1.80r0.cnf,all,5824,10483,-1,-1,-1,0,11646,352,84,alloc_graph,0.241211,0.2296,110034944,15532294144,15642329088,-1,-1
instances/vars_1.8_all/instance_5824v40_1.80r0.cnf,all,5824,10483,-1,-1,-1,0,11646,352,84,scc,5.33447,5.3359,112132096,15530196992,15642329088,-1,-1
instances/vars_1.8_all/instance_5824v40_1.80r0.cnf,all,5824,10483,-1,-1,-1,0,11646,352,84,topo_sort,1.72095,1.72029,112132096,15530196992,15642329088,-1,-1
instances/vars_1.8_all/instance_5824v40_1.80r0.cnf,all,5824,10483,-1,-1,-1,0,11646,352,84,backbone,6.4021,6.4096,112132096,15530196992,15642329088,-1,-1
instances/vars_1.8_all/instance_5824v40_1.80r0.cnf,all,5824,10483,-1,-1,-1,0,11646,352,84,wcc,0.255859,0.255744,112132096,15530196992,15642329088,-1,-1
instances/vars_1.8_all/instance_5824v40_1.80r0.cnf,all,5824,10483,-1,-1,-1,0,11646,352,84,wcc_grouped,1.09253,1.09213,112132096,15530196992,15642329088,-1,-1
instances/vars_1.8_all/instance_5824v40_1.80r0.cnf,all,5824,10483,-1,-1,-1,0,11646,352,84,heuristic1,127.193,127.196,112132096,15530196992,15642329088,1429,1604
instances/vars_1.8_all/instance_5824v40_1.80r0.cnf,all,5824,10483,-1,-1,-1,0,11646,352,84,heuristic2,100.575,100.576,112132096,15530196992,15642329088,1189,1363
instances/vars_1.8_all/instance_5824v40_1.80r0.cnf,all,5824,10483,-1,-1,-1,0,11646,352,84,heuristic3,118.243,118.245,112132096,15530196992,15642329088,1220,1394
instances/vars_1.8_all/instance_5824v40_1.80r0.cnf,all,5824,10483,-1,-1,-1,0,11646,352,84,heuristic4,12902.2,12902.4,112132096,15530196992,15642329088,1103,1277
instances/vars_1.8_all/instance_5824v40_1.80r0.cnf,all,5824,10483,-1,-1,-1,0,11646,352,84,cleanup_device,0.046875,0.045984,112132096,15530196992,15642329088,-1,-1
instances/vars_1.8_all/instance_5824v40_1.80r0.cnf,all,5824,10483,-1,-1,-1,0,11646,352,84,total,13267.8,-1,112132096,15530196992,15642329088,-1,-1
instances/vars_1.8_all/instance_5944v41_1.80r0.cnf,all,5944,10699,-1,-1,-1,0,11888,374,37,read_instance,3.19824,-1,107937792,15534391296,15642329088,-1,-1
instances/vars_1.8_all/instance_5944v41_1.80r0.cnf,all,5944,10699,-1,-1,-1,0,11888,374,37,alloc_graph,0.286133,0.279264,110034944,15532294144,15642329088,-1,-1
instances/vars_1.8_all/instance_5944v41_1.80r0.cnf,all,5944,10699,-1,-1,-1,0,11888,374,37,scc,4.99609,4.99763,112132096,15530196992,15642329088,-1,-1
instances/vars_1.8_all/instance_5944v41_1.80r0.cnf,all,5944,10699,-1,-1,-1,0,11888,374,37,topo_sort,0.854248,0.854272,112132096,15530196992,15642329088,-1,-1
instances/vars_1.8_all/instance_5944v41_1.80r0.cnf,all,5944,10699,-1,-1,-1,0,11888,374,37,backbone,6.19971,6.20742,112132096,15530196992,15642329088,-1,-1
instances/vars_1.8_all/instance_5944v41_1.80r0.cnf,all,5944,10699,-1,-1,-1,0,11888,374,37,wcc,0.25708,0.256032,112132096,15530196992,15642329088,-1,-1
instances/vars_1.8_all/instance_5944v41_1.80r0.cnf,all,5944,10699,-1,-1,-1,0,11888,374,37,wcc_grouped,1.09766,1.09798,112132096,15530196992,15642329088,-1,-1
instances/vars_1.8_all/instance_5944v41_1.80r0.cnf,all,5944,10699,-1,-1,-1,0,11888,374,37,heuristic1,131.265,131.269,112132096,15530196992,15642329088,1431,1616
instances/vars_1.8_all/instance_5944v41_1.80r0.cnf,all,5944,10699,-1,-1,-1,0,11888,374,37,heuristic2,102.165,102.167,112132096,15530196992,15642329088,1173,1358
instances/vars_1.8_all/instance_5944v41_1.80r0.cnf,all,5944,10699,-1,-1,-1,0,11888,374,37,heuristic3,117.264,117.267,112132096,15530196992,15642329088,1193,1378
instances/vars_1.8_all/instance_5944v41_1.80r0.cnf,all,5944,10699,-1,-1,-1,0,11888,374,37,heuristic4,12826.6,12826.8,112132096,15530196992,15642329088,1089,1274
instances/vars_1.8_all/instance_5944v41_1.80r0.cnf,all,5944,10699,-1,-1,-1,0,11888,374,37,cleanup_device,0.0534668,0.052128,112132096,15530196992,15642329088,-1,-1
instances/vars_1.8_all/instance_5944v41_1.80r0.cnf,all,5944,10699,-1,-1,-1,0,11888,374,37,total,13195.6,-1,112132096,15530196992,15642329088,-1,-1
instances/vars_1.8_all/instance_6065v42_1.80r0.cnf,all,6065,10917,-1,-1,-1,0,12122,418,49,read_instance,3.0918,-1,107937792,15534391296,15642329088,-1,-1
instances/vars_1.8_all/instance_6065v42_1.80r0.cnf,all,6065,10917,-1,-1,-1,0,12122,418,49,alloc_graph,0.244141,0.232192,110034944,15532294144,15642329088,-1,-1
instances/vars_1.8_all/instance_6065v42_1.80r0.cnf,all,6065,10917,-1,-1,-1,0,12122,418,49,scc,5.05566,5.05738,112132096,15530196992,15642329088,-1,-1
instances/vars_1.8_all/instance_6065v42_1.80r0.cnf,all,6065,10917,-1,-1,-1,0,12122,418,49,topo_sort,1.34473,1.34566,112132096,15530196992,15642329088,-1,-1
instances/vars_1.8_all/instance_6065v42_1.80r0.cnf,all,6065,10917,-1,-1,-1,0,12122,418,49,backbone,6.39648,6.40586,112132096,15530196992,15642329088,-1,-1
instances/vars_1.8_all/instance_6065v42_1.80r0.cnf,all,6065,10917,-1,-1,-1,0,12122,418,49,wcc,0.265625,0.264192,112132096,15530196992,15642329088,-1,-1
instances/vars_1.8_all/instance_6065v42_1.80r0.cnf,all,6065,10917,-1,-1,-1,0,12122,418,49,wcc_grouped,1.12842,1.12848,112132096,15530196992,15642329088,-1,-1
instances/vars_1.8_all/instance_6065v42_1.80r0.cnf,all,6065,10917,-1,-1,-1,0,12122,418,49,heuristic1,136.862,136.864,112132096,15530196992,15642329088,1465,1673
instances/vars_1.8_all/instance_6065v42_1.80r0.cnf,all,6065,10917,-1,-1,-1,0,12122,418,49,heuristic2,106.399,106.4,112132096,15530196992,15642329088,1228,1436
instances/vars_1.8_all/instance_6065v42_1.80r0.cnf,all,6065,10917,-1,-1,-1,0,12122,418,49,heuristic3,119.725,119.727,112132096,15530196992,15642329088,1191,1398
instances/vars_1.8_all/instance_6065v42_1.80r0.cnf,all,6065,10917,-1,-1,-1,0,12122,418,49,heuristic4,12818,12818.2,112132096,15530196992,15642329088,1090,1297
instances/vars_1.8_all/instance_6065v42_1.80r0.cnf,all,6065,10917,-1,-1,-1,0,12122,418,49,cleanup_device,0.0473633,0.046848,112132096,15530196992,15642329088,-1,-1
instances/vars_1.8_all/instance_6065v42_1.80r0.cnf,all,6065,10917,-1,-1,-1,0,12122,418,49,total,13199.8,-1,112132096,15530196992,15642329088,-1,-1
instances/vars_1.8_all/instance_6185v43_1.80r0.cnf,all,6185,11133,-1,-1,-1,0,12370,386,48,read_instance,3.23291,-1,107937792,15534391296,15642329088,-1,-1
instances/vars_1.8_all/instance_6185v43_1.80r0.cnf,all,6185,11133,-1,-1,-1,0,12370,386,48,alloc_graph,0.239502,0.229888,110034944,15532294144,15642329088,-1,-1
instances/vars_1.8_all/instance_6185v43_1.80r0.cnf,all,6185,11133,-1,-1,-1,0,12370,386,48,scc,5.02466,5.02669,112132096,15530196992,15642329088,-1,-1
instances/vars_1.8_all/instance_6185v43_1.80r0.cnf,all,6185,11133,-1,-1,-1,0,12370,386,48,topo_sort,1.00293,1.00166,112132096,15530196992,15642329088,-1,-1
instances/vars_1.8_all/instance_6185v43_1.80r0.cnf,all,6185,11133,-1,-1,-1,0,12370,386,48,backbone,6.10864,6.11187,112132096,15530196992,15642329088,-1,-1
instances/vars_1.8_all/instance_6185v43_1.80r0.cnf,all,6185,11133,-1,-1,-1,0,12370,386,48,wcc,0.224121,0.223616,112132096,15530196992,15642329088,-1,-1
instances/vars_1.8_all/instance_6185v43_1.80r0.cnf,all,6185,11133,-1,-1,-1,0,12370,386,48,wcc_grouped,1.12744,1.12864,112132096,15530196992,15642329088,-1,-1
instances/vars_1.8_all/instance_6185v43_1.80r0.cnf,all,6185,11133,-1,-1,-1,0,12370,386,48,heuristic1,132.499,132.501,112132096,15530196992,15642329088,1465,1658
instances/vars_1.8_all/instance_6185v43_1.80r0.cnf,all,6185,11133,-1,-1,-1,0,12370,386,48,heuristic2,109.604,109.605,112132096,15530196992,15642329088,1279,1471
instances/vars_1.8_all/instance_6185v43_1.80r0.cnf,all,6185,11133,-1,-1,-1,0,12370,386,48,heuristic3,122.763,122.766,112132096,15530196992,15642329088,1236,1428
instances/vars_1.8_all/instance_6185v43_1.80r0.cnf,all,6185,11133,-1,-1,-1,0,12370,386,48,heuristic4,13397.4,13397.6,112132096,15530196992,15642329088,1137,1329
instances/vars_1.8_all/instance_6185v43_1.80r0.cnf,all,6185,11133,-1,-1,-1,0,12370,386,48,cleanup_device,0.0466309,0.045952,112132096,15530196992,15642329088,-1,-1
instances/vars_1.8_all/instance_6185v43_1.80r0.cnf,all,6185,11133,-1,-1,-1,0,12370,386,48,total,13780.6,-1,112132096,15530196992,15642329088,-1,-1
instances/vars_1.8_all/instance_6306v44_1.80r0.cnf,all,6306,11351,-1,-1,-1,0,12582,444,65,read_instance,2.99927,-1,107937792,15534391296,15642329088,-1,-1
instances/vars_1.8_all/instance_6306v44_1.80r0.cnf,all,6306,11351,-1,-1,-1,0,12582,444,65,alloc_graph,0.245361,0.236832,110034944,15532294144,15642329088,-1,-1
instances/vars_1.8_all/instance_6306v44_1.80r0.cnf,all,6306,11351,-1,-1,-1,0,12582,444,65,scc,5.44287,5.4439,112132096,15530196992,15642329088,-1,-1
instances/vars_1.8_all/instance_6306v44_1.80r0.cnf,all,6306,11351,-1,-1,-1,0,12582,444,65,topo_sort,1.3418,1.34096,112132096,15530196992,15642329088,-1,-1
instances/vars_1.8_all/instance_6306v44_1.80r0.cnf,all,6306,11351,-1,-1,-1,0,12582,444,65,backbone,6.10718,6.11434,112132096,15530196992,15642329088,-1,-1
instances/vars_1.8_all/instance_6306v44_1.80r0.cnf,all,6306,11351,-1,-1,-1,0,12582,444,65,wcc,0.26123,0.261504,112132096,15530196992,15642329088,-1,-1
instances/vars_1.8_all/instance_6306v44_1.80r0.cnf,all,6306,11351,-1,-1,-1,0,12582,444,65,wcc_grouped,1.06641,1.06701,112132096,15530196992,15642329088,-1,-1
instances/vars_1.8_all/instance_6306v44_1.80r0.cnf,all,6306,11351,-1,-1,-1,0,12582,444,65,heuristic1,134.565,134.58,112132096,15530196992,15642329088,1460,1681
instances/vars_1.8_all/instance_6306v44_1.80r0.cnf,all,6306,11351,-1,-1,-1,0,12582,444,65,heuristic2,109.554,109.555,112132096,15530196992,15642329088,1272,1493
instances/vars_1.8_all/instance_6306v44_1.80r0.cnf,all,6306,11351,-1,-1,-1,0,12582,444,65,heuristic3,127.235,127.238,112132096,15530196992,15642329088,1317,1537
instances/vars_1.8_all/instance_6306v44_1.80r0.cnf,all,6306,11351,-1,-1,-1,0,12582,444,65,heuristic4,13662.3,13662.5,112132096,15530196992,15642329088,1160,1380
instances/vars_1.8_all/instance_6306v44_1.80r0.cnf,all,6306,11351,-1,-1,-1,0,12582,444,65,cleanup_device,0.0498047,0.048736,112132096,15530196992,15642329088,-1,-1
instances/vars_1.8_all/instance_6306v44_1.80r0.cnf,all,6306,11351,-1,-1,-1,0,12582,444,65,total,14052.5,-1,112132096,15530196992,15642329088,-1,-1
instances/vars_1.8_all/instance_6427v45_1.80r0.cnf,all,6427,11569,-1,-1,-1,0,12852,378,58,read_instance,3.45093,-1,107937792,15534391296,15642329088,-1,-1
instances/vars_1.8_all/instance_6427v45_1.80r0.cnf,all,6427,11569,-1,-1,-1,0,12852,378,58,alloc_graph,0.237549,0.22784,110034944,15532294144,15642329088,-1,-1
instances/vars_1.8_all/instance_6427v45_1.80r0.cnf,all,6427,11569,-1,-1,-1,0,12852,378,58,scc,5.4187,5.42077,112132096,15530196992,15642329088,-1,-1
instances/vars_1.8_all/instance_6427v45_1.80r0.cnf,all,6427,11569,-1,-1,-1,0,12852,378,58,topo_sort,1.1814,1.18054,112132096,15530196992,15642329088,-1,-1
instances/vars_1.8_all/instance_6427v45_1.80r0.cnf,all,6427,11569,-1,-1,-1,0,12852,378,58,backbone,6.54126,6.5497,112132096,15530196992,15642329088,-1,-1
instances/vars_1.8_all/instance_6427v45_1.80r0.cnf,all,6427,11569,-1,-1,-1,0,12852,378,58,wcc,0.275879,0.276288,112132096,15530196992,15642329088,-1,-1
instances/vars_1.8_all/instance_6427v45_1.80r0.cnf,all,6427,11569,-1,-1,-1,0,12852,378,58,wcc_grouped,1.06006,1.0601,112132096,15530196992,15642329088,-1,-1
instances/vars_1.8_all/instance_6427v45_1.80r0.cnf,all,6427,11569,-1,-1,-1,0,12852,378,58,heuristic1,141.528,141.532,112132096,15530196992,15642329088,1535,1722
instances/vars_1.8_all/instance_6427v45_1.80r0.cnf,all,6427,11569,-1,-1,-1,0,12852,378,58,heuristic2,110.393,110.394,112132096,15530196992,15642329088,1306,1493
instances/vars_1.8_all/instance_6427v45_1.80r0.cnf,all,6427,11569,-1,-1,-1,0,12852,378,58,heuristic3,127.975,127.977,112132096,15530196992,15642329088,1299,1486
instances/vars_1.8_all/instance_6427v45_1.80r0.cnf,all,6427,11569,-1,-1,-1,0,12852,378,58,heuristic4,13927.4,13927.6,112132096,15530196992,15642329088,1176,1363
instances/vars_1.8_all/instance_6427v45_1.80r0.cnf,all,6427,11569,-1,-1,-1,0,12852,378,58,cleanup_device,0.0471191,0.046496,112132096,15530196992,15642329088,-1,-1
instances/vars_1.8_all/instance_6427v45_1.80r0.cnf,all,6427,11569,-1,-1,-1,0,12852,378,58,total,14326.9,-1,112132096,15530196992,15642329088,-1,-1
instances/vars_1.8_all/instance_6547v46_1.80r0.cnf,all,6547,11785,-1,-1,-1,0,13092,390,33,read_instance,3.43994,-1,107937792,15534391296,15642329088,-1,-1
instances/vars_1.8_all/instance_6547v46_1.80r0.cnf,all,6547,11785,-1,-1,-1,0,13092,390,33,alloc_graph,0.260986,0.24736,110034944,15532294144,15642329088,-1,-1
instances/vars_1.8_all/instance_6547v46_1.80r0.cnf,all,6547,11785,-1,-1,-1,0,13092,390,33,scc,4.82422,4.82573,112132096,15530196992,15642329088,-1,-1
instances/vars_1.8_all/instance_6547v46_1.80r0.cnf,all,6547,11785,-1,-1,-1,0,13092,390,33,topo_sort,0.71582,0.714176,112132096,15530196992,15642329088,-1,-1
instances/vars_1.8_all/instance_6547v46_1.80r0.cnf,all,6547,11785,-1,-1,-1,0,13092,390,33,backbone,6.25269,6.26035,112132096,15530196992,15642329088,-1,-1
instances/vars_1.8_all/instance_6547v46_1.80r0.cnf,all,6547,11785,-1,-1,-1,0,13092,390,33,wcc,0.299072,0.298848,112132096,15530196992,15642329088,-1,-1
instances/vars_1.8_all/instance_6547v46_1.80r0.cnf,all,6547,11785,-1,-1,-1,0,13092,390,33,wcc_grouped,1.03979,1.04038,112132096,15530196992,15642329088,-1,-1
instances/vars_1.8_all/instance_6547v46_1.80r0.cnf,all,6547,11785,-1,-1,-1,0,13092,390,33,heuristic1,137.335,137.337,112132096,15530196992,15642329088,1537,1730
instances/vars_1.8_all/instance_6547v46_1.80r0.cnf,all,6547,11785,-1,-1,-1,0,13092,390,33,heuristic2,111.698,111.699,112132096,15530196992,15642329088,1322,1517
instances/vars_1.8_all/instance_6547v46_1.80r0.cnf,all,6547,11785,-1,-1,-1,0,13092,390,33,heuristic3,128.02,128.023,112132096,15530196992,15642329088,1327,1520
instances/vars_1.8_all/instance_6547v46_1.80r0.cnf,all,6547,11785,-1,-1,-1,0,13092,390,33,heuristic4,14536,14536.2,112132096,15530196992,15642329088,1219,1412
instances/vars_1.8_all/instance_6547v46_1.80r0.cnf,all,6547,11785,-1,-1,-1,0,13092,390,33,cleanup_device,0.0634766,0.061888,112132096,15530196992,15642329088,-1,-1
instances/vars_1.8_all/instance_6547v46_1.80r0.cnf,all,6547,11785,-1,-1,-1,0,13092,390,33,total,14931.3,-1,112132096,15530196992,15642329088,-1,-1
instances/vars_1.8_all/instance_6668v47_1.80r0.cnf,all,6668,12002,-1,-1,-1,0,13300,442,65,read_instance,3.54419,-1,107937792,15534391296,15642329088,-1,-1
instances/vars_1.8_all/instance_6668v47_1.80r0.cnf,all,6668,12002,-1,-1,-1,0,13300,442,65,alloc_graph,0.266113,0.253664,110034944,15532294144,15642329088,-1,-1
instances/vars_1.8_all/instance_6668v47_1.80r0.cnf,all,6668,12002,-1,-1,-1,0,13300,442,65,scc,5.02759,5.02813,112132096,15530196992,15642329088,-1,-1
instances/vars_1.8_all/instance_6668v47_1.80r0.cnf,all,6668,12002,-1,-1,-1,0,13300,442,65,topo_sort,1.41553,1.41517,112132096,15530196992,15642329088,-1,-1
instances/vars_1.8_all/instance_6668v47_1.80r0.cnf,all,6668,12002,-1,-1,-1,0,13300,442,65,backbone,6.2085,6.21555,112132096,15530196992,15642329088,-1,-1
instances/vars_1.8_all/instance_6668v47_1.80r0.cnf,all,6668,12002,-1,-1,-1,0,13300,442,65,wcc,0.281494,0.281728,112132096,15530196992,15642329088,-1,-1
instances/vars_1.8_all/instance_6668v47_1.80r0.cnf,all,6668,12002,-1,-1,-1,0,13300,442,65,wcc_grouped,1.0459,1.04672,112132096,15530196992,15642329088,-1,-1
instances/vars_1.8_all/instance_6668v47_1.80r0.cnf,all,6668,12002,-1,-1,-1,0,13300,442,65,heuristic1,147.278,147.28,112132096,15530196992,15642329088,1597,1816
instances/vars_1.8_all/instance_6668v47_1.80r0.cnf,all,6668,12002,-1,-1,-1,0,13300,442,65,heuristic2,117.072,117.073,112132096,15530196992,15642329088,1365,1584
instances/vars_1.8_all/instance_6668v47_1.80r0.cnf,all,6668,12002,-1,-1,-1,0,13300,442,65,heuristic3,131.207,131.211,112132096,15530196992,15642329088,1349,1568
instances/vars_1.8_all/instance_6668v47_1.80r0.cnf,all,6668,12002,-1,-1,-1,0,13300,442,65,heuristic4,14203.1,14203.3,112132096,15530196992,15642329088,1195,1414
instances/vars_1.8_all/instance_6668v47_1.80r0.cnf,all,6668,12002,-1,-1,-1,0,13300,442,65,cleanup_device,0.0488281,0.048096,112132096,15530196992,15642329088,-1,-1
instances/vars_1.8_all/instance_6668v47_1.80r0.cnf,all,6668,12002,-1,-1,-1,0,13300,442,65,total,14617.9,-1,112132096,15530196992,15642329088,-1,-1
instances/vars_1.8_all/instance_6788v48_1.80r0.cnf,all,6788,12218,-1,-1,-1,0,13572,412,84,read_instance,3.44019,-1,107937792,15534391296,15642329088,-1,-1
instances/vars_1.8_all/instance_6788v48_1.80r0.cnf,all,6788,12218,-1,-1,-1,0,13572,412,84,alloc_graph,0.246338,0.236608,110034944,15532294144,15642329088,-1,-1
instances/vars_1.8_all/instance_6788v48_1.80r0.cnf,all,6788,12218,-1,-1,-1,0,13572,412,84,scc,5.01392,5.01485,112132096,15530196992,15642329088,-1,-1
instances/vars_1.8_all/instance_6788v48_1.80r0.cnf,all,6788,12218,-1,-1,-1,0,13572,412,84,topo_sort,1.74023,1.74032,112132096,15530196992,15642329088,-1,-1
instances/vars_1.8_all/instance_6788v48_1.80r0.cnf,all,6788,12218,-1,-1,-1,0,13572,412,84,backbone,6.43262,6.44006,112132096,15530196992,15642329088,-1,-1
instances/vars_1.8_all/instance_6788v48_1.80r0.cnf,all,6788,12218,-1,-1,-1,0,13572,412,84,wcc,0.2771,0.27648,112132096,15530196992,15642329088,-1,-1
instances/vars_1.8_all/instance_6788v48_1.80r0.cnf,all,6788,12218,-1,-1,-1,0,13572,412,84,wcc_grouped,1.03784,1.03834,112132096,15530196992,15642329088,-1,-1
instances/vars_1.8_all/instance_6788v48_1.80r0.cnf,all,6788,12218,-1,-1,-1,0,13572,412,84,heuristic1,152.348,152.351,112132096,15530196992,15642329088,1653,1857
instances/vars_1.8_all/instance_6788v48_1.80r0.cnf,all,6788,12218,-1,-1,-1,0,13572,412,84,heuristic2,118.791,118.793,112132096,15530196992,15642329088,1395,1599
instances/vars_1.8_all/instance_6788v48_1.80r0.cnf,all,6788,12218,-1,-1,-1,0,13572,412,84,heuristic3,138.378,138.38,112132096,15530196992,15642329088,1415,1619
instances/vars_1.8_all/instance_6788v48_1.80r0.cnf,all,6788,12218,-1,-1,-1,0,13572,412,84,heuristic4,15447.2,15447.4,112132096,15530196992,15642329088,1296,1500
instances/vars_1.8_all/instance_6788v48_1.80r0.cnf,all,6788,12218,-1,-1,-1,0,13572,412,84,cleanup_device,0.0483398,0.047392,112132096,15530196992,15642329088,-1,-1
instances/vars_1.8_all/instance_6788v48_1.80r0.cnf,all,6788,12218,-1,-1,-1,0,13572,412,84,total,15876.4,-1,112132096,15530196992,15642329088,-1,-1
instances/vars_1.8_all/instance_6909v49_1.80r0.cnf,all,6909,12436,-1,-1,-1,0,13812,454,54,read_instance,3.47021,-1,107937792,15534391296,15642329088,-1,-1
instances/vars_1.8_all/instance_6909v49_1.80r0.cnf,all,6909,12436,-1,-1,-1,0,13812,454,54,alloc_graph,0.232178,0.222368,110034944,15532294144,15642329088,-1,-1
instances/vars_1.8_all/instance_6909v49_1.80r0.cnf,all,6909,12436,-1,-1,-1,0,13812,454,54,scc,4.91162,4.91226,112132096,15530196992,15642329088,-1,-1
instances/vars_1.8_all/instance_6909v49_1.80r0.cnf,all,6909,12436,-1,-1,-1,0,13812,454,54,topo_sort,1.1084,1.10611,112132096,15530196992,15642329088,-1,-1
instances/vars_1.8_all/instance_6909v49_1.80r0.cnf,all,6909,12436,-1,-1,-1,0,13812,454,54,backbone,6.23096,6.23728,112132096,15530196992,15642329088,-1,-1
instances/vars_1.8_all/instance_6909v49_1.80r0.cnf,all,6909,12436,-1,-1,-1,0,13812,454,54,wcc,0.276611,0.27648,112132096,15530196992,15642329088,-1,-1
instances/vars_1.8_all/instance_6909v49_1.80r0.cnf,all,6909,12436,-1,-1,-1,0,13812,454,54,wcc_grouped,1.07275,1.07427,112132096,15530196992,15642329088,-1,-1
instances/vars_1.8_all/instance_6909v49_1.80r0.cnf,all,6909,12436,-1,-1,-1,0,13812,454,54,heuristic1,148.587,148.591,112132096,15530196992,15642329088,1642,1867
instances/vars_1.8_all/instance_6909v49_1.80r0.cnf,all,6909,12436,-1,-1,-1,0,13812,454,54,heuristic2,117.543,117.545,112132096,15530196992,15642329088,1385,1610
instances/vars_1.8_all/instance_6909v49_1.80r0.cnf,all,6909,12436,-1,-1,-1,0,13812,454,54,heuristic3,138.121,138.123,112132096,15530196992,15642329088,1420,1645
instances/vars_1.8_all/instance_6909v49_1.80r0.cnf,all,6909,12436,-1,-1,-1,0,13812,454,54,heuristic4,15340.8,15341,112132096,15530196992,15642329088,1279,1504
instances/vars_1.8_all/instance_6909v49_1.80r0.cnf,all,6909,12436,-1,-1,-1,0,13812,454,54,cleanup_device,0.0444336,0.044096,112132096,15530196992,15642329088,-1,-1
instances/vars_1.8_all/instance_6909v49_1.80r0.cnf,all,6909,12436,-1,-1,-1,0,13812,454,54,total,15763.7,-1,112132096,15530196992,15642329088,-1,-1
instances/vars_1.8_all/instance_7030v50_1.80r0.cnf,all,7030,12654,-1,-1,-1,0,14052,446,65,read_instance,3.67505,-1,107937792,15534391296,15642329088,-1,-1
instances/vars_1.8_all/instance_7030v50_1.80r0.cnf,all,7030,12654,-1,-1,-1,0,14052,446,65,alloc_graph,0.287109,0.276736,110034944,15532294144,15642329088,-1,-1
instances/vars_1.8_all/instance_7030v50_1.80r0.cnf,all,7030,12654,-1,-1,-1,0,14052,446,65,scc,4.96411,4.96547,112132096,15530196992,15642329088,-1,-1
instances/vars_1.8_all/instance_7030v50_1.80r0.cnf,all,7030,12654,-1,-1,-1,0,14052,446,65,topo_sort,1.29346,1.29261,112132096,15530196992,15642329088,-1,-1
instances/vars_1.8_all/instance_7030v50_1.80r0.cnf,all,7030,12654,-1,-1,-1,0,14052,446,65,backbone,6.62427,6.63366,112132096,15530196992,15642329088,-1,-1
instances/vars_1.8_all/instance_7030v50_1.80r0.cnf,all,7030,12654,-1,-1,-1,0,14052,446,65,wcc,0.233154,0.232192,112132096,15530196992,15642329088,-1,-1
instances/vars_1.8_all/instance_7030v50_1.80r0.cnf,all,7030,12654,-1,-1,-1,0,14052,446,65,wcc_grouped,1.09473,1.0952,112132096,15530196992,15642329088,-1,-1
instances/vars_1.8_all/instance_7030v50_1.80r0.cnf,all,7030,12654,-1,-1,-1,0,14052,446,65,heuristic1,152.85,152.853,112132096,15530196992,15642329088,1683,1904
instances/vars_1.8_all/instance_7030v50_1.80r0.cnf,all,7030,12654,-1,-1,-1,0,14052,446,65,heuristic2,121.985,121.987,112132096,15530196992,15642329088,1413,1634
instances/vars_1.8_all/instance_7030v50_1.80r0.cnf,all,7030,12654,-1,-1,-1,0,14052,446,65,heuristic3,139.48,139.483,112132096,15530196992,15642329088,1403,1624
instances/vars_1.8_all/instance_7030v50_1.80r0.cnf,all,7030,12654,-1,-1,-1,0,14052,446,65,heuristic4,15470.2,15470.4,112132096,15530196992,15642329088,1289,1510
instances/vars_1.8_all/instance_7030v50_1.80r0.cnf,all,7030,12654,-1,-1,-1,0,14052,446,65,cleanup_device,0.0488281,0.047904,112132096,15530196992,15642329088,-1,-1
instances/vars_1.8_all/instance_7030v50_1.80r0.cnf,all,7030,12654,-1,-1,-1,0,14052,446,65,total,15904.1,-1,112132096,15530196992,15642329088,-1,-1
instances/vars_1.8_all/instance_7150v51_1.80r0.cnf,all,7150,12870,-1,-1,-1,0,14296,424,53,read_instance,3.78711,-1,107937792,15534391296,15642329088,-1,-1
instances/vars_1.8_all/instance_7150v51_1.80r0.cnf,all,7150,12870,-1,-1,-1,0,14296,424,53,alloc_graph,0.265137,0.25136,110034944,15532294144,15642329088,-1,-1
instances/vars_1.8_all/instance_7150v51_1.80r0.cnf,all,7150,12870,-1,-1,-1,0,14296,424,53,scc,4.81421,4.81549,112132096,15530196992,15642329088,-1,-1
instances/vars_1.8_all/instance_7150v51_1.80r0.cnf,all,7150,12870,-1,-1,-1,0,14296,424,53,topo_sort,1.08643,1.0855,112132096,15530196992,15642329088,-1,-1
instances/vars_1.8_all/instance_7150v51_1.80r0.cnf,all,7150,12870,-1,-1,-1,0,14296,424,53,backbone,6.26538,6.27446,112132096,15530196992,15642329088,-1,-1
instances/vars_1.8_all/instance_7150v51_1.80r0.cnf,all,7150,12870,-1,-1,-1,0,14296,424,53,wcc,0.258545,0.258144,112132096,15530196992,15642329088,-1,-1
instances/vars_1.8_all/instance_7150v51_1.80r0.cnf,all,7150,12870,-1,-1,-1,0,14296,424,53,wcc_grouped,1.10107,1.10173,112132096,15530196992,15642329088,-1,-1
instances/vars_1.8_all/instance_7150v51_1.80r0.cnf,all,7150,12870,-1,-1,-1,0,14296,424,53,heuristic1,155.358,155.361,112132096,15530196992,15642329088,1713,1924
instances/vars_1.8_all/instance_7150v51_1.80r0.cnf,all,7150,12870,-1,-1,-1,0,14296,424,53,heuristic2,123.628,123.63,112132096,15530196992,15642329088,1476,1686
instances/vars_1.8_all/instance_7150v51_1.80r0.cnf,all,7150,12870,-1,-1,-1,0,14296,424,53,heuristic3,143.922,143.925,112132096,15530196992,15642329088,1461,1671
instances/vars_1.8_all/instance_7150v51_1.80r0.cnf,all,7150,12870,-1,-1,-1,0,14296,424,53,heuristic4,16307.5,16307.7,112132096,15530196992,15642329088,1350,1560
instances/vars_1.8_all/instance_7150v51_1.80r0.cnf,all,7150,12870,-1,-1,-1,0,14296,424,53,cleanup_device,0.0488281,0.048,112132096,15530196992,15642329088,-1,-1
instances/vars_1.8_all/instance_7150v51_1.80r0.cnf,all,7150,12870,-1,-1,-1,0,14296,424,53,total,16749.4,-1,112132096,15530196992,15642329088,-1,-1
instances/vars_1.8_all/instance_7271v52_1.80r0.cnf,all,7271,13088,-1,-1,-1,0,14522,428,54,read_instance,3.79614,-1,107937792,15534391296,15642329088,-1,-1
instances/vars_1.8_all/instance_7271v52_1.80r0.cnf,all,7271,13088,-1,-1,-1,0,14522,428,54,alloc_graph,0.250488,0.243136,110034944,15532294144,15642329088,-1,-1
instances/vars_1.8_all/instance_7271v52_1.80r0.cnf,all,7271,13088,-1,-1,-1,0,14522,428,54,scc,4.74487,4.74592,112132096,15530196992,15642329088,-1,-1
instances/vars_1.8_all/instance_7271v52_1.80r0.cnf,all,7271,13088,-1,-1,-1,0,14522,428,54,topo_sort,1.13867,1.13792,112132096,15530196992,15642329088,-1,-1
instances/vars_1.8_all/instance_7271v52_1.80r0.cnf,all,7271,13088,-1,-1,-1,0,14522,428,54,backbone,6.46997,6.47747,112132096,15530196992,15642329088,-1,-1
instances/vars_1.8_all/instance_7271v52_1.80r0.cnf,all,7271,13088,-1,-1,-1,0,14522,428,54,wcc,0.260254,0.260096,112132096,15530196992,15642329088,-1,-1
instances/vars_1.8_all/instance_7271v52_1.80r0.cnf,all,7271,13088,-1,-1,-1,0,14522,428,54,wcc_grouped,1.08374,1.08381,112132096,15530196992,15642329088,-1,-1
instances/vars_1.8_all/instance_7271v52_1.80r0.cnf,all,7271,13088,-1,-1,-1,0,14522,428,54,heuristic1,161.114,161.118,112132096,15530196992,15642329088,1765,1980
instances/vars_1.8_all/instance_7271v52_1.80r0.cnf,all,7271,13088,-1,-1,-1,0,14522,428,54,heuristic2,130.592,130.594,112132096,15530196992,15642329088,1541,1753
instances/vars_1.8_all/instance_7271v52_1.80r0.cnf,all,7271,13088,-1,-1,-1,0,14522,428,54,heuristic3,148.574,148.577,112132096,15530196992,15642329088,1530,1742
instances/vars_1.8_all/instance_7271v52_1.80r0.cnf,all,7271,13088,-1,-1,-1,0,14522,428,54,heuristic4,16559.6,16559.9,112132096,15530196992,15642329088,1367,1579
instances/vars_1.8_all/instance_7271v52_1.80r0.cnf,all,7271,13088,-1,-1,-1,0,14522,428,54,cleanup_device,0.0500488,0.04928,112132096,15530196992,15642329088,-1,-1
instances/vars_1.8_all/instance_7271v52_1.80r0.cnf,all,7271,13088,-1,-1,-1,0,14522,428,54,total,17019,-1,112132096,15530196992,15642329088,-1,-1
instances/vars_1.8_all/instance_7391v53_1.80r0.cnf,all,7391,13304,-1,-1,-1,0,14782,464,90,read_instance,3.88501,-1,107937792,15534391296,15642329088,-1,-1
instances/vars_1.8_all/instance_7391v53_1.80r0.cnf,all,7391,13304,-1,-1,-1,0,14782,464,90,alloc_graph,0.33374,0.321376,110034944,15532294144,15642329088,-1,-1
instances/vars_1.8_all/instance_7391v53_1.80r0.cnf,all,7391,13304,-1,-1,-1,0,14782,464,90,scc,5.46704,5.47024,112132096,15530196992,15642329088,-1,-1
instances/vars_1.8_all/instance_7391v53_1.80r0.cnf,all,7391,13304,-1,-1,-1,0,14782,464,90,topo_sort,1.78589,1.78592,112132096,15530196992,15642329088,-1,-1
instances/vars_1.8_all/instance_7391v53_1.80r0.cnf,all,7391,13304,-1,-1,-1,0,14782,464,90,backbone,6.72656,6.73776,112132096,15530196992,15642329088,-1,-1
instances/vars_1.8_all/instance_7391v53_1.80r0.cnf,all,7391,13304,-1,-1,-1,0,14782,464,90,wcc,0.345215,0.344736,112132096,15530196992,15642329088,-1,-1
instances/vars_1.8_all/instance_7391v53_1.80r0.cnf,all,7391,13304,-1,-1,-1,0,14782,464,90,wcc_grouped,0.958252,0.958656,112132096,15530196992,15642329088,-1,-1
instances/vars_1.8_all/instance_7391v53_1.80r0.cnf,all,7391,13304,-1,-1,-1,0,14782,464,90,heuristic1,161.533,161.536,112132096,15530196992,15642329088,1768,1999
instances/vars_1.8_all/instance_7391v53_1.80r0.cnf,all,7391,13304,-1,-1,-1,0,14782,464,90,heuristic2,133.438,133.441,112132096,15530196992,15642329088,1510,1740
instances/vars_1.8_all/instance_7391v53_1.80r0.cnf,all,7391,13304,-1,-1,-1,0,14782,464,90,heuristic3,143.142,143.144,112132096,15530196992,15642329088,1440,1670
instances/vars_1.8_all/instance_7391v53_1.80r0.cnf,all,7391,13304,-1,-1,-1,0,14782,464,90,heuristic4,15960.8,15961,112132096,15530196992,15642329088,1318,1548
instances/vars_1.8_all/instance_7391v53_1.80r0.cnf,all,7391,13304,-1,-1,-1,0,14782,464,90,cleanup_device,0.0456543,0.044832,112132096,15530196992,15642329088,-1,-1
instances/vars_1.8_all/instance_7391v53_1.80r0.cnf,all,7391,13304,-1,-1,-1,0,14782,464,90,total,16420,-1,112132096,15530196992,15642329088,-1,-1
instances/vars_1.8_all/instance_7512v54_1.80r0.cnf,all,7512,13522,-1,-1,-1,0,15012,488,51,read_instance,3.96997,-1,107937792,15534391296,15642329088,-1,-1
instances/vars_1.8_all/instance_7512v54_1.80r0.cnf,all,7512,13522,-1,-1,-1,0,15012,488,51,alloc_graph,0.356201,0.341888,110034944,15532294144,15642329088,-1,-1
instances/vars_1.8_all/instance_7512v54_1.80r0.cnf,all,7512,13522,-1,-1,-1,0,15012,488,51,scc,5.19214,5.19286,112132096,15530196992,15642329088,-1,-1
instances/vars_1.8_all/instance_7512v54_1.80r0.cnf,all,7512,13522,-1,-1,-1,0,15012,488,51,topo_sort,1.10132,1.10118,112132096,15530196992,15642329088,-1,-1
instances/vars_1.8_all/instance_7512v54_1.80r0.cnf,all,7512,13522,-1,-1,-1,0,15012,488,51,backbone,6.61206,6.62333,112132096,15530196992,15642329088,-1,-1
instances/vars_1.8_all/instance_7512v54_1.80r0.cnf,all,7512,13522,-1,-1,-1,0,15012,488,51,wcc,0.285889,0.285152,112132096,15530196992,15642329088,-1,-1
instances/vars_1.8_all/instance_7512v54_1.80r0.cnf,all,7512,13522,-1,-1,-1,0,15012,488,51,wcc_grouped,1.05664,1.05824,112132096,15530196992,15642329088,-1,-1
instances/vars_1.8_all/instance_7512v54_1.80r0.cnf,all,7512,13522,-1,-1,-1,0,15012,488,51,heuristic1,163.2,163.204,112132096,15530196992,15642329088,1792,2034
instances/vars_1.8_all/instance_7512v54_1.80r0.cnf,all,7512,13522,-1,-1,-1,0,15012,488,51,heuristic2,134.12,134.121,112132096,15530196992,15642329088,1531,1774
instances/vars_1.8_all/instance_7512v54_1.80r0.cnf,all,7512,13522,-1,-1,-1,0,15012,488,51,heuristic3,153.531,153.534,112132096,15530196992,15642329088,1540,1782
instances/vars_1.8_all/instance_7512v54_1.80r0.cnf,all,7512,13522,-1,-1,-1,0,15012,488,51,heuristic4,17647.6,17647.8,112132096,15530196992,15642329088,1439,1681
instances/vars_1.8_all/instance_7512v54_1.80r0.cnf,all,7512,13522,-1,-1,-1,0,15012,488,51,cleanup_device,0.0471191,0.046432,112132096,15530196992,15642329088,-1,-1
instances/vars_1.8_all/instance_7512v54_1.80r0.cnf,all,7512,13522,-1,-1,-1,0,15012,488,51,total,18118.5,-1,112132096,15530196992,15642329088,-1,-1
instances/vars_1.8_all/instance_7633v55_1.80r0.cnf,all,7633,13739,-1,-1,-1,0,15262,530,68,read_instance,4.11108,-1,107937792,15534391296,15642329088,-1,-1
instances/vars_1.8_all/instance_7633v55_1.80r0.cnf,all,7633,13739,-1,-1,-1,0,15262,530,68,alloc_graph,0.306641,0.290944,110034944,15532294144,15642329088,-1,-1
instances/vars_1.8_all/instance_7633v55_1.80r0.cnf,all,7633,13739,-1,-1,-1,0,15262,530,68,scc,5.35889,5.36115,112132096,15530196992,15642329088,-1,-1
instances/vars_1.8_all/instance_7633v55_1.80r0.cnf,all,7633,13739,-1,-1,-1,0,15262,530,68,topo_sort,1.3606,1.35997,112132096,15530196992,15642329088,-1,-1
instances/vars_1.8_all/instance_7633v55_1.80r0.cnf,all,7633,13739,-1,-1,-1,0,15262,530,68,backbone,6.69238,6.7033,112132096,15530196992,15642329088,-1,-1
instances/vars_1.8_all/instance_7633v55_1.80r0.cnf,all,7633,13739,-1,-1,-1,0,15262,530,68,wcc,0.248535,0.248096,112132096,15530196992,15642329088,-1,-1
instances/vars_1.8_all/instance_7633v55_1.80r0.cnf,all,7633,13739,-1,-1,-1,0,15262,530,68,wcc_grouped,1.07007,1.07075,112132096,15530196992,15642329088,-1,-1
instances/vars_1.8_all/instance_7633v55_1.80r0.cnf,all,7633,13739,-1,-1,-1,0,15262,530,68,heuristic1,162.651,162.653,112132096,15530196992,15642329088,1782,2045
instances/vars_1.8_all/instance_7633v55_1.80r0.cnf,all,7633,13739,-1,-1,-1,0,15262,530,68,heuristic2,129.626,129.628,112132096,15530196992,15642329088,1516,1779
instances/vars_1.8_all/instance_7633v55_1.80r0.cnf,all,7633,13739,-1,-1,-1,0,15262,530,68,heuristic3,153.024,153.028,112132096,15530196992,15642329088,1571,1834
instances/vars_1.8_all/instance_7633v55_1.80r0.cnf,all,7633,13739,-1,-1,-1,0,15262,530,68,heuristic4,17087.5,17087.8,112132096,15530196992,15642329088,1389,1652
instances/vars_1.8_all/instance_7633v55_1.80r0.cnf,all,7633,13739,-1,-1,-1,0,15262,530,68,cleanup_device,0.0507812,0.049152,112132096,15530196992,15642329088,-1,-1
instances/vars_1.8_all/instance_7633v55_1.80r0.cnf,all,7633,13739,-1,-1,-1,0,15262,530,68,total,17553.5,-1,112132096,15530196992,15642329088,-1,-1
instances/vars_1.8_all/instance_7753v56_1.80r0.cnf,all,7753,13955,-1,-1,-1,0,15498,480,61,read_instance,4.08594,-1,107937792,15534391296,15642329088,-1,-1
instances/vars_1.8_all/instance_7753v56_1.80r0.cnf,all,7753,13955,-1,-1,-1,0,15498,480,61,alloc_graph,0.3396,0.316736,110034944,15532294144,15642329088,-1,-1
instances/vars_1.8_all/instance_7753v56_1.80r0.cnf,all,7753,13955,-1,-1,-1,0,15498,480,61,scc,5.38403,5.38538,112132096,15530196992,15642329088,-1,-1
instances/vars_1.8_all/instance_7753v56_1.80r0.cnf,all,7753,13955,-1,-1,-1,0,15498,480,61,topo_sort,1.23608,1.23501,112132096,15530196992,15642329088,-1,-1
instances/vars_1.8_all/instance_7753v56_1.80r0.cnf,all,7753,13955,-1,-1,-1,0,15498,480,61,backbone,6.79248,6.80419,112132096,15530196992,15642329088,-1,-1
instances/vars_1.8_all/instance_7753v56_1.80r0.cnf,all,7753,13955,-1,-1,-1,0,15498,480,61,wcc,0.283447,0.28384,112132096,15530196992,15642329088,-1,-1
instances/vars_1.8_all/instance_7753v56_1.80r0.cnf,all,7753,13955,-1,-1,-1,0,15498,480,61,wcc_grouped,1.02783,1.0281,112132096,15530196992,15642329088,-1,-1
instances/vars_1.8_all/instance_7753v56_1.80r0.cnf,all,7753,13955,-1,-1,-1,0,15498,480,61,heuristic1,169.044,169.048,112132096,15530196992,15642329088,1852,2091
instances/vars_1.8_all/instance_7753v56_1.80r0.cnf,all,7753,13955,-1,-1,-1,0,15498,480,61,heuristic2,133.238,133.239,112132096,15530196992,15642329088,1545,1783
instances/vars_1.8_all/instance_7753v56_1.80r0.cnf,all,7753,13955,-1,-1,-1,0,15498,480,61,heuristic3,154.331,154.334,112132096,15530196992,15642329088,1580,1818
instances/vars_1.8_all/instance_7753v56_1.80r0.cnf,all,7753,13955,-1,-1,-1,0,15498,480,61,heuristic4,17663.7,17663.9,112132096,15530196992,15642329088,1431,1669
instances/vars_1.8_all/instance_7753v56_1.80r0.cnf,all,7753,13955,-1,-1,-1,0,15498,480,61,cleanup_device,0.0666504,0.066432,112132096,15530196992,15642329088,-1,-1
instances/vars_1.8_all/instance_7753v56_1.80r0.cnf,all,7753,13955,-1,-1,-1,0,15498,480,61,total,18141,-1,112132096,15530196992,15642329088,-1,-1
instances/vars_1.8_all/instance_7874v57_1.80r0.cnf,all,7874,14173,-1,-1,-1,0,15748,522,52,read_instance,4.17188,-1,107937792,15534391296,15642329088,-1,-1
instances/vars_1.8_all/instance_7874v57_1.80r0.cnf,all,7874,14173,-1,-1,-1,0,15748,522,52,alloc_graph,0.337891,0.324608,110034944,15532294144,15642329088,-1,-1
instances/vars_1.8_all/instance_7874v57_1.80r0.cnf,all,7874,14173,-1,-1,-1,0,15748,522,52,scc,5.33789,5.33984,112132096,15530196992,15642329088,-1,-1
instances/vars_1.8_all/instance_7874v57_1.80r0.cnf,all,7874,14173,-1,-1,-1,0,15748,522,52,topo_sort,1.06445,1.06403,112132096,15530196992,15642329088,-1,-1
instances/vars_1.8_all/instance_7874v57_1.80r0.cnf,all,7874,14173,-1,-1,-1,0,15748,522,52,backbone,6.85327,6.86634,112132096,15530196992,15642329088,-1,-1
instances/vars_1.8_all/instance_7874v57_1.80r0.cnf,all,7874,14173,-1,-1,-1,0,15748,522,52,wcc,0.300293,0.300544,112132096,15530196992,15642329088,-1,-1
instances/vars_1.8_all/instance_7874v57_1.80r0.cnf,all,7874,14173,-1,-1,-1,0,15748,522,52,wcc_grouped,1.01538,1.01581,112132096,15530196992,15642329088,-1,-1
instances/vars_1.8_all/instance_7874v57_1.80r0.cnf,all,7874,14173,-1,-1,-1,0,15748,522,52,heuristic1,172.538,172.542,112132096,15530196992,15642329088,1857,2116
instances/vars_1.8_all/instance_7874v57_1.80r0.cnf,all,7874,14173,-1,-1,-1,0,15748,522,52,heuristic2,138.783,138.784,112132096,15530196992,15642329088,1615,1874
instances/vars_1.8_all/instance_7874v57_1.80r0.cnf,all,7874,14173,-1,-1,-1,0,15748,522,52,heuristic3,155.07,155.073,112132096,15530196992,15642329088,1582,1841
instances/vars_1.8_all/instance_7874v57_1.80r0.cnf,all,7874,14173,-1,-1,-1,0,15748,522,52,heuristic4,18129.1,18129.4,112132096,15530196992,15642329088,1462,1721
instances/vars_1.8_all/instance_7874v57_1.80r0.cnf,all,7874,14173,-1,-1,-1,0,15748,522,52,cleanup_device,0.0471191,0.04624,112132096,15530196992,15642329088,-1,-1
instances/vars_1.8_all/instance_7874v57_1.80r0.cnf,all,7874,14173,-1,-1,-1,0,15748,522,52,total,18616.2,-1,112132096,15530196992,15642329088,-1,-1
instances/vars_1.8_all/instance_7994v58_1.80r0.cnf,all,7994,14389,-1,-1,-1,0,15964,494,65,read_instance,4.30786,-1,107937792,15534391296,15642329088,-1,-1
instances/vars_1.8_all/instance_7994v58_1.80r0.cnf,all,7994,14389,-1,-1,-1,0,15964,494,65,alloc_graph,0.334961,0.321984,110034944,15532294144,15642329088,-1,-1
instances/vars_1.8_all/instance_7994v58_1.80r0.cnf,all,7994,14389,-1,-1,-1,0,15964,494,65,scc,5.17358,5.17587,112132096,15530196992,15642329088,-1,-1
instances/vars_1.8_all/instance_7994v58_1.80r0.cnf,all,7994,14389,-1,-1,-1,0,15964,494,65,topo_sort,1.27539,1.27469,112132096,15530196992,15642329088,-1,-1
instances/vars_1.8_all/instance_7994v58_1.80r0.cnf,all,7994,14389,-1,-1,-1,0,15964,494,65,backbone,6.87256,6.88765,112132096,15530196992,15642329088,-1,-1
instances/vars_1.8_all/instance_7994v58_1.80r0.cnf,all,7994,14389,-1,-1,-1,0,15964,494,65,wcc,0.314941,0.31424,112132096,15530196992,15642329088,-1,-1
instances/vars_1.8_all/instance_7994v58_1.80r0.cnf,all,7994,14389,-1,-1,-1,0,15964,494,65,wcc_grouped,1.00342,1.00352,112132096,15530196992,15642329088,-1,-1
instances/vars_1.8_all/instance_7994v58_1.80r0.cnf,all,7994,14389,-1,-1,-1,0,15964,494,65,heuristic1,175.232,175.235,112132096,15530196992,15642329088,1907,2153
instances/vars_1.8_all/instance_7994v58_1.80r0.cnf,all,7994,14389,-1,-1,-1,0,15964,494,65,heuristic2,138.823,138.824,112132096,15530196992,15642329088,1589,1834
instances/vars_1.8_all/instance_7994v58_1.80r0.cnf,all,7994,14389,-1,-1,-1,0,15964,494,65,heuristic3,160.597,160.601,112132096,15530196992,15642329088,1646,1891
instances/vars_1.8_all/instance_7994v58_1.80r0.cnf,all,7994,14389,-1,-1,-1,0,15964,494,65,heuristic4,18181.2,18181.4,112132096,15530196992,15642329088,1463,1708
instances/vars_1.8_all/instance_7994v58_1.80r0.cnf,all,7994,14389,-1,-1,-1,0,15964,494,65,cleanup_device,0.048584,0.047776,112132096,15530196992,15642329088,-1,-1
instances/vars_1.8_all/instance_7994v58_1.80r0.cnf,all,7994,14389,-1,-1,-1,0,15964,494,65,total,18676.7,-1,112132096,15530196992,15642329088,-1,-1
instances/vars_1.8_all/instance_8115v59_1.80r0.cnf,all,8115,14607,-1,-1,-1,0,16188,540,49,read_instance,4.27148,-1,107937792,15534391296,15642329088,-1,-1
instances/vars_1.8_all/instance_8115v59_1.80r0.cnf,all,8115,14607,-1,-1,-1,0,16188,540,49,alloc_graph,0.267578,0.254368,110034944,15532294144,15642329088,-1,-1
instances/vars_1.8_all/instance_8115v59_1.80r0.cnf,all,8115,14607,-1,-1,-1,0,16188,540,49,scc,5.10156,5.10269,112132096,15530196992,15642329088,-1,-1
instances/vars_1.8_all/instance_8115v59_1.80r0.cnf,all,8115,14607,-1,-1,-1,0,16188,540,49,topo_sort,1.04395,1.04291,112132096,15530196992,15642329088,-1,-1
instances/vars_1.8_all/instance_8115v59_1.80r0.cnf,all,8115,14607,-1,-1,-1,0,16188,540,49,backbone,6.71338,6.72035,112132096,15530196992,15642329088,-1,-1
instances/vars_1.8_all/instance_8115v59_1.80r0.cnf,all,8115,14607,-1,-1,-1,0,16188,540,49,wcc,0.288574,0.288768,112132096,15530196992,15642329088,-1,-1
instances/vars_1.8_all/instance_8115v59_1.80r0.cnf,all,8115,14607,-1,-1,-1,0,16188,540,49,wcc_grouped,1.04614,1.04653,112132096,15530196992,15642329088,-1,-1
instances/vars_1.8_all/instance_8115v59_1.80r0.cnf,all,8115,14607,-1,-1,-1,0,16188,540,49,heuristic1,176.596,176.6,112132096,15530196992,15642329088,1943,2213
instances/vars_1.8_all/instance_8115v59_1.80r0.cnf,all,8115,14607,-1,-1,-1,0,16188,540,49,heuristic2,141.055,141.057,112132096,15530196992,15642329088,1649,1919
instances/vars_1.8_all/instance_8115v59_1.80r0.cnf,all,8115,14607,-1,-1,-1,0,16188,540,49,heuristic3,164.067,164.069,112132096,15530196992,15642329088,1643,1913
instances/vars_1.8_all/instance_8115v59_1.80r0.cnf,all,8115,14607,-1,-1,-1,0,16188,540,49,heuristic4,18815.3,18815.5,112132096,15530196992,15642329088,1507,1777
instances/vars_1.8_all/instance_8115v59_1.80r0.cnf,all,8115,14607,-1,-1,-1,0,16188,540,49,cleanup_device,0.0476074,0.047136,112132096,15530196992,15642329088,-1,-1
instances/vars_1.8_all/instance_8115v59_1.80r0.cnf,all,8115,14607,-1,-1,-1,0,16188,540,49,total,19317.2,-1,112132096,15530196992,15642329088,-1,-1
instances/vars_1.8_all/instance_8236v60_1.80r0.cnf,all,8236,14825,-1,-1,-1,0,16468,492,49,read_instance,4.375,-1,107937792,15534391296,15642329088,-1,-1
instances/vars_1.8_all/instance_8236v60_1.80r0.cnf,all,8236,14825,-1,-1,-1,0,16468,492,49,alloc_graph,0.335449,0.31648,110034944,15532294144,15642329088,-1,-1
instances/vars_1.8_all/instance_8236v60_1.80r0.cnf,all,8236,14825,-1,-1,-1,0,16468,492,49,scc,5.42993,5.43309,112132096,15530196992,15642329088,-1,-1
instances/vars_1.8_all/instance_8236v60_1.80r0.cnf,all,8236,14825,-1,-1,-1,0,16468,492,49,topo_sort,1.03516,1.03478,112132096,15530196992,15642329088,-1,-1
instances/vars_1.8_all/instance_8236v60_1.80r0.cnf,all,8236,14825,-1,-1,-1,0,16468,492,49,backbone,6.93774,6.9521,112132096,15530196992,15642329088,-1,-1
instances/vars_1.8_all/instance_8236v60_1.80r0.cnf,all,8236,14825,-1,-1,-1,0,16468,492,49,wcc,0.293701,0.294688,112132096,15530196992,15642329088,-1,-1
instances/vars_1.8_all/instance_8236v60_1.80r0.cnf,all,8236,14825,-1,-1,-1,0,16468,492,49,wcc_grouped,1.00488,1.00509,112132096,15530196992,15642329088,-1,-1
instances/vars_1.8_all/instance_8236v60_1.80r0.cnf,all,8236,14825,-1,-1,-1,0,16468,492,49,heuristic1,182.694,182.699,112132096,15530196992,15642329088,2008,2253
instances/vars_1.8_all/instance_8236v60_1.80r0.cnf,all,8236,14825,-1,-1,-1,0,16468,492,49,heuristic2,143.639,143.641,112132096,15530196992,15642329088,1651,1896
instances/vars_1.8_all/instance_8236v60_1.80r0.cnf,all,8236,14825,-1,-1,-1,0,16468,492,49,heuristic3,166.737,166.741,112132096,15530196992,15642329088,1711,1955
instances/vars_1.8_all/instance_8236v60_1.80r0.cnf,all,8236,14825,-1,-1,-1,0,16468,492,49,heuristic4,19394,19394.2,112132096,15530196992,15642329088,1554,1798
instances/vars_1.8_all/instance_8236v60_1.80r0.cnf,all,8236,14825,-1,-1,-1,0,16468,492,49,cleanup_device,0.0473633,0.04656,112132096,15530196992,15642329088,-1,-1
instances/vars_1.8_all/instance_8236v60_1.80r0.cnf,all,8236,14825,-1,-1,-1,0,16468,492,49,total,19908,-1,112132096,15530196992,15642329088,-1,-1
instances/vars_1.8_all/instance_8356v61_1.80r0.cnf,all,8356,15041,-1,-1,-1,0,16668,536,44,read_instance,4.34302,-1,107937792,15534391296,15642329088,-1,-1
instances/vars_1.8_all/instance_8356v61_1.80r0.cnf,all,8356,15041,-1,-1,-1,0,16668,536,44,alloc_graph,0.286377,0.272288,110034944,15532294144,15642329088,-1,-1
instances/vars_1.8_all/instance_8356v61_1.80r0.cnf,all,8356,15041,-1,-1,-1,0,16668,536,44,scc,4.95459,4.95622,112132096,15530196992,15642329088,-1,-1
instances/vars_1.8_all/instance_8356v61_1.80r0.cnf,all,8356,15041,-1,-1,-1,0,16668,536,44,topo_sort,0.929199,0.928512,112132096,15530196992,15642329088,-1,-1
instances/vars_1.8_all/instance_8356v61_1.80r0.cnf,all,8356,15041,-1,-1,-1,0,16668,536,44,backbone,6.76392,6.77222,112132096,15530196992,15642329088,-1,-1
instances/vars_1.8_all/instance_8356v61_1.80r0.cnf,all,8356,15041,-1,-1,-1,0,16668,536,44,wcc,0.306641,0.307168,112132096,15530196992,15642329088,-1,-1
instances/vars_1.8_all/instance_8356v61_1.80r0.cnf,all,8356,15041,-1,-1,-1,0,16668,536,44,wcc_grouped,1.03369,1.03402,112132096,15530196992,15642329088,-1,-1
instances/vars_1.8_all/instance_8356v61_1.80r0.cnf,all,8356,15041,-1,-1,-1,0,16668,536,44,heuristic1,182.206,182.21,112132096,15530196992,15642329088,2010,2276
instances/vars_1.8_all/instance_8356v61_1.80r0.cnf,all,8356,15041,-1,-1,-1,0,16668,536,44,heuristic2,145.968,145.971,112132096,15530196992,15642329088,1719,1985
instances/vars_1.8_all/instance_8356v61_1.80r0.cnf,all,8356,15041,-1,-1,-1,0,16668,536,44,heuristic3,169.595,169.599,112132096,15530196992,15642329088,1704,1970
instances/vars_1.8_all/instance_8356v61_1.80r0.cnf,all,8356,15041,-1,-1,-1,0,16668,536,44,heuristic4,18963.8,18964.1,112132096,15530196992,15642329088,1508,1774
instances/vars_1.8_all/instance_8356v61_1.80r0.cnf,all,8356,15041,-1,-1,-1,0,16668,536,44,cleanup_device,0.048584,0.047616,112132096,15530196992,15642329088,-1,-1
instances/vars_1.8_all/instance_8356v61_1.80r0.cnf,all,8356,15041,-1,-1,-1,0,16668,536,44,total,19481.6,-1,112132096,15530196992,15642329088,-1,-1
instances/vars_1.8_all/instance_8477v62_1.80r0.cnf,all,8477,15259,-1,-1,-1,0,16934,504,58,read_instance,4.4585,-1,107937792,15534391296,15642329088,-1,-1
instances/vars_1.8_all/instance_8477v62_1.80r0.cnf,all,8477,15259,-1,-1,-1,0,16934,504,58,alloc_graph,0.302734,0.286976,110034944,15532294144,15642329088,-1,-1
instances/vars_1.8_all/instance_8477v62_1.80r0.cnf,all,8477,15259,-1,-1,-1,0,16934,504,58,scc,5.13208,5.13466,112132096,15530196992,15642329088,-1,-1
instances/vars_1.8_all/instance_8477v62_1.80r0.cnf,all,8477,15259,-1,-1,-1,0,16934,504,58,topo_sort,1.18799,1.18758,112132096,15530196992,15642329088,-1,-1
instances/vars_1.8_all/instance_8477v62_1.80r0.cnf,all,8477,15259,-1,-1,-1,0,16934,504,58,backbone,6.88135,6.89194,112132096,15530196992,15642329088,-1,-1
instances/vars_1.8_all/instance_8477v62_1.80r0.cnf,all,8477,15259,-1,-1,-1,0,16934,504,58,wcc,0.265625,0.280672,112132096,15530196992,15642329088,-1,-1
instances/vars_1.8_all/instance_8477v62_1.80r0.cnf,all,8477,15259,-1,-1,-1,0,16934,504,58,wcc_grouped,1.04028,1.0401,112132096,15530196992,15642329088,-1,-1
instances/vars_1.8_all/instance_8477v62_1.80r0.cnf,all,8477,15259,-1,-1,-1,0,16934,504,58,heuristic1,187.239,187.242,112132096,15530196992,15642329088,2094,2345
instances/vars_1.8_all/instance_8477v62_1.80r0.cnf,all,8477,15259,-1,-1,-1,0,16934,504,58,heuristic2,146.155,146.156,112132096,15530196992,15642329088,1736,1987
instances/vars_1.8_all/instance_8477v62_1.80r0.cnf,all,8477,15259,-1,-1,-1,0,16934,504,58,heuristic3,165.478,165.481,112132096,15530196992,15642329088,1716,1967
instances/vars_1.8_all/instance_8477v62_1.80r0.cnf,all,8477,15259,-1,-1,-1,0,16934,504,58,heuristic4,19405.7,19406,112132096,15530196992,15642329088,1541,1792
instances/vars_1.8_all/instance_8477v62_1.80r0.cnf,all,8477,15259,-1,-1,-1,0,16934,504,58,cleanup_device,0.050293,0.048832,112132096,15530196992,15642329088,-1,-1
instances/vars_1.8_all/instance_8477v62_1.80r0.cnf,all,8477,15259,-1,-1,-1,0,16934,504,58,total,19925.4,-1,112132096,15530196992,15642329088,-1,-1
instances/vars_1.8_all/instance_8597v63_1.80r0.cnf,all,8597,15475,-1,-1,-1,0,17192,570,80,read_instance,4.65332,-1,107937792,15534391296,15642329088,-1,-1
instances/vars_1.8_all/instance_8597v63_1.80r0.cnf,all,8597,15475,-1,-1,-1,0,17192,570,80,alloc_graph,0.299316,0.28528,110034944,15532294144,15642329088,-1,-1
instances/vars_1.8_all/instance_8597v63_1.80r0.cnf,all,8597,15475,-1,-1,-1,0,17192,570,80,scc,5.44019,5.44246,112132096,15530196992,15642329088,-1,-1
instances/vars_1.8_all/instance_8597v63_1.80r0.cnf,all,8597,15475,-1,-1,-1,0,17192,570,80,topo_sort,1.56494,1.56438,112132096,15530196992,15642329088,-1,-1
instances/vars_1.8_all/instance_8597v63_1.80r0.cnf,all,8597,15475,-1,-1,-1,0,17192,570,80,backbone,7.16577,7.17798,112132096,15530196992,15642329088,-1,-1
instances/vars_1.8_all/instance_8597v63_1.80r0.cnf,all,8597,15475,-1,-1,-1,0,17192,570,80,wcc,0.298584,0.29776,112132096,15530196992,15642329088,-1,-1
instances/vars_1.8_all/instance_8597v63_1.80r0.cnf,all,8597,15475,-1,-1,-1,0,17192,570,80,wcc_grouped,1.03345,1.03424,112132096,15530196992,15642329088,-1,-1
instances/vars_1.8_all/instance_8597v63_1.80r0.cnf,all,8597,15475,-1,-1,-1,0,17192,570,80,heuristic1,189.052,189.056,112132096,15530196992,15642329088,2056,2340
instances/vars_1.8_all/instance_8597v63_1.80r0.cnf,all,8597,15475,-1,-1,-1,0,17192,570,80,heuristic2,150.491,150.493,112132096,15530196992,15642329088,1718,2003
instances/vars_1.8_all/instance_8597v63_1.80r0.cnf,all,8597,15475,-1,-1,-1,0,17192,570,80,heuristic3,177.439,177.444,112132096,15530196992,15642329088,1757,2041
instances/vars_1.8_all/instance_8597v63_1.80r0.cnf,all,8597,15475,-1,-1,-1,0,17192,570,80,heuristic4,19871.6,19871.9,112132096,15530196992,15642329088,1587,1871
instances/vars_1.8_all/instance_8597v63_1.80r0.cnf,all,8597,15475,-1,-1,-1,0,17192,570,80,cleanup_device,0.0568848,0.056384,112132096,15530196992,15642329088,-1,-1
instances/vars_1.8_all/instance_8597v63_1.80r0.cnf,all,8597,15475,-1,-1,-1,0,17192,570,80,total,20410.6,-1,112132096,15530196992,15642329088,-1,-1
instances/vars_1.8_all/instance_8718v64_1.80r0.cnf,all,8718,15692,-1,-1,-1,0,17436,476,45,read_instance,4.54883,-1,107937792,15534391296,15642329088,-1,-1
instances/vars_1.8_all/instance_8718v64_1.80r0.cnf,all,8718,15692,-1,-1,-1,0,17436,476,45,alloc_graph,0.296875,0.28384,110034944,15532294144,15642329088,-1,-1
instances/vars_1.8_all/instance_8718v64_1.80r0.cnf,all,8718,15692,-1,-1,-1,0,17436,476,45,scc,4.81323,4.81491,112132096,15530196992,15642329088,-1,-1
instances/vars_1.8_all/instance_8718v64_1.80r0.cnf,all,8718,15692,-1,-1,-1,0,17436,476,45,topo_sort,0.932373,0.930656,112132096,15530196992,15642329088,-1,-1
instances/vars_1.8_all/instance_8718v64_1.80r0.cnf,all,8718,15692,-1,-1,-1,0,17436,476,45,backbone,6.86011,6.86874,112132096,15530196992,15642329088,-1,-1
instances/vars_1.8_all/instance_8718v64_1.80r0.cnf,all,8718,15692,-1,-1,-1,0,17436,476,45,wcc,0.26709,0.267648,112132096,15530196992,15642329088,-1,-1
instances/vars_1.8_all/instance_8718v64_1.80r0.cnf,all,8718,15692,-1,-1,-1,0,17436,476,45,wcc_grouped,1.08618,1.0864,112132096,15530196992,15642329088,-1,-1
instances/vars_1.8_all/instance_8718v64_1.80r0.cnf,all,8718,15692,-1,-1,-1,0,17436,476,45,heuristic1,194.66,194.664,112132096,15530196992,15642329088,2143,2379
instances/vars_1.8_all/instance_8718v64_1.80r0.cnf,all,8718,15692,-1,-1,-1,0,17436,476,45,heuristic2,156.053,156.056,112132096,15530196992,15642329088,1828,2064
instances/vars_1.8_all/instance_8718v64_1.80r0.cnf,all,8718,15692,-1,-1,-1,0,17436,476,45,heuristic3,176.657,176.66,112132096,15530196992,15642329088,1811,2047
instances/vars_1.8_all/instance_8718v64_1.80r0.cnf,all,8718,15692,-1,-1,-1,0,17436,476,45,heuristic4,20661.9,20662.2,112132096,15530196992,15642329088,1633,1869
instances/vars_1.8_all/instance_8718v64_1.80r0.cnf,all,8718,15692,-1,-1,-1,0,17436,476,45,cleanup_device,0.0478516,0.046848,112132096,15530196992,15642329088,-1,-1
instances/vars_1.8_all/instance_8718v64_1.80r0.cnf,all,8718,15692,-1,-1,-1,0,17436,476,45,total,21209.6,-1,112132096,15530196992,15642329088,-1,-1
instances/vars_1.8_all/instance_8839v65_1.80r0.cnf,all,8839,15910,-1,-1,-1,0,17648,492,59,read_instance,4.64209,-1,107937792,15534391296,15642329088,-1,-1
instances/vars_1.8_all/instance_8839v65_1.80r0.cnf,all,8839,15910,-1,-1,-1,0,17648,492,59,alloc_graph,0.334961,0.319392,110034944,15532294144,15642329088,-1,-1
instances/vars_1.8_all/instance_8839v65_1.80r0.cnf,all,8839,15910,-1,-1,-1,0,17648,492,59,scc,5.32178,5.324,112132096,15530196992,15642329088,-1,-1
instances/vars_1.8_all/instance_8839v65_1.80r0.cnf,all,8839,15910,-1,-1,-1,0,17648,492,59,topo_sort,1.17871,1.17779,112132096,15530196992,15642329088,-1,-1
instances/vars_1.8_all/instance_8839v65_1.80r0.cnf,all,8839,15910,-1,-1,-1,0,17648,492,59,backbone,7.00781,7.01878,112132096,15530196992,15642329088,-1,-1
instances/vars_1.8_all/instance_8839v65_1.80r0.cnf,all,8839,15910,-1,-1,-1,0,17648,492,59,wcc,0.294678,0.294624,112132096,15530196992,15642329088,-1,-1
instances/vars_1.8_all/instance_8839v65_1.80r0.cnf,all,8839,15910,-1,-1,-1,0,17648,492,59,wcc_grouped,1.02441,1.02432,112132096,15530196992,15642329088,-1,-1
instances/vars_1.8_all/instance_8839v65_1.80r0.cnf,all,8839,15910,-1,-1,-1,0,17648,492,59,heuristic1,193.739,193.743,112132096,15530196992,15642329088,2102,2346
instances/vars_1.8_all/instance_8839v65_1.80r0.cnf,all,8839,15910,-1,-1,-1,0,17648,492,59,heuristic2,158.974,158.976,112132096,15530196992,15642329088,1842,2086
instances/vars_1.8_all/instance_8839v65_1.80r0.cnf,all,8839,15910,-1,-1,-1,0,17648,492,59,heuristic3,179.469,179.472,112132096,15530196992,15642329088,1836,2080
instances/vars_1.8_all/instance_8839v65_1.80r0.cnf,all,8839,15910,-1,-1,-1,0,17648,492,59,heuristic4,20319.5,20319.7,112132096,15530196992,15642329088,1604,1848
instances/vars_1.8_all/instance_8839v65_1.80r0.cnf,all,8839,15910,-1,-1,-1,0,17648,492,59,cleanup_device,0.0498047,0.0496,112132096,15530196992,15642329088,-1,-1
instances/vars_1.8_all/instance_8839v65_1.80r0.cnf,all,8839,15910,-1,-1,-1,0,17648,492,59,total,20873,-1,112132096,15530196992,15642329088,-1,-1
instances/vars_1.8_all/instance_8959v66_1.80r0.cnf,all,8959,16126,-1,-1,-1,0,17904,540,46,read_instance,4.72461,-1,107937792,15534391296,15642329088,-1,-1
instances/vars_1.8_all/instance_8959v66_1.80r0.cnf,all,8959,16126,-1,-1,-1,0,17904,540,46,alloc_graph,0.319336,0.305824,110034944,15532294144,15642329088,-1,-1
instances/vars_1.8_all/instance_8959v66_1.80r0.cnf,all,8959,16126,-1,-1,-1,0,17904,540,46,scc,5.12207,5.124,112132096,15530196992,15642329088,-1,-1
instances/vars_1.8_all/instance_8959v66_1.80r0.cnf,all,8959,16126,-1,-1,-1,0,17904,540,46,topo_sort,0.973145,0.971904,112132096,15530196992,15642329088,-1,-1
instances/vars_1.8_all/instance_8959v66_1.80r0.cnf,all,8959,16126,-1,-1,-1,0,17904,540,46,backbone,7.04541,7.0601,112132096,15530196992,15642329088,-1,-1
instances/vars_1.8_all/instance_8959v66_1.80r0.cnf,all,8959,16126,-1,-1,-1,0,17904,540,46,wcc,0.283447,0.283168,112132096,15530196992,15642329088,-1,-1
instances/vars_1.8_all/instance_8959v66_1.80r0.cnf,all,8959,16126,-1,-1,-1,0,17904,540,46,wcc_grouped,1.02417,1.024,112132096,15530196992,15642329088,-1,-1
instances/vars_1.8_all/instance_8959v66_1.80r0.cnf,all,8959,16126,-1,-1,-1,0,17904,540,46,heuristic1,198.217,198.22,112132096,15530196992,15642329088,2107,2376
instances/vars_1.8_all/instance_8959v66_1.80r0.cnf,all,8959,16126,-1,-1,-1,0,17904,540,46,heuristic2,155.613,155.616,112132096,15530196992,15642329088,1812,2080
instances/vars_1.8_all/instance_8959v66_1.80r0.cnf,all,8959,16126,-1,-1,-1,0,17904,540,46,heuristic3,179.454,179.457,112132096,15530196992,15642329088,1855,2123
instances/vars_1.8_all/instance_8959v66_1.80r0.cnf,all,8959,16126,-1,-1,-1,0,17904,540,46,heuristic4,21203.8,21204.1,112132096,15530196992,15642329088,1667,1935
instances/vars_1.8_all/instance_8959v66_1.80r0.cnf,all,8959,16126,-1,-1,-1,0,17904,540,46,cleanup_device,0.0527344,0.05136,112132096,15530196992,15642329088,-1,-1
instances/vars_1.8_all/instance_8959v66_1.80r0.cnf,all,8959,16126,-1,-1,-1,0,17904,540,46,total,21758.2,-1,112132096,15530196992,15642329088,-1,-1
instances/vars_1.8_all/instance_9080v67_1.80r0.cnf,all,9080,16344,-1,-1,-1,0,18158,568,59,read_instance,4.71216,-1,107937792,15534391296,15642329088,-1,-1
instances/vars_1.8_all/instance_9080v67_1.80r0.cnf,all,9080,16344,-1,-1,-1,0,18158,568,59,alloc_graph,0.314697,0.298528,110034944,15532294144,15642329088,-1,-1
instances/vars_1.8_all/instance_9080v67_1.80r0.cnf,all,9080,16344,-1,-1,-1,0,18158,568,59,scc,5.28979,5.29155,112132096,15530196992,15642329088,-1,-1
instances/vars_1.8_all/instance_9080v67_1.80r0.cnf,all,9080,16344,-1,-1,-1,0,18158,568,59,topo_sort,1.26733,1.26752,112132096,15530196992,15642329088,-1,-1
instances/vars_1.8_all/instance_9080v67_1.80r0.cnf,all,9080,16344,-1,-1,-1,0,18158,568,59,backbone,7.0415,7.05411,112132096,15530196992,15642329088,-1,-1
instances/vars_1.8_all/instance_9080v67_1.80r0.cnf,all,9080,16344,-1,-1,-1,0,18158,568,59,wcc,0.30835,0.307584,112132096,15530196992,15642329088,-1,-1
instances/vars_1.8_all/instance_9080v67_1.80r0.cnf,all,9080,16344,-1,-1,-1,0,18158,568,59,wcc_grouped,1.01172,1.01334,112132096,15530196992,15642329088,-1,-1
instances/vars_1.8_all/instance_9080v67_1.80r0.cnf,all,9080,16344,-1,-1,-1,0,18158,568,59,heuristic1,199.116,199.119,112132096,15530196992,15642329088,2180,2463
instances/vars_1.8_all/instance_9080v67_1.80r0.cnf,all,9080,16344,-1,-1,-1,0,18158,568,59,heuristic2,155.17,155.173,112132096,15530196992,15642329088,1849,2131
instances/vars_1.8_all/instance_9080v67_1.80r0.cnf,all,9080,16344,-1,-1,-1,0,18158,568,59,heuristic3,185.55,185.552,112132096,15530196992,15642329088,1914,2196
instances/vars_1.8_all/instance_9080v67_1.80r0.cnf,all,9080,16344,-1,-1,-1,0,18158,568,59,heuristic4,21800.9,21801.2,112132096,15530196992,15642329088,1708,1990
instances/vars_1.8_all/instance_9080v67_1.80r0.cnf,all,9080,16344,-1,-1,-1,0,18158,568,59,cleanup_device,0.0476074,0.046496,112132096,15530196992,15642329088,-1,-1
instances/vars_1.8_all/instance_9080v67_1.80r0.cnf,all,9080,16344,-1,-1,-1,0,18158,568,59,total,22362.3,-1,112132096,15530196992,15642329088,-1,-1
instances/vars_1.8_all/instance_9201v68_1.80r0.cnf,all,9201,16562,-1,-1,-1,0,18400,556,56,read_instance,4.9397,-1,107937792,15534391296,15642329088,-1,-1
instances/vars_1.8_all/instance_9201v68_1.80r0.cnf,all,9201,16562,-1,-1,-1,0,18400,556,56,alloc_graph,0.328369,0.294496,110034944,15532294144,15642329088,-1,-1
instances/vars_1.8_all/instance_9201v68_1.80r0.cnf,all,9201,16562,-1,-1,-1,0,18400,556,56,scc,4.99878,5.00048,112132096,15530196992,15642329088,-1,-1
instances/vars_1.8_all/instance_9201v68_1.80r0.cnf,all,9201,16562,-1,-1,-1,0,18400,556,56,topo_sort,1.17236,1.17062,112132096,15530196992,15642329088,-1,-1
instances/vars_1.8_all/instance_9201v68_1.80r0.cnf,all,9201,16562,-1,-1,-1,0,18400,556,56,backbone,7.12842,7.13968,112132096,15530196992,15642329088,-1,-1
instances/vars_1.8_all/instance_9201v68_1.80r0.cnf,all,9201,16562,-1,-1,-1,0,18400,556,56,wcc,0.292725,0.293088,112132096,15530196992,15642329088,-1,-1
instances/vars_1.8_all/instance_9201v68_1.80r0.cnf,all,9201,16562,-1,-1,-1,0,18400,556,56,wcc_grouped,1.08301,1.08339,112132096,15530196992,15642329088,-1,-1
instances/vars_1.8_all/instance_9201v68_1.80r0.cnf,all,9201,16562,-1,-1,-1,0,18400,556,56,heuristic1,203.958,203.961,112132096,15530196992,15642329088,2218,2494
instances/vars_1.8_all/instance_9201v68_1.80r0.cnf,all,9201,16562,-1,-1,-1,0,18400,556,56,heuristic2,165.635,165.638,112132096,15530196992,15642329088,1915,2191
instances/vars_1.8_all/instance_9201v68_1.80r0.cnf,all,9201,16562,-1,-1,-1,0,18400,556,56,heuristic3,184.743,184.747,112132096,15530196992,15642329088,1871,2147
instances/vars_1.8_all/instance_9201v68_1.80r0.cnf,all,9201,16562,-1,-1,-1,0,18400,556,56,heuristic4,21759.1,21759.4,112132096,15530196992,15642329088,1705,1981
instances/vars_1.8_all/instance_9201v68_1.80r0.cnf,all,9201,16562,-1,-1,-1,0,18400,556,56,cleanup_device,0.0490723,0.049024,112132096,15530196992,15642329088,-1,-1
instances/vars_1.8_all/instance_9201v68_1.80r0.cnf,all,9201,16562,-1,-1,-1,0,18400,556,56,total,22335,-1,112132096,15530196992,15642329088,-1,-1
instances/vars_1.8_all/instance_9321v69_1.80r0.cnf,all,9321,16778,-1,-1,-1,0,18610,602,70,read_instance,5.03857,-1,107937792,15534391296,15642329088,-1,-1
instances/vars_1.8_all/instance_9321v69_1.80r0.cnf,all,9321,16778,-1,-1,-1,0,18610,602,70,alloc_graph,0.286133,0.277024,110034944,15532294144,15642329088,-1,-1
instances/vars_1.8_all/instance_9321v69_1.80r0.cnf,all,9321,16778,-1,-1,-1,0,18610,602,70,scc,4.92578,4.92659,112132096,15530196992,15642329088,-1,-1
instances/vars_1.8_all/instance_9321v69_1.80r0.cnf,all,9321,16778,-1,-1,-1,0,18610,602,70,topo_sort,1.41748,1.41709,112132096,15530196992,15642329088,-1,-1
instances/vars_1.8_all/instance_9321v69_1.80r0.cnf,all,9321,16778,-1,-1,-1,0,18610,602,70,backbone,7.17065,7.17754,112132096,15530196992,15642329088,-1,-1
instances/vars_1.8_all/instance_9321v69_1.80r0.cnf,all,9321,16778,-1,-1,-1,0,18610,602,70,wcc,0.283447,0.284128,112132096,15530196992,15642329088,-1,-1
instances/vars_1.8_all/instance_9321v69_1.80r0.cnf,all,9321,16778,-1,-1,-1,0,18610,602,70,wcc_grouped,1.04126,1.04163,112132096,15530196992,15642329088,-1,-1
instances/vars_1.8_all/instance_9321v69_1.80r0.cnf,all,9321,16778,-1,-1,-1,0,18610,602,70,heuristic1,196.234,196.237,112132096,15530196992,15642329088,2152,2452
instances/vars_1.8_all/instance_9321v69_1.80r0.cnf,all,9321,16778,-1,-1,-1,0,18610,602,70,heuristic2,162.266,162.268,112132096,15530196992,15642329088,1907,2206
instances/vars_1.8_all/instance_9321v69_1.80r0.cnf,all,9321,16778,-1,-1,-1,0,18610,602,70,heuristic3,185.207,185.21,112132096,15530196992,15642329088,1891,2190
instances/vars_1.8_all/instance_9321v69_1.80r0.cnf,all,9321,16778,-1,-1,-1,0,18610,602,70,heuristic4,22099.1,22099.4,112132096,15530196992,15642329088,1724,2023
instances/vars_1.8_all/instance_9321v69_1.80r0.cnf,all,9321,16778,-1,-1,-1,0,18610,602,70,cleanup_device,0.0480957,0.047808,112132096,15530196992,15642329088,-1,-1
instances/vars_1.8_all/instance_9321v69_1.80r0.cnf,all,9321,16778,-1,-1,-1,0,18610,602,70,total,22664.5,-1,112132096,15530196992,15642329088,-1,-1
instances/vars_1.8_all/instance_9442v70_1.80r0.cnf,all,9442,16996,-1,-1,-1,0,18874,638,58,read_instance,5.12036,-1,107937792,15534391296,15642329088,-1,-1
instances/vars_1.8_all/instance_9442v70_1.80r0.cnf,all,9442,16996,-1,-1,-1,0,18874,638,58,alloc_graph,0.332275,0.318496,110034944,15532294144,15642329088,-1,-1
instances/vars_1.8_all/instance_9442v70_1.80r0.cnf,all,9442,16996,-1,-1,-1,0,18874,638,58,scc,5.02954,5.03117,112132096,15530196992,15642329088,-1,-1
instances/vars_1.8_all/instance_9442v70_1.80r0.cnf,all,9442,16996,-1,-1,-1,0,18874,638,58,topo_sort,1.16162,1.16032,112132096,15530196992,15642329088,-1,-1
instances/vars_1.8_all/instance_9442v70_1.80r0.cnf,all,9442,16996,-1,-1,-1,0,18874,638,58,backbone,7.26489,7.27622,112132096,15530196992,15642329088,-1,-1
instances/vars_1.8_all/instance_9442v70_1.80r0.cnf,all,9442,16996,-1,-1,-1,0,18874,638,58,wcc,0.336914,0.337568,112132096,15530196992,15642329088,-1,-1
instances/vars_1.8_all/instance_9442v70_1.80r0.cnf,all,9442,16996,-1,-1,-1,0,18874,638,58,wcc_grouped,0.987305,0.987168,112132096,15530196992,15642329088,-1,-1
instances/vars_1.8_all/instance_9442v70_1.80r0.cnf,all,9442,16996,-1,-1,-1,0,18874,638,58,heuristic1,204.049,204.053,112132096,15530196992,15642329088,2234,2551
instances/vars_1.8_all/instance_9442v70_1.80r0.cnf,all,9442,16996,-1,-1,-1,0,18874,638,58,heuristic2,164.655,164.658,112132096,15530196992,15642329088,1907,2225
instances/vars_1.8_all/instance_9442v70_1.80r0.cnf,all,9442,16996,-1,-1,-1,0,18874,638,58,heuristic3,186.421,186.425,112132096,15530196992,15642329088,1904,2221
instances/vars_1.8_all/instance_9442v70_1.80r0.cnf,all,9442,16996,-1,-1,-1,0,18874,638,58,heuristic4,22442.7,22443,112132096,15530196992,15642329088,1737,2054
instances/vars_1.8_all/instance_9442v70_1.80r0.cnf,all,9442,16996,-1,-1,-1,0,18874,638,58,cleanup_device,0.0517578,0.050944,112132096,15530196992,15642329088,-1,-1
instances/vars_1.8_all/instance_9442v70_1.80r0.cnf,all,9442,16996,-1,-1,-1,0,18874,638,58,total,23019.7,-1,112132096,15530196992,15642329088,-1,-1
instances/vars_1.8_all/instance_9562v71_1.80r0.cnf,all,9562,17212,-1,-1,-1,0,19120,624,78,read_instance,5.17017,-1,107937792,15534391296,15642329088,-1,-1
instances/vars_1.8_all/instance_9562v71_1.80r0.cnf,all,9562,17212,-1,-1,-1,0,19120,624,78,alloc_graph,0.311523,0.29872,110034944,15532294144,15642329088,-1,-1
instances/vars_1.8_all/instance_9562v71_1.80r0.cnf,all,9562,17212,-1,-1,-1,0,19120,624,78,scc,4.90771,4.90957,112132096,15530196992,15642329088,-1,-1
instances/vars_1.8_all/instance_9562v71_1.80r0.cnf,all,9562,17212,-1,-1,-1,0,19120,624,78,topo_sort,1.57837,1.57786,112132096,15530196992,15642329088,-1,-1
instances/vars_1.8_all/instance_9562v71_1.80r0.cnf,all,9562,17212,-1,-1,-1,0,19120,624,78,backbone,7.3584,7.36998,112132096,15530196992,15642329088,-1,-1
instances/vars_1.8_all/instance_9562v71_1.80r0.cnf,all,9562,17212,-1,-1,-1,0,19120,624,78,wcc,0.32251,0.323584,112132096,15530196992,15642329088,-1,-1
instances/vars_1.8_all/instance_9562v71_1.80r0.cnf,all,9562,17212,-1,-1,-1,0,19120,624,78,wcc_grouped,0.989014,0.989184,112132096,15530196992,15642329088,-1,-1
instances/vars_1.8_all/instance_9562v71_1.80r0.cnf,all,9562,17212,-1,-1,-1,0,19120,624,78,heuristic1,208.595,208.598,112132096,15530196992,15642329088,2290,2601
instances/vars_1.8_all/instance_9562v71_1.80r0.cnf,all,9562,17212,-1,-1,-1,0,19120,624,78,heuristic2,165.891,165.893,112132096,15530196992,15642329088,1937,2248
instances/vars_1.8_all/instance_9562v71_1.80r0.cnf,all,9562,17212,-1,-1,-1,0,19120,624,78,heuristic3,192,192.004,112132096,15530196992,15642329088,1933,2243
instances/vars_1.8_all/instance_9562v71_1.80r0.cnf,all,9562,17212,-1,-1,-1,0,19120,624,78,heuristic4,22463.6,22463.9,112132096,15530196992,15642329088,1736,2046
instances/vars_1.8_all/instance_9562v71_1.80r0.cnf,all,9562,17212,-1,-1,-1,0,19120,624,78,cleanup_device,0.0478516,0.04688,112132096,15530196992,15642329088,-1,-1
instances/vars_1.8_all/instance_9562v71_1.80r0.cnf,all,9562,17212,-1,-1,-1,0,19120,624,78,total,23052.3,-1,112132096,15530196992,15642329088,-1,-1
instances/vars_1.8_all/instance_9683v72_1.80r0.cnf,all,9683,17429,-1,-1,-1,0,19366,616,70,read_instance,5.15942,-1,107937792,15534391296,15642329088,-1,-1
instances/vars_1.8_all/instance_9683v72_1.80r0.cnf,all,9683,17429,-1,-1,-1,0,19366,616,70,alloc_graph,0.320801,0.306016,110034944,15532294144,15642329088,-1,-1
instances/vars_1.8_all/instance_9683v72_1.80r0.cnf,all,9683,17429,-1,-1,-1,0,19366,616,70,scc,5.57788,5.58,112132096,15530196992,15642329088,-1,-1
instances/vars_1.8_all/instance_9683v72_1.80r0.cnf,all,9683,17429,-1,-1,-1,0,19366,616,70,topo_sort,1.43091,1.42973,112132096,15530196992,15642329088,-1,-1
instances/vars_1.8_all/instance_9683v72_1.80r0.cnf,all,9683,17429,-1,-1,-1,0,19366,616,70,backbone,7.43481,7.44848,112132096,15530196992,15642329088,-1,-1
instances/vars_1.8_all/instance_9683v72_1.80r0.cnf,all,9683,17429,-1,-1,-1,0,19366,616,70,wcc,0.289062,0.290272,112132096,15530196992,15642329088,-1,-1
instances/vars_1.8_all/instance_9683v72_1.80r0.cnf,all,9683,17429,-1,-1,-1,0,19366,616,70,wcc_grouped,1.02148,1.02195,112132096,15530196992,15642329088,-1,-1
instances/vars_1.8_all/instance_9683v72_1.80r0.cnf,all,9683,17429,-1,-1,-1,0,19366,616,70,heuristic1,209.641,209.645,112132096,15530196992,15642329088,2285,2591
instances/vars_1.8_all/instance_9683v72_1.80r0.cnf,all,9683,17429,-1,-1,-1,0,19366,616,70,heuristic2,170.179,170.181,112132096,15530196992,15642329088,1988,2294
instances/vars_1.8_all/instance_9683v72_1.80r0.cnf,all,9683,17429,-1,-1,-1,0,19366,616,70,heuristic3,194.266,194.27,112132096,15530196992,15642329088,1992,2298
instances/vars_1.8_all/instance_9683v72_1.80r0.cnf,all,9683,17429,-1,-1,-1,0,19366,616,70,heuristic4,23568.5,23568.8,112132096,15530196992,15642329088,1805,2111
instances/vars_1.8_all/instance_9683v72_1.80r0.cnf,all,9683,17429,-1,-1,-1,0,19366,616,70,cleanup_device,0.0515137,0.050368,112132096,15530196992,15642329088,-1,-1
instances/vars_1.8_all/instance_9683v72_1.80r0.cnf,all,9683,17429,-1,-1,-1,0,19366,616,70,total,24165.6,-1,112132096,15530196992,15642329088,-1,-1
instances/vars_1.8_all/instance_9804v73_1.80r0.cnf,all,9804,17647,-1,-1,-1,0,19608,632,52,read_instance,5.22144,-1,107937792,15534391296,15642329088,-1,-1
instances/vars_1.8_all/instance_9804v73_1.80r0.cnf,all,9804,17647,-1,-1,-1,0,19608,632,52,alloc_graph,0.328369,0.311072,110034944,15532294144,15642329088,-1,-1
instances/vars_1.8_all/instance_9804v73_1.80r0.cnf,all,9804,17647,-1,-1,-1,0,19608,632,52,scc,5.03491,5.0375,112132096,15530196992,15642329088,-1,-1
instances/vars_1.8_all/instance_9804v73_1.80r0.cnf,all,9804,17647,-1,-1,-1,0,19608,632,52,topo_sort,1.05273,1.05194,112132096,15530196992,15642329088,-1,-1
instances/vars_1.8_all/instance_9804v73_1.80r0.cnf,all,9804,17647,-1,-1,-1,0,19608,632,52,backbone,7.31982,7.33261,112132096,15530196992,15642329088,-1,-1
instances/vars_1.8_all/instance_9804v73_1.80r0.cnf,all,9804,17647,-1,-1,-1,0,19608,632,52,wcc,0.296387,0.296544,112132096,15530196992,15642329088,-1,-1
instances/vars_1.8_all/instance_9804v73_1.80r0.cnf,all,9804,17647,-1,-1,-1,0,19608,632,52,wcc_grouped,1.06372,1.06509,112132096,15530196992,15642329088,-1,-1
instances/vars_1.8_all/instance_9804v73_1.80r0.cnf,all,9804,17647,-1,-1,-1,0,19608,632,52,heuristic1,209.553,209.562,112132096,15530196992,15642329088,2276,2590
instances/vars_1.8_all/instance_9804v73_1.80r0.cnf,all,9804,17647,-1,-1,-1,0,19608,632,52,heuristic2,168.518,168.52,112132096,15530196992,15642329088,1935,2249
instances/vars_1.8_all/instance_9804v73_1.80r0.cnf,all,9804,17647,-1,-1,-1,0,19608,632,52,heuristic3,196.424,196.427,112132096,15530196992,15642329088,1967,2281
instances/vars_1.8_all/instance_9804v73_1.80r0.cnf,all,9804,17647,-1,-1,-1,0,19608,632,52,heuristic4,23880.2,23880.5,112132096,15530196992,15642329088,1805,2119
instances/vars_1.8_all/instance_9804v73_1.80r0.cnf,all,9804,17647,-1,-1,-1,0,19608,632,52,cleanup_device,0.0493164,0.048224,112132096,15530196992,15642329088,-1,-1
instances/vars_1.8_all/instance_9804v73_1.80r0.cnf,all,9804,17647,-1,-1,-1,0,19608,632,52,total,24476.7,-1,112132096,15530196992,15642329088,-1,-1
instances/vars_1.8_all/instance_9924v74_1.80r0.cnf,all,9924,17863,-1,-1,-1,0,19834,678,60,read_instance,5.36865,-1,107937792,15534391296,15642329088,-1,-1
instances/vars_1.8_all/instance_9924v74_1.80r0.cnf,all,9924,17863,-1,-1,-1,0,19834,678,60,alloc_graph,0.348389,0.313984,110034944,15532294144,15642329088,-1,-1
instances/vars_1.8_all/instance_9924v74_1.80r0.cnf,all,9924,17863,-1,-1,-1,0,19834,678,60,scc,5.2937,5.29642,112132096,15530196992,15642329088,-1,-1
instances/vars_1.8_all/instance_9924v74_1.80r0.cnf,all,9924,17863,-1,-1,-1,0,19834,678,60,topo_sort,1.36475,1.36528,112132096,15530196992,15642329088,-1,-1
instances/vars_1.8_all/instance_9924v74_1.80r0.cnf,all,9924,17863,-1,-1,-1,0,19834,678,60,backbone,7.54248,7.55747,112132096,15530196992,15642329088,-1,-1
instances/vars_1.8_all/instance_9924v74_1.80r0.cnf,all,9924,17863,-1,-1,-1,0,19834,678,60,wcc,0.318604,0.31888,112132096,15530196992,15642329088,-1,-1
instances/vars_1.8_all/instance_9924v74_1.80r0.cnf,all,9924,17863,-1,-1,-1,0,19834,678,60,wcc_grouped,1.06152,1.06246,112132096,15530196992,15642329088,-1,-1
instances/vars_1.8_all/instance_9924v74_1.80r0.cnf,all,9924,17863,-1,-1,-1,0,19834,678,60,heuristic1,220.737,220.74,112132096,15530196992,15642329088,2369,2709
instances/vars_1.8_all/instance_9924v74_1.80r0.cnf,all,9924,17863,-1,-1,-1,0,19834,678,60,heuristic2,171.353,171.355,112132096,15530196992,15642329088,2011,2349
instances/vars_1.8_all/instance_9924v74_1.80r0.cnf,all,9924,17863,-1,-1,-1,0,19834,678,60,heuristic3,200.021,200.025,112132096,15530196992,15642329088,2029,2367
instances/vars_1.8_all/instance_9924v74_1.80r0.cnf,all,9924,17863,-1,-1,-1,0,19834,678,60,heuristic4,24113.6,24113.9,112132096,15530196992,15642329088,1820,2158
instances/vars_1.8_all/instance_9924v74_1.80r0.cnf,all,9924,17863,-1,-1,-1,0,19834,678,60,cleanup_device,0.0534668,0.051872,112132096,15530196992,15642329088,-1,-1
instances/vars_1.8_all/instance_9924v74_1.80r0.cnf,all,9924,17863,-1,-1,-1,0,19834,678,60,total,24728.8,-1,112132096,15530196992,15642329088,-1,-1
