filename,heuristic,num_vars,num_clauses,lower_bound,upper_bound,clingo_sec,bounds_present,num_scc,num_wcc,num_levels,phase,wall_ms,gpu_ms,used_bytes,free_bytes,total_bytes,num_loops,num_assignments
instances/vars_1.8/instance_10081v188_1.80r0.cnf,all,10081,18146,-1,-1,-1,0,20158,552,45,read_instance,4.96069,-1,107937792,15534391296,15642329088,-1,-1
instances/vars_1.8/instance_10081v188_1.80r0.cnf,all,10081,18146,-1,-1,-1,0,20158,552,45,alloc_graph,0.259033,0.237504,110034944,15532294144,15642329088,-1,-1
instances/vars_1.8/instance_10081v188_1.80r0.cnf,all,10081,18146,-1,-1,-1,0,20158,552,45,scc,5.11963,5.1216,112132096,15530196992,15642329088,-1,-1
instances/vars_1.8/instance_10081v188_1.80r0.cnf,all,10081,18146,-1,-1,-1,0,20158,552,45,topo_sort,1.21069,1.21014,112132096,15530196992,15642329088,-1,-1
instances/vars_1.8/instance_10081v188_1.80r0.cnf,all,10081,18146,-1,-1,-1,0,20158,552,45,backbone,6.77173,6.77776,112132096,15530196992,15642329088,-1,-1
instances/vars_1.8/instance_10081v188_1.80r0.cnf,all,10081,18146,-1,-1,-1,0,20158,552,45,wcc,0.342041,0.34192,112132096,15530196992,15642329088,-1,-1
instances/vars_1.8/instance_10081v188_1.80r0.cnf,all,10081,18146,-1,-1,-1,0,20158,552,45,wcc_grouped,1.11499,1.11562,112132096,15530196992,15642329088,-1,-1
instances/vars_1.8/instance_10081v188_1.80r0.cnf,all,10081,18146,-1,-1,-1,0,20158,552,45,heuristic1,291.516,291.52,112132096,15530196992,15642329088,2440,2714
instances/vars_1.8/instance_10081v188_1.80r0.cnf,all,10081,18146,-1,-1,-1,0,20158,552,45,heuristic2,183.643,183.646,112132096,15530196992,15642329088,2068,2342
instances/vars_1.8/instance_10081v188_1.80r0.cnf,all,10081,18146,-1,-1,-1,0,20158,552,45,heuristic3,211.903,211.907,112132096,15530196992,15642329088,2081,2355
instances/vars_1.8/instance_10081v188_1.80r0.cnf,all,10081,18146,-1,-1,-1,0,20158,552,45,cleanup_device,0.0444336,0.043968,112132096,15530196992,15642329088,-1,-1
instances/vars_1.8/instance_10081v188_1.80r0.cnf,all,10081,18146,-1,-1,-1,0,20158,552,45,total,708.062,-1,112132096,15530196992,15642329088,-1,-1
instances/vars_1.8/instance_10120v99_1.80r0.cnf,all,10120,18216,-1,-1,-1,0,20222,592,54,read_instance,4.62402,-1,107937792,15534391296,15642329088,-1,-1
instances/vars_1.8/instance_10120v99_1.80r0.cnf,all,10120,18216,-1,-1,-1,0,20222,592,54,alloc_graph,0.220703,0.217344,110034944,15532294144,15642329088,-1,-1
instances/vars_1.8/instance_10120v99_1.80r0.cnf,all,10120,18216,-1,-1,-1,0,20222,592,54,scc,4.11914,4.12058,112132096,15530196992,15642329088,-1,-1
instances/vars_1.8/instance_10120v99_1.80r0.cnf,all,10120,18216,-1,-1,-1,0,20222,592,54,topo_sort,1.08276,1.08221,112132096,15530196992,15642329088,-1,-1
instances/vars_1.8/instance_10120v99_1.80r0.cnf,all,10120,18216,-1,-1,-1,0,20222,592,54,backbone,6.5415,6.54701,112132096,15530196992,15642329088,-1,-1
instances/vars_1.8/instance_10120v99_1.80r0.cnf,all,10120,18216,-1,-1,-1,0,20222,592,54,wcc,0.236084,0.235616,112132096,15530196992,15642329088,-1,-1
instances/vars_1.8/instance_10120v99_1.80r0.cnf,all,10120,18216,-1,-1,-1,0,20222,592,54,wcc_grouped,1.14673,1.14822,112132096,15530196992,15642329088,-1,-1
instances/vars_1.8/instance_10120v99_1.80r0.cnf,all,10120,18216,-1,-1,-1,0,20222,592,54,heuristic1,221.986,221.991,112132096,15530196992,15642329088,2454,2748
instances/vars_1.8/instance_10120v99_1.80r0.cnf,all,10120,18216,-1,-1,-1,0,20222,592,54,heuristic2,180.482,180.486,112132096,15530196992,15642329088,2051,2345
instances/vars_1.8/instance_10120v99_1.80r0.cnf,all,10120,18216,-1,-1,-1,0,20222,592,54,heuristic3,208.39,208.395,112132096,15530196992,15642329088,2060,2354
instances/vars_1.8/instance_10120v99_1.80r0.cnf,all,10120,18216,-1,-1,-1,0,20222,592,54,cleanup_device,0.0671387,0.066528,112132096,15530196992,15642329088,-1,-1
instances/vars_1.8/instance_10120v99_1.80r0.cnf,all,10120,18216,-1,-1,-1,0,20222,592,54,total,630.162,-1,112132096,15530196992,15642329088,-1,-1
instances/vars_1.8/instance_10173v117_1.80r0.cnf,all,10173,18311,-1,-1,-1,0,20314,604,52,read_instance,4.84692,-1,107937792,15534391296,15642329088,-1,-1
instances/vars_1.8/instance_10173v117_1.80r0.cnf,all,10173,18311,-1,-1,-1,0,20314,604,52,alloc_graph,0.260498,0.2424,110034944,15532294144,15642329088,-1,-1
instances/vars_1.8/instance_10173v117_1.80r0.cnf,all,10173,18311,-1,-1,-1,0,20314,604,52,scc,4.47656,4.47834,112132096,15530196992,15642329088,-1,-1
instances/vars_1.8/instance_10173v117_1.80r0.cnf,all,10173,18311,-1,-1,-1,0,20314,604,52,topo_sort,1.07397,1.07376,112132096,15530196992,15642329088,-1,-1
instances/vars_1.8/instance_10173v117_1.80r0.cnf,all,10173,18311,-1,-1,-1,0,20314,604,52,backbone,7.20752,7.21584,112132096,15530196992,15642329088,-1,-1
instances/vars_1.8/instance_10173v117_1.80r0.cnf,all,10173,18311,-1,-1,-1,0,20314,604,52,wcc,0.303467,0.303488,112132096,15530196992,15642329088,-1,-1
instances/vars_1.8/instance_10173v117_1.80r0.cnf,all,10173,18311,-1,-1,-1,0,20314,604,52,wcc_grouped,1.00659,1.00755,112132096,15530196992,15642329088,-1,-1
instances/vars_1.8/instance_10173v117_1.80r0.cnf,all,10173,18311,-1,-1,-1,0,20314,604,52,heuristic1,219.576,219.581,112132096,15530196992,15642329088,2416,2716
instances/vars_1.8/instance_10173v117_1.80r0.cnf,all,10173,18311,-1,-1,-1,0,20314,604,52,heuristic2,186.355,186.36,112132096,15530196992,15642329088,2109,2409
instances/vars_1.8/instance_10173v117_1.80r0.cnf,all,10173,18311,-1,-1,-1,0,20314,604,52,heuristic3,212.208,212.214,112132096,15530196992,15642329088,2138,2438
instances/vars_1.8/instance_10173v117_1.80r0.cnf,all,10173,18311,-1,-1,-1,0,20314,604,52,cleanup_device,0.0483398,0.04736,112132096,15530196992,15642329088,-1,-1
instances/vars_1.8/instance_10173v117_1.80r0.cnf,all,10173,18311,-1,-1,-1,0,20314,604,52,total,638.695,-1,112132096,15530196992,15642329088,-1,-1
instances/vars_1.8/instance_103296v65_1.80r0.cnf,all,103296,185933,-1,-1,-1,0,206578,6084,85,read_instance,52.7529,-1,107937792,15534391296,15642329088,-1,-1
instances/vars_1.8/instance_103296v65_1.80r0.cnf,all,103296,185933,-1,-1,-1,0,206578,6084,85,alloc_graph,0.939453,0.949152,112132096,15530196992,15642329088,-1,-1
instances/vars_1.8/instance_103296v65_1.80r0.cnf,all,103296,185933,-1,-1,-1,0,206578,6084,85,scc,7.43286,7.43565,118423552,15523905536,15642329088,-1,-1
instances/vars_1.8/instance_103296v65_1.80r0.cnf,all,103296,185933,-1,-1,-1,0,206578,6084,85,topo_sort,1.87622,1.87741,118423552,15523905536,15642329088,-1,-1
instances/vars_1.8/instance_103296v65_1.80r0.cnf,all,103296,185933,-1,-1,-1,0,206578,6084,85,backbone,184.901,184.92,120520704,15521808384,15642329088,-1,-1
instances/vars_1.8/instance_103296v65_1.80r0.cnf,all,103296,185933,-1,-1,-1,0,206578,6084,85,wcc,0.579102,0.57952,120520704,15521808384,15642329088,-1,-1
instances/vars_1.8/instance_103296v65_1.80r0.cnf,all,103296,185933,-1,-1,-1,0,206578,6084,85,wcc_grouped,3.42212,3.42221,122617856,15519711232,15642329088,-1,-1
instances/vars_1.8/instance_103296v65_1.80r0.cnf,all,103296,185933,-1,-1,-1,0,206578,6084,85,heuristic1,2942.31,2942.37,124715008,15517614080,15642329088,25041,28088
instances/vars_1.8/instance_103296v65_1.80r0.cnf,all,103296,185933,-1,-1,-1,0,206578,6084,85,heuristic2,2338.97,2339.01,124715008,15517614080,15642329088,21238,24280
instances/vars_1.8/instance_103296v65_1.80r0.cnf,all,103296,185933,-1,-1,-1,0,206578,6084,85,heuristic3,4011.63,4011.7,124715008,15517614080,15642329088,21728,24768
instances/vars_1.8/instance_103296v65_1.80r0.cnf,all,103296,185933,-1,-1,-1,0,206578,6084,85,cleanup_device,0.461182,0.45728,112132096,15530196992,15642329088,-1,-1
instances/vars_1.8/instance_103296v65_1.80r0.cnf,all,103296,185933,-1,-1,-1,0,206578,6084,85,total,9551.3,-1,112132096,15530196992,15642329088,-1,-1
instances/vars_1.8/instance_10334v140_1.80r0.cnf,all,10334,18601,-1,-1,-1,0,20654,644,48,read_instance,4.84424,-1,107937792,15534391296,15642329088,-1,-1
instances/vars_1.8/instance_10334v140_1.80r0.cnf,all,10334,18601,-1,-1,-1,0,20654,644,48,alloc_graph,0.247559,0.240192,110034944,15532294144,15642329088,-1,-1
instances/vars_1.8/instance_10334v140_1.80r0.cnf,all,10334,18601,-1,-1,-1,0,20654,644,48,scc,4.41162,4.41277,112132096,15530196992,15642329088,-1,-1
instances/vars_1.8/instance_10334v140_1.80r0.cnf,all,10334,18601,-1,-1,-1,0,20654,644,48,topo_sort,0.974854,0.974336,112132096,15530196992,15642329088,-1,-1
instances/vars_1.8/instance_10334v140_1.80r0.cnf,all,10334,18601,-1,-1,-1,0,20654,644,48,backbone,6.6936,6.69898,112132096,15530196992,15642329088,-1,-1
instances/vars_1.8/instance_10334v140_1.80r0.cnf,all,10334,18601,-1,-1,-1,0,20654,644,48,wcc,0.261963,0.261728,112132096,15530196992,15642329088,-1,-1
instances/vars_1.8/instance_10334v140_1.80r0.cnf,all,10334,18601,-1,-1,-1,0,20654,644,48,wcc_grouped,1.08228,1.08307,112132096,15530196992,15642329088,-1,-1
instances/vars_1.8/instance_10334v140_1.80r0.cnf,all,10334,18601,-1,-1,-1,0,20654,644,48,heuristic1,240.513,240.518,112132096,15530196992,15642329088,2476,2796
instances/vars_1.8/instance_10334v140_1.80r0.cnf,all,10334,18601,-1,-1,-1,0,20654,644,48,heuristic2,192.068,192.071,112132096,15530196992,15642329088,2115,2435
instances/vars_1.8/instance_10334v140_1.80r0.cnf,all,10334,18601,-1,-1,-1,0,20654,644,48,heuristic3,216.381,216.374,112132096,15530196992,15642329088,2115,2435
instances/vars_1.8/instance_10334v140_1.80r0.cnf,all,10334,18601,-1,-1,-1,0,20654,644,48,cleanup_device,0.0461426,0.045632,112132096,15530196992,15642329088,-1,-1
instances/vars_1.8/instance_10334v140_1.80r0.cnf,all,10334,18601,-1,-1,-1,0,20654,644,48,total,668.802,-1,112132096,15530196992,15642329088,-1,-1
instances/vars_1.8/instance_1042v100_1.80r0.cnf,all,1042,1876,-1,-1,-1,0,2072,80,40,read_instance,0.547363,-1,107937792,15534391296,15642329088,-1,-1
instances/vars_1.8/instance_1042v100_1.80r0.cnf,all,1042,1876,-1,-1,-1,0,2072,80,40,alloc_graph,0.188721,0.174624,110034944,15532294144,15642329088,-1,-1
instances/vars_1.8/instance_1042v100_1.80r0.cnf,all,1042,1876,-1,-1,-1,0,2072,80,40,scc,4.21021,4.21078,112132096,15530196992,15642329088,-1,-1
instances/vars_1.8/instance_1042v100_1.80r0.cnf,all,1042,1876,-1,-1,-1,0,2072,80,40,topo_sort,0.829102,0.82928,112132096,15530196992,15642329088,-1,-1
instances/vars_1.8/instance_1042v100_1.80r0.cnf,all,1042,1876,-1,-1,-1,0,2072,80,40,backbone,5.28394,5.2872,112132096,15530196992,15642329088,-1,-1
instances/vars_1.8/instance_1042v100_1.80r0.cnf,all,1042,1876,-1,-1,-1,0,2072,80,40,wcc,0.194092,0.19408,112132096,15530196992,15642329088,-1,-1
instances/vars_1.8/instance_1042v100_1.80r0.cnf,all,1042,1876,-1,-1,-1,0,2072,80,40,wcc_grouped,0.36792,0.367264,112132096,15530196992,15642329088,-1,-1
instances/vars_1.8/instance_1042v100_1.80r0.cnf,all,1042,1876,-1,-1,-1,0,2072,80,40,heuristic1,21.3455,21.3455,112132096,15530196992,15642329088,248,286
instances/vars_1.8/instance_1042v100_1.80r0.cnf,all,1042,1876,-1,-1,-1,0,2072,80,40,heuristic2,17.2324,17.2311,112132096,15530196992,15642329088,220,258
instances/vars_1.8/instance_1042v100_1.80r0.cnf,all,1042,1876,-1,-1,-1,0,2072,80,40,heuristic3,21.5864,21.5871,112132096,15530196992,15642329088,213,251
instances/vars_1.8/instance_1042v100_1.80r0.cnf,all,1042,1876,-1,-1,-1,0,2072,80,40,cleanup_device,0.0415039,0.041536,112132096,15530196992,15642329088,-1,-1
instances/vars_1.8/instance_1042v100_1.80r0.cnf,all,1042,1876,-1,-1,-1,0,2072,80,40,total,72.4272,-1,112132096,15530196992,15642329088,-1,-1
instances/vars_1.8/instance_10524v88_1.80r0.cnf,all,10524,18943,-1,-1,-1,0,21048,614,52,read_instance,5.12793,-1,107937792,15534391296,15642329088,-1,-1
instances/vars_1.8/instance_10524v88_1.80r0.cnf,all,10524,18943,-1,-1,-1,0,21048,614,52,alloc_graph,0.272461,0.261152,110034944,15532294144,15642329088,-1,-1
instances/vars_1.8/instance_10524v88_1.80r0.cnf,all,10524,18943,-1,-1,-1,0,21048,614,52,scc,4.56274,4.56461,112132096,15530196992,15642329088,-1,-1
instances/vars_1.8/instance_10524v88_1.80r0.cnf,all,10524,18943,-1,-1,-1,0,21048,614,52,topo_sort,1.04736,1.0465,112132096,15530196992,15642329088,-1,-1
instances/vars_1.8/instance_10524v88_1.80r0.cnf,all,10524,18943,-1,-1,-1,0,21048,614,52,backbone,7.12134,7.12813,112132096,15530196992,15642329088,-1,-1
instances/vars_1.8/instance_10524v88_1.80r0.cnf,all,10524,18943,-1,-1,-1,0,21048,614,52,wcc,0.240723,0.2408,112132096,15530196992,15642329088,-1,-1
instances/vars_1.8/instance_10524v88_1.80r0.cnf,all,10524,18943,-1,-1,-1,0,21048,614,52,wcc_grouped,1.07373,1.07315,112132096,15530196992,15642329088,-1,-1
instances/vars_1.8/instance_10524v88_1.80r0.cnf,all,10524,18943,-1,-1,-1,0,21048,614,52,heuristic1,228.801,228.805,112132096,15530196992,15642329088,2492,2798
instances/vars_1.8/instance_10524v88_1.80r0.cnf,all,10524,18943,-1,-1,-1,0,21048,614,52,heuristic2,186.327,186.332,112132096,15530196992,15642329088,2146,2451
instances/vars_1.8/instance_10524v88_1.80r0.cnf,all,10524,18943,-1,-1,-1,0,21048,614,52,heuristic3,216.82,216.825,112132096,15530196992,15642329088,2186,2491
instances/vars_1.8/instance_10524v88_1.80r0.cnf,all,10524,18943,-1,-1,-1,0,21048,614,52,cleanup_device,0.0422363,0.041408,112132096,15530196992,15642329088,-1,-1
instances/vars_1.8/instance_10524v88_1.80r0.cnf,all,10524,18943,-1,-1,-1,0,21048,614,52,total,652.683,-1,112132096,15530196992,15642329088,-1,-1
instances/vars_1.8/instance_1059v72_1.80r0.cnf,all,1059,1906,-1,-1,-1,0,2100,102,64,read_instance,0.522949,-1,107937792,15534391296,15642329088,-1,-1
instances/vars_1.8/instance_1059v72_1.80r0.cnf,all,1059,1906,-1,-1,-1,0,2100,102,64,alloc_graph,0.17334,0.159712,110034944,15532294144,15642329088,-1,-1
instances/vars_1.8/instance_1059v72_1.80r0.cnf,all,1059,1906,-1,-1,-1,0,2100,102,64,scc,4.34595,4.34627,112132096,15530196992,15642329088,-1,-1
instances/vars_1.8/instance_1059v72_1.80r0.cnf,all,1059,1906,-1,-1,-1,0,2100,102,64,topo_sort,1.26294,1.26266,112132096,15530196992,15642329088,-1,-1
instances/vars_1.8/instance_1059v72_1.80r0.cnf,all,1059,1906,-1,-1,-1,0,2100,102,64,backbone,4.94507,4.94992,112132096,15530196992,15642329088,-1,-1
instances/vars_1.8/instance_1059v72_1.80r0.cnf,all,1059,1906,-1,-1,-1,0,2100,102,64,wcc,0.219238,0.218784,112132096,15530196992,15642329088,-1,-1
instances/vars_1.8/instance_1059v72_1.80r0.cnf,all,1059,1906,-1,-1,-1,0,2100,102,64,wcc_grouped,0.342773,0.342144,112132096,15530196992,15642329088,-1,-1
instances/vars_1.8/instance_1059v72_1.80r0.cnf,all,1059,1906,-1,-1,-1,0,2100,102,64,heuristic1,20.6101,20.61,112132096,15530196992,15642329088,244,293
instances/vars_1.8/instance_1059v72_1.80r0.cnf,all,1059,1906,-1,-1,-1,0,2100,102,64,heuristic2,16.53,16.5289,112132096,15530196992,15642329088,209,258
instances/vars_1.8/instance_1059v72_1.80r0.cnf,all,1059,1906,-1,-1,-1,0,2100,102,64,heuristic3,20.6135,20.613,112132096,15530196992,15642329088,194,243
instances/vars_1.8/instance_1059v72_1.80r0.cnf,all,1059,1906,-1,-1,-1,0,2100,102,64,cleanup_device,0.0400391,0.040096,112132096,15530196992,15642329088,-1,-1
instances/vars_1.8/instance_1059v72_1.80r0.cnf,all,1059,1906,-1,-1,-1,0,2100,102,64,total,70.1763,-1,112132096,15530196992,15642329088,-1,-1
instances/vars_1.8/instance_108274v178_1.80r0.cnf,all,108274,194893,-1,-1,-1,0,216514,6426,78,read_instance,55.033,-1,107937792,15534391296,15642329088,-1,-1
instances/vars_1.8/instance_108274v178_1.80r0.cnf,all,108274,194893,-1,-1,-1,0,216514,6426,78,alloc_graph,0.984131,0.995296,112132096,15530196992,15642329088,-1,-1
instances/vars_1.8/instance_108274v178_1.80r0.cnf,all,108274,194893,-1,-1,-1,0,216514,6426,78,scc,7.18335,7.18464,118423552,15523905536,15642329088,-1,-1
instances/vars_1.8/instance_108274v178_1.80r0.cnf,all,108274,194893,-1,-1,-1,0,216514,6426,78,topo_sort,1.84326,1.84445,118423552,15523905536,15642329088,-1,-1
instances/vars_1.8/instance_108274v178_1.80r0.cnf,all,108274,194893,-1,-1,-1,0,216514,6426,78,backbone,198.92,198.939,120520704,15521808384,15642329088,-1,-1
instances/vars_1.8/instance_108274v178_1.80r0.cnf,all,108274,194893,-1,-1,-1,0,216514,6426,78,wcc,0.588867,0.588448,120520704,15521808384,15642329088,-1,-1
instances/vars_1.8/instance_108274v178_1.80r0.cnf,all,108274,194893,-1,-1,-1,0,216514,6426,78,wcc_grouped,3.42358,3.42426,122617856,15519711232,15642329088,-1,-1
instances/vars_1.8/instance_108274v178_1.80r0.cnf,all,108274,194893,-1,-1,-1,0,216514,6426,78,heuristic1,3112.64,3112.69,124715008,15517614080,15642329088,25941,29156
instances/vars_1.8/instance_108274v178_1.80r0.cnf,all,108274,194893,-1,-1,-1,0,216514,6426,78,heuristic2,2504.66,2504.71,124715008,15517614080,15642329088,22277,25491
instances/vars_1.8/instance_108274v178_1.80r0.cnf,all,108274,194893,-1,-1,-1,0,216514,6426,78,heuristic3,4251.5,4251.57,124715008,15517614080,15642329088,22457,25669
instances/vars_1.8/instance_108274v178_1.80r0.cnf,all,108274,194893,-1,-1,-1,0,216514,6426,78,cleanup_device,0.465576,0.462624,112132096,15530196992,15642329088,-1,-1
instances/vars_1.8/instance_108274v178_1.80r0.cnf,all,108274,194893,-1,-1,-1,0,216514,6426,78,total,10143.3,-1,112132096,15530196992,15642329088,-1,-1
instances/vars_1.8/instance_1099v19_1.80r0.cnf,all,1099,1978,-1,-1,-1,0,2168,84,44,read_instance,0.539795,-1,107937792,15534391296,15642329088,-1,-1
instances/vars_1.8/instance_1099v19_1.80r0.cnf,all,1099,1978,-1,-1,-1,0,2168,84,44,alloc_graph,0.192871,0.17504,110034944,15532294144,15642329088,-1,-1
instances/vars_1.8/instance_1099v19_1.80r0.cnf,all,1099,1978,-1,-1,-1,0,2168,84,44,scc,4.4436,4.44422,112132096,15530196992,15642329088,-1,-1
instances/vars_1.8/instance_1099v19_1.80r0.cnf,all,1099,1978,-1,-1,-1,0,2168,84,44,topo_sort,0.944092,0.94256,112132096,15530196992,15642329088,-1,-1
instances/vars_1.8/instance_1099v19_1.80r0.cnf,all,1099,1978,-1,-1,-1,0,2168,84,44,backbone,5.02661,5.03328,112132096,15530196992,15642329088,-1,-1
instances/vars_1.8/instance_1099v19_1.80r0.cnf,all,1099,1978,-1,-1,-1,0,2168,84,44,wcc,0.24707,0.246752,112132096,15530196992,15642329088,-1,-1
instances/vars_1.8/instance_1099v19_1.80r0.cnf,all,1099,1978,-1,-1,-1,0,2168,84,44,wcc_grouped,0.382568,0.382336,112132096,15530196992,15642329088,-1,-1
instances/vars_1.8/instance_1099v19_1.80r0.cnf,all,1099,1978,-1,-1,-1,0,2168,84,44,heuristic1,23.6843,23.686,112132096,15530196992,15642329088,244,284
instances/vars_1.8/instance_1099v19_1.80r0.cnf,all,1099,1978,-1,-1,-1,0,2168,84,44,heuristic2,19.0125,19.0121,112132096,15530196992,15642329088,220,262
instances/vars_1.8/instance_1099v19_1.80r0.cnf,all,1099,1978,-1,-1,-1,0,2168,84,44,heuristic3,23.2725,23.2727,112132096,15530196992,15642329088,200,240
instances/vars_1.8/instance_1099v19_1.80r0.cnf,all,1099,1978,-1,-1,-1,0,2168,84,44,cleanup_device,0.041748,0.041216,112132096,15530196992,15642329088,-1,-1
instances/vars_1.8/instance_1099v19_1.80r0.cnf,all,1099,1978,-1,-1,-1,0,2168,84,44,total,78.4573,-1,112132096,15530196992,15642329088,-1,-1
instances/vars_1.8/instance_111064v80_1.80r0.cnf,all,111064,199915,-1,-1,-1,0,222126,6464,91,read_instance,59.8665,-1,107937792,15534391296,15642329088,-1,-1
instances/vars_1.8/instance_111064v80_1.80r0.cnf,all,111064,199915,-1,-1,-1,0,222126,6464,91,alloc_graph,0.987061,1.00576,112132096,15530196992,15642329088,-1,-1
instances/vars_1.8/instance_111064v80_1.80r0.cnf,all,111064,199915,-1,-1,-1,0,222126,6464,91,scc,7.29077,7.29187,118423552,15523905536,15642329088,-1,-1
instances/vars_1.8/instance_111064v80_1.80r0.cnf,all,111064,199915,-1,-1,-1,0,222126,6464,91,topo_sort,1.9812,1.98086,118423552,15523905536,15642329088,-1,-1
instances/vars_1.8/instance_111064v80_1.80r0.cnf,all,111064,199915,-1,-1,-1,0,222126,6464,91,backbone,208.222,208.244,120520704,15521808384,15642329088,-1,-1
instances/vars_1.8/instance_111064v80_1.80r0.cnf,all,111064,199915,-1,-1,-1,0,222126,6464,91,wcc,0.607666,0.607136,120520704,15521808384,15642329088,-1,-1
instances/vars_1.8/instance_111064v80_1.80r0.cnf,all,111064,199915,-1,-1,-1,0,222126,6464,91,wcc_grouped,3.43799,3.44474,122617856,15519711232,15642329088,-1,-1
instances/vars_1.8/instance_111064v80_1.80r0.cnf,all,111064,199915,-1,-1,-1,0,222126,6464,91,heuristic1,3244.43,3244.49,124715008,15517614080,15642329088,26874,30115
instances/vars_1.8/instance_111064v80_1.80r0.cnf,all,111064,199915,-1,-1,-1,0,222126,6464,91,heuristic2,2594.22,2594.27,124715008,15517614080,15642329088,22902,26139
instances/vars_1.8/instance_111064v80_1.80r0.cnf,all,111064,199915,-1,-1,-1,0,222126,6464,91,heuristic3,4462.7,4462.78,124715008,15517614080,15642329088,23355,26588
instances/vars_1.8/instance_111064v80_1.80r0.cnf,all,111064,199915,-1,-1,-1,0,222126,6464,91,cleanup_device,0.4646,0.461312,112132096,15530196992,15642329088,-1,-1
instances/vars_1.8/instance_111064v80_1.80r0.cnf,all,111064,199915,-1,-1,-1,0,222126,6464,91,total,10590.4,-1,112132096,15530196992,15642329088,-1,-1
instances/vars_1.8/instance_1113v111_1.80r0.cnf,all,1113,2003,-1,-1,-1,0,2220,88,42,read_instance,0.509766,-1,107937792,15534391296,15642329088,-1,-1
instances/vars_1.8/instance_1113v111_1.80r0.cnf,all,1113,2003,-1,-1,-1,0,2220,88,42,alloc_graph,0.207764,0.195808,110034944,15532294144,15642329088,-1,-1
instances/vars_1.8/instance_1113v111_1.80r0.cnf,all,1113,2003,-1,-1,-1,0,2220,88,42,scc,4.47705,4.47693,112132096,15530196992,15642329088,-1,-1
instances/vars_1.8/instance_1113v111_1.80r0.cnf,all,1113,2003,-1,-1,-1,0,2220,88,42,topo_sort,0.89209,0.891008,112132096,15530196992,15642329088,-1,-1
instances/vars_1.8/instance_1113v111_1.80r0.cnf,all,1113,2003,-1,-1,-1,0,2220,88,42,backbone,5.20239,5.20915,112132096,15530196992,15642329088,-1,-1
instances/vars_1.8/instance_1113v111_1.80r0.cnf,all,1113,2003,-1,-1,-1,0,2220,88,42,wcc,0.227783,0.227328,112132096,15530196992,15642329088,-1,-1
instances/vars_1.8/instance_1113v111_1.80r0.cnf,all,1113,2003,-1,-1,-1,0,2220,88,42,wcc_grouped,0.37085,0.37056,112132096,15530196992,15642329088,-1,-1
instances/vars_1.8/instance_1113v111_1.80r0.cnf,all,1113,2003,-1,-1,-1,0,2220,88,42,heuristic1,25.782,25.7821,112132096,15530196992,15642329088,264,306
instances/vars_1.8/instance_1113v111_1.80r0.cnf,all,1113,2003,-1,-1,-1,0,2220,88,42,heuristic2,21.0598,21.0597,112132096,15530196992,15642329088,232,274
instances/vars_1.8/instance_1113v111_1.80r0.cnf,all,1113,2003,-1,-1,-1,0,2220,88,42,heuristic3,24.1536,24.1531,112132096,15530196992,15642329088,205,247
instances/vars_1.8/instance_1113v111_1.80r0.cnf,all,1113,2003,-1,-1,-1,0,2220,88,42,cleanup_device,0.0410156,0.04048,112132096,15530196992,15642329088,-1,-1
instances/vars_1.8/instance_1113v111_1.80r0.cnf,all,1113,2003,-1,-1,-1,0,2220,88,42,total,83.6199,-1,112132096,15530196992,15642329088,-1,-1
instances/vars_1.8/instance_1114v174_1.80r0.cnf,all,1114,2005,-1,-1,-1,0,2228,72,54,read_instance,0.581543,-1,107937792,15534391296,15642329088,-1,-1
instances/vars_1.8/instance_1114v174_1.80r0.cnf,all,1114,2005,-1,-1,-1,0,2228,72,54,alloc_graph,0.166992,0.1536,110034944,15532294144,15642329088,-1,-1
instances/vars_1.8/instance_1114v174_1.80r0.cnf,all,1114,2005,-1,-1,-1,0,2228,72,54,scc,4.46118,4.46259,112132096,15530196992,15642329088,-1,-1
instances/vars_1.8/instance_1114v174_1.80r0.cnf,all,1114,2005,-1,-1,-1,0,2228,72,54,topo_sort,1.08325,1.08285,112132096,15530196992,15642329088,-1,-1
instances/vars_1.8/instance_1114v174_1.80r0.cnf,all,1114,2005,-1,-1,-1,0,2228,72,54,backbone,5.38843,5.39414,112132096,15530196992,15642329088,-1,-1
instances/vars_1.8/instance_1114v174_1.80r0.cnf,all,1114,2005,-1,-1,-1,0,2228,72,54,wcc,0.203125,0.202752,112132096,15530196992,15642329088,-1,-1
instances/vars_1.8/instance_1114v174_1.80r0.cnf,all,1114,2005,-1,-1,-1,0,2228,72,54,wcc_grouped,0.362305,0.362048,112132096,15530196992,15642329088,-1,-1
instances/vars_1.8/instance_1114v174_1.80r0.cnf,all,1114,2005,-1,-1,-1,0,2228,72,54,heuristic1,23.8887,23.889,112132096,15530196992,15642329088,274,308
instances/vars_1.8/instance_1114v174_1.80r0.cnf,all,1114,2005,-1,-1,-1,0,2228,72,54,heuristic2,18.7156,18.7152,112132096,15530196992,15642329088,236,270
instances/vars_1.8/instance_1114v174_1.80r0.cnf,all,1114,2005,-1,-1,-1,0,2228,72,54,heuristic3,23.5105,23.5106,112132096,15530196992,15642329088,229,263
instances/vars_1.8/instance_1114v174_1.80r0.cnf,all,1114,2005,-1,-1,-1,0,2228,72,54,cleanup_device,0.0395508,0.039232,112132096,15530196992,15642329088,-1,-1
instances/vars_1.8/instance_1114v174_1.80r0.cnf,all,1114,2005,-1,-1,-1,0,2228,72,54,total,79.0837,-1,112132096,15530196992,15642329088,-1,-1
instances/vars_1.8/instance_1115v173_1.80r0.cnf,all,1115,2007,-1,-1,-1,0,2224,100,37,read_instance,0.508301,-1,107937792,15534391296,15642329088,-1,-1
instances/vars_1.8/instance_1115v173_1.80r0.cnf,all,1115,2007,-1,-1,-1,0,2224,100,37,alloc_graph,0.17334,0.157216,110034944,15532294144,15642329088,-1,-1
instances/vars_1.8/instance_1115v173_1.80r0.cnf,all,1115,2007,-1,-1,-1,0,2224,100,37,scc,3.9375,3.93869,112132096,15530196992,15642329088,-1,-1
instances/vars_1.8/instance_1115v173_1.80r0.cnf,all,1115,2007,-1,-1,-1,0,2224,100,37,topo_sort,0.784668,0.783968,112132096,15530196992,15642329088,-1,-1
instances/vars_1.8/instance_1115v173_1.80r0.cnf,all,1115,2007,-1,-1,-1,0,2224,100,37,backbone,5.271,5.27651,112132096,15530196992,15642329088,-1,-1
instances/vars_1.8/instance_1115v173_1.80r0.cnf,all,1115,2007,-1,-1,-1,0,2224,100,37,wcc,0.204102,0.203488,112132096,15530196992,15642329088,-1,-1
instances/vars_1.8/instance_1115v173_1.80r0.cnf,all,1115,2007,-1,-1,-1,0,2224,100,37,wcc_grouped,0.347656,0.347808,112132096,15530196992,15642329088,-1,-1
instances/vars_1.8/instance_1115v173_1.80r0.cnf,all,1115,2007,-1,-1,-1,0,2224,100,37,heuristic1,21.2156,21.2155,112132096,15530196992,15642329088,250,298
instances/vars_1.8/instance_1115v173_1.80r0.cnf,all,1115,2007,-1,-1,-1,0,2224,100,37,heuristic2,17.2876,17.2867,112132096,15530196992,15642329088,203,251
instances/vars_1.8/instance_1115v173_1.80r0.cnf,all,1115,2007,-1,-1,-1,0,2224,100,37,heuristic3,22.0247,22.0251,112132096,15530196992,15642329088,217,265
instances/vars_1.8/instance_1115v173_1.80r0.cnf,all,1115,2007,-1,-1,-1,0,2224,100,37,cleanup_device,0.0405273,0.04032,112132096,15530196992,15642329088,-1,-1
instances/vars_1.8/instance_1115v173_1.80r0.cnf,all,1115,2007,-1,-1,-1,0,2224,100,37,total,72.4673,-1,112132096,15530196992,15642329088,-1,-1
instances/vars_1.8/instance_11203v87_1.80r0.cnf,all,11203,20165,-1,-1,-1,0,22406,690,50,read_instance,5.4751,-1,107937792,15534391296,15642329088,-1,-1
instances/vars_1.8/instance_11203v87_1.80r0.cnf,all,11203,20165,-1,-1,-1,0,22406,690,50,alloc_graph,0.240479,0.235936,110034944,15532294144,15642329088,-1,-1
instances/vars_1.8/instance_11203v87_1.80r0.cnf,all,11203,20165,-1,-1,-1,0,22406,690,50,scc,4.22388,4.22528,112132096,15530196992,15642329088,-1,-1
instances/vars_1.8/instance_11203v87_1.80r0.cnf,all,11203,20165,-1,-1,-1,0,22406,690,50,topo_sort,1.02075,1.02032,112132096,15530196992,15642329088,-1,-1
instances/vars_1.8/instance_11203v87_1.80r0.cnf,all,11203,20165,-1,-1,-1,0,22406,690,50,backbone,6.92358,6.93011,112132096,15530196992,15642329088,-1,-1
instances/vars_1.8/instance_11203v87_1.80r0.cnf,all,11203,20165,-1,-1,-1,0,22406,690,50,wcc,0.23877,0.23824,112132096,15530196992,15642329088,-1,-1
instances/vars_1.8/instance_11203v87_1.80r0.cnf,all,11203,20165,-1,-1,-1,0,22406,690,50,wcc_grouped,1.10962,1.11005,112132096,15530196992,15642329088,-1,-1
instances/vars_1.8/instance_11203v87_1.80r0.cnf,all,11203,20165,-1,-1,-1,0,22406,690,50,heuristic1,244.284,244.288,112132096,15530196992,15642329088,2721,3064
instances/vars_1.8/instance_11203v87_1.80r0.cnf,all,11203,20165,-1,-1,-1,0,22406,690,50,heuristic2,203.654,203.658,112132096,15530196992,15642329088,2311,2655
instances/vars_1.8/instance_11203v87_1.80r0.cnf,all,11203,20165,-1,-1,-1,0,22406,690,50,heuristic3,227.858,227.862,112132096,15530196992,15642329088,2241,2584
instances/vars_1.8/instance_11203v87_1.80r0.cnf,all,11203,20165,-1,-1,-1,0,22406,690,50,cleanup_device,0.0432129,0.042144,112132096,15530196992,15642329088,-1,-1
instances/vars_1.8/instance_11203v87_1.80r0.cnf,all,11203,20165,-1,-1,-1,0,22406,690,50,total,696.352,-1,112132096,15530196992,15642329088,-1,-1
instances/vars_1.8/instance_1142v126_1.80r0.cnf,all,1142,2056,-1,-1,-1,0,2284,90,33,read_instance,0.601318,-1,107937792,15534391296,15642329088,-1,-1
instances/vars_1.8/instance_1142v126_1.80r0.cnf,all,1142,2056,-1,-1,-1,0,2284,90,33,alloc_graph,0.167969,0.152864,110034944,15532294144,15642329088,-1,-1
instances/vars_1.8/instance_1142v126_1.80r0.cnf,all,1142,2056,-1,-1,-1,0,2284,90,33,scc,4.24512,4.2455,112132096,15530196992,15642329088,-1,-1
instances/vars_1.8/instance_1142v126_1.80r0.cnf,all,1142,2056,-1,-1,-1,0,2284,90,33,topo_sort,0.665039,0.664288,112132096,15530196992,15642329088,-1,-1
instances/vars_1.8/instance_1142v126_1.80r0.cnf,all,1142,2056,-1,-1,-1,0,2284,90,33,backbone,5.11816,5.12294,112132096,15530196992,15642329088,-1,-1
instances/vars_1.8/instance_1142v126_1.80r0.cnf,all,1142,2056,-1,-1,-1,0,2284,90,33,wcc,0.227539,0.227328,112132096,15530196992,15642329088,-1,-1
instances/vars_1.8/instance_1142v126_1.80r0.cnf,all,1142,2056,-1,-1,-1,0,2284,90,33,wcc_grouped,0.348633,0.348224,112132096,15530196992,15642329088,-1,-1
instances/vars_1.8/instance_1142v126_1.80r0.cnf,all,1142,2056,-1,-1,-1,0,2284,90,33,heuristic1,21.9832,21.9829,112132096,15530196992,15642329088,259,302
instances/vars_1.8/instance_1142v126_1.80r0.cnf,all,1142,2056,-1,-1,-1,0,2284,90,33,heuristic2,18.0542,18.0536,112132096,15530196992,15642329088,225,268
instances/vars_1.8/instance_1142v126_1.80r0.cnf,all,1142,2056,-1,-1,-1,0,2284,90,33,heuristic3,23.0645,23.0644,112132096,15530196992,15642329088,220,263
instances/vars_1.8/instance_1142v126_1.80r0.cnf,all,1142,2056,-1,-1,-1,0,2284,90,33,cleanup_device,0.043457,0.042528,112132096,15530196992,15642329088,-1,-1
instances/vars_1.8/instance_1142v126_1.80r0.cnf,all,1142,2056,-1,-1,-1,0,2284,90,33,total,75.2212,-1,112132096,15530196992,15642329088,-1,-1
instances/vars_1.8/instance_115083v78_1.80r0.cnf,all,115083,207149,-1,-1,-1,0,230156,6766,138,read_instance,59.7764,-1,107937792,15534391296,15642329088,-1,-1
instances/vars_1.8/instance_115083v78_1.80r0.cnf,all,115083,207149,-1,-1,-1,0,230156,6766,138,alloc_graph,1.02881,1.05501,112132096,15530196992,15642329088,-1,-1
instances/vars_1.8/instance_115083v78_1.80r0.cnf,all,115083,207149,-1,-1,-1,0,230156,6766,138,scc,7.53857,7.54099,118423552,15523905536,15642329088,-1,-1
instances/vars_1.8/instance_115083v78_1.80r0.cnf,all,115083,207149,-1,-1,-1,0,230156,6766,138,topo_sort,2.92871,2.92931,118423552,15523905536,15642329088,-1,-1
instances/vars_1.8/instance_115083v78_1.80r0.cnf,all,115083,207149,-1,-1,-1,0,230156,6766,138,backbone,226.346,226.365,120520704,15521808384,15642329088,-1,-1
instances/vars_1.8/instance_115083v78_1.80r0.cnf,all,115083,207149,-1,-1,-1,0,230156,6766,138,wcc,0.606689,0.606336,120520704,15521808384,15642329088,-1,-1
instances/vars_1.8/instance_115083v78_1.80r0.cnf,all,115083,207149,-1,-1,-1,0,230156,6766,138,wcc_grouped,3.44312,3.44742,122617856,15519711232,15642329088,-1,-1
instances/vars_1.8/instance_115083v78_1.80r0.cnf,all,115083,207149,-1,-1,-1,0,230156,6766,138,heuristic1,3437.13,3437.19,124715008,15517614080,15642329088,27767,31154
instances/vars_1.8/instance_115083v78_1.80r0.cnf,all,115083,207149,-1,-1,-1,0,230156,6766,138,heuristic2,2730.62,2730.67,124715008,15517614080,15642329088,23527,26912
instances/vars_1.8/instance_115083v78_1.80r0.cnf,all,115083,207149,-1,-1,-1,0,230156,6766,138,heuristic3,4815.4,4815.48,124715008,15517614080,15642329088,24222,27605
instances/vars_1.8/instance_115083v78_1.80r0.cnf,all,115083,207149,-1,-1,-1,0,230156,6766,138,cleanup_device,0.472656,0.468544,112132096,15530196992,15642329088,-1,-1
instances/vars_1.8/instance_115083v78_1.80r0.cnf,all,115083,207149,-1,-1,-1,0,230156,6766,138,total,11291.9,-1,112132096,15530196992,15642329088,-1,-1
instances/vars_1.8/instance_11735v98_1.80r0.cnf,all,11735,21123,-1,-1,-1,0,23462,738,85,read_instance,5.65015,-1,107937792,15534391296,15642329088,-1,-1
instances/vars_1.8/instance_11735v98_1.80r0.cnf,all,11735,21123,-1,-1,-1,0,23462,738,85,alloc_graph,0.254639,0.249184,110034944,15532294144,15642329088,-1,-1
instances/vars_1.8/instance_11735v98_1.80r0.cnf,all,11735,21123,-1,-1,-1,0,23462,738,85,scc,4.70483,4.7057,112132096,15530196992,15642329088,-1,-1
instances/vars_1.8/instance_11735v98_1.80r0.cnf,all,11735,21123,-1,-1,-1,0,23462,738,85,topo_sort,1.70117,1.70048,112132096,15530196992,15642329088,-1,-1
instances/vars_1.8/instance_11735v98_1.80r0.cnf,all,11735,21123,-1,-1,-1,0,23462,738,85,backbone,7.25049,7.25664,112132096,15530196992,15642329088,-1,-1
instances/vars_1.8/instance_11735v98_1.80r0.cnf,all,11735,21123,-1,-1,-1,0,23462,738,85,wcc,0.276367,0.275232,112132096,15530196992,15642329088,-1,-1
instances/vars_1.8/instance_11735v98_1.80r0.cnf,all,11735,21123,-1,-1,-1,0,23462,738,85,wcc_grouped,1.12524,1.1264,112132096,15530196992,15642329088,-1,-1
instances/vars_1.8/instance_11735v98_1.80r0.cnf,all,11735,21123,-1,-1,-1,0,23462,738,85,heuristic1,267.553,267.557,112132096,15530196992,15642329088,2821,3188
instances/vars_1.8/instance_11735v98_1.80r0.cnf,all,11735,21123,-1,-1,-1,0,23462,738,85,heuristic2,212.522,212.525,112132096,15530196992,15642329088,2354,2723
instances/vars_1.8/instance_11735v98_1.80r0.cnf,all,11735,21123,-1,-1,-1,0,23462,738,85,heuristic3,248.909,248.913,112132096,15530196992,15642329088,2416,2783
instances/vars_1.8/instance_11735v98_1.80r0.cnf,all,11735,21123,-1,-1,-1,0,23462,738,85,cleanup_device,0.0439453,0.043072,112132096,15530196992,15642329088,-1,-1
instances/vars_1.8/instance_11735v98_1.80r0.cnf,all,11735,21123,-1,-1,-1,0,23462,738,85,total,751.25,-1,112132096,15530196992,15642329088,-1,-1
instances/vars_1.8/instance_11738v28_1.80r0.cnf,all,11738,21128,-1,-1,-1,0,23474,736,61,read_instance,5.2771,-1,107937792,15534391296,15642329088,-1,-1
instances/vars_1.8/instance_11738v28_1.80r0.cnf,all,11738,21128,-1,-1,-1,0,23474,736,61,alloc_graph,0.218506,0.216608,110034944,15532294144,15642329088,-1,-1
instances/vars_1.8/instance_11738v28_1.80r0.cnf,all,11738,21128,-1,-1,-1,0,23474,736,61,scc,4.35278,4.3543,112132096,15530196992,15642329088,-1,-1
instances/vars_1.8/instance_11738v28_1.80r0.cnf,all,11738,21128,-1,-1,-1,0,23474,736,61,topo_sort,1.24683,1.24704,112132096,15530196992,15642329088,-1,-1
instances/vars_1.8/instance_11738v28_1.80r0.cnf,all,11738,21128,-1,-1,-1,0,23474,736,61,backbone,7.02295,7.02854,112132096,15530196992,15642329088,-1,-1
instances/vars_1.8/instance_11738v28_1.80r0.cnf,all,11738,21128,-1,-1,-1,0,23474,736,61,wcc,0.233887,0.233472,112132096,15530196992,15642329088,-1,-1
instances/vars_1.8/instance_11738v28_1.80r0.cnf,all,11738,21128,-1,-1,-1,0,23474,736,61,wcc_grouped,1.11548,1.11616,112132096,15530196992,15642329088,-1,-1
instances/vars_1.8/instance_11738v28_1.80r0.cnf,all,11738,21128,-1,-1,-1,0,23474,736,61,heuristic1,260.809,260.813,112132096,15530196992,15642329088,2868,3234
instances/vars_1.8/instance_11738v28_1.80r0.cnf,all,11738,21128,-1,-1,-1,0,23474,736,61,heuristic2,208.276,208.28,112132096,15530196992,15642329088,2358,2724
instances/vars_1.8/instance_11738v28_1.80r0.cnf,all,11738,21128,-1,-1,-1,0,23474,736,61,heuristic3,246.755,246.759,112132096,15530196992,15642329088,2424,2790
instances/vars_1.8/instance_11738v28_1.80r0.cnf,all,11738,21128,-1,-1,-1,0,23474,736,61,cleanup_device,0.0439453,0.043744,112132096,15530196992,15642329088,-1,-1
instances/vars_1.8/instance_11738v28_1.80r0.cnf,all,11738,21128,-1,-1,-1,0,23474,736,61,total,736.604,-1,112132096,15530196992,15642329088,-1,-1
instances/vars_1.8/instance_118784v79_1.80r0.cnf,all,118784,213811,-1,-1,-1,0,237554,7176,108,read_instance,61.8264,-1,107937792,15534391296,15642329088,-1,-1
instances/vars_1.8/instance_118784v79_1.80r0.cnf,all,118784,213811,-1,-1,-1,0,237554,7176,108,alloc_graph,0.984863,1.02381,112132096,15530196992,15642329088,-1,-1
instances/vars_1.8/instance_118784v79_1.80r0.cnf,all,118784,213811,-1,-1,-1,0,237554,7176,108,scc,7.67651,7.67731,118423552,15523905536,15642329088,-1,-1
instances/vars_1.8/instance_118784v79_1.80r0.cnf,all,118784,213811,-1,-1,-1,0,237554,7176,108,topo_sort,2.38452,2.38445,118423552,15523905536,15642329088,-1,-1
instances/vars_1.8/instance_118784v79_1.80r0.cnf,all,118784,213811,-1,-1,-1,0,237554,7176,108,backbone,240.221,240.239,120520704,15521808384,15642329088,-1,-1
instances/vars_1.8/instance_118784v79_1.80r0.cnf,all,118784,213811,-1,-1,-1,0,237554,7176,108,wcc,0.650635,0.650848,120520704,15521808384,15642329088,-1,-1
instances/vars_1.8/instance_118784v79_1.80r0.cnf,all,118784,213811,-1,-1,-1,0,237554,7176,108,wcc_grouped,3.38135,3.38275,122617856,15519711232,15642329088,-1,-1
instances/vars_1.8/instance_118784v79_1.80r0.cnf,all,118784,213811,-1,-1,-1,0,237554,7176,108,heuristic1,3578.21,3578.27,124715008,15517614080,15642329088,28582,32172
instances/vars_1.8/instance_118784v79_1.80r0.cnf,all,118784,213811,-1,-1,-1,0,237554,7176,108,heuristic2,2847.96,2848,124715008,15517614080,15642329088,24403,27990
instances/vars_1.8/instance_118784v79_1.80r0.cnf,all,118784,213811,-1,-1,-1,0,237554,7176,108,heuristic3,5032.15,5032.23,124715008,15517614080,15642329088,24853,28439
instances/vars_1.8/instance_118784v79_1.80r0.cnf,all,118784,213811,-1,-1,-1,0,237554,7176,108,cleanup_device,0.346191,0.34288,114229248,15528099840,15642329088,-1,-1
instances/vars_1.8/instance_118784v79_1.80r0.cnf,all,118784,213811,-1,-1,-1,0,237554,7176,108,total,11782.5,-1,114229248,15528099840,15642329088,-1,-1
instances/vars_1.8/instance_119496v52_1.80r0.cnf,all,119496,215093,-1,-1,-1,0,238988,6982,91,read_instance,59.4438,-1,107937792,15534391296,15642329088,-1,-1
instances/vars_1.8/instance_119496v52_1.80r0.cnf,all,119496,215093,-1,-1,-1,0,238988,6982,91,alloc_graph,0.924561,0.959904,112132096,15530196992,15642329088,-1,-1
instances/vars_1.8/instance_119496v52_1.80r0.cnf,all,119496,215093,-1,-1,-1,0,238988,6982,91,scc,7.19409,7.19443,118423552,15523905536,15642329088,-1,-1
instances/vars_1.8/instance_119496v52_1.80r0.cnf,all,119496,215093,-1,-1,-1,0,238988,6982,91,topo_sort,2.05518,2.05533,118423552,15523905536,15642329088,-1,-1
instances/vars_1.8/instance_119496v52_1.80r0.cnf,all,119496,215093,-1,-1,-1,0,238988,6982,91,backbone,243.228,243.246,120520704,15521808384,15642329088,-1,-1
instances/vars_1.8/instance_119496v52_1.80r0.cnf,all,119496,215093,-1,-1,-1,0,238988,6982,91,wcc,0.607666,0.607776,120520704,15521808384,15642329088,-1,-1
instances/vars_1.8/instance_119496v52_1.80r0.cnf,all,119496,215093,-1,-1,-1,0,238988,6982,91,wcc_grouped,3.40015,3.40138,122617856,15519711232,15642329088,-1,-1
instances/vars_1.8/instance_119496v52_1.80r0.cnf,all,119496,215093,-1,-1,-1,0,238988,6982,91,heuristic1,3588.67,3588.73,124715008,15517614080,15642329088,28717,32214
instances/vars_1.8/instance_119496v52_1.80r0.cnf,all,119496,215093,-1,-1,-1,0,238988,6982,91,heuristic2,2890.82,2890.87,124715008,15517614080,15642329088,24563,28058
instances/vars_1.8/instance_119496v52_1.80r0.cnf,all,119496,215093,-1,-1,-1,0,238988,6982,91,heuristic3,5085.8,5085.89,124715008,15517614080,15642329088,24994,28484
instances/vars_1.8/instance_119496v52_1.80r0.cnf,all,119496,215093,-1,-1,-1,0,238988,6982,91,cleanup_device,0.386475,0.383008,114229248,15528099840,15642329088,-1,-1
instances/vars_1.8/instance_119496v52_1.80r0.cnf,all,119496,215093,-1,-1,-1,0,238988,6982,91,total,11889.2,-1,114229248,15528099840,15642329088,-1,-1
instances/vars_1.8/instance_121638v43_1.80r0.cnf,all,121638,218948,-1,-1,-1,0,243264,7002,72,read_instance,61.9111,-1,107937792,15534391296,15642329088,-1,-1
instances/vars_1.8/instance_121638v43_1.80r0.cnf,all,121638,218948,-1,-1,-1,0,243264,7002,72,alloc_graph,1.04004,1.07411,112132096,15530196992,15642329088,-1,-1
instances/vars_1.8/instance_121638v43_1.80r0.cnf,all,121638,218948,-1,-1,-1,0,243264,7002,72,scc,8.10449,8.10774,118423552,15523905536,15642329088,-1,-1
instances/vars_1.8/instance_121638v43_1.80r0.cnf,all,121638,218948,-1,-1,-1,0,243264,7002,72,topo_sort,1.75,1.75046,118423552,15523905536,15642329088,-1,-1
instances/vars_1.8/instance_121638v43_1.80r0.cnf,all,121638,218948,-1,-1,-1,0,243264,7002,72,backbone,245.465,245.483,120520704,15521808384,15642329088,-1,-1
instances/vars_1.8/instance_121638v43_1.80r0.cnf,all,121638,218948,-1,-1,-1,0,243264,7002,72,wcc,0.594727,0.594176,120520704,15521808384,15642329088,-1,-1
instances/vars_1.8/instance_121638v43_1.80r0.cnf,all,121638,218948,-1,-1,-1,0,243264,7002,72,wcc_grouped,3.43896,3.43875,122617856,15519711232,15642329088,-1,-1
instances/vars_1.8/instance_121638v43_1.80r0.cnf,all,121638,218948,-1,-1,-1,0,243264,7002,72,heuristic1,3688.07,3688.13,124715008,15517614080,15642329088,29281,32787
instances/vars_1.8/instance_121638v43_1.80r0.cnf,all,121638,218948,-1,-1,-1,0,243264,7002,72,heuristic2,2978.87,2978.91,124715008,15517614080,15642329088,25041,28547
instances/vars_1.8/instance_121638v43_1.80r0.cnf,all,121638,218948,-1,-1,-1,0,243264,7002,72,heuristic3,5217.81,5217.88,124715008,15517614080,15642329088,25368,28868
instances/vars_1.8/instance_121638v43_1.80r0.cnf,all,121638,218948,-1,-1,-1,0,243264,7002,72,cleanup_device,0.354248,0.350816,114229248,15528099840,15642329088,-1,-1
instances/vars_1.8/instance_121638v43_1.80r0.cnf,all,121638,218948,-1,-1,-1,0,243264,7002,72,total,12214,-1,114229248,15528099840,15642329088,-1,-1
instances/vars_1.8/instance_123017v198_1.80r0.cnf,all,123017,221431,-1,-1,-1,0,246034,6968,69,read_instance,63.541,-1,107937792,15534391296,15642329088,-1,-1
instances/vars_1.8/instance_123017v198_1.80r0.cnf,all,123017,221431,-1,-1,-1,0,246034,6968,69,alloc_graph,1.04907,1.08314,112132096,15530196992,15642329088,-1,-1
instances/vars_1.8/instance_123017v198_1.80r0.cnf,all,123017,221431,-1,-1,-1,0,246034,6968,69,scc,7.78564,7.7864,118423552,15523905536,15642329088,-1,-1
instances/vars_1.8/instance_123017v198_1.80r0.cnf,all,123017,221431,-1,-1,-1,0,246034,6968,69,topo_sort,1.63965,1.63987,118423552,15523905536,15642329088,-1,-1
instances/vars_1.8/instance_123017v198_1.80r0.cnf,all,123017,221431,-1,-1,-1,0,246034,6968,69,backbone,253.723,253.741,120520704,15521808384,15642329088,-1,-1
instances/vars_1.8/instance_123017v198_1.80r0.cnf,all,123017,221431,-1,-1,-1,0,246034,6968,69,wcc,0.611328,0.611136,120520704,15521808384,15642329088,-1,-1
instances/vars_1.8/instance_123017v198_1.80r0.cnf,all,123017,221431,-1,-1,-1,0,246034,6968,69,wcc_grouped,3.38867,3.39149,122617856,15519711232,15642329088,-1,-1
instances/vars_1.8/instance_123017v198_1.80r0.cnf,all,123017,221431,-1,-1,-1,0,246034,6968,69,heuristic1,3768.76,3768.82,124715008,15517614080,15642329088,29634,33120
instances/vars_1.8/instance_123017v198_1.80r0.cnf,all,123017,221431,-1,-1,-1,0,246034,6968,69,heuristic2,3054.22,3054.26,124715008,15517614080,15642329088,25383,28867
instances/vars_1.8/instance_123017v198_1.80r0.cnf,all,123017,221431,-1,-1,-1,0,246034,6968,69,heuristic3,5319.21,5319.28,124715008,15517614080,15642329088,25619,29101
instances/vars_1.8/instance_123017v198_1.80r0.cnf,all,123017,221431,-1,-1,-1,0,246034,6968,69,cleanup_device,0.362061,0.358048,114229248,15528099840,15642329088,-1,-1
instances/vars_1.8/instance_123017v198_1.80r0.cnf,all,123017,221431,-1,-1,-1,0,246034,6968,69,total,12481.1,-1,114229248,15528099840,15642329088,-1,-1
instances/vars_1.8/instance_123377v195_1.80r0.cnf,all,123377,222079,-1,-1,-1,0,246746,7180,95,read_instance,62.1118,-1,107937792,15534391296,15642329088,-1,-1
instances/vars_1.8/instance_123377v195_1.80r0.cnf,all,123377,222079,-1,-1,-1,0,246746,7180,95,alloc_graph,0.998535,1.03555,112132096,15530196992,15642329088,-1,-1
instances/vars_1.8/instance_123377v195_1.80r0.cnf,all,123377,222079,-1,-1,-1,0,246746,7180,95,scc,8.41479,8.41898,118423552,15523905536,15642329088,-1,-1
instances/vars_1.8/instance_123377v195_1.80r0.cnf,all,123377,222079,-1,-1,-1,0,246746,7180,95,topo_sort,2.32446,2.32477,118423552,15523905536,15642329088,-1,-1
instances/vars_1.8/instance_123377v195_1.80r0.cnf,all,123377,222079,-1,-1,-1,0,246746,7180,95,backbone,255.636,255.654,120520704,15521808384,15642329088,-1,-1
instances/vars_1.8/instance_123377v195_1.80r0.cnf,all,123377,222079,-1,-1,-1,0,246746,7180,95,wcc,0.626709,0.6256,120520704,15521808384,15642329088,-1,-1
instances/vars_1.8/instance_123377v195_1.80r0.cnf,all,123377,222079,-1,-1,-1,0,246746,7180,95,wcc_grouped,3.40088,3.40173,122617856,15519711232,15642329088,-1,-1
instances/vars_1.8/instance_123377v195_1.80r0.cnf,all,123377,222079,-1,-1,-1,0,246746,7180,95,heuristic1,3775.8,3775.85,124715008,15517614080,15642329088,29642,33239
instances/vars_1.8/instance_123377v195_1.80r0.cnf,all,123377,222079,-1,-1,-1,0,246746,7180,95,heuristic2,3038.8,3038.84,124715008,15517614080,15642329088,25549,29143
instances/vars_1.8/instance_123377v195_1.80r0.cnf,all,123377,222079,-1,-1,-1,0,246746,7180,95,heuristic3,5339.81,5339.88,124715008,15517614080,15642329088,25705,29294
instances/vars_1.8/instance_123377v195_1.80r0.cnf,all,123377,222079,-1,-1,-1,0,246746,7180,95,cleanup_device,0.336426,0.332512,114229248,15528099840,15642329088,-1,-1
instances/vars_1.8/instance_123377v195_1.80r0.cnf,all,123377,222079,-1,-1,-1,0,246746,7180,95,total,12495,-1,114229248,15528099840,15642329088,-1,-1
instances/vars_1.8/instance_12477v16_1.80r0.cnf,all,12477,22459,-1,-1,-1,0,24946,748,70,read_instance,6.00659,-1,107937792,15534391296,15642329088,-1,-1
instances/vars_1.8/instance_12477v16_1.80r0.cnf,all,12477,22459,-1,-1,-1,0,24946,748,70,alloc_graph,0.262695,0.256352,110034944,15532294144,15642329088,-1,-1
instances/vars_1.8/instance_12477v16_1.80r0.cnf,all,12477,22459,-1,-1,-1,0,24946,748,70,scc,4.7937,4.79491,112132096,15530196992,15642329088,-1,-1
instances/vars_1.8/instance_12477v16_1.80r0.cnf,all,12477,22459,-1,-1,-1,0,24946,748,70,topo_sort,1.37012,1.36886,112132096,15530196992,15642329088,-1,-1
instances/vars_1.8/instance_12477v16_1.80r0.cnf,all,12477,22459,-1,-1,-1,0,24946,748,70,backbone,7.64502,7.65222,112132096,15530196992,15642329088,-1,-1
instances/vars_1.8/instance_12477v16_1.80r0.cnf,all,12477,22459,-1,-1,-1,0,24946,748,70,wcc,0.250488,0.249952,112132096,15530196992,15642329088,-1,-1
instances/vars_1.8/instance_12477v16_1.80r0.cnf,all,12477,22459,-1,-1,-1,0,24946,748,70,wcc_grouped,1.0896,1.08954,112132096,15530196992,15642329088,-1,-1
instances/vars_1.8/instance_12477v16_1.80r0.cnf,all,12477,22459,-1,-1,-1,0,24946,748,70,heuristic1,270.659,270.663,112132096,15530196992,15642329088,2988,3361
instances/vars_1.8/instance_12477v16_1.80r0.cnf,all,12477,22459,-1,-1,-1,0,24946,748,70,heuristic2,217.63,217.633,112132096,15530196992,15642329088,2538,2912
instances/vars_1.8/instance_12477v16_1.80r0.cnf,all,12477,22459,-1,-1,-1,0,24946,748,70,heuristic3,259.549,259.553,112132096,15530196992,15642329088,2599,2971
instances/vars_1.8/instance_12477v16_1.80r0.cnf,all,12477,22459,-1,-1,-1,0,24946,748,70,cleanup_device,0.0415039,0.041024,112132096,15530196992,15642329088,-1,-1
instances/vars_1.8/instance_12477v16_1.80r0.cnf,all,12477,22459,-1,-1,-1,0,24946,748,70,total,770.631,-1,112132096,15530196992,15642329088,-1,-1
instances/vars_1.8/instance_125368v189_1.80r0.cnf,all,125368,225662,-1,-1,-1,0,250726,7364,106,read_instance,63.6599,-1,107937792,15534391296,15642329088,-1,-1
instances/vars_1.8/instance_125368v189_1.80r0.cnf,all,125368,225662,-1,-1,-1,0,250726,7364,106,alloc_graph,1.04443,1.06944,112132096,15530196992,15642329088,-1,-1
instances/vars_1.8/instance_125368v189_1.80r0.cnf,all,125368,225662,-1,-1,-1,0,250726,7364,106,scc,6.87744,6.87933,118423552,15523905536,15642329088,-1,-1
instances/vars_1.8/instance_125368v189_1.80r0.cnf,all,125368,225662,-1,-1,-1,0,250726,7364,106,topo_sort,2.2959,2.29485,118423552,15523905536,15642329088,-1,-1
instances/vars_1.8/instance_125368v189_1.80r0.cnf,all,125368,225662,-1,-1,-1,0,250726,7364,106,backbone,265.417,265.432,120520704,15521808384,15642329088,-1,-1
instances/vars_1.8/instance_125368v189_1.80r0.cnf,all,125368,225662,-1,-1,-1,0,250726,7364,106,wcc,0.628418,0.639488,120520704,15521808384,15642329088,-1,-1
instances/vars_1.8/instance_125368v189_1.80r0.cnf,all,125368,225662,-1,-1,-1,0,250726,7364,106,wcc_grouped,3.41968,3.42125,122617856,15519711232,15642329088,-1,-1
instances/vars_1.8/instance_125368v189_1.80r0.cnf,all,125368,225662,-1,-1,-1,0,250726,7364,106,heuristic1,3889.2,3889.25,124715008,15517614080,15642329088,30224,33912
instances/vars_1.8/instance_125368v189_1.80r0.cnf,all,125368,225662,-1,-1,-1,0,250726,7364,106,heuristic2,3148.33,3148.38,124715008,15517614080,15642329088,25803,29490
instances/vars_1.8/instance_125368v189_1.80r0.cnf,all,125368,225662,-1,-1,-1,0,250726,7364,106,heuristic3,5825.35,5825.42,124715008,15517614080,15642329088,26204,29886
instances/vars_1.8/instance_125368v189_1.80r0.cnf,all,125368,225662,-1,-1,-1,0,250726,7364,106,cleanup_device,0.286377,0.28208,116326400,15526002688,15642329088,-1,-1
instances/vars_1.8/instance_125368v189_1.80r0.cnf,all,125368,225662,-1,-1,-1,0,250726,7364,106,total,13213.6,-1,116326400,15526002688,15642329088,-1,-1
instances/vars_1.8/instance_1257v151_1.80r0.cnf,all,1257,2263,-1,-1,-1,0,2482,106,42,read_instance,0.602051,-1,107937792,15534391296,15642329088,-1,-1
instances/vars_1.8/instance_1257v151_1.80r0.cnf,all,1257,2263,-1,-1,-1,0,2482,106,42,alloc_graph,0.164307,0.151552,110034944,15532294144,15642329088,-1,-1
instances/vars_1.8/instance_1257v151_1.80r0.cnf,all,1257,2263,-1,-1,-1,0,2482,106,42,scc,4.64795,4.64896,112132096,15530196992,15642329088,-1,-1
instances/vars_1.8/instance_1257v151_1.80r0.cnf,all,1257,2263,-1,-1,-1,0,2482,106,42,topo_sort,0.862793,0.861728,112132096,15530196992,15642329088,-1,-1
instances/vars_1.8/instance_1257v151_1.80r0.cnf,all,1257,2263,-1,-1,-1,0,2482,106,42,backbone,5.32495,5.33062,112132096,15530196992,15642329088,-1,-1
instances/vars_1.8/instance_1257v151_1.80r0.cnf,all,1257,2263,-1,-1,-1,0,2482,106,42,wcc,0.199951,0.199232,112132096,15530196992,15642329088,-1,-1
instances/vars_1.8/instance_1257v151_1.80r0.cnf,all,1257,2263,-1,-1,-1,0,2482,106,42,wcc_grouped,0.359619,0.358944,112132096,15530196992,15642329088,-1,-1
instances/vars_1.8/instance_1257v151_1.80r0.cnf,all,1257,2263,-1,-1,-1,0,2482,106,42,heuristic1,28.0378,28.0389,112132096,15530196992,15642329088,302,353
instances/vars_1.8/instance_1257v151_1.80r0.cnf,all,1257,2263,-1,-1,-1,0,2482,106,42,heuristic2,22.55,22.5502,112132096,15530196992,15642329088,250,301
instances/vars_1.8/instance_1257v151_1.80r0.cnf,all,1257,2263,-1,-1,-1,0,2482,106,42,heuristic3,28.468,28.4673,112132096,15530196992,15642329088,252,303
instances/vars_1.8/instance_1257v151_1.80r0.cnf,all,1257,2263,-1,-1,-1,0,2482,106,42,cleanup_device,0.0429688,0.042752,112132096,15530196992,15642329088,-1,-1
instances/vars_1.8/instance_1257v151_1.80r0.cnf,all,1257,2263,-1,-1,-1,0,2482,106,42,total,91.9023,-1,112132096,15530196992,15642329088,-1,-1
instances/vars_1.8/instance_126201v90_1.80r0.cnf,all,126201,227162,-1,-1,-1,0,252402,7450,88,read_instance,69.0872,-1,107937792,15534391296,15642329088,-1,-1
instances/vars_1.8/instance_126201v90_1.80r0.cnf,all,126201,227162,-1,-1,-1,0,252402,7450,88,alloc_graph,1.05566,1.08723,112132096,15530196992,15642329088,-1,-1
instances/vars_1.8/instance_126201v90_1.80r0.cnf,all,126201,227162,-1,-1,-1,0,252402,7450,88,scc,7.19653,7.19846,118423552,15523905536,15642329088,-1,-1
instances/vars_1.8/instance_126201v90_1.80r0.cnf,all,126201,227162,-1,-1,-1,0,252402,7450,88,topo_sort,1.97729,1.97699,118423552,15523905536,15642329088,-1,-1
instances/vars_1.8/instance_126201v90_1.80r0.cnf,all,126201,227162,-1,-1,-1,0,252402,7450,88,backbone,268.847,268.87,120520704,15521808384,15642329088,-1,-1
instances/vars_1.8/instance_126201v90_1.80r0.cnf,all,126201,227162,-1,-1,-1,0,252402,7450,88,wcc,0.664307,0.664736,120520704,15521808384,15642329088,-1,-1
instances/vars_1.8/instance_126201v90_1.80r0.cnf,all,126201,227162,-1,-1,-1,0,252402,7450,88,wcc_grouped,3.30737,3.30934,122617856,15519711232,15642329088,-1,-1
instances/vars_1.8/instance_126201v90_1.80r0.cnf,all,126201,227162,-1,-1,-1,0,252402,7450,88,heuristic1,3906.74,3906.8,124715008,15517614080,15642329088,30570,34301
instances/vars_1.8/instance_126201v90_1.80r0.cnf,all,126201,227162,-1,-1,-1,0,252402,7450,88,heuristic2,3123.74,3123.78,124715008,15517614080,15642329088,25991,29718
instances/vars_1.8/instance_126201v90_1.80r0.cnf,all,126201,227162,-1,-1,-1,0,252402,7450,88,heuristic3,5546.97,5547.05,124715008,15517614080,15642329088,26388,30111
instances/vars_1.8/instance_126201v90_1.80r0.cnf,all,126201,227162,-1,-1,-1,0,252402,7450,88,cleanup_device,0.249756,0.244864,116326400,15526002688,15642329088,-1,-1
instances/vars_1.8/instance_126201v90_1.80r0.cnf,all,126201,227162,-1,-1,-1,0,252402,7450,88,total,12937.4,-1,116326400,15526002688,15642329088,-1,-1
instances/vars_1.8/instance_12704v138_1.80r0.cnf,all,12704,22867,-1,-1,-1,0,25402,740,73,read_instance,5.98584,-1,107937792,15534391296,15642329088,-1,-1
instances/vars_1.8/instance_12704v138_1.80r0.cnf,all,12704,22867,-1,-1,-1,0,25402,740,73,alloc_graph,0.232422,0.229536,110034944,15532294144,15642329088,-1,-1
instances/vars_1.8/instance_12704v138_1.80r0.cnf,all,12704,22867,-1,-1,-1,0,25402,740,73,scc,4.63867,4.63997,112132096,15530196992,15642329088,-1,-1
instances/vars_1.8/instance_12704v138_1.80r0.cnf,all,12704,22867,-1,-1,-1,0,25402,740,73,topo_sort,1.47388,1.47299,112132096,15530196992,15642329088,-1,-1
instances/vars_1.8/instance_12704v138_1.80r0.cnf,all,12704,22867,-1,-1,-1,0,25402,740,73,backbone,7.44507,7.45197,112132096,15530196992,15642329088,-1,-1
instances/vars_1.8/instance_12704v138_1.80r0.cnf,all,12704,22867,-1,-1,-1,0,25402,740,73,wcc,0.278564,0.278368,112132096,15530196992,15642329088,-1,-1
instances/vars_1.8/instance_12704v138_1.80r0.cnf,all,12704,22867,-1,-1,-1,0,25402,740,73,wcc_grouped,1.06494,1.06534,112132096,15530196992,15642329088,-1,-1
instances/vars_1.8/instance_12704v138_1.80r0.cnf,all,12704,22867,-1,-1,-1,0,25402,740,73,heuristic1,299.214,299.218,112132096,15530196992,15642329088,3053,3421
instances/vars_1.8/instance_12704v138_1.80r0.cnf,all,12704,22867,-1,-1,-1,0,25402,740,73,heuristic2,231.082,231.085,112132096,15530196992,15642329088,2575,2944
instances/vars_1.8/instance_12704v138_1.80r0.cnf,all,12704,22867,-1,-1,-1,0,25402,740,73,heuristic3,278.695,278.7,112132096,15530196992,15642329088,2617,2985
instances/vars_1.8/instance_12704v138_1.80r0.cnf,all,12704,22867,-1,-1,-1,0,25402,740,73,cleanup_device,0.0932617,0.091808,112132096,15530196992,15642329088,-1,-1
instances/vars_1.8/instance_12704v138_1.80r0.cnf,all,12704,22867,-1,-1,-1,0,25402,740,73,total,831.629,-1,112132096,15530196992,15642329088,-1,-1
instances/vars_1.8/instance_12866v12_1.80r0.cnf,all,12866,23159,-1,-1,-1,0,25732,828,57,read_instance,6.02466,-1,107937792,15534391296,15642329088,-1,-1
instances/vars_1.8/instance_12866v12_1.80r0.cnf,all,12866,23159,-1,-1,-1,0,25732,828,57,alloc_graph,0.244141,0.239808,110034944,15532294144,15642329088,-1,-1
instances/vars_1.8/instance_12866v12_1.80r0.cnf,all,12866,23159,-1,-1,-1,0,25732,828,57,scc,4.32983,4.33117,112132096,15530196992,15642329088,-1,-1
instances/vars_1.8/instance_12866v12_1.80r0.cnf,all,12866,23159,-1,-1,-1,0,25732,828,57,topo_sort,1.10376,1.1032,112132096,15530196992,15642329088,-1,-1
instances/vars_1.8/instance_12866v12_1.80r0.cnf,all,12866,23159,-1,-1,-1,0,25732,828,57,backbone,7.48999,7.49606,112132096,15530196992,15642329088,-1,-1
instances/vars_1.8/instance_12866v12_1.80r0.cnf,all,12866,23159,-1,-1,-1,0,25732,828,57,wcc,0.240234,0.239936,112132096,15530196992,15642329088,-1,-1
instances/vars_1.8/instance_12866v12_1.80r0.cnf,all,12866,23159,-1,-1,-1,0,25732,828,57,wcc_grouped,1.0686,1.06886,112132096,15530196992,15642329088,-1,-1
instances/vars_1.8/instance_12866v12_1.80r0.cnf,all,12866,23159,-1,-1,-1,0,25732,828,57,heuristic1,279.286,279.291,112132096,15530196992,15642329088,3064,3476
instances/vars_1.8/instance_12866v12_1.80r0.cnf,all,12866,23159,-1,-1,-1,0,25732,828,57,heuristic2,234.277,234.282,112132096,15530196992,15642329088,2622,3034
instances/vars_1.8/instance_12866v12_1.80r0.cnf,all,12866,23159,-1,-1,-1,0,25732,828,57,heuristic3,269.143,269.148,112132096,15530196992,15642329088,2623,3035
instances/vars_1.8/instance_12866v12_1.80r0.cnf,all,12866,23159,-1,-1,-1,0,25732,828,57,cleanup_device,0.0454102,0.04432,112132096,15530196992,15642329088,-1,-1
instances/vars_1.8/instance_12866v12_1.80r0.cnf,all,12866,23159,-1,-1,-1,0,25732,828,57,total,804.557,-1,112132096,15530196992,15642329088,-1,-1
instances/vars_1.8/instance_1309v190_1.80r0.cnf,all,1309,2356,-1,-1,-1,0,2614,112,32,read_instance,0.625244,-1,107937792,15534391296,15642329088,-1,-1
instances/vars_1.8/instance_1309v190_1.80r0.cnf,all,1309,2356,-1,-1,-1,0,2614,112,32,alloc_graph,0.167725,0.155104,110034944,15532294144,15642329088,-1,-1
instances/vars_1.8/instance_1309v190_1.80r0.cnf,all,1309,2356,-1,-1,-1,0,2614,112,32,scc,3.99341,3.99382,112132096,15530196992,15642329088,-1,-1
instances/vars_1.8/instance_1309v190_1.80r0.cnf,all,1309,2356,-1,-1,-1,0,2614,112,32,topo_sort,0.669434,0.66944,112132096,15530196992,15642329088,-1,-1
instances/vars_1.8/instance_1309v190_1.80r0.cnf,all,1309,2356,-1,-1,-1,0,2614,112,32,backbone,5.09131,5.09744,112132096,15530196992,15642329088,-1,-1
instances/vars_1.8/instance_1309v190_1.80r0.cnf,all,1309,2356,-1,-1,-1,0,2614,112,32,wcc,0.215332,0.213984,112132096,15530196992,15642329088,-1,-1
instances/vars_1.8/instance_1309v190_1.80r0.cnf,all,1309,2356,-1,-1,-1,0,2614,112,32,wcc_grouped,0.403076,0.40528,112132096,15530196992,15642329088,-1,-1
instances/vars_1.8/instance_1309v190_1.80r0.cnf,all,1309,2356,-1,-1,-1,0,2614,112,32,heuristic1,27.6213,27.6206,112132096,15530196992,15642329088,307,361
instances/vars_1.8/instance_1309v190_1.80r0.cnf,all,1309,2356,-1,-1,-1,0,2614,112,32,heuristic2,20.5513,20.5508,112132096,15530196992,15642329088,252,306
instances/vars_1.8/instance_1309v190_1.80r0.cnf,all,1309,2356,-1,-1,-1,0,2614,112,32,heuristic3,27.4302,27.4297,112132096,15530196992,15642329088,280,334
instances/vars_1.8/instance_1309v190_1.80r0.cnf,all,1309,2356,-1,-1,-1,0,2614,112,32,cleanup_device,0.0400391,0.038688,112132096,15530196992,15642329088,-1,-1
instances/vars_1.8/instance_1309v190_1.80r0.cnf,all,1309,2356,-1,-1,-1,0,2614,112,32,total,87.436,-1,112132096,15530196992,15642329088,-1,-1
instances/vars_1.8/instance_131375v53_1.80r0.cnf,all,131375,236475,-1,-1,-1,0,262750,7772,127,read_instance,65.7908,-1,107937792,15534391296,15642329088,-1,-1
instances/vars_1.8/instance_131375v53_1.80r0.cnf,all,131375,236475,-1,-1,-1,0,262750,7772,127,alloc_graph,1.05664,1.10262,112132096,15530196992,15642329088,-1,-1
instances/vars_1.8/instance_131375v53_1.80r0.cnf,all,131375,236475,-1,-1,-1,0,262750,7772,127,scc,7.84302,7.84336,120520704,15521808384,15642329088,-1,-1
instances/vars_1.8/instance_131375v53_1.80r0.cnf,all,131375,236475,-1,-1,-1,0,262750,7772,127,topo_sort,2.80249,2.80355,122617856,15519711232,15642329088,-1,-1
instances/vars_1.8/instance_131375v53_1.80r0.cnf,all,131375,236475,-1,-1,-1,0,262750,7772,127,backbone,296.558,296.577,124715008,15517614080,15642329088,-1,-1
instances/vars_1.8/instance_131375v53_1.80r0.cnf,all,131375,236475,-1,-1,-1,0,262750,7772,127,wcc,0.807129,0.804864,126812160,15515516928,15642329088,-1,-1
instances/vars_1.8/instance_131375v53_1.80r0.cnf,all,131375,236475,-1,-1,-1,0,262750,7772,127,wcc_grouped,4.26807,4.26941,131006464,15511322624,15642329088,-1,-1
instances/vars_1.8/instance_131375v53_1.80r0.cnf,all,131375,236475,-1,-1,-1,0,262750,7772,127,heuristic1,4203.07,4203.13,133103616,15509225472,15642329088,31753,35645
instances/vars_1.8/instance_131375v53_1.80r0.cnf,all,131375,236475,-1,-1,-1,0,262750,7772,127,heuristic2,3374.07,3374.12,133103616,15509225472,15642329088,27029,30918
instances/vars_1.8/instance_131375v53_1.80r0.cnf,all,131375,236475,-1,-1,-1,0,262750,7772,127,heuristic3,5924.53,5924.61,133103616,15509225472,15642329088,27465,31350
instances/vars_1.8/instance_131375v53_1.80r0.cnf,all,131375,236475,-1,-1,-1,0,262750,7772,127,cleanup_device,0.682617,0.67984,114229248,15528099840,15642329088,-1,-1
instances/vars_1.8/instance_131375v53_1.80r0.cnf,all,131375,236475,-1,-1,-1,0,262750,7772,127,total,13889.3,-1,114229248,15528099840,15642329088,-1,-1
instances/vars_1.8/instance_13233v91_1.80r0.cnf,all,13233,23819,-1,-1,-1,0,26466,798,77,read_instance,6.5,-1,107937792,15534391296,15642329088,-1,-1
instances/vars_1.8/instance_13233v91_1.80r0.cnf,all,13233,23819,-1,-1,-1,0,26466,798,77,alloc_graph,0.226807,0.227392,110034944,15532294144,15642329088,-1,-1
instances/vars_1.8/instance_13233v91_1.80r0.cnf,all,13233,23819,-1,-1,-1,0,26466,798,77,scc,4.74976,4.75136,112132096,15530196992,15642329088,-1,-1
instances/vars_1.8/instance_13233v91_1.80r0.cnf,all,13233,23819,-1,-1,-1,0,26466,798,77,topo_sort,1.52979,1.52886,112132096,15530196992,15642329088,-1,-1
instances/vars_1.8/instance_13233v91_1.80r0.cnf,all,13233,23819,-1,-1,-1,0,26466,798,77,backbone,7.88965,7.8961,112132096,15530196992,15642329088,-1,-1
instances/vars_1.8/instance_13233v91_1.80r0.cnf,all,13233,23819,-1,-1,-1,0,26466,798,77,wcc,0.273438,0.272928,112132096,15530196992,15642329088,-1,-1
instances/vars_1.8/instance_13233v91_1.80r0.cnf,all,13233,23819,-1,-1,-1,0,26466,798,77,wcc_grouped,1.02637,1.0272,112132096,15530196992,15642329088,-1,-1
instances/vars_1.8/instance_13233v91_1.80r0.cnf,all,13233,23819,-1,-1,-1,0,26466,798,77,heuristic1,294.119,294.122,112132096,15530196992,15642329088,3115,3516
instances/vars_1.8/instance_13233v91_1.80r0.cnf,all,13233,23819,-1,-1,-1,0,26466,798,77,heuristic2,234.837,234.841,112132096,15530196992,15642329088,2674,3075
instances/vars_1.8/instance_13233v91_1.80r0.cnf,all,13233,23819,-1,-1,-1,0,26466,798,77,heuristic3,270.818,270.822,112132096,15530196992,15642329088,2683,3082
instances/vars_1.8/instance_13233v91_1.80r0.cnf,all,13233,23819,-1,-1,-1,0,26466,798,77,cleanup_device,0.0454102,0.044992,112132096,15530196992,15642329088,-1,-1
instances/vars_1.8/instance_13233v91_1.80r0.cnf,all,13233,23819,-1,-1,-1,0,26466,798,77,total,823.316,-1,112132096,15530196992,15642329088,-1,-1
instances/vars_1.8/instance_13280v49_1.80r0.cnf,all,13280,23904,-1,-1,-1,0,26550,834,66,read_instance,6.2085,-1,107937792,15534391296,15642329088,-1,-1
instances/vars_1.8/instance_13280v49_1.80r0.cnf,all,13280,23904,-1,-1,-1,0,26550,834,66,alloc_graph,0.285889,0.279744,110034944,15532294144,15642329088,-1,-1
instances/vars_1.8/instance_13280v49_1.80r0.cnf,all,13280,23904,-1,-1,-1,0,26550,834,66,scc,4.19775,4.19875,112132096,15530196992,15642329088,-1,-1
instances/vars_1.8/instance_13280v49_1.80r0.cnf,all,13280,23904,-1,-1,-1,0,26550,834,66,topo_sort,1.31323,1.31254,112132096,15530196992,15642329088,-1,-1
instances/vars_1.8/instance_13280v49_1.80r0.cnf,all,13280,23904,-1,-1,-1,0,26550,834,66,backbone,7.67847,7.68458,112132096,15530196992,15642329088,-1,-1
instances/vars_1.8/instance_13280v49_1.80r0.cnf,all,13280,23904,-1,-1,-1,0,26550,834,66,wcc,0.251465,0.251296,112132096,15530196992,15642329088,-1,-1
instances/vars_1.8/instance_13280v49_1.80r0.cnf,all,13280,23904,-1,-1,-1,0,26550,834,66,wcc_grouped,1.05591,1.0552,112132096,15530196992,15642329088,-1,-1
instances/vars_1.8/instance_13280v49_1.80r0.cnf,all,13280,23904,-1,-1,-1,0,26550,834,66,heuristic1,294.435,294.44,112132096,15530196992,15642329088,3186,3602
instances/vars_1.8/instance_13280v49_1.80r0.cnf,all,13280,23904,-1,-1,-1,0,26550,834,66,heuristic2,239.342,239.346,112132096,15530196992,15642329088,2716,3132
instances/vars_1.8/instance_13280v49_1.80r0.cnf,all,13280,23904,-1,-1,-1,0,26550,834,66,heuristic3,280.99,280.993,112132096,15530196992,15642329088,2738,3153
instances/vars_1.8/instance_13280v49_1.80r0.cnf,all,13280,23904,-1,-1,-1,0,26550,834,66,cleanup_device,0.0446777,0.044128,112132096,15530196992,15642329088,-1,-1
instances/vars_1.8/instance_13280v49_1.80r0.cnf,all,13280,23904,-1,-1,-1,0,26550,834,66,total,837.103,-1,112132096,15530196992,15642329088,-1,-1
instances/vars_1.8/instance_13452v132_1.80r0.cnf,all,13452,24214,-1,-1,-1,0,26888,852,56,read_instance,6.45508,-1,107937792,15534391296,15642329088,-1,-1
instances/vars_1.8/instance_13452v132_1.80r0.cnf,all,13452,24214,-1,-1,-1,0,26888,852,56,alloc_graph,0.278809,0.269728,110034944,15532294144,15642329088,-1,-1
instances/vars_1.8/instance_13452v132_1.80r0.cnf,all,13452,24214,-1,-1,-1,0,26888,852,56,scc,4.271,4.272,112132096,15530196992,15642329088,-1,-1
instances/vars_1.8/instance_13452v132_1.80r0.cnf,all,13452,24214,-1,-1,-1,0,26888,852,56,topo_sort,1.12158,1.12144,112132096,15530196992,15642329088,-1,-1
instances/vars_1.8/instance_13452v132_1.80r0.cnf,all,13452,24214,-1,-1,-1,0,26888,852,56,backbone,7.74072,7.74685,112132096,15530196992,15642329088,-1,-1
instances/vars_1.8/instance_13452v132_1.80r0.cnf,all,13452,24214,-1,-1,-1,0,26888,852,56,wcc,0.262207,0.26224,112132096,15530196992,15642329088,-1,-1
instances/vars_1.8/instance_13452v132_1.80r0.cnf,all,13452,24214,-1,-1,-1,0,26888,852,56,wcc_grouped,1.08179,1.08291,112132096,15530196992,15642329088,-1,-1
instances/vars_1.8/instance_13452v132_1.80r0.cnf,all,13452,24214,-1,-1,-1,0,26888,852,56,heuristic1,292.505,292.509,112132096,15530196992,15642329088,3177,3601
instances/vars_1.8/instance_13452v132_1.80r0.cnf,all,13452,24214,-1,-1,-1,0,26888,852,56,heuristic2,238.59,238.593,112132096,15530196992,15642329088,2728,3152
instances/vars_1.8/instance_13452v132_1.80r0.cnf,all,13452,24214,-1,-1,-1,0,26888,852,56,heuristic3,286.881,286.886,112132096,15530196992,15642329088,2792,3216
instances/vars_1.8/instance_13452v132_1.80r0.cnf,all,13452,24214,-1,-1,-1,0,26888,852,56,cleanup_device,0.0458984,0.044992,112132096,15530196992,15642329088,-1,-1
instances/vars_1.8/instance_13452v132_1.80r0.cnf,all,13452,24214,-1,-1,-1,0,26888,852,56,total,840.57,-1,112132096,15530196992,15642329088,-1,-1
instances/vars_1.8/instance_136745v5_1.80r0.cnf,all,136745,246141,-1,-1,-1,0,273484,7918,124,read_instance,70.4399,-1,107937792,15534391296,15642329088,-1,-1
instances/vars_1.8/instance_136745v5_1.80r0.cnf,all,136745,246141,-1,-1,-1,0,273484,7918,124,alloc_graph,1.02466,1.07485,112132096,15530196992,15642329088,-1,-1
instances/vars_1.8/instance_136745v5_1.80r0.cnf,all,136745,246141,-1,-1,-1,0,273484,7918,124,scc,9.66553,9.66643,120520704,15521808384,15642329088,-1,-1
instances/vars_1.8/instance_136745v5_1.80r0.cnf,all,136745,246141,-1,-1,-1,0,273484,7918,124,topo_sort,2.74121,2.74227,122617856,15519711232,15642329088,-1,-1
instances/vars_1.8/instance_136745v5_1.80r0.cnf,all,136745,246141,-1,-1,-1,0,273484,7918,124,backbone,313.329,313.345,124715008,15517614080,15642329088,-1,-1
instances/vars_1.8/instance_136745v5_1.80r0.cnf,all,136745,246141,-1,-1,-1,0,273484,7918,124,wcc,0.809814,0.810688,126812160,15515516928,15642329088,-1,-1
instances/vars_1.8/instance_136745v5_1.80r0.cnf,all,136745,246141,-1,-1,-1,0,273484,7918,124,wcc_grouped,4.27954,4.28298,131006464,15511322624,15642329088,-1,-1
instances/vars_1.8/instance_136745v5_1.80r0.cnf,all,136745,246141,-1,-1,-1,0,273484,7918,124,heuristic1,4447.09,4447.15,133103616,15509225472,15642329088,32812,36778
instances/vars_1.8/instance_136745v5_1.80r0.cnf,all,136745,246141,-1,-1,-1,0,273484,7918,124,heuristic2,3575.51,3575.56,133103616,15509225472,15642329088,28099,32060
instances/vars_1.8/instance_136745v5_1.80r0.cnf,all,136745,246141,-1,-1,-1,0,273484,7918,124,heuristic3,6313.73,6313.81,133103616,15509225472,15642329088,28558,32517
instances/vars_1.8/instance_136745v5_1.80r0.cnf,all,136745,246141,-1,-1,-1,0,273484,7918,124,cleanup_device,0.650391,0.647616,114229248,15528099840,15642329088,-1,-1
instances/vars_1.8/instance_136745v5_1.80r0.cnf,all,136745,246141,-1,-1,-1,0,273484,7918,124,total,14747.3,-1,114229248,15528099840,15642329088,-1,-1
instances/vars_1.8/instance_142769v120_1.80r0.cnf,all,142769,256984,-1,-1,-1,0,285538,8306,118,read_instance,73.4004,-1,107937792,15534391296,15642329088,-1,-1
instances/vars_1.8/instance_142769v120_1.80r0.cnf,all,142769,256984,-1,-1,-1,0,285538,8306,118,alloc_graph,1.08032,1.13734,112132096,15530196992,15642329088,-1,-1
instances/vars_1.8/instance_142769v120_1.80r0.cnf,all,142769,256984,-1,-1,-1,0,285538,8306,118,scc,8.74023,8.74192,120520704,15521808384,15642329088,-1,-1
instances/vars_1.8/instance_142769v120_1.80r0.cnf,all,142769,256984,-1,-1,-1,0,285538,8306,118,topo_sort,2.65869,2.66006,122617856,15519711232,15642329088,-1,-1
instances/vars_1.8/instance_142769v120_1.80r0.cnf,all,142769,256984,-1,-1,-1,0,285538,8306,118,backbone,341.85,341.868,124715008,15517614080,15642329088,-1,-1
instances/vars_1.8/instance_142769v120_1.80r0.cnf,all,142769,256984,-1,-1,-1,0,285538,8306,118,wcc,0.829346,0.829152,126812160,15515516928,15642329088,-1,-1
instances/vars_1.8/instance_142769v120_1.80r0.cnf,all,142769,256984,-1,-1,-1,0,285538,8306,118,wcc_grouped,4.26318,4.26438,131006464,15511322624,15642329088,-1,-1
instances/vars_1.8/instance_142769v120_1.80r0.cnf,all,142769,256984,-1,-1,-1,0,285538,8306,118,heuristic1,4698.91,4698.98,133103616,15509225472,15642329088,34292,38452
instances/vars_1.8/instance_142769v120_1.80r0.cnf,all,142769,256984,-1,-1,-1,0,285538,8306,118,heuristic2,3801.94,3802,133103616,15509225472,15642329088,29389,33548
instances/vars_1.8/instance_142769v120_1.80r0.cnf,all,142769,256984,-1,-1,-1,0,285538,8306,118,heuristic3,6728.52,6728.62,133103616,15509225472,15642329088,29902,34054
instances/vars_1.8/instance_142769v120_1.80r0.cnf,all,142769,256984,-1,-1,-1,0,285538,8306,118,cleanup_device,0.749756,0.748704,112132096,15530196992,15642329088,-1,-1
instances/vars_1.8/instance_142769v120_1.80r0.cnf,all,142769,256984,-1,-1,-1,0,285538,8306,118,total,15671.3,-1,112132096,15530196992,15642329088,-1,-1
instances/vars_1.8/instance_14478v25_1.80r0.cnf,all,14478,26060,-1,-1,-1,0,28956,876,52,read_instance,6.69336,-1,107937792,15534391296,15642329088,-1,-1
instances/vars_1.8/instance_14478v25_1.80r0.cnf,all,14478,26060,-1,-1,-1,0,28956,876,52,alloc_graph,0.235596,0.234496,110034944,15532294144,15642329088,-1,-1
instances/vars_1.8/instance_14478v25_1.80r0.cnf,all,14478,26060,-1,-1,-1,0,28956,876,52,scc,4.08423,4.08547,112132096,15530196992,15642329088,-1,-1
instances/vars_1.8/instance_14478v25_1.80r0.cnf,all,14478,26060,-1,-1,-1,0,28956,876,52,topo_sort,1.02344,1.02262,112132096,15530196992,15642329088,-1,-1
instances/vars_1.8/instance_14478v25_1.80r0.cnf,all,14478,26060,-1,-1,-1,0,28956,876,52,backbone,8.05225,8.05814,112132096,15530196992,15642329088,-1,-1
instances/vars_1.8/instance_14478v25_1.80r0.cnf,all,14478,26060,-1,-1,-1,0,28956,876,52,wcc,0.250977,0.25104,112132096,15530196992,15642329088,-1,-1
instances/vars_1.8/instance_14478v25_1.80r0.cnf,all,14478,26060,-1,-1,-1,0,28956,876,52,wcc_grouped,1.07666,1.07725,112132096,15530196992,15642329088,-1,-1
instances/vars_1.8/instance_14478v25_1.80r0.cnf,all,14478,26060,-1,-1,-1,0,28956,876,52,heuristic1,321.869,321.874,112132096,15530196992,15642329088,3517,3954
instances/vars_1.8/instance_14478v25_1.80r0.cnf,all,14478,26060,-1,-1,-1,0,28956,876,52,heuristic2,259.321,259.324,112132096,15530196992,15642329088,2970,3407
instances/vars_1.8/instance_14478v25_1.80r0.cnf,all,14478,26060,-1,-1,-1,0,28956,876,52,heuristic3,309.485,309.489,112132096,15530196992,15642329088,2992,3428
instances/vars_1.8/instance_14478v25_1.80r0.cnf,all,14478,26060,-1,-1,-1,0,28956,876,52,cleanup_device,0.0446777,0.043584,112132096,15530196992,15642329088,-1,-1
instances/vars_1.8/instance_14478v25_1.80r0.cnf,all,14478,26060,-1,-1,-1,0,28956,876,52,total,913.497,-1,112132096,15530196992,15642329088,-1,-1
instances/vars_1.8/instance_144808v106_1.80r0.cnf,all,144808,260654,-1,-1,-1,0,289610,8764,110,read_instance,74.3674,-1,107937792,15534391296,15642329088,-1,-1
instances/vars_1.8/instance_144808v106_1.80r0.cnf,all,144808,260654,-1,-1,-1,0,289610,8764,110,alloc_graph,1.06177,1.10576,112132096,15530196992,15642329088,-1,-1
instances/vars_1.8/instance_144808v106_1.80r0.cnf,all,144808,260654,-1,-1,-1,0,289610,8764,110,scc,7.90723,7.90768,120520704,15521808384,15642329088,-1,-1
instances/vars_1.8/instance_144808v106_1.80r0.cnf,all,144808,260654,-1,-1,-1,0,289610,8764,110,topo_sort,2.60742,2.61082,122617856,15519711232,15642329088,-1,-1
instances/vars_1.8/instance_144808v106_1.80r0.cnf,all,144808,260654,-1,-1,-1,0,289610,8764,110,backbone,351.368,351.382,124715008,15517614080,15642329088,-1,-1
instances/vars_1.8/instance_144808v106_1.80r0.cnf,all,144808,260654,-1,-1,-1,0,289610,8764,110,wcc,0.879883,0.88064,126812160,15515516928,15642329088,-1,-1
instances/vars_1.8/instance_144808v106_1.80r0.cnf,all,144808,260654,-1,-1,-1,0,289610,8764,110,wcc_grouped,4.22217,4.22483,131006464,15511322624,15642329088,-1,-1
instances/vars_1.8/instance_144808v106_1.80r0.cnf,all,144808,260654,-1,-1,-1,0,289610,8764,110,heuristic1,4863.77,4863.84,133103616,15509225472,15642329088,34861,39252
instances/vars_1.8/instance_144808v106_1.80r0.cnf,all,144808,260654,-1,-1,-1,0,289610,8764,110,heuristic2,3954.93,3954.98,133103616,15509225472,15642329088,29870,34255
instances/vars_1.8/instance_144808v106_1.80r0.cnf,all,144808,260654,-1,-1,-1,0,289610,8764,110,heuristic3,6878.81,6878.9,133103616,15509225472,15642329088,30120,34503
instances/vars_1.8/instance_144808v106_1.80r0.cnf,all,144808,260654,-1,-1,-1,0,289610,8764,110,cleanup_device,0.739258,0.734816,112132096,15530196992,15642329088,-1,-1
instances/vars_1.8/instance_144808v106_1.80r0.cnf,all,144808,260654,-1,-1,-1,0,289610,8764,110,total,16149.3,-1,112132096,15530196992,15642329088,-1,-1
instances/vars_1.8/instance_14948v27_1.80r0.cnf,all,14948,26906,-1,-1,-1,0,29896,900,77,read_instance,7.11401,-1,107937792,15534391296,15642329088,-1,-1
instances/vars_1.8/instance_14948v27_1.80r0.cnf,all,14948,26906,-1,-1,-1,0,29896,900,77,alloc_graph,0.267578,0.267968,110034944,15532294144,15642329088,-1,-1
instances/vars_1.8/instance_14948v27_1.80r0.cnf,all,14948,26906,-1,-1,-1,0,29896,900,77,scc,4.39697,4.39779,112132096,15530196992,15642329088,-1,-1
instances/vars_1.8/instance_14948v27_1.80r0.cnf,all,14948,26906,-1,-1,-1,0,29896,900,77,topo_sort,1.5061,1.50592,112132096,15530196992,15642329088,-1,-1
instances/vars_1.8/instance_14948v27_1.80r0.cnf,all,14948,26906,-1,-1,-1,0,29896,900,77,backbone,8.59155,8.59907,112132096,15530196992,15642329088,-1,-1
instances/vars_1.8/instance_14948v27_1.80r0.cnf,all,14948,26906,-1,-1,-1,0,29896,900,77,wcc,0.253906,0.253952,112132096,15530196992,15642329088,-1,-1
instances/vars_1.8/instance_14948v27_1.80r0.cnf,all,14948,26906,-1,-1,-1,0,29896,900,77,wcc_grouped,1.073,1.07315,112132096,15530196992,15642329088,-1,-1
instances/vars_1.8/instance_14948v27_1.80r0.cnf,all,14948,26906,-1,-1,-1,0,29896,900,77,heuristic1,326.875,326.88,112132096,15530196992,15642329088,3575,4023
instances/vars_1.8/instance_14948v27_1.80r0.cnf,all,14948,26906,-1,-1,-1,0,29896,900,77,heuristic2,268.868,268.871,112132096,15530196992,15642329088,3032,3480
instances/vars_1.8/instance_14948v27_1.80r0.cnf,all,14948,26906,-1,-1,-1,0,29896,900,77,heuristic3,326.002,326.007,112132096,15530196992,15642329088,3100,3548
instances/vars_1.8/instance_14948v27_1.80r0.cnf,all,14948,26906,-1,-1,-1,0,29896,900,77,cleanup_device,0.0524902,0.05136,112132096,15530196992,15642329088,-1,-1
instances/vars_1.8/instance_14948v27_1.80r0.cnf,all,14948,26906,-1,-1,-1,0,29896,900,77,total,946.549,-1,112132096,15530196992,15642329088,-1,-1
instances/vars_1.8/instance_1502v147_1.80r0.cnf,all,1502,2704,-1,-1,-1,0,2972,112,56,read_instance,0.757812,-1,107937792,15534391296,15642329088,-1,-1
instances/vars_1.8/instance_1502v147_1.80r0.cnf,all,1502,2704,-1,-1,-1,0,2972,112,56,alloc_graph,0.170654,0.157728,110034944,15532294144,15642329088,-1,-1
instances/vars_1.8/instance_1502v147_1.80r0.cnf,all,1502,2704,-1,-1,-1,0,2972,112,56,scc,4.49536,4.49574,112132096,15530196992,15642329088,-1,-1
instances/vars_1.8/instance_1502v147_1.80r0.cnf,all,1502,2704,-1,-1,-1,0,2972,112,56,topo_sort,1.12646,1.12611,112132096,15530196992,15642329088,-1,-1
instances/vars_1.8/instance_1502v147_1.80r0.cnf,all,1502,2704,-1,-1,-1,0,2972,112,56,backbone,5.31104,5.31574,112132096,15530196992,15642329088,-1,-1
instances/vars_1.8/instance_1502v147_1.80r0.cnf,all,1502,2704,-1,-1,-1,0,2972,112,56,wcc,0.229004,0.229056,112132096,15530196992,15642329088,-1,-1
instances/vars_1.8/instance_1502v147_1.80r0.cnf,all,1502,2704,-1,-1,-1,0,2972,112,56,wcc_grouped,0.431396,0.432128,112132096,15530196992,15642329088,-1,-1
instances/vars_1.8/instance_1502v147_1.80r0.cnf,all,1502,2704,-1,-1,-1,0,2972,112,56,heuristic1,31.6243,31.6245,112132096,15530196992,15642329088,358,412
instances/vars_1.8/instance_1502v147_1.80r0.cnf,all,1502,2704,-1,-1,-1,0,2972,112,56,heuristic2,23.73,23.7295,112132096,15530196992,15642329088,292,346
instances/vars_1.8/instance_1502v147_1.80r0.cnf,all,1502,2704,-1,-1,-1,0,2972,112,56,heuristic3,29.4685,29.4685,112132096,15530196992,15642329088,299,353
instances/vars_1.8/instance_1502v147_1.80r0.cnf,all,1502,2704,-1,-1,-1,0,2972,112,56,cleanup_device,0.0410156,0.040704,112132096,15530196992,15642329088,-1,-1
instances/vars_1.8/instance_1502v147_1.80r0.cnf,all,1502,2704,-1,-1,-1,0,2972,112,56,total,98.073,-1,112132096,15530196992,15642329088,-1,-1
instances/vars_1.8/instance_1511v70_1.80r0.cnf,all,1511,2720,-1,-1,-1,0,3012,88,33,read_instance,0.751465,-1,107937792,15534391296,15642329088,-1,-1
instances/vars_1.8/instance_1511v70_1.80r0.cnf,all,1511,2720,-1,-1,-1,0,3012,88,33,alloc_graph,0.194092,0.180224,110034944,15532294144,15642329088,-1,-1
instances/vars_1.8/instance_1511v70_1.80r0.cnf,all,1511,2720,-1,-1,-1,0,3012,88,33,scc,4.30371,4.30474,112132096,15530196992,15642329088,-1,-1
instances/vars_1.8/instance_1511v70_1.80r0.cnf,all,1511,2720,-1,-1,-1,0,3012,88,33,topo_sort,0.6875,0.687232,112132096,15530196992,15642329088,-1,-1
instances/vars_1.8/instance_1511v70_1.80r0.cnf,all,1511,2720,-1,-1,-1,0,3012,88,33,backbone,5.40405,5.41066,112132096,15530196992,15642329088,-1,-1
instances/vars_1.8/instance_1511v70_1.80r0.cnf,all,1511,2720,-1,-1,-1,0,3012,88,33,wcc,0.222412,0.222848,112132096,15530196992,15642329088,-1,-1
instances/vars_1.8/instance_1511v70_1.80r0.cnf,all,1511,2720,-1,-1,-1,0,3012,88,33,wcc_grouped,0.361816,0.361184,112132096,15530196992,15642329088,-1,-1
instances/vars_1.8/instance_1511v70_1.80r0.cnf,all,1511,2720,-1,-1,-1,0,3012,88,33,heuristic1,31.7944,31.7949,112132096,15530196992,15642329088,358,400
instances/vars_1.8/instance_1511v70_1.80r0.cnf,all,1511,2720,-1,-1,-1,0,3012,88,33,heuristic2,26.8542,26.8532,112132096,15530196992,15642329088,319,361
instances/vars_1.8/instance_1511v70_1.80r0.cnf,all,1511,2720,-1,-1,-1,0,3012,88,33,heuristic3,30.9243,30.9241,112132096,15530196992,15642329088,303,345
instances/vars_1.8/instance_1511v70_1.80r0.cnf,all,1511,2720,-1,-1,-1,0,3012,88,33,cleanup_device,0.0422363,0.041696,112132096,15530196992,15642329088,-1,-1
instances/vars_1.8/instance_1511v70_1.80r0.cnf,all,1511,2720,-1,-1,-1,0,3012,88,33,total,102.169,-1,112132096,15530196992,15642329088,-1,-1
instances/vars_1.8/instance_153056v82_1.80r0.cnf,all,153056,275501,-1,-1,-1,0,306112,9116,129,read_instance,80.5845,-1,107937792,15534391296,15642329088,-1,-1
instances/vars_1.8/instance_153056v82_1.80r0.cnf,all,153056,275501,-1,-1,-1,0,306112,9116,129,alloc_graph,1.15527,1.20877,114229248,15528099840,15642329088,-1,-1
instances/vars_1.8/instance_153056v82_1.80r0.cnf,all,153056,275501,-1,-1,-1,0,306112,9116,129,scc,8.10571,8.09904,124715008,15517614080,15642329088,-1,-1
instances/vars_1.8/instance_153056v82_1.80r0.cnf,all,153056,275501,-1,-1,-1,0,306112,9116,129,topo_sort,2.84888,2.8488,126812160,15515516928,15642329088,-1,-1
instances/vars_1.8/instance_153056v82_1.80r0.cnf,all,153056,275501,-1,-1,-1,0,306112,9116,129,backbone,387.671,387.691,128909312,15513419776,15642329088,-1,-1
instances/vars_1.8/instance_153056v82_1.80r0.cnf,all,153056,275501,-1,-1,-1,0,306112,9116,129,wcc,0.89917,0.899104,131006464,15511322624,15642329088,-1,-1
instances/vars_1.8/instance_153056v82_1.80r0.cnf,all,153056,275501,-1,-1,-1,0,306112,9116,129,wcc_grouped,4.1958,4.19757,135200768,15507128320,15642329088,-1,-1
instances/vars_1.8/instance_153056v82_1.80r0.cnf,all,153056,275501,-1,-1,-1,0,306112,9116,129,heuristic1,5352.77,5352.85,137297920,15505031168,15642329088,37079,41647
instances/vars_1.8/instance_153056v82_1.80r0.cnf,all,153056,275501,-1,-1,-1,0,306112,9116,129,heuristic2,4250.42,4250.48,137297920,15505031168,15642329088,31429,35991
instances/vars_1.8/instance_153056v82_1.80r0.cnf,all,153056,275501,-1,-1,-1,0,306112,9116,129,heuristic3,7770.8,7770.9,137297920,15505031168,15642329088,32036,36593
instances/vars_1.8/instance_153056v82_1.80r0.cnf,all,153056,275501,-1,-1,-1,0,306112,9116,129,cleanup_device,0.854004,0.851968,112132096,15530196992,15642329088,-1,-1
instances/vars_1.8/instance_153056v82_1.80r0.cnf,all,153056,275501,-1,-1,-1,0,306112,9116,129,total,17869.7,-1,112132096,15530196992,15642329088,-1,-1
instances/vars_1.8/instance_1533v194_1.80r0.cnf,all,1533,2759,-1,-1,-1,0,3052,140,33,read_instance,0.892822,-1,107937792,15534391296,15642329088,-1,-1
instances/vars_1.8/instance_1533v194_1.80r0.cnf,all,1533,2759,-1,-1,-1,0,3052,140,33,alloc_graph,0.190918,0.177184,110034944,15532294144,15642329088,-1,-1
instances/vars_1.8/instance_1533v194_1.80r0.cnf,all,1533,2759,-1,-1,-1,0,3052,140,33,scc,4.36157,4.36243,112132096,15530196992,15642329088,-1,-1
instances/vars_1.8/instance_1533v194_1.80r0.cnf,all,1533,2759,-1,-1,-1,0,3052,140,33,topo_sort,0.694336,0.69456,112132096,15530196992,15642329088,-1,-1
instances/vars_1.8/instance_1533v194_1.80r0.cnf,all,1533,2759,-1,-1,-1,0,3052,140,33,backbone,5.39966,5.4047,112132096,15530196992,15642329088,-1,-1
instances/vars_1.8/instance_1533v194_1.80r0.cnf,all,1533,2759,-1,-1,-1,0,3052,140,33,wcc,0.221924,0.222688,112132096,15530196992,15642329088,-1,-1
instances/vars_1.8/instance_1533v194_1.80r0.cnf,all,1533,2759,-1,-1,-1,0,3052,140,33,wcc_grouped,0.347412,0.34768,112132096,15530196992,15642329088,-1,-1
instances/vars_1.8/instance_1533v194_1.80r0.cnf,all,1533,2759,-1,-1,-1,0,3052,140,33,heuristic1,31.4141,31.4146,112132096,15530196992,15642329088,354,423
instances/vars_1.8/instance_1533v194_1.80r0.cnf,all,1533,2759,-1,-1,-1,0,3052,140,33,heuristic2,27.261,27.261,112132096,15530196992,15642329088,324,394
instances/vars_1.8/instance_1533v194_1.80r0.cnf,all,1533,2759,-1,-1,-1,0,3052,140,33,heuristic3,30.0708,30.0699,112132096,15530196992,15642329088,305,374
instances/vars_1.8/instance_1533v194_1.80r0.cnf,all,1533,2759,-1,-1,-1,0,3052,140,33,cleanup_device,0.0466309,0.046304,112132096,15530196992,15642329088,-1,-1
instances/vars_1.8/instance_1533v194_1.80r0.cnf,all,1533,2759,-1,-1,-1,0,3052,140,33,total,101.531,-1,112132096,15530196992,15642329088,-1,-1
instances/vars_1.8/instance_15578v129_1.80r0.cnf,all,15578,28040,-1,-1,-1,0,31126,1046,81,read_instance,8.198,-1,107937792,15534391296,15642329088,-1,-1
instances/vars_1.8/instance_15578v129_1.80r0.cnf,all,15578,28040,-1,-1,-1,0,31126,1046,81,alloc_graph,0.255615,0.259168,110034944,15532294144,15642329088,-1,-1
instances/vars_1.8/instance_15578v129_1.80r0.cnf,all,15578,28040,-1,-1,-1,0,31126,1046,81,scc,4.82715,4.82851,112132096,15530196992,15642329088,-1,-1
instances/vars_1.8/instance_15578v129_1.80r0.cnf,all,15578,28040,-1,-1,-1,0,31126,1046,81,topo_sort,1.63281,1.63235,112132096,15530196992,15642329088,-1,-1
instances/vars_1.8/instance_15578v129_1.80r0.cnf,all,15578,28040,-1,-1,-1,0,31126,1046,81,backbone,9.58496,9.59174,112132096,15530196992,15642329088,-1,-1
instances/vars_1.8/instance_15578v129_1.80r0.cnf,all,15578,28040,-1,-1,-1,0,31126,1046,81,wcc,0.265869,0.26624,112132096,15530196992,15642329088,-1,-1
instances/vars_1.8/instance_15578v129_1.80r0.cnf,all,15578,28040,-1,-1,-1,0,31126,1046,81,wcc_grouped,1.06421,1.06496,112132096,15530196992,15642329088,-1,-1
instances/vars_1.8/instance_15578v129_1.80r0.cnf,all,15578,28040,-1,-1,-1,0,31126,1046,81,heuristic1,347.106,347.112,112132096,15530196992,15642329088,3738,4259
instances/vars_1.8/instance_15578v129_1.80r0.cnf,all,15578,28040,-1,-1,-1,0,31126,1046,81,heuristic2,272.068,272.07,112132096,15530196992,15642329088,3121,3643
instances/vars_1.8/instance_15578v129_1.80r0.cnf,all,15578,28040,-1,-1,-1,0,31126,1046,81,heuristic3,336.229,336.234,112132096,15530196992,15642329088,3112,3633
instances/vars_1.8/instance_15578v129_1.80r0.cnf,all,15578,28040,-1,-1,-1,0,31126,1046,81,cleanup_device,0.0524902,0.051968,112132096,15530196992,15642329088,-1,-1
instances/vars_1.8/instance_15578v129_1.80r0.cnf,all,15578,28040,-1,-1,-1,0,31126,1046,81,total,982.785,-1,112132096,15530196992,15642329088,-1,-1
instances/vars_1.8/instance_157973v164_1.80r0.cnf,all,157973,284351,-1,-1,-1,0,315940,9146,109,read_instance,85.7888,-1,107937792,15534391296,15642329088,-1,-1
instances/vars_1.8/instance_157973v164_1.80r0.cnf,all,157973,284351,-1,-1,-1,0,315940,9146,109,alloc_graph,1.17188,1.21869,114229248,15528099840,15642329088,-1,-1
instances/vars_1.8/instance_157973v164_1.80r0.cnf,all,157973,284351,-1,-1,-1,0,315940,9146,109,scc,8.21899,8.22064,124715008,15517614080,15642329088,-1,-1
instances/vars_1.8/instance_157973v164_1.80r0.cnf,all,157973,284351,-1,-1,-1,0,315940,9146,109,topo_sort,2.59985,2.60109,126812160,15515516928,15642329088,-1,-1
instances/vars_1.8/instance_157973v164_1.80r0.cnf,all,157973,284351,-1,-1,-1,0,315940,9146,109,backbone,418.688,418.717,128909312,15513419776,15642329088,-1,-1
instances/vars_1.8/instance_157973v164_1.80r0.cnf,all,157973,284351,-1,-1,-1,0,315940,9146,109,wcc,1.01978,1.0192,131006464,15511322624,15642329088,-1,-1
instances/vars_1.8/instance_157973v164_1.80r0.cnf,all,157973,284351,-1,-1,-1,0,315940,9146,109,wcc_grouped,3.99219,3.99421,135200768,15507128320,15642329088,-1,-1
instances/vars_1.8/instance_157973v164_1.80r0.cnf,all,157973,284351,-1,-1,-1,0,315940,9146,109,heuristic1,5589.28,5589.35,137297920,15505031168,15642329088,38298,42881
instances/vars_1.8/instance_157973v164_1.80r0.cnf,all,157973,284351,-1,-1,-1,0,315940,9146,109,heuristic2,4442.3,4442.36,137297920,15505031168,15642329088,32533,37109
instances/vars_1.8/instance_157973v164_1.80r0.cnf,all,157973,284351,-1,-1,-1,0,315940,9146,109,heuristic3,8237.06,8237.17,137297920,15505031168,15642329088,33245,37818
instances/vars_1.8/instance_157973v164_1.80r0.cnf,all,157973,284351,-1,-1,-1,0,315940,9146,109,cleanup_device,0.862549,0.858016,112132096,15530196992,15642329088,-1,-1
instances/vars_1.8/instance_157973v164_1.80r0.cnf,all,157973,284351,-1,-1,-1,0,315940,9146,109,total,18800.4,-1,112132096,15530196992,15642329088,-1,-1
instances/vars_1.8/instance_16211v58_1.80r0.cnf,all,16211,29180,-1,-1,-1,0,32418,1032,80,read_instance,8.23975,-1,107937792,15534391296,15642329088,-1,-1
instances/vars_1.8/instance_16211v58_1.80r0.cnf,all,16211,29180,-1,-1,-1,0,32418,1032,80,alloc_graph,0.291992,0.29264,110034944,15532294144,15642329088,-1,-1
instances/vars_1.8/instance_16211v58_1.80r0.cnf,all,16211,29180,-1,-1,-1,0,32418,1032,80,scc,4.91724,4.91904,112132096,15530196992,15642329088,-1,-1
instances/vars_1.8/instance_16211v58_1.80r0.cnf,all,16211,29180,-1,-1,-1,0,32418,1032,80,topo_sort,1.61401,1.61376,112132096,15530196992,15642329088,-1,-1
instances/vars_1.8/instance_16211v58_1.80r0.cnf,all,16211,29180,-1,-1,-1,0,32418,1032,80,backbone,9.63965,9.64899,112132096,15530196992,15642329088,-1,-1
instances/vars_1.8/instance_16211v58_1.80r0.cnf,all,16211,29180,-1,-1,-1,0,32418,1032,80,wcc,0.278564,0.278496,112132096,15530196992,15642329088,-1,-1
instances/vars_1.8/instance_16211v58_1.80r0.cnf,all,16211,29180,-1,-1,-1,0,32418,1032,80,wcc_grouped,1.07495,1.07654,112132096,15530196992,15642329088,-1,-1
instances/vars_1.8/instance_16211v58_1.80r0.cnf,all,16211,29180,-1,-1,-1,0,32418,1032,80,heuristic1,360.527,360.532,112132096,15530196992,15642329088,3889,4404
instances/vars_1.8/instance_16211v58_1.80r0.cnf,all,16211,29180,-1,-1,-1,0,32418,1032,80,heuristic2,290.936,290.94,112132096,15530196992,15642329088,3287,3802
instances/vars_1.8/instance_16211v58_1.80r0.cnf,all,16211,29180,-1,-1,-1,0,32418,1032,80,heuristic3,352.94,352.946,112132096,15530196992,15642329088,3319,3833
instances/vars_1.8/instance_16211v58_1.80r0.cnf,all,16211,29180,-1,-1,-1,0,32418,1032,80,cleanup_device,0.0527344,0.051936,112132096,15530196992,15642329088,-1,-1
instances/vars_1.8/instance_16211v58_1.80r0.cnf,all,16211,29180,-1,-1,-1,0,32418,1032,80,total,1032.12,-1,112132096,15530196992,15642329088,-1,-1
instances/vars_1.8/instance_16245v93_1.80r0.cnf,all,16245,29241,-1,-1,-1,0,32490,922,46,read_instance,8.42969,-1,107937792,15534391296,15642329088,-1,-1
instances/vars_1.8/instance_16245v93_1.80r0.cnf,all,16245,29241,-1,-1,-1,0,32490,922,46,alloc_graph,0.314453,0.312512,110034944,15532294144,15642329088,-1,-1
instances/vars_1.8/instance_16245v93_1.80r0.cnf,all,16245,29241,-1,-1,-1,0,32490,922,46,scc,4.41138,4.41258,112132096,15530196992,15642329088,-1,-1
instances/vars_1.8/instance_16245v93_1.80r0.cnf,all,16245,29241,-1,-1,-1,0,32490,922,46,topo_sort,0.957031,0.957248,112132096,15530196992,15642329088,-1,-1
instances/vars_1.8/instance_16245v93_1.80r0.cnf,all,16245,29241,-1,-1,-1,0,32490,922,46,backbone,9.06616,9.07274,112132096,15530196992,15642329088,-1,-1
instances/vars_1.8/instance_16245v93_1.80r0.cnf,all,16245,29241,-1,-1,-1,0,32490,922,46,wcc,0.342773,0.343392,112132096,15530196992,15642329088,-1,-1
instances/vars_1.8/instance_16245v93_1.80r0.cnf,all,16245,29241,-1,-1,-1,0,32490,922,46,wcc_grouped,1.03687,1.03696,112132096,15530196992,15642329088,-1,-1
instances/vars_1.8/instance_16245v93_1.80r0.cnf,all,16245,29241,-1,-1,-1,0,32490,922,46,heuristic1,363.478,363.484,112132096,15530196992,15642329088,3955,4414
instances/vars_1.8/instance_16245v93_1.80r0.cnf,all,16245,29241,-1,-1,-1,0,32490,922,46,heuristic2,287.026,287.029,112132096,15530196992,15642329088,3357,3817
instances/vars_1.8/instance_16245v93_1.80r0.cnf,all,16245,29241,-1,-1,-1,0,32490,922,46,heuristic3,347.947,347.952,112132096,15530196992,15642329088,3440,3899
instances/vars_1.8/instance_16245v93_1.80r0.cnf,all,16245,29241,-1,-1,-1,0,32490,922,46,cleanup_device,0.0661621,0.065504,112132096,15530196992,15642329088,-1,-1
instances/vars_1.8/instance_16245v93_1.80r0.cnf,all,16245,29241,-1,-1,-1,0,32490,922,46,total,1024.67,-1,112132096,15530196992,15642329088,-1,-1
instances/vars_1.8/instance_16248v36_1.80r0.cnf,all,16248,29246,-1,-1,-1,0,32494,1002,66,read_instance,8.04199,-1,107937792,15534391296,15642329088,-1,-1
instances/vars_1.8/instance_16248v36_1.80r0.cnf,all,16248,29246,-1,-1,-1,0,32494,1002,66,alloc_graph,0.283447,0.280864,110034944,15532294144,15642329088,-1,-1
instances/vars_1.8/instance_16248v36_1.80r0.cnf,all,16248,29246,-1,-1,-1,0,32494,1002,66,scc,4.271,4.2712,112132096,15530196992,15642329088,-1,-1
instances/vars_1.8/instance_16248v36_1.80r0.cnf,all,16248,29246,-1,-1,-1,0,32494,1002,66,topo_sort,1.27441,1.2736,112132096,15530196992,15642329088,-1,-1
instances/vars_1.8/instance_16248v36_1.80r0.cnf,all,16248,29246,-1,-1,-1,0,32494,1002,66,backbone,9.04175,9.04838,112132096,15530196992,15642329088,-1,-1
instances/vars_1.8/instance_16248v36_1.80r0.cnf,all,16248,29246,-1,-1,-1,0,32494,1002,66,wcc,0.27832,0.278528,112132096,15530196992,15642329088,-1,-1
instances/vars_1.8/instance_16248v36_1.80r0.cnf,all,16248,29246,-1,-1,-1,0,32494,1002,66,wcc_grouped,1.05298,1.05373,112132096,15530196992,15642329088,-1,-1
instances/vars_1.8/instance_16248v36_1.80r0.cnf,all,16248,29246,-1,-1,-1,0,32494,1002,66,heuristic1,362.177,362.183,112132096,15530196992,15642329088,3935,4436
instances/vars_1.8/instance_16248v36_1.80r0.cnf,all,16248,29246,-1,-1,-1,0,32494,1002,66,heuristic2,290.336,290.339,112132096,15530196992,15642329088,3367,3869
instances/vars_1.8/instance_16248v36_1.80r0.cnf,all,16248,29246,-1,-1,-1,0,32494,1002,66,heuristic3,346.312,346.316,112132096,15530196992,15642329088,3389,3889
instances/vars_1.8/instance_16248v36_1.80r0.cnf,all,16248,29246,-1,-1,-1,0,32494,1002,66,cleanup_device,0.0651855,0.064864,112132096,15530196992,15642329088,-1,-1
instances/vars_1.8/instance_16248v36_1.80r0.cnf,all,16248,29246,-1,-1,-1,0,32494,1002,66,total,1024.77,-1,112132096,15530196992,15642329088,-1,-1
instances/vars_1.8/instance_166467v35_1.80r0.cnf,all,166467,299641,-1,-1,-1,0,332934,9594,100,read_instance,94.2671,-1,107937792,15534391296,15642329088,-1,-1
instances/vars_1.8/instance_166467v35_1.80r0.cnf,all,166467,299641,-1,-1,-1,0,332934,9594,100,alloc_graph,1.30273,1.32666,114229248,15528099840,15642329088,-1,-1
instances/vars_1.8/instance_166467v35_1.80r0.cnf,all,166467,299641,-1,-1,-1,0,332934,9594,100,scc,9.13623,9.13792,124715008,15517614080,15642329088,-1,-1
instances/vars_1.8/instance_166467v35_1.80r0.cnf,all,166467,299641,-1,-1,-1,0,332934,9594,100,topo_sort,2.44434,2.44531,126812160,15515516928,15642329088,-1,-1
instances/vars_1.8/instance_166467v35_1.80r0.cnf,all,166467,299641,-1,-1,-1,0,332934,9594,100,backbone,458.573,458.598,128909312,15513419776,15642329088,-1,-1
instances/vars_1.8/instance_166467v35_1.80r0.cnf,all,166467,299641,-1,-1,-1,0,332934,9594,100,wcc,0.9729,0.97168,131006464,15511322624,15642329088,-1,-1
instances/vars_1.8/instance_166467v35_1.80r0.cnf,all,166467,299641,-1,-1,-1,0,332934,9594,100,wcc_grouped,4.09937,4.1001,135200768,15507128320,15642329088,-1,-1
instances/vars_1.8/instance_166467v35_1.80r0.cnf,all,166467,299641,-1,-1,-1,0,332934,9594,100,heuristic1,6056.17,6056.25,137297920,15505031168,15642329088,39988,44792
instances/vars_1.8/instance_166467v35_1.80r0.cnf,all,166467,299641,-1,-1,-1,0,332934,9594,100,heuristic2,4818.26,4818.31,137297920,15505031168,15642329088,34178,38981
instances/vars_1.8/instance_166467v35_1.80r0.cnf,all,166467,299641,-1,-1,-1,0,332934,9594,100,heuristic3,8958.03,8958.14,137297920,15505031168,15642329088,34732,39529
instances/vars_1.8/instance_166467v35_1.80r0.cnf,all,166467,299641,-1,-1,-1,0,332934,9594,100,cleanup_device,0.847656,0.844544,112132096,15530196992,15642329088,-1,-1
instances/vars_1.8/instance_166467v35_1.80r0.cnf,all,166467,299641,-1,-1,-1,0,332934,9594,100,total,20413.8,-1,112132096,15530196992,15642329088,-1,-1
instances/vars_1.8/instance_1676v60_1.80r0.cnf,all,1676,3017,-1,-1,-1,0,3326,178,63,read_instance,0.880127,-1,107937792,15534391296,15642329088,-1,-1
instances/vars_1.8/instance_1676v60_1.80r0.cnf,all,1676,3017,-1,-1,-1,0,3326,178,63,alloc_graph,0.169922,0.157888,110034944,15532294144,15642329088,-1,-1
instances/vars_1.8/instance_1676v60_1.80r0.cnf,all,1676,3017,-1,-1,-1,0,3326,178,63,scc,4.54907,4.5488,112132096,15530196992,15642329088,-1,-1
instances/vars_1.8/instance_1676v60_1.80r0.cnf,all,1676,3017,-1,-1,-1,0,3326,178,63,topo_sort,1.25806,1.25722,112132096,15530196992,15642329088,-1,-1
instances/vars_1.8/instance_1676v60_1.80r0.cnf,all,1676,3017,-1,-1,-1,0,3326,178,63,backbone,5.42749,5.43107,112132096,15530196992,15642329088,-1,-1
instances/vars_1.8/instance_1676v60_1.80r0.cnf,all,1676,3017,-1,-1,-1,0,3326,178,63,wcc,0.222656,0.221792,112132096,15530196992,15642329088,-1,-1
instances/vars_1.8/instance_1676v60_1.80r0.cnf,all,1676,3017,-1,-1,-1,0,3326,178,63,wcc_grouped,0.385254,0.386368,112132096,15530196992,15642329088,-1,-1
instances/vars_1.8/instance_1676v60_1.80r0.cnf,all,1676,3017,-1,-1,-1,0,3326,178,63,heuristic1,31.189,31.1879,112132096,15530196992,15642329088,352,439
instances/vars_1.8/instance_1676v60_1.80r0.cnf,all,1676,3017,-1,-1,-1,0,3326,178,63,heuristic2,26.4795,26.4789,112132096,15530196992,15642329088,314,401
instances/vars_1.8/instance_1676v60_1.80r0.cnf,all,1676,3017,-1,-1,-1,0,3326,178,63,heuristic3,33.1685,33.1684,112132096,15530196992,15642329088,323,410
instances/vars_1.8/instance_1676v60_1.80r0.cnf,all,1676,3017,-1,-1,-1,0,3326,178,63,cleanup_device,0.050293,0.049568,112132096,15530196992,15642329088,-1,-1
instances/vars_1.8/instance_1676v60_1.80r0.cnf,all,1676,3017,-1,-1,-1,0,3326,178,63,total,104.426,-1,112132096,15530196992,15642329088,-1,-1
instances/vars_1.8/instance_1694v45_1.80r0.cnf,all,1694,3049,-1,-1,-1,0,3386,124,54,read_instance,0.925049,-1,107937792,15534391296,15642329088,-1,-1
instances/vars_1.8/instance_1694v45_1.80r0.cnf,all,1694,3049,-1,-1,-1,0,3386,124,54,alloc_graph,0.179443,0.162816,110034944,15532294144,15642329088,-1,-1
instances/vars_1.8/instance_1694v45_1.80r0.cnf,all,1694,3049,-1,-1,-1,0,3386,124,54,scc,4.29346,4.29395,112132096,15530196992,15642329088,-1,-1
instances/vars_1.8/instance_1694v45_1.80r0.cnf,all,1694,3049,-1,-1,-1,0,3386,124,54,topo_sort,1.08911,1.08874,112132096,15530196992,15642329088,-1,-1
instances/vars_1.8/instance_1694v45_1.80r0.cnf,all,1694,3049,-1,-1,-1,0,3386,124,54,backbone,5.09546,5.10128,112132096,15530196992,15642329088,-1,-1
instances/vars_1.8/instance_1694v45_1.80r0.cnf,all,1694,3049,-1,-1,-1,0,3386,124,54,wcc,0.218262,0.218912,112132096,15530196992,15642329088,-1,-1
instances/vars_1.8/instance_1694v45_1.80r0.cnf,all,1694,3049,-1,-1,-1,0,3386,124,54,wcc_grouped,0.370117,0.370688,112132096,15530196992,15642329088,-1,-1
instances/vars_1.8/instance_1694v45_1.80r0.cnf,all,1694,3049,-1,-1,-1,0,3386,124,54,heuristic1,33.9409,33.9408,112132096,15530196992,15642329088,383,443
instances/vars_1.8/instance_1694v45_1.80r0.cnf,all,1694,3049,-1,-1,-1,0,3386,124,54,heuristic2,28.2854,28.2844,112132096,15530196992,15642329088,340,400
instances/vars_1.8/instance_1694v45_1.80r0.cnf,all,1694,3049,-1,-1,-1,0,3386,124,54,heuristic3,33.6685,33.6684,112132096,15530196992,15642329088,338,398
instances/vars_1.8/instance_1694v45_1.80r0.cnf,all,1694,3049,-1,-1,-1,0,3386,124,54,cleanup_device,0.0415039,0.041184,112132096,15530196992,15642329088,-1,-1
instances/vars_1.8/instance_1694v45_1.80r0.cnf,all,1694,3049,-1,-1,-1,0,3386,124,54,total,108.749,-1,112132096,15530196992,15642329088,-1,-1
instances/vars_1.8/instance_17332v37_1.80r0.cnf,all,17332,31198,-1,-1,-1,0,34656,976,60,read_instance,8.98682,-1,107937792,15534391296,15642329088,-1,-1
instances/vars_1.8/instance_17332v37_1.80r0.cnf,all,17332,31198,-1,-1,-1,0,34656,976,60,alloc_graph,0.29126,0.2936,110034944,15532294144,15642329088,-1,-1
instances/vars_1.8/instance_17332v37_1.80r0.cnf,all,17332,31198,-1,-1,-1,0,34656,976,60,scc,4.29541,4.29648,112132096,15530196992,15642329088,-1,-1
instances/vars_1.8/instance_17332v37_1.80r0.cnf,all,17332,31198,-1,-1,-1,0,34656,976,60,topo_sort,1.23145,1.23126,112132096,15530196992,15642329088,-1,-1
instances/vars_1.8/instance_17332v37_1.80r0.cnf,all,17332,31198,-1,-1,-1,0,34656,976,60,backbone,9.698,9.704,112132096,15530196992,15642329088,-1,-1
instances/vars_1.8/instance_17332v37_1.80r0.cnf,all,17332,31198,-1,-1,-1,0,34656,976,60,wcc,0.279785,0.2792,112132096,15530196992,15642329088,-1,-1
instances/vars_1.8/instance_17332v37_1.80r0.cnf,all,17332,31198,-1,-1,-1,0,34656,976,60,wcc_grouped,1.07471,1.0752,112132096,15530196992,15642329088,-1,-1
instances/vars_1.8/instance_17332v37_1.80r0.cnf,all,17332,31198,-1,-1,-1,0,34656,976,60,heuristic1,389.656,389.668,112132096,15530196992,15642329088,4140,4627
instances/vars_1.8/instance_17332v37_1.80r0.cnf,all,17332,31198,-1,-1,-1,0,34656,976,60,heuristic2,313.127,313.132,112132096,15530196992,15642329088,3566,4052
instances/vars_1.8/instance_17332v37_1.80r0.cnf,all,17332,31198,-1,-1,-1,0,34656,976,60,heuristic3,384.543,384.553,112132096,15530196992,15642329088,3664,4150
instances/vars_1.8/instance_17332v37_1.80r0.cnf,all,17332,31198,-1,-1,-1,0,34656,976,60,cleanup_device,0.0483398,0.047296,112132096,15530196992,15642329088,-1,-1
instances/vars_1.8/instance_17332v37_1.80r0.cnf,all,17332,31198,-1,-1,-1,0,34656,976,60,total,1114.79,-1,112132096,15530196992,15642329088,-1,-1
instances/vars_1.8/instance_175691v26_1.80r0.cnf,all,175691,316244,-1,-1,-1,0,351364,10084,81,read_instance,97.7207,-1,107937792,15534391296,15642329088,-1,-1
instances/vars_1.8/instance_175691v26_1.80r0.cnf,all,175691,316244,-1,-1,-1,0,351364,10084,81,alloc_graph,1.27417,1.29213,114229248,15528099840,15642329088,-1,-1
instances/vars_1.8/instance_175691v26_1.80r0.cnf,all,175691,316244,-1,-1,-1,0,351364,10084,81,scc,8.86719,8.86906,124715008,15517614080,15642329088,-1,-1
instances/vars_1.8/instance_175691v26_1.80r0.cnf,all,175691,316244,-1,-1,-1,0,351364,10084,81,topo_sort,2.29736,2.29917,126812160,15515516928,15642329088,-1,-1
instances/vars_1.8/instance_175691v26_1.80r0.cnf,all,175691,316244,-1,-1,-1,0,351364,10084,81,backbone,509.711,509.732,128909312,15513419776,15642329088,-1,-1
instances/vars_1.8/instance_175691v26_1.80r0.cnf,all,175691,316244,-1,-1,-1,0,351364,10084,81,wcc,1.87915,1.87978,131006464,15511322624,15642329088,-1,-1
instances/vars_1.8/instance_175691v26_1.80r0.cnf,all,175691,316244,-1,-1,-1,0,351364,10084,81,wcc_grouped,4.27588,4.27814,135200768,15507128320,15642329088,-1,-1
instances/vars_1.8/instance_175691v26_1.80r0.cnf,all,175691,316244,-1,-1,-1,0,351364,10084,81,heuristic1,6564.18,6564.27,137297920,15505031168,15642329088,42637,47687
instances/vars_1.8/instance_175691v26_1.80r0.cnf,all,175691,316244,-1,-1,-1,0,351364,10084,81,heuristic2,5200.96,5201.03,137297920,15505031168,15642329088,36121,41163
instances/vars_1.8/instance_175691v26_1.80r0.cnf,all,175691,316244,-1,-1,-1,0,351364,10084,81,heuristic3,9844.01,9844.15,137297920,15505031168,15642329088,36786,41826
instances/vars_1.8/instance_175691v26_1.80r0.cnf,all,175691,316244,-1,-1,-1,0,351364,10084,81,cleanup_device,0.933105,0.933728,112132096,15530196992,15642329088,-1,-1
instances/vars_1.8/instance_175691v26_1.80r0.cnf,all,175691,316244,-1,-1,-1,0,351364,10084,81,total,22246.4,-1,112132096,15530196992,15642329088,-1,-1
instances/vars_1.8/instance_1761v68_1.80r0.cnf,all,1761,3170,-1,-1,-1,0,3516,112,40,read_instance,0.860107,-1,107937792,15534391296,15642329088,-1,-1
instances/vars_1.8/instance_1761v68_1.80r0.cnf,all,1761,3170,-1,-1,-1,0,3516,112,40,alloc_graph,0.1875,0.168992,110034944,15532294144,15642329088,-1,-1
instances/vars_1.8/instance_1761v68_1.80r0.cnf,all,1761,3170,-1,-1,-1,0,3516,112,40,scc,4.05811,4.05914,112132096,15530196992,15642329088,-1,-1
instances/vars_1.8/instance_1761v68_1.80r0.cnf,all,1761,3170,-1,-1,-1,0,3516,112,40,topo_sort,0.840332,0.83968,112132096,15530196992,15642329088,-1,-1
instances/vars_1.8/instance_1761v68_1.80r0.cnf,all,1761,3170,-1,-1,-1,0,3516,112,40,backbone,5.15161,5.15699,112132096,15530196992,15642329088,-1,-1
instances/vars_1.8/instance_1761v68_1.80r0.cnf,all,1761,3170,-1,-1,-1,0,3516,112,40,wcc,0.222168,0.222432,112132096,15530196992,15642329088,-1,-1
instances/vars_1.8/instance_1761v68_1.80r0.cnf,all,1761,3170,-1,-1,-1,0,3516,112,40,wcc_grouped,0.348389,0.34816,112132096,15530196992,15642329088,-1,-1
instances/vars_1.8/instance_1761v68_1.80r0.cnf,all,1761,3170,-1,-1,-1,0,3516,112,40,heuristic1,35.2637,35.2652,112132096,15530196992,15642329088,405,459
instances/vars_1.8/instance_1761v68_1.80r0.cnf,all,1761,3170,-1,-1,-1,0,3516,112,40,heuristic2,29.1106,29.1104,112132096,15530196992,15642329088,351,405
instances/vars_1.8/instance_1761v68_1.80r0.cnf,all,1761,3170,-1,-1,-1,0,3516,112,40,heuristic3,35.1646,35.1646,112132096,15530196992,15642329088,353,407
instances/vars_1.8/instance_1761v68_1.80r0.cnf,all,1761,3170,-1,-1,-1,0,3516,112,40,cleanup_device,0.0471191,0.046752,112132096,15530196992,15642329088,-1,-1
instances/vars_1.8/instance_1761v68_1.80r0.cnf,all,1761,3170,-1,-1,-1,0,3516,112,40,total,111.973,-1,112132096,15530196992,15642329088,-1,-1
instances/vars_1.8/instance_1812v125_1.80r0.cnf,all,1812,3262,-1,-1,-1,0,3616,122,41,read_instance,0.994873,-1,107937792,15534391296,15642329088,-1,-1
instances/vars_1.8/instance_1812v125_1.80r0.cnf,all,1812,3262,-1,-1,-1,0,3616,122,41,alloc_graph,0.200684,0.182304,110034944,15532294144,15642329088,-1,-1
instances/vars_1.8/instance_1812v125_1.80r0.cnf,all,1812,3262,-1,-1,-1,0,3616,122,41,scc,4.6875,4.68845,112132096,15530196992,15642329088,-1,-1
instances/vars_1.8/instance_1812v125_1.80r0.cnf,all,1812,3262,-1,-1,-1,0,3616,122,41,topo_sort,0.836426,0.834624,112132096,15530196992,15642329088,-1,-1
instances/vars_1.8/instance_1812v125_1.80r0.cnf,all,1812,3262,-1,-1,-1,0,3616,122,41,backbone,5.81152,5.81731,112132096,15530196992,15642329088,-1,-1
instances/vars_1.8/instance_1812v125_1.80r0.cnf,all,1812,3262,-1,-1,-1,0,3616,122,41,wcc,0.224609,0.223424,112132096,15530196992,15642329088,-1,-1
instances/vars_1.8/instance_1812v125_1.80r0.cnf,all,1812,3262,-1,-1,-1,0,3616,122,41,wcc_grouped,0.391113,0.391168,112132096,15530196992,15642329088,-1,-1
instances/vars_1.8/instance_1812v125_1.80r0.cnf,all,1812,3262,-1,-1,-1,0,3616,122,41,heuristic1,40.262,40.264,112132096,15530196992,15642329088,440,499
instances/vars_1.8/instance_1812v125_1.80r0.cnf,all,1812,3262,-1,-1,-1,0,3616,122,41,heuristic2,31.519,31.5199,112132096,15530196992,15642329088,375,434
instances/vars_1.8/instance_1812v125_1.80r0.cnf,all,1812,3262,-1,-1,-1,0,3616,122,41,heuristic3,35.3835,35.3841,112132096,15530196992,15642329088,356,415
instances/vars_1.8/instance_1812v125_1.80r0.cnf,all,1812,3262,-1,-1,-1,0,3616,122,41,cleanup_device,0.0419922,0.041504,112132096,15530196992,15642329088,-1,-1
instances/vars_1.8/instance_1812v125_1.80r0.cnf,all,1812,3262,-1,-1,-1,0,3616,122,41,total,121.139,-1,112132096,15530196992,15642329088,-1,-1
instances/vars_1.8/instance_18688v183_1.80r0.cnf,all,18688,33638,-1,-1,-1,0,37376,1182,71,read_instance,9.45532,-1,107937792,15534391296,15642329088,-1,-1
instances/vars_1.8/instance_18688v183_1.80r0.cnf,all,18688,33638,-1,-1,-1,0,37376,1182,71,alloc_graph,0.281006,0.286016,110034944,15532294144,15642329088,-1,-1
instances/vars_1.8/instance_18688v183_1.80r0.cnf,all,18688,33638,-1,-1,-1,0,37376,1182,71,scc,4.17188,4.17232,112132096,15530196992,15642329088,-1,-1
instances/vars_1.8/instance_18688v183_1.80r0.cnf,all,18688,33638,-1,-1,-1,0,37376,1182,71,topo_sort,1.39941,1.39808,112132096,15530196992,15642329088,-1,-1
instances/vars_1.8/instance_18688v183_1.80r0.cnf,all,18688,33638,-1,-1,-1,0,37376,1182,71,backbone,10.3442,10.3535,112132096,15530196992,15642329088,-1,-1
instances/vars_1.8/instance_18688v183_1.80r0.cnf,all,18688,33638,-1,-1,-1,0,37376,1182,71,wcc,0.247803,0.247552,112132096,15530196992,15642329088,-1,-1
instances/vars_1.8/instance_18688v183_1.80r0.cnf,all,18688,33638,-1,-1,-1,0,37376,1182,71,wcc_grouped,2.88208,2.88467,112132096,15530196992,15642329088,-1,-1
instances/vars_1.8/instance_18688v183_1.80r0.cnf,all,18688,33638,-1,-1,-1,0,37376,1182,71,heuristic1,424.844,424.857,112132096,15530196992,15642329088,4484,5073
instances/vars_1.8/instance_18688v183_1.80r0.cnf,all,18688,33638,-1,-1,-1,0,37376,1182,71,heuristic2,339.017,339.025,112132096,15530196992,15642329088,3794,4384
instances/vars_1.8/instance_18688v183_1.80r0.cnf,all,18688,33638,-1,-1,-1,0,37376,1182,71,heuristic3,406.575,406.583,112132096,15530196992,15642329088,3825,4414
instances/vars_1.8/instance_18688v183_1.80r0.cnf,all,18688,33638,-1,-1,-1,0,37376,1182,71,cleanup_device,0.0478516,0.045312,112132096,15530196992,15642329088,-1,-1
instances/vars_1.8/instance_18688v183_1.80r0.cnf,all,18688,33638,-1,-1,-1,0,37376,1182,71,total,1201.5,-1,112132096,15530196992,15642329088,-1,-1
instances/vars_1.8/instance_187714v54_1.80r0.cnf,all,187714,337885,-1,-1,-1,0,375422,10950,96,read_instance,101.459,-1,107937792,15534391296,15642329088,-1,-1
instances/vars_1.8/instance_187714v54_1.80r0.cnf,all,187714,337885,-1,-1,-1,0,375422,10950,96,alloc_graph,1.31006,1.32874,114229248,15528099840,15642329088,-1,-1
instances/vars_1.8/instance_187714v54_1.80r0.cnf,all,187714,337885,-1,-1,-1,0,375422,10950,96,scc,8.97192,8.97213,124715008,15517614080,15642329088,-1,-1
instances/vars_1.8/instance_187714v54_1.80r0.cnf,all,187714,337885,-1,-1,-1,0,375422,10950,96,topo_sort,2.4104,2.41123,126812160,15515516928,15642329088,-1,-1
instances/vars_1.8/instance_187714v54_1.80r0.cnf,all,187714,337885,-1,-1,-1,0,375422,10950,96,backbone,579.41,579.433,128909312,15513419776,15642329088,-1,-1
instances/vars_1.8/instance_187714v54_1.80r0.cnf,all,187714,337885,-1,-1,-1,0,375422,10950,96,wcc,1.03955,1.0399,131006464,15511322624,15642329088,-1,-1
instances/vars_1.8/instance_187714v54_1.80r0.cnf,all,187714,337885,-1,-1,-1,0,375422,10950,96,wcc_grouped,4.04028,4.0407,135200768,15507128320,15642329088,-1,-1
instances/vars_1.8/instance_187714v54_1.80r0.cnf,all,187714,337885,-1,-1,-1,0,375422,10950,96,heuristic1,7233.7,7233.79,137297920,15505031168,15642329088,45428,50914
instances/vars_1.8/instance_187714v54_1.80r0.cnf,all,187714,337885,-1,-1,-1,0,375422,10950,96,heuristic2,5790.53,5790.6,137297920,15505031168,15642329088,38834,44318
instances/vars_1.8/instance_187714v54_1.80r0.cnf,all,187714,337885,-1,-1,-1,0,375422,10950,96,heuristic3,11127.7,11127.9,137297920,15505031168,15642329088,39333,44808
instances/vars_1.8/instance_187714v54_1.80r0.cnf,all,187714,337885,-1,-1,-1,0,375422,10950,96,cleanup_device,0.860596,0.857536,112132096,15530196992,15642329088,-1,-1
instances/vars_1.8/instance_187714v54_1.80r0.cnf,all,187714,337885,-1,-1,-1,0,375422,10950,96,total,24861.5,-1,112132096,15530196992,15642329088,-1,-1
instances/vars_1.8/instance_190442v66_1.80r0.cnf,all,190442,342796,-1,-1,-1,0,380872,11240,109,read_instance,101.952,-1,107937792,15534391296,15642329088,-1,-1
instances/vars_1.8/instance_190442v66_1.80r0.cnf,all,190442,342796,-1,-1,-1,0,380872,11240,109,alloc_graph,1.31909,1.3487,114229248,15528099840,15642329088,-1,-1
instances/vars_1.8/instance_190442v66_1.80r0.cnf,all,190442,342796,-1,-1,-1,0,380872,11240,109,scc,9.00903,9.01162,124715008,15517614080,15642329088,-1,-1
instances/vars_1.8/instance_190442v66_1.80r0.cnf,all,190442,342796,-1,-1,-1,0,380872,11240,109,topo_sort,2.68359,2.68406,126812160,15515516928,15642329088,-1,-1
instances/vars_1.8/instance_190442v66_1.80r0.cnf,all,190442,342796,-1,-1,-1,0,380872,11240,109,backbone,607.708,607.734,128909312,15513419776,15642329088,-1,-1
instances/vars_1.8/instance_190442v66_1.80r0.cnf,all,190442,342796,-1,-1,-1,0,380872,11240,109,wcc,1.22192,1.22096,131006464,15511322624,15642329088,-1,-1
instances/vars_1.8/instance_190442v66_1.80r0.cnf,all,190442,342796,-1,-1,-1,0,380872,11240,109,wcc_grouped,3.80493,3.80566,135200768,15507128320,15642329088,-1,-1
instances/vars_1.8/instance_190442v66_1.80r0.cnf,all,190442,342796,-1,-1,-1,0,380872,11240,109,heuristic1,7354.77,7354.87,137297920,15505031168,15642329088,45944,51581
instances/vars_1.8/instance_190442v66_1.80r0.cnf,all,190442,342796,-1,-1,-1,0,380872,11240,109,heuristic2,5883.46,5883.53,137297920,15505031168,15642329088,39133,44760
instances/vars_1.8/instance_190442v66_1.80r0.cnf,all,190442,342796,-1,-1,-1,0,380872,11240,109,heuristic3,11423,11423.2,137297920,15505031168,15642329088,39897,45519
instances/vars_1.8/instance_190442v66_1.80r0.cnf,all,190442,342796,-1,-1,-1,0,380872,11240,109,cleanup_device,0.838623,0.834784,112132096,15530196992,15642329088,-1,-1
instances/vars_1.8/instance_190442v66_1.80r0.cnf,all,190442,342796,-1,-1,-1,0,380872,11240,109,total,25400.2,-1,112132096,15530196992,15642329088,-1,-1
instances/vars_1.8/instance_19096v95_1.80r0.cnf,all,19096,34373,-1,-1,-1,0,38190,1116,56,read_instance,9.78735,-1,107937792,15534391296,15642329088,-1,-1
instances/vars_1.8/instance_19096v95_1.80r0.cnf,all,19096,34373,-1,-1,-1,0,38190,1116,56,alloc_graph,0.315918,0.29504,110034944,15532294144,15642329088,-1,-1
instances/vars_1.8/instance_19096v95_1.80r0.cnf,all,19096,34373,-1,-1,-1,0,38190,1116,56,scc,4.427,4.42851,112132096,15530196992,15642329088,-1,-1
instances/vars_1.8/instance_19096v95_1.80r0.cnf,all,19096,34373,-1,-1,-1,0,38190,1116,56,topo_sort,1.11157,1.11062,112132096,15530196992,15642329088,-1,-1
instances/vars_1.8/instance_19096v95_1.80r0.cnf,all,19096,34373,-1,-1,-1,0,38190,1116,56,backbone,10.8066,10.8124,112132096,15530196992,15642329088,-1,-1
instances/vars_1.8/instance_19096v95_1.80r0.cnf,all,19096,34373,-1,-1,-1,0,38190,1116,56,wcc,0.267578,0.26768,112132096,15530196992,15642329088,-1,-1
instances/vars_1.8/instance_19096v95_1.80r0.cnf,all,19096,34373,-1,-1,-1,0,38190,1116,56,wcc_grouped,2.86548,2.86682,112132096,15530196992,15642329088,-1,-1
instances/vars_1.8/instance_19096v95_1.80r0.cnf,all,19096,34373,-1,-1,-1,0,38190,1116,56,heuristic1,432.085,432.092,114229248,15528099840,15642329088,4637,5194
instances/vars_1.8/instance_19096v95_1.80r0.cnf,all,19096,34373,-1,-1,-1,0,38190,1116,56,heuristic2,343.306,343.31,114229248,15528099840,15642329088,3967,4524
instances/vars_1.8/instance_19096v95_1.80r0.cnf,all,19096,34373,-1,-1,-1,0,38190,1116,56,heuristic3,417.57,417.575,114229248,15528099840,15642329088,3975,4531
instances/vars_1.8/instance_19096v95_1.80r0.cnf,all,19096,34373,-1,-1,-1,0,38190,1116,56,cleanup_device,0.0559082,0.053184,112132096,15530196992,15642329088,-1,-1
instances/vars_1.8/instance_19096v95_1.80r0.cnf,all,19096,34373,-1,-1,-1,0,38190,1116,56,total,1224.72,-1,112132096,15530196992,15642329088,-1,-1
instances/vars_1.8/instance_19888v197_1.80r0.cnf,all,19888,35798,-1,-1,-1,0,39750,1236,71,read_instance,10.1733,-1,107937792,15534391296,15642329088,-1,-1
instances/vars_1.8/instance_19888v197_1.80r0.cnf,all,19888,35798,-1,-1,-1,0,39750,1236,71,alloc_graph,0.303711,0.29152,110034944,15532294144,15642329088,-1,-1
instances/vars_1.8/instance_19888v197_1.80r0.cnf,all,19888,35798,-1,-1,-1,0,39750,1236,71,scc,4.4668,4.46822,112132096,15530196992,15642329088,-1,-1
instances/vars_1.8/instance_19888v197_1.80r0.cnf,all,19888,35798,-1,-1,-1,0,39750,1236,71,topo_sort,1.4021,1.40176,112132096,15530196992,15642329088,-1,-1
instances/vars_1.8/instance_19888v197_1.80r0.cnf,all,19888,35798,-1,-1,-1,0,39750,1236,71,backbone,11.4875,11.4936,112132096,15530196992,15642329088,-1,-1
instances/vars_1.8/instance_19888v197_1.80r0.cnf,all,19888,35798,-1,-1,-1,0,39750,1236,71,wcc,0.284668,0.283552,112132096,15530196992,15642329088,-1,-1
instances/vars_1.8/instance_19888v197_1.80r0.cnf,all,19888,35798,-1,-1,-1,0,39750,1236,71,wcc_grouped,2.85107,2.85286,112132096,15530196992,15642329088,-1,-1
instances/vars_1.8/instance_19888v197_1.80r0.cnf,all,19888,35798,-1,-1,-1,0,39750,1236,71,heuristic1,445.389,445.395,114229248,15528099840,15642329088,4818,5435
instances/vars_1.8/instance_19888v197_1.80r0.cnf,all,19888,35798,-1,-1,-1,0,39750,1236,71,heuristic2,347.169,347.173,114229248,15528099840,15642329088,4108,4724
instances/vars_1.8/instance_19888v197_1.80r0.cnf,all,19888,35798,-1,-1,-1,0,39750,1236,71,heuristic3,429.838,429.844,114229248,15528099840,15642329088,4104,4720
instances/vars_1.8/instance_19888v197_1.80r0.cnf,all,19888,35798,-1,-1,-1,0,39750,1236,71,cleanup_device,0.0610352,0.058432,112132096,15530196992,15642329088,-1,-1
instances/vars_1.8/instance_19888v197_1.80r0.cnf,all,19888,35798,-1,-1,-1,0,39750,1236,71,total,1255.45,-1,112132096,15530196992,15642329088,-1,-1
instances/vars_1.8/instance_1993v152_1.80r0.cnf,all,1993,3587,-1,-1,-1,0,3976,132,34,read_instance,0.97583,-1,107937792,15534391296,15642329088,-1,-1
instances/vars_1.8/instance_1993v152_1.80r0.cnf,all,1993,3587,-1,-1,-1,0,3976,132,34,alloc_graph,0.175049,0.164864,110034944,15532294144,15642329088,-1,-1
instances/vars_1.8/instance_1993v152_1.80r0.cnf,all,1993,3587,-1,-1,-1,0,3976,132,34,scc,4.04565,4.0463,112132096,15530196992,15642329088,-1,-1
instances/vars_1.8/instance_1993v152_1.80r0.cnf,all,1993,3587,-1,-1,-1,0,3976,132,34,topo_sort,0.747314,0.74608,112132096,15530196992,15642329088,-1,-1
instances/vars_1.8/instance_1993v152_1.80r0.cnf,all,1993,3587,-1,-1,-1,0,3976,132,34,backbone,5.06787,5.07354,112132096,15530196992,15642329088,-1,-1
instances/vars_1.8/instance_1993v152_1.80r0.cnf,all,1993,3587,-1,-1,-1,0,3976,132,34,wcc,0.195801,0.196576,112132096,15530196992,15642329088,-1,-1
instances/vars_1.8/instance_1993v152_1.80r0.cnf,all,1993,3587,-1,-1,-1,0,3976,132,34,wcc_grouped,0.367188,0.366944,112132096,15530196992,15642329088,-1,-1
instances/vars_1.8/instance_1993v152_1.80r0.cnf,all,1993,3587,-1,-1,-1,0,3976,132,34,heuristic1,40.8647,40.8644,112132096,15530196992,15642329088,472,536
instances/vars_1.8/instance_1993v152_1.80r0.cnf,all,1993,3587,-1,-1,-1,0,3976,132,34,heuristic2,31.4863,31.4854,112132096,15530196992,15642329088,384,448
instances/vars_1.8/instance_1993v152_1.80r0.cnf,all,1993,3587,-1,-1,-1,0,3976,132,34,heuristic3,38.7854,38.7854,112132096,15530196992,15642329088,413,477
instances/vars_1.8/instance_1993v152_1.80r0.cnf,all,1993,3587,-1,-1,-1,0,3976,132,34,cleanup_device,0.0388184,0.0384,112132096,15530196992,15642329088,-1,-1
instances/vars_1.8/instance_1993v152_1.80r0.cnf,all,1993,3587,-1,-1,-1,0,3976,132,34,total,123.353,-1,112132096,15530196992,15642329088,-1,-1
instances/vars_1.8/instance_20135v23_1.80r0.cnf,all,20135,36243,-1,-1,-1,0,40270,1272,94,read_instance,10.1216,-1,107937792,15534391296,15642329088,-1,-1
instances/vars_1.8/instance_20135v23_1.80r0.cnf,all,20135,36243,-1,-1,-1,0,40270,1272,94,alloc_graph,0.276611,0.283488,110034944,15532294144,15642329088,-1,-1
instances/vars_1.8/instance_20135v23_1.80r0.cnf,all,20135,36243,-1,-1,-1,0,40270,1272,94,scc,4.44116,4.44227,112132096,15530196992,15642329088,-1,-1
instances/vars_1.8/instance_20135v23_1.80r0.cnf,all,20135,36243,-1,-1,-1,0,40270,1272,94,topo_sort,1.83691,1.83654,112132096,15530196992,15642329088,-1,-1
instances/vars_1.8/instance_20135v23_1.80r0.cnf,all,20135,36243,-1,-1,-1,0,40270,1272,94,backbone,11.4844,11.4908,112132096,15530196992,15642329088,-1,-1
instances/vars_1.8/instance_20135v23_1.80r0.cnf,all,20135,36243,-1,-1,-1,0,40270,1272,94,wcc,0.273926,0.274176,112132096,15530196992,15642329088,-1,-1
instances/vars_1.8/instance_20135v23_1.80r0.cnf,all,20135,36243,-1,-1,-1,0,40270,1272,94,wcc_grouped,2.85986,2.8617,112132096,15530196992,15642329088,-1,-1
instances/vars_1.8/instance_20135v23_1.80r0.cnf,all,20135,36243,-1,-1,-1,0,40270,1272,94,heuristic1,446.372,446.378,114229248,15528099840,15642329088,4783,5417
instances/vars_1.8/instance_20135v23_1.80r0.cnf,all,20135,36243,-1,-1,-1,0,40270,1272,94,heuristic2,370.843,370.848,114229248,15528099840,15642329088,4133,4768
instances/vars_1.8/instance_20135v23_1.80r0.cnf,all,20135,36243,-1,-1,-1,0,40270,1272,94,heuristic3,446.588,446.594,114229248,15528099840,15642329088,4173,4807
instances/vars_1.8/instance_20135v23_1.80r0.cnf,all,20135,36243,-1,-1,-1,0,40270,1272,94,cleanup_device,0.0515137,0.048224,112132096,15530196992,15642329088,-1,-1
instances/vars_1.8/instance_20135v23_1.80r0.cnf,all,20135,36243,-1,-1,-1,0,40270,1272,94,total,1297.19,-1,112132096,15530196992,15642329088,-1,-1
instances/vars_1.8/instance_20671v38_1.80r0.cnf,all,20671,37208,-1,-1,-1,0,41324,1218,56,read_instance,10.4971,-1,107937792,15534391296,15642329088,-1,-1
instances/vars_1.8/instance_20671v38_1.80r0.cnf,all,20671,37208,-1,-1,-1,0,41324,1218,56,alloc_graph,0.29126,0.305792,110034944,15532294144,15642329088,-1,-1
instances/vars_1.8/instance_20671v38_1.80r0.cnf,all,20671,37208,-1,-1,-1,0,41324,1218,56,scc,4.4939,4.4953,112132096,15530196992,15642329088,-1,-1
instances/vars_1.8/instance_20671v38_1.80r0.cnf,all,20671,37208,-1,-1,-1,0,41324,1218,56,topo_sort,1.16772,1.16707,112132096,15530196992,15642329088,-1,-1
instances/vars_1.8/instance_20671v38_1.80r0.cnf,all,20671,37208,-1,-1,-1,0,41324,1218,56,backbone,12.1125,12.1194,112132096,15530196992,15642329088,-1,-1
instances/vars_1.8/instance_20671v38_1.80r0.cnf,all,20671,37208,-1,-1,-1,0,41324,1218,56,wcc,0.265137,0.264192,112132096,15530196992,15642329088,-1,-1
instances/vars_1.8/instance_20671v38_1.80r0.cnf,all,20671,37208,-1,-1,-1,0,41324,1218,56,wcc_grouped,2.87036,2.87213,112132096,15530196992,15642329088,-1,-1
instances/vars_1.8/instance_20671v38_1.80r0.cnf,all,20671,37208,-1,-1,-1,0,41324,1218,56,heuristic1,461.275,461.282,114229248,15528099840,15642329088,4991,5599
instances/vars_1.8/instance_20671v38_1.80r0.cnf,all,20671,37208,-1,-1,-1,0,41324,1218,56,heuristic2,373.922,373.927,114229248,15528099840,15642329088,4236,4843
instances/vars_1.8/instance_20671v38_1.80r0.cnf,all,20671,37208,-1,-1,-1,0,41324,1218,56,heuristic3,452.326,452.332,114229248,15528099840,15642329088,4284,4891
instances/vars_1.8/instance_20671v38_1.80r0.cnf,all,20671,37208,-1,-1,-1,0,41324,1218,56,cleanup_device,0.0510254,0.046464,112132096,15530196992,15642329088,-1,-1
instances/vars_1.8/instance_20671v38_1.80r0.cnf,all,20671,37208,-1,-1,-1,0,41324,1218,56,total,1321.3,-1,112132096,15530196992,15642329088,-1,-1
instances/vars_1.8/instance_20773v94_1.80r0.cnf,all,20773,37391,-1,-1,-1,0,41540,1298,66,read_instance,10.2036,-1,107937792,15534391296,15642329088,-1,-1
instances/vars_1.8/instance_20773v94_1.80r0.cnf,all,20773,37391,-1,-1,-1,0,41540,1298,66,alloc_graph,0.263184,0.273792,110034944,15532294144,15642329088,-1,-1
instances/vars_1.8/instance_20773v94_1.80r0.cnf,all,20773,37391,-1,-1,-1,0,41540,1298,66,scc,4.35425,4.35376,112132096,15530196992,15642329088,-1,-1
instances/vars_1.8/instance_20773v94_1.80r0.cnf,all,20773,37391,-1,-1,-1,0,41540,1298,66,topo_sort,1.29419,1.29379,112132096,15530196992,15642329088,-1,-1
instances/vars_1.8/instance_20773v94_1.80r0.cnf,all,20773,37391,-1,-1,-1,0,41540,1298,66,backbone,11.7222,11.7283,112132096,15530196992,15642329088,-1,-1
instances/vars_1.8/instance_20773v94_1.80r0.cnf,all,20773,37391,-1,-1,-1,0,41540,1298,66,wcc,0.290771,0.29056,112132096,15530196992,15642329088,-1,-1
instances/vars_1.8/instance_20773v94_1.80r0.cnf,all,20773,37391,-1,-1,-1,0,41540,1298,66,wcc_grouped,2.85938,2.86182,112132096,15530196992,15642329088,-1,-1
instances/vars_1.8/instance_20773v94_1.80r0.cnf,all,20773,37391,-1,-1,-1,0,41540,1298,66,heuristic1,471.558,471.564,114229248,15528099840,15642329088,4998,5646
instances/vars_1.8/instance_20773v94_1.80r0.cnf,all,20773,37391,-1,-1,-1,0,41540,1298,66,heuristic2,374.716,374.721,114229248,15528099840,15642329088,4209,4857
instances/vars_1.8/instance_20773v94_1.80r0.cnf,all,20773,37391,-1,-1,-1,0,41540,1298,66,heuristic3,462.017,462.023,114229248,15528099840,15642329088,4266,4914
instances/vars_1.8/instance_20773v94_1.80r0.cnf,all,20773,37391,-1,-1,-1,0,41540,1298,66,cleanup_device,0.0554199,0.052224,112132096,15530196992,15642329088,-1,-1
instances/vars_1.8/instance_20773v94_1.80r0.cnf,all,20773,37391,-1,-1,-1,0,41540,1298,66,total,1341.54,-1,112132096,15530196992,15642329088,-1,-1
instances/vars_1.8/instance_20804v167_1.80r0.cnf,all,20804,37447,-1,-1,-1,0,41578,1254,91,read_instance,10.2891,-1,107937792,15534391296,15642329088,-1,-1
instances/vars_1.8/instance_20804v167_1.80r0.cnf,all,20804,37447,-1,-1,-1,0,41578,1254,91,alloc_graph,0.2771,0.286688,110034944,15532294144,15642329088,-1,-1
instances/vars_1.8/instance_20804v167_1.80r0.cnf,all,20804,37447,-1,-1,-1,0,41578,1254,91,scc,4.13013,4.13136,112132096,15530196992,15642329088,-1,-1
instances/vars_1.8/instance_20804v167_1.80r0.cnf,all,20804,37447,-1,-1,-1,0,41578,1254,91,topo_sort,1.76147,1.76099,112132096,15530196992,15642329088,-1,-1
instances/vars_1.8/instance_20804v167_1.80r0.cnf,all,20804,37447,-1,-1,-1,0,41578,1254,91,backbone,11.6719,11.6782,112132096,15530196992,15642329088,-1,-1
instances/vars_1.8/instance_20804v167_1.80r0.cnf,all,20804,37447,-1,-1,-1,0,41578,1254,91,wcc,0.298828,0.298432,112132096,15530196992,15642329088,-1,-1
instances/vars_1.8/instance_20804v167_1.80r0.cnf,all,20804,37447,-1,-1,-1,0,41578,1254,91,wcc_grouped,2.8501,2.85222,112132096,15530196992,15642329088,-1,-1
instances/vars_1.8/instance_20804v167_1.80r0.cnf,all,20804,37447,-1,-1,-1,0,41578,1254,91,heuristic1,470.385,470.391,114229248,15528099840,15642329088,5007,5634
instances/vars_1.8/instance_20804v167_1.80r0.cnf,all,20804,37447,-1,-1,-1,0,41578,1254,91,heuristic2,380.665,380.67,114229248,15528099840,15642329088,4203,4829
instances/vars_1.8/instance_20804v167_1.80r0.cnf,all,20804,37447,-1,-1,-1,0,41578,1254,91,heuristic3,460.918,460.924,114229248,15528099840,15642329088,4264,4889
instances/vars_1.8/instance_20804v167_1.80r0.cnf,all,20804,37447,-1,-1,-1,0,41578,1254,91,cleanup_device,0.0493164,0.047264,112132096,15530196992,15642329088,-1,-1
instances/vars_1.8/instance_20804v167_1.80r0.cnf,all,20804,37447,-1,-1,-1,0,41578,1254,91,total,1345.38,-1,112132096,15530196992,15642329088,-1,-1
instances/vars_1.8/instance_209985v55_1.80r0.cnf,all,209985,377973,-1,-1,-1,0,419952,12010,116,read_instance,110.333,-1,107937792,15534391296,15642329088,-1,-1
instances/vars_1.8/instance_209985v55_1.80r0.cnf,all,209985,377973,-1,-1,-1,0,419952,12010,116,alloc_graph,1.3855,1.43667,114229248,15528099840,15642329088,-1,-1
instances/vars_1.8/instance_209985v55_1.80r0.cnf,all,209985,377973,-1,-1,-1,0,419952,12010,116,scc,9.89453,9.89472,124715008,15517614080,15642329088,-1,-1
instances/vars_1.8/instance_209985v55_1.80r0.cnf,all,209985,377973,-1,-1,-1,0,419952,12010,116,topo_sort,3.02393,3.02518,126812160,15515516928,15642329088,-1,-1
instances/vars_1.8/instance_209985v55_1.80r0.cnf,all,209985,377973,-1,-1,-1,0,419952,12010,116,backbone,706.216,706.242,128909312,15513419776,15642329088,-1,-1
instances/vars_1.8/instance_209985v55_1.80r0.cnf,all,209985,377973,-1,-1,-1,0,419952,12010,116,wcc,2.0979,2.09792,131006464,15511322624,15642329088,-1,-1
instances/vars_1.8/instance_209985v55_1.80r0.cnf,all,209985,377973,-1,-1,-1,0,419952,12010,116,wcc_grouped,4.00049,4.00099,135200768,15507128320,15642329088,-1,-1
instances/vars_1.8/instance_209985v55_1.80r0.cnf,all,209985,377973,-1,-1,-1,0,419952,12010,116,heuristic1,8447.91,8448.03,137297920,15505031168,15642329088,50596,56611
instances/vars_1.8/instance_209985v55_1.80r0.cnf,all,209985,377973,-1,-1,-1,0,419952,12010,116,heuristic2,6819.53,6819.62,137297920,15505031168,15642329088,43208,49214
instances/vars_1.8/instance_209985v55_1.80r0.cnf,all,209985,377973,-1,-1,-1,0,419952,12010,116,heuristic3,13661.2,13661.4,137297920,15505031168,15642329088,43893,49898
instances/vars_1.8/instance_209985v55_1.80r0.cnf,all,209985,377973,-1,-1,-1,0,419952,12010,116,cleanup_device,0.885742,0.883872,112132096,15530196992,15642329088,-1,-1
instances/vars_1.8/instance_209985v55_1.80r0.cnf,all,209985,377973,-1,-1,-1,0,419952,12010,116,total,29777.6,-1,112132096,15530196992,15642329088,-1,-1
instances/vars_1.8/instance_21677v159_1.80r0.cnf,all,21677,39019,-1,-1,-1,0,43320,1312,120,read_instance,10.5334,-1,107937792,15534391296,15642329088,-1,-1
instances/vars_1.8/instance_21677v159_1.80r0.cnf,all,21677,39019,-1,-1,-1,0,43320,1312,120,alloc_graph,0.276367,0.285344,110034944,15532294144,15642329088,-1,-1
instances/vars_1.8/instance_21677v159_1.80r0.cnf,all,21677,39019,-1,-1,-1,0,43320,1312,120,scc,4.54834,4.54906,112132096,15530196992,15642329088,-1,-1
instances/vars_1.8/instance_21677v159_1.80r0.cnf,all,21677,39019,-1,-1,-1,0,43320,1312,120,topo_sort,2.29199,2.29101,112132096,15530196992,15642329088,-1,-1
instances/vars_1.8/instance_21677v159_1.80r0.cnf,all,21677,39019,-1,-1,-1,0,43320,1312,120,backbone,12.458,12.4621,112132096,15530196992,15642329088,-1,-1
instances/vars_1.8/instance_21677v159_1.80r0.cnf,all,21677,39019,-1,-1,-1,0,43320,1312,120,wcc,0.274658,0.274432,112132096,15530196992,15642329088,-1,-1
instances/vars_1.8/instance_21677v159_1.80r0.cnf,all,21677,39019,-1,-1,-1,0,43320,1312,120,wcc_grouped,1.05688,1.05818,114229248,15528099840,15642329088,-1,-1
instances/vars_1.8/instance_21677v159_1.80r0.cnf,all,21677,39019,-1,-1,-1,0,43320,1312,120,heuristic1,495.766,495.774,114229248,15528099840,15642329088,5244,5898
instances/vars_1.8/instance_21677v159_1.80r0.cnf,all,21677,39019,-1,-1,-1,0,43320,1312,120,heuristic2,391.095,391.1,114229248,15528099840,15642329088,4382,5036
instances/vars_1.8/instance_21677v159_1.80r0.cnf,all,21677,39019,-1,-1,-1,0,43320,1312,120,heuristic3,492.093,492.101,114229248,15528099840,15642329088,4574,5228
instances/vars_1.8/instance_21677v159_1.80r0.cnf,all,21677,39019,-1,-1,-1,0,43320,1312,120,cleanup_device,0.405762,0.406624,112132096,15530196992,15642329088,-1,-1
instances/vars_1.8/instance_21677v159_1.80r0.cnf,all,21677,39019,-1,-1,-1,0,43320,1312,120,total,1412.62,-1,112132096,15530196992,15642329088,-1,-1
instances/vars_1.8/instance_2227v122_1.80r0.cnf,all,2227,4009,-1,-1,-1,0,4454,172,53,read_instance,1.16064,-1,107937792,15534391296,15642329088,-1,-1
instances/vars_1.8/instance_2227v122_1.80r0.cnf,all,2227,4009,-1,-1,-1,0,4454,172,53,alloc_graph,0.178223,0.166912,110034944,15532294144,15642329088,-1,-1
instances/vars_1.8/instance_2227v122_1.80r0.cnf,all,2227,4009,-1,-1,-1,0,4454,172,53,scc,4.77661,4.7777,112132096,15530196992,15642329088,-1,-1
instances/vars_1.8/instance_2227v122_1.80r0.cnf,all,2227,4009,-1,-1,-1,0,4454,172,53,topo_sort,1.08936,1.08842,112132096,15530196992,15642329088,-1,-1
instances/vars_1.8/instance_2227v122_1.80r0.cnf,all,2227,4009,-1,-1,-1,0,4454,172,53,backbone,5.64819,5.65546,112132096,15530196992,15642329088,-1,-1
instances/vars_1.8/instance_2227v122_1.80r0.cnf,all,2227,4009,-1,-1,-1,0,4454,172,53,wcc,0.244385,0.243712,112132096,15530196992,15642329088,-1,-1
instances/vars_1.8/instance_2227v122_1.80r0.cnf,all,2227,4009,-1,-1,-1,0,4454,172,53,wcc_grouped,0.380127,0.379872,112132096,15530196992,15642329088,-1,-1
instances/vars_1.8/instance_2227v122_1.80r0.cnf,all,2227,4009,-1,-1,-1,0,4454,172,53,heuristic1,45.8726,45.8725,112132096,15530196992,15642329088,510,594
instances/vars_1.8/instance_2227v122_1.80r0.cnf,all,2227,4009,-1,-1,-1,0,4454,172,53,heuristic2,36.6194,36.6136,112132096,15530196992,15642329088,439,523
instances/vars_1.8/instance_2227v122_1.80r0.cnf,all,2227,4009,-1,-1,-1,0,4454,172,53,heuristic3,42.8743,42.8733,112132096,15530196992,15642329088,434,518
instances/vars_1.8/instance_2227v122_1.80r0.cnf,all,2227,4009,-1,-1,-1,0,4454,172,53,cleanup_device,0.0385742,0.038272,112132096,15530196992,15642329088,-1,-1
instances/vars_1.8/instance_2227v122_1.80r0.cnf,all,2227,4009,-1,-1,-1,0,4454,172,53,total,139.576,-1,112132096,15530196992,15642329088,-1,-1
instances/vars_1.8/instance_2327v104_1.80r0.cnf,all,2327,4189,-1,-1,-1,0,4652,152,46,read_instance,1.20044,-1,107937792,15534391296,15642329088,-1,-1
instances/vars_1.8/instance_2327v104_1.80r0.cnf,all,2327,4189,-1,-1,-1,0,4652,152,46,alloc_graph,0.18335,0.169984,110034944,15532294144,15642329088,-1,-1
instances/vars_1.8/instance_2327v104_1.80r0.cnf,all,2327,4189,-1,-1,-1,0,4652,152,46,scc,4.17847,4.17904,112132096,15530196992,15642329088,-1,-1
instances/vars_1.8/instance_2327v104_1.80r0.cnf,all,2327,4189,-1,-1,-1,0,4652,152,46,topo_sort,0.914551,0.913856,112132096,15530196992,15642329088,-1,-1
instances/vars_1.8/instance_2327v104_1.80r0.cnf,all,2327,4189,-1,-1,-1,0,4652,152,46,backbone,5.01343,5.01907,112132096,15530196992,15642329088,-1,-1
instances/vars_1.8/instance_2327v104_1.80r0.cnf,all,2327,4189,-1,-1,-1,0,4652,152,46,wcc,0.195801,0.194624,112132096,15530196992,15642329088,-1,-1
instances/vars_1.8/instance_2327v104_1.80r0.cnf,all,2327,4189,-1,-1,-1,0,4652,152,46,wcc_grouped,0.384521,0.383648,112132096,15530196992,15642329088,-1,-1
instances/vars_1.8/instance_2327v104_1.80r0.cnf,all,2327,4189,-1,-1,-1,0,4652,152,46,heuristic1,47.3877,47.3884,112132096,15530196992,15642329088,527,601
instances/vars_1.8/instance_2327v104_1.80r0.cnf,all,2327,4189,-1,-1,-1,0,4652,152,46,heuristic2,38.4124,38.4119,112132096,15530196992,15642329088,452,526
instances/vars_1.8/instance_2327v104_1.80r0.cnf,all,2327,4189,-1,-1,-1,0,4652,152,46,heuristic3,43.9763,43.9763,112132096,15530196992,15642329088,450,524
instances/vars_1.8/instance_2327v104_1.80r0.cnf,all,2327,4189,-1,-1,-1,0,4652,152,46,cleanup_device,0.0378418,0.037632,112132096,15530196992,15642329088,-1,-1
instances/vars_1.8/instance_2327v104_1.80r0.cnf,all,2327,4189,-1,-1,-1,0,4652,152,46,total,142.533,-1,112132096,15530196992,15642329088,-1,-1
instances/vars_1.8/instance_237723v57_1.80r0.cnf,all,237723,427901,-1,-1,-1,0,475446,14074,83,read_instance,128.325,-1,107937792,15534391296,15642329088,-1,-1
instances/vars_1.8/instance_237723v57_1.80r0.cnf,all,237723,427901,-1,-1,-1,0,475446,14074,83,alloc_graph,1.51709,1.55024,114229248,15528099840,15642329088,-1,-1
instances/vars_1.8/instance_237723v57_1.80r0.cnf,all,237723,427901,-1,-1,-1,0,475446,14074,83,scc,9.80444,9.80381,124715008,15517614080,15642329088,-1,-1
instances/vars_1.8/instance_237723v57_1.80r0.cnf,all,237723,427901,-1,-1,-1,0,475446,14074,83,topo_sort,2.45093,2.45206,126812160,15515516928,15642329088,-1,-1
instances/vars_1.8/instance_237723v57_1.80r0.cnf,all,237723,427901,-1,-1,-1,0,475446,14074,83,backbone,901.913,901.94,128909312,15513419776,15642329088,-1,-1
instances/vars_1.8/instance_237723v57_1.80r0.cnf,all,237723,427901,-1,-1,-1,0,475446,14074,83,wcc,1.66675,1.66707,131006464,15511322624,15642329088,-1,-1
instances/vars_1.8/instance_237723v57_1.80r0.cnf,all,237723,427901,-1,-1,-1,0,475446,14074,83,wcc_grouped,4.47705,4.47859,135200768,15507128320,15642329088,-1,-1
instances/vars_1.8/instance_237723v57_1.80r0.cnf,all,237723,427901,-1,-1,-1,0,475446,14074,83,heuristic1,10164.3,10164.4,137297920,15505031168,15642329088,57274,64329
instances/vars_1.8/instance_237723v57_1.80r0.cnf,all,237723,427901,-1,-1,-1,0,475446,14074,83,heuristic2,8188.05,8188.15,137297920,15505031168,15642329088,49238,56284
instances/vars_1.8/instance_237723v57_1.80r0.cnf,all,237723,427901,-1,-1,-1,0,475446,14074,83,heuristic3,16975.1,16975.3,137297920,15505031168,15642329088,49759,56797
instances/vars_1.8/instance_237723v57_1.80r0.cnf,all,237723,427901,-1,-1,-1,0,475446,14074,83,cleanup_device,0.663574,0.659936,116326400,15526002688,15642329088,-1,-1
instances/vars_1.8/instance_237723v57_1.80r0.cnf,all,237723,427901,-1,-1,-1,0,475446,14074,83,total,36390.1,-1,116326400,15526002688,15642329088,-1,-1
instances/vars_1.8/instance_240994v108_1.80r0.cnf,all,240994,433789,-1,-1,-1,0,481976,13900,87,read_instance,129.748,-1,107937792,15534391296,15642329088,-1,-1
instances/vars_1.8/instance_240994v108_1.80r0.cnf,all,240994,433789,-1,-1,-1,0,481976,13900,87,alloc_graph,1.56421,1.58957,114229248,15528099840,15642329088,-1,-1
instances/vars_1.8/instance_240994v108_1.80r0.cnf,all,240994,433789,-1,-1,-1,0,481976,13900,87,scc,10.856,10.8575,124715008,15517614080,15642329088,-1,-1
instances/vars_1.8/instance_240994v108_1.80r0.cnf,all,240994,433789,-1,-1,-1,0,481976,13900,87,topo_sort,2.67944,2.68032,126812160,15515516928,15642329088,-1,-1
instances/vars_1.8/instance_240994v108_1.80r0.cnf,all,240994,433789,-1,-1,-1,0,481976,13900,87,backbone,934.185,934.211,128909312,15513419776,15642329088,-1,-1
instances/vars_1.8/instance_240994v108_1.80r0.cnf,all,240994,433789,-1,-1,-1,0,481976,13900,87,wcc,2.5686,2.57014,131006464,15511322624,15642329088,-1,-1
instances/vars_1.8/instance_240994v108_1.80r0.cnf,all,240994,433789,-1,-1,-1,0,481976,13900,87,wcc_grouped,4.64917,4.65008,135200768,15507128320,15642329088,-1,-1
instances/vars_1.8/instance_240994v108_1.80r0.cnf,all,240994,433789,-1,-1,-1,0,481976,13900,87,heuristic1,10408.8,10408.9,137297920,15505031168,15642329088,58078,65041
instances/vars_1.8/instance_240994v108_1.80r0.cnf,all,240994,433789,-1,-1,-1,0,481976,13900,87,heuristic2,8380.65,8380.75,137297920,15505031168,15642329088,49629,56587
instances/vars_1.8/instance_240994v108_1.80r0.cnf,all,240994,433789,-1,-1,-1,0,481976,13900,87,heuristic3,17404.2,17404.4,137297920,15505031168,15642329088,50347,57295
instances/vars_1.8/instance_240994v108_1.80r0.cnf,all,240994,433789,-1,-1,-1,0,481976,13900,87,cleanup_device,0.676758,0.675104,116326400,15526002688,15642329088,-1,-1
instances/vars_1.8/instance_240994v108_1.80r0.cnf,all,240994,433789,-1,-1,-1,0,481976,13900,87,total,37292.8,-1,116326400,15526002688,15642329088,-1,-1
instances/vars_1.8/instance_2417v77_1.80r0.cnf,all,2417,4351,-1,-1,-1,0,4832,174,45,read_instance,1.25488,-1,107937792,15534391296,15642329088,-1,-1
instances/vars_1.8/instance_2417v77_1.80r0.cnf,all,2417,4351,-1,-1,-1,0,4832,174,45,alloc_graph,0.192871,0.178912,110034944,15532294144,15642329088,-1,-1
instances/vars_1.8/instance_2417v77_1.80r0.cnf,all,2417,4351,-1,-1,-1,0,4832,174,45,scc,4.66675,4.66723,112132096,15530196992,15642329088,-1,-1
instances/vars_1.8/instance_2417v77_1.80r0.cnf,all,2417,4351,-1,-1,-1,0,4832,174,45,topo_sort,0.931152,0.931264,112132096,15530196992,15642329088,-1,-1
instances/vars_1.8/instance_2417v77_1.80r0.cnf,all,2417,4351,-1,-1,-1,0,4832,174,45,backbone,5.30884,5.31498,112132096,15530196992,15642329088,-1,-1
instances/vars_1.8/instance_2417v77_1.80r0.cnf,all,2417,4351,-1,-1,-1,0,4832,174,45,wcc,0.220703,0.219552,112132096,15530196992,15642329088,-1,-1
instances/vars_1.8/instance_2417v77_1.80r0.cnf,all,2417,4351,-1,-1,-1,0,4832,174,45,wcc_grouped,0.354248,0.354432,112132096,15530196992,15642329088,-1,-1
instances/vars_1.8/instance_2417v77_1.80r0.cnf,all,2417,4351,-1,-1,-1,0,4832,174,45,heuristic1,49.6443,49.6459,112132096,15530196992,15642329088,572,658
instances/vars_1.8/instance_2417v77_1.80r0.cnf,all,2417,4351,-1,-1,-1,0,4832,174,45,heuristic2,41.7703,41.7708,112132096,15530196992,15642329088,497,582
instances/vars_1.8/instance_2417v77_1.80r0.cnf,all,2417,4351,-1,-1,-1,0,4832,174,45,heuristic3,47.4072,47.4075,112132096,15530196992,15642329088,500,585
instances/vars_1.8/instance_2417v77_1.80r0.cnf,all,2417,4351,-1,-1,-1,0,4832,174,45,cleanup_device,0.0410156,0.040352,112132096,15530196992,15642329088,-1,-1
instances/vars_1.8/instance_2417v77_1.80r0.cnf,all,2417,4351,-1,-1,-1,0,4832,174,45,total,152.551,-1,112132096,15530196992,15642329088,-1,-1
instances/vars_1.8/instance_24411v64_1.80r0.cnf,all,24411,43940,-1,-1,-1,0,48786,1422,53,read_instance,12.4197,-1,107937792,15534391296,15642329088,-1,-1
instances/vars_1.8/instance_24411v64_1.80r0.cnf,all,24411,43940,-1,-1,-1,0,48786,1422,53,alloc_graph,0.315186,0.325696,110034944,15532294144,15642329088,-1,-1
instances/vars_1.8/instance_24411v64_1.80r0.cnf,all,24411,43940,-1,-1,-1,0,48786,1422,53,scc,4.70312,4.70448,112132096,15530196992,15642329088,-1,-1
instances/vars_1.8/instance_24411v64_1.80r0.cnf,all,24411,43940,-1,-1,-1,0,48786,1422,53,topo_sort,1.10596,1.10499,112132096,15530196992,15642329088,-1,-1
instances/vars_1.8/instance_24411v64_1.80r0.cnf,all,24411,43940,-1,-1,-1,0,48786,1422,53,backbone,14.5227,14.5288,112132096,15530196992,15642329088,-1,-1
instances/vars_1.8/instance_24411v64_1.80r0.cnf,all,24411,43940,-1,-1,-1,0,48786,1422,53,wcc,0.358398,0.358592,112132096,15530196992,15642329088,-1,-1
instances/vars_1.8/instance_24411v64_1.80r0.cnf,all,24411,43940,-1,-1,-1,0,48786,1422,53,wcc_grouped,0.885254,0.884736,114229248,15528099840,15642329088,-1,-1
instances/vars_1.8/instance_24411v64_1.80r0.cnf,all,24411,43940,-1,-1,-1,0,48786,1422,53,heuristic1,569.397,569.404,114229248,15528099840,15642329088,5886,6599
instances/vars_1.8/instance_24411v64_1.80r0.cnf,all,24411,43940,-1,-1,-1,0,48786,1422,53,heuristic2,443.811,443.817,114229248,15528099840,15642329088,4969,5679
instances/vars_1.8/instance_24411v64_1.80r0.cnf,all,24411,43940,-1,-1,-1,0,48786,1422,53,heuristic3,567.076,567.084,114229248,15528099840,15642329088,5153,5862
instances/vars_1.8/instance_24411v64_1.80r0.cnf,all,24411,43940,-1,-1,-1,0,48786,1422,53,cleanup_device,0.377441,0.377248,112132096,15530196992,15642329088,-1,-1
instances/vars_1.8/instance_24411v64_1.80r0.cnf,all,24411,43940,-1,-1,-1,0,48786,1422,53,total,1617.05,-1,112132096,15530196992,15642329088,-1,-1
instances/vars_1.8/instance_245986v81_1.80r0.cnf,all,245986,442775,-1,-1,-1,0,491952,14298,141,read_instance,140.702,-1,107937792,15534391296,15642329088,-1,-1
instances/vars_1.8/instance_245986v81_1.80r0.cnf,all,245986,442775,-1,-1,-1,0,491952,14298,141,alloc_graph,1.55322,1.57939,114229248,15528099840,15642329088,-1,-1
instances/vars_1.8/instance_245986v81_1.80r0.cnf,all,245986,442775,-1,-1,-1,0,491952,14298,141,scc,12.8188,12.8194,124715008,15517614080,15642329088,-1,-1
instances/vars_1.8/instance_245986v81_1.80r0.cnf,all,245986,442775,-1,-1,-1,0,491952,14298,141,topo_sort,3.69727,3.69875,126812160,15515516928,15642329088,-1,-1
instances/vars_1.8/instance_245986v81_1.80r0.cnf,all,245986,442775,-1,-1,-1,0,491952,14298,141,backbone,969.101,969.13,128909312,15513419776,15642329088,-1,-1
instances/vars_1.8/instance_245986v81_1.80r0.cnf,all,245986,442775,-1,-1,-1,0,491952,14298,141,wcc,2.63452,2.63421,131006464,15511322624,15642329088,-1,-1
instances/vars_1.8/instance_245986v81_1.80r0.cnf,all,245986,442775,-1,-1,-1,0,491952,14298,141,wcc_grouped,4.57056,4.57283,135200768,15507128320,15642329088,-1,-1
instances/vars_1.8/instance_245986v81_1.80r0.cnf,all,245986,442775,-1,-1,-1,0,491952,14298,141,heuristic1,10745.1,10745.2,137297920,15505031168,15642329088,59322,66488
instances/vars_1.8/instance_245986v81_1.80r0.cnf,all,245986,442775,-1,-1,-1,0,491952,14298,141,heuristic2,8583.38,8583.48,137297920,15505031168,15642329088,50504,57670
instances/vars_1.8/instance_245986v81_1.80r0.cnf,all,245986,442775,-1,-1,-1,0,491952,14298,141,heuristic3,18000.1,18000.3,137297920,15505031168,15642329088,51490,58646
instances/vars_1.8/instance_245986v81_1.80r0.cnf,all,245986,442775,-1,-1,-1,0,491952,14298,141,cleanup_device,0.693604,0.69168,116326400,15526002688,15642329088,-1,-1
instances/vars_1.8/instance_245986v81_1.80r0.cnf,all,245986,442775,-1,-1,-1,0,491952,14298,141,total,38477.1,-1,116326400,15526002688,15642329088,-1,-1
instances/vars_1.8/instance_2469v20_1.80r0.cnf,all,2469,4444,-1,-1,-1,0,4928,178,33,read_instance,1.20068,-1,107937792,15534391296,15642329088,-1,-1
instances/vars_1.8/instance_2469v20_1.80r0.cnf,all,2469,4444,-1,-1,-1,0,4928,178,33,alloc_graph,0.175781,0.165088,110034944,15532294144,15642329088,-1,-1
instances/vars_1.8/instance_2469v20_1.80r0.cnf,all,2469,4444,-1,-1,-1,0,4928,178,33,scc,4.31445,4.31475,112132096,15530196992,15642329088,-1,-1
instances/vars_1.8/instance_2469v20_1.80r0.cnf,all,2469,4444,-1,-1,-1,0,4928,178,33,topo_sort,0.686279,0.68512,112132096,15530196992,15642329088,-1,-1
instances/vars_1.8/instance_2469v20_1.80r0.cnf,all,2469,4444,-1,-1,-1,0,4928,178,33,backbone,5.02661,5.03069,112132096,15530196992,15642329088,-1,-1
instances/vars_1.8/instance_2469v20_1.80r0.cnf,all,2469,4444,-1,-1,-1,0,4928,178,33,wcc,0.239502,0.239392,112132096,15530196992,15642329088,-1,-1
instances/vars_1.8/instance_2469v20_1.80r0.cnf,all,2469,4444,-1,-1,-1,0,4928,178,33,wcc_grouped,1.11646,1.11754,112132096,15530196992,15642329088,-1,-1
instances/vars_1.8/instance_2469v20_1.80r0.cnf,all,2469,4444,-1,-1,-1,0,4928,178,33,heuristic1,51.1672,51.1673,112132096,15530196992,15642329088,597,684
instances/vars_1.8/instance_2469v20_1.80r0.cnf,all,2469,4444,-1,-1,-1,0,4928,178,33,heuristic2,40.7407,40.7402,112132096,15530196992,15642329088,498,585
instances/vars_1.8/instance_2469v20_1.80r0.cnf,all,2469,4444,-1,-1,-1,0,4928,178,33,heuristic3,49.0151,49.0146,112132096,15530196992,15642329088,508,595
instances/vars_1.8/instance_2469v20_1.80r0.cnf,all,2469,4444,-1,-1,-1,0,4928,178,33,cleanup_device,0.0368652,0.036704,112132096,15530196992,15642329088,-1,-1
instances/vars_1.8/instance_2469v20_1.80r0.cnf,all,2469,4444,-1,-1,-1,0,4928,178,33,total,154.372,-1,112132096,15530196992,15642329088,-1,-1
instances/vars_1.8/instance_24856v185_1.80r0.cnf,all,24856,44741,-1,-1,-1,0,49710,1376,62,read_instance,12.1565,-1,107937792,15534391296,15642329088,-1,-1
instances/vars_1.8/instance_24856v185_1.80r0.cnf,all,24856,44741,-1,-1,-1,0,49710,1376,62,alloc_graph,0.318604,0.331744,110034944,15532294144,15642329088,-1,-1
instances/vars_1.8/instance_24856v185_1.80r0.cnf,all,24856,44741,-1,-1,-1,0,49710,1376,62,scc,4.38867,4.39011,112132096,15530196992,15642329088,-1,-1
instances/vars_1.8/instance_24856v185_1.80r0.cnf,all,24856,44741,-1,-1,-1,0,49710,1376,62,topo_sort,1.27759,1.2775,112132096,15530196992,15642329088,-1,-1
instances/vars_1.8/instance_24856v185_1.80r0.cnf,all,24856,44741,-1,-1,-1,0,49710,1376,62,backbone,15.0874,15.0952,112132096,15530196992,15642329088,-1,-1
instances/vars_1.8/instance_24856v185_1.80r0.cnf,all,24856,44741,-1,-1,-1,0,49710,1376,62,wcc,0.322021,0.321536,112132096,15530196992,15642329088,-1,-1
instances/vars_1.8/instance_24856v185_1.80r0.cnf,all,24856,44741,-1,-1,-1,0,49710,1376,62,wcc_grouped,0.880371,0.878848,114229248,15528099840,15642329088,-1,-1
instances/vars_1.8/instance_24856v185_1.80r0.cnf,all,24856,44741,-1,-1,-1,0,49710,1376,62,heuristic1,568.51,568.518,114229248,15528099840,15642329088,6017,6708
instances/vars_1.8/instance_24856v185_1.80r0.cnf,all,24856,44741,-1,-1,-1,0,49710,1376,62,heuristic2,454.598,454.604,114229248,15528099840,15642329088,5137,5825
instances/vars_1.8/instance_24856v185_1.80r0.cnf,all,24856,44741,-1,-1,-1,0,49710,1376,62,heuristic3,576.8,576.808,114229248,15528099840,15642329088,5215,5902
instances/vars_1.8/instance_24856v185_1.80r0.cnf,all,24856,44741,-1,-1,-1,0,49710,1376,62,cleanup_device,0.396484,0.396992,112132096,15530196992,15642329088,-1,-1
instances/vars_1.8/instance_24856v185_1.80r0.cnf,all,24856,44741,-1,-1,-1,0,49710,1376,62,total,1636.74,-1,112132096,15530196992,15642329088,-1,-1
instances/vars_1.8/instance_2493v48_1.80r0.cnf,all,2493,4487,-1,-1,-1,0,4982,164,54,read_instance,1.2312,-1,107937792,15534391296,15642329088,-1,-1
instances/vars_1.8/instance_2493v48_1.80r0.cnf,all,2493,4487,-1,-1,-1,0,4982,164,54,alloc_graph,0.249512,0.237248,110034944,15532294144,15642329088,-1,-1
instances/vars_1.8/instance_2493v48_1.80r0.cnf,all,2493,4487,-1,-1,-1,0,4982,164,54,scc,4.50586,4.50627,112132096,15530196992,15642329088,-1,-1
instances/vars_1.8/instance_2493v48_1.80r0.cnf,all,2493,4487,-1,-1,-1,0,4982,164,54,topo_sort,1.10107,1.10077,112132096,15530196992,15642329088,-1,-1
instances/vars_1.8/instance_2493v48_1.80r0.cnf,all,2493,4487,-1,-1,-1,0,4982,164,54,backbone,5.12939,5.13344,112132096,15530196992,15642329088,-1,-1
instances/vars_1.8/instance_2493v48_1.80r0.cnf,all,2493,4487,-1,-1,-1,0,4982,164,54,wcc,0.202881,0.202496,112132096,15530196992,15642329088,-1,-1
instances/vars_1.8/instance_2493v48_1.80r0.cnf,all,2493,4487,-1,-1,-1,0,4982,164,54,wcc_grouped,1.14575,1.14666,112132096,15530196992,15642329088,-1,-1
instances/vars_1.8/instance_2493v48_1.80r0.cnf,all,2493,4487,-1,-1,-1,0,4982,164,54,heuristic1,52.5735,52.5727,112132096,15530196992,15642329088,601,681
instances/vars_1.8/instance_2493v48_1.80r0.cnf,all,2493,4487,-1,-1,-1,0,4982,164,54,heuristic2,41.0654,41.0648,112132096,15530196992,15642329088,504,584
instances/vars_1.8/instance_2493v48_1.80r0.cnf,all,2493,4487,-1,-1,-1,0,4982,164,54,heuristic3,45.8137,45.8136,112132096,15530196992,15642329088,474,554
instances/vars_1.8/instance_2493v48_1.80r0.cnf,all,2493,4487,-1,-1,-1,0,4982,164,54,cleanup_device,0.0366211,0.03616,112132096,15530196992,15642329088,-1,-1
instances/vars_1.8/instance_2493v48_1.80r0.cnf,all,2493,4487,-1,-1,-1,0,4982,164,54,total,153.718,-1,112132096,15530196992,15642329088,-1,-1
instances/vars_1.8/instance_25208v176_1.80r0.cnf,all,25208,45374,-1,-1,-1,0,50404,1542,62,read_instance,12.3613,-1,107937792,15534391296,15642329088,-1,-1
instances/vars_1.8/instance_25208v176_1.80r0.cnf,all,25208,45374,-1,-1,-1,0,50404,1542,62,alloc_graph,0.299561,0.315104,110034944,15532294144,15642329088,-1,-1
instances/vars_1.8/instance_25208v176_1.80r0.cnf,all,25208,45374,-1,-1,-1,0,50404,1542,62,scc,4.62793,4.628,112132096,15530196992,15642329088,-1,-1
instances/vars_1.8/instance_25208v176_1.80r0.cnf,all,25208,45374,-1,-1,-1,0,50404,1542,62,topo_sort,1.2644,1.26464,112132096,15530196992,15642329088,-1,-1
instances/vars_1.8/instance_25208v176_1.80r0.cnf,all,25208,45374,-1,-1,-1,0,50404,1542,62,backbone,15.3564,15.3645,112132096,15530196992,15642329088,-1,-1
instances/vars_1.8/instance_25208v176_1.80r0.cnf,all,25208,45374,-1,-1,-1,0,50404,1542,62,wcc,0.342773,0.342304,112132096,15530196992,15642329088,-1,-1
instances/vars_1.8/instance_25208v176_1.80r0.cnf,all,25208,45374,-1,-1,-1,0,50404,1542,62,wcc_grouped,0.86792,0.8672,114229248,15528099840,15642329088,-1,-1
instances/vars_1.8/instance_25208v176_1.80r0.cnf,all,25208,45374,-1,-1,-1,0,50404,1542,62,heuristic1,582.03,582.038,114229248,15528099840,15642329088,6080,6850
instances/vars_1.8/instance_25208v176_1.80r0.cnf,all,25208,45374,-1,-1,-1,0,50404,1542,62,heuristic2,465.819,465.824,114229248,15528099840,15642329088,5234,6005
instances/vars_1.8/instance_25208v176_1.80r0.cnf,all,25208,45374,-1,-1,-1,0,50404,1542,62,heuristic3,579.027,579.034,114229248,15528099840,15642329088,5151,5920
instances/vars_1.8/instance_25208v176_1.80r0.cnf,all,25208,45374,-1,-1,-1,0,50404,1542,62,cleanup_device,0.356201,0.355872,112132096,15530196992,15642329088,-1,-1
instances/vars_1.8/instance_25208v176_1.80r0.cnf,all,25208,45374,-1,-1,-1,0,50404,1542,62,total,1664.42,-1,112132096,15530196992,15642329088,-1,-1
instances/vars_1.8/instance_25522v172_1.80r0.cnf,all,25522,45940,-1,-1,-1,0,51040,1662,134,read_instance,12.4106,-1,107937792,15534391296,15642329088,-1,-1
instances/vars_1.8/instance_25522v172_1.80r0.cnf,all,25522,45940,-1,-1,-1,0,51040,1662,134,alloc_graph,0.361816,0.364576,110034944,15532294144,15642329088,-1,-1
instances/vars_1.8/instance_25522v172_1.80r0.cnf,all,25522,45940,-1,-1,-1,0,51040,1662,134,scc,5.08325,5.08509,112132096,15530196992,15642329088,-1,-1
instances/vars_1.8/instance_25522v172_1.80r0.cnf,all,25522,45940,-1,-1,-1,0,51040,1662,134,topo_sort,2.60205,2.60179,112132096,15530196992,15642329088,-1,-1
instances/vars_1.8/instance_25522v172_1.80r0.cnf,all,25522,45940,-1,-1,-1,0,51040,1662,134,backbone,16.3396,16.3456,112132096,15530196992,15642329088,-1,-1
instances/vars_1.8/instance_25522v172_1.80r0.cnf,all,25522,45940,-1,-1,-1,0,51040,1662,134,wcc,0.291748,0.291968,112132096,15530196992,15642329088,-1,-1
instances/vars_1.8/instance_25522v172_1.80r0.cnf,all,25522,45940,-1,-1,-1,0,51040,1662,134,wcc_grouped,0.922363,0.919584,114229248,15528099840,15642329088,-1,-1
instances/vars_1.8/instance_25522v172_1.80r0.cnf,all,25522,45940,-1,-1,-1,0,51040,1662,134,heuristic1,583.212,583.219,114229248,15528099840,15642329088,6077,6907
instances/vars_1.8/instance_25522v172_1.80r0.cnf,all,25522,45940,-1,-1,-1,0,51040,1662,134,heuristic2,461.087,461.092,114229248,15528099840,15642329088,5095,5924
instances/vars_1.8/instance_25522v172_1.80r0.cnf,all,25522,45940,-1,-1,-1,0,51040,1662,134,heuristic3,583.092,583.1,114229248,15528099840,15642329088,5200,6029
instances/vars_1.8/instance_25522v172_1.80r0.cnf,all,25522,45940,-1,-1,-1,0,51040,1662,134,cleanup_device,0.388184,0.389728,112132096,15530196992,15642329088,-1,-1
instances/vars_1.8/instance_25522v172_1.80r0.cnf,all,25522,45940,-1,-1,-1,0,51040,1662,134,total,1667.92,-1,112132096,15530196992,15642329088,-1,-1
instances/vars_1.8/instance_2632v124_1.80r0.cnf,all,2632,4738,-1,-1,-1,0,5264,144,39,read_instance,1.28394,-1,107937792,15534391296,15642329088,-1,-1
instances/vars_1.8/instance_2632v124_1.80r0.cnf,all,2632,4738,-1,-1,-1,0,5264,144,39,alloc_graph,0.174805,0.16384,110034944,15532294144,15642329088,-1,-1
instances/vars_1.8/instance_2632v124_1.80r0.cnf,all,2632,4738,-1,-1,-1,0,5264,144,39,scc,4.63989,4.63974,112132096,15530196992,15642329088,-1,-1
instances/vars_1.8/instance_2632v124_1.80r0.cnf,all,2632,4738,-1,-1,-1,0,5264,144,39,topo_sort,0.814941,0.814944,112132096,15530196992,15642329088,-1,-1
instances/vars_1.8/instance_2632v124_1.80r0.cnf,all,2632,4738,-1,-1,-1,0,5264,144,39,backbone,5.3645,5.36995,112132096,15530196992,15642329088,-1,-1
instances/vars_1.8/instance_2632v124_1.80r0.cnf,all,2632,4738,-1,-1,-1,0,5264,144,39,wcc,0.205078,0.204736,112132096,15530196992,15642329088,-1,-1
instances/vars_1.8/instance_2632v124_1.80r0.cnf,all,2632,4738,-1,-1,-1,0,5264,144,39,wcc_grouped,1.08105,1.08122,112132096,15530196992,15642329088,-1,-1
instances/vars_1.8/instance_2632v124_1.80r0.cnf,all,2632,4738,-1,-1,-1,0,5264,144,39,heuristic1,53.8469,53.8465,112132096,15530196992,15642329088,620,690
instances/vars_1.8/instance_2632v124_1.80r0.cnf,all,2632,4738,-1,-1,-1,0,5264,144,39,heuristic2,46.3816,46.381,112132096,15530196992,15642329088,569,639
instances/vars_1.8/instance_2632v124_1.80r0.cnf,all,2632,4738,-1,-1,-1,0,5264,144,39,heuristic3,51.9724,51.972,112132096,15530196992,15642329088,541,611
instances/vars_1.8/instance_2632v124_1.80r0.cnf,all,2632,4738,-1,-1,-1,0,5264,144,39,cleanup_device,0.0375977,0.037184,112132096,15530196992,15642329088,-1,-1
instances/vars_1.8/instance_2632v124_1.80r0.cnf,all,2632,4738,-1,-1,-1,0,5264,144,39,total,166.458,-1,112132096,15530196992,15642329088,-1,-1
instances/vars_1.8/instance_26852v32_1.80r0.cnf,all,26852,48334,-1,-1,-1,0,53686,1566,67,read_instance,12.9417,-1,107937792,15534391296,15642329088,-1,-1
instances/vars_1.8/instance_26852v32_1.80r0.cnf,all,26852,48334,-1,-1,-1,0,53686,1566,67,alloc_graph,0.315186,0.328864,110034944,15532294144,15642329088,-1,-1
instances/vars_1.8/instance_26852v32_1.80r0.cnf,all,26852,48334,-1,-1,-1,0,53686,1566,67,scc,4.58447,4.58595,114229248,15528099840,15642329088,-1,-1
instances/vars_1.8/instance_26852v32_1.80r0.cnf,all,26852,48334,-1,-1,-1,0,53686,1566,67,topo_sort,1.34155,1.34096,114229248,15528099840,15642329088,-1,-1
instances/vars_1.8/instance_26852v32_1.80r0.cnf,all,26852,48334,-1,-1,-1,0,53686,1566,67,backbone,16.2527,16.2567,114229248,15528099840,15642329088,-1,-1
instances/vars_1.8/instance_26852v32_1.80r0.cnf,all,26852,48334,-1,-1,-1,0,53686,1566,67,wcc,0.317627,0.31744,114229248,15528099840,15642329088,-1,-1
instances/vars_1.8/instance_26852v32_1.80r0.cnf,all,26852,48334,-1,-1,-1,0,53686,1566,67,wcc_grouped,1.00439,1.00378,114229248,15528099840,15642329088,-1,-1
instances/vars_1.8/instance_26852v32_1.80r0.cnf,all,26852,48334,-1,-1,-1,0,53686,1566,67,heuristic1,620.356,620.365,114229248,15528099840,15642329088,6467,7250
instances/vars_1.8/instance_26852v32_1.80r0.cnf,all,26852,48334,-1,-1,-1,0,53686,1566,67,heuristic2,502.169,502.175,114229248,15528099840,15642329088,5564,6346
instances/vars_1.8/instance_26852v32_1.80r0.cnf,all,26852,48334,-1,-1,-1,0,53686,1566,67,heuristic3,621.973,621.981,114229248,15528099840,15642329088,5538,6320
instances/vars_1.8/instance_26852v32_1.80r0.cnf,all,26852,48334,-1,-1,-1,0,53686,1566,67,cleanup_device,0.394043,0.396096,112132096,15530196992,15642329088,-1,-1
instances/vars_1.8/instance_26852v32_1.80r0.cnf,all,26852,48334,-1,-1,-1,0,53686,1566,67,total,1783.6,-1,112132096,15530196992,15642329088,-1,-1
instances/vars_1.8/instance_2716v142_1.80r0.cnf,all,2716,4889,-1,-1,-1,0,5428,184,71,read_instance,1.31958,-1,107937792,15534391296,15642329088,-1,-1
instances/vars_1.8/instance_2716v142_1.80r0.cnf,all,2716,4889,-1,-1,-1,0,5428,184,71,alloc_graph,0.178955,0.167936,110034944,15532294144,15642329088,-1,-1
instances/vars_1.8/instance_2716v142_1.80r0.cnf,all,2716,4889,-1,-1,-1,0,5428,184,71,scc,4.46729,4.46851,112132096,15530196992,15642329088,-1,-1
instances/vars_1.8/instance_2716v142_1.80r0.cnf,all,2716,4889,-1,-1,-1,0,5428,184,71,topo_sort,1.41968,1.41866,112132096,15530196992,15642329088,-1,-1
instances/vars_1.8/instance_2716v142_1.80r0.cnf,all,2716,4889,-1,-1,-1,0,5428,184,71,backbone,5.33447,5.33862,112132096,15530196992,15642329088,-1,-1
instances/vars_1.8/instance_2716v142_1.80r0.cnf,all,2716,4889,-1,-1,-1,0,5428,184,71,wcc,0.223145,0.22272,112132096,15530196992,15642329088,-1,-1
instances/vars_1.8/instance_2716v142_1.80r0.cnf,all,2716,4889,-1,-1,-1,0,5428,184,71,wcc_grouped,1.15503,1.1592,112132096,15530196992,15642329088,-1,-1
instances/vars_1.8/instance_2716v142_1.80r0.cnf,all,2716,4889,-1,-1,-1,0,5428,184,71,heuristic1,56.3809,56.381,112132096,15530196992,15642329088,649,740
instances/vars_1.8/instance_2716v142_1.80r0.cnf,all,2716,4889,-1,-1,-1,0,5428,184,71,heuristic2,44.3369,44.3361,112132096,15530196992,15642329088,553,643
instances/vars_1.8/instance_2716v142_1.80r0.cnf,all,2716,4889,-1,-1,-1,0,5428,184,71,heuristic3,53.0859,53.0862,112132096,15530196992,15642329088,554,644
instances/vars_1.8/instance_2716v142_1.80r0.cnf,all,2716,4889,-1,-1,-1,0,5428,184,71,cleanup_device,0.0368652,0.03632,112132096,15530196992,15642329088,-1,-1
instances/vars_1.8/instance_2716v142_1.80r0.cnf,all,2716,4889,-1,-1,-1,0,5428,184,71,total,168.615,-1,112132096,15530196992,15642329088,-1,-1
instances/vars_1.8/instance_277125v42_1.80r0.cnf,all,277125,498825,-1,-1,-1,0,554250,16062,71,read_instance,151.075,-1,107937792,15534391296,15642329088,-1,-1
instances/vars_1.8/instance_277125v42_1.80r0.cnf,all,277125,498825,-1,-1,-1,0,554250,16062,71,alloc_graph,1.72192,1.76541,116326400,15526002688,15642329088,-1,-1
instances/vars_1.8/instance_277125v42_1.80r0.cnf,all,277125,498825,-1,-1,-1,0,554250,16062,71,scc,14.0281,14.0298,131006464,15511322624,15642329088,-1,-1
instances/vars_1.8/instance_277125v42_1.80r0.cnf,all,277125,498825,-1,-1,-1,0,554250,16062,71,topo_sort,2.64307,2.64336,135200768,15507128320,15642329088,-1,-1
instances/vars_1.8/instance_277125v42_1.80r0.cnf,all,277125,498825,-1,-1,-1,0,554250,16062,71,backbone,1218.09,1218.13,139395072,15502934016,15642329088,-1,-1
instances/vars_1.8/instance_277125v42_1.80r0.cnf,all,277125,498825,-1,-1,-1,0,554250,16062,71,wcc,3.11719,3.11875,143589376,15498739712,15642329088,-1,-1
instances/vars_1.8/instance_277125v42_1.80r0.cnf,all,277125,498825,-1,-1,-1,0,554250,16062,71,wcc_grouped,5.17065,5.17325,154075136,15488253952,15642329088,-1,-1
instances/vars_1.8/instance_277125v42_1.80r0.cnf,all,277125,498825,-1,-1,-1,0,554250,16062,71,heuristic1,12891.2,12891.4,158269440,15484059648,15642329088,66909,74951
instances/vars_1.8/instance_277125v42_1.80r0.cnf,all,277125,498825,-1,-1,-1,0,554250,16062,71,heuristic2,10287.9,10288.1,158269440,15484059648,15642329088,56966,65003
instances/vars_1.8/instance_277125v42_1.80r0.cnf,all,277125,498825,-1,-1,-1,0,554250,16062,71,heuristic3,22106.5,22106.8,158269440,15484059648,15642329088,57972,66004
instances/vars_1.8/instance_277125v42_1.80r0.cnf,all,277125,498825,-1,-1,-1,0,554250,16062,71,cleanup_device,1.30127,1.29757,112132096,15530196992,15642329088,-1,-1
instances/vars_1.8/instance_277125v42_1.80r0.cnf,all,277125,498825,-1,-1,-1,0,554250,16062,71,total,46697,-1,112132096,15530196992,15642329088,-1,-1
instances/vars_1.8/instance_279056v44_1.80r0.cnf,all,279056,502301,-1,-1,-1,0,558108,16246,98,read_instance,153.064,-1,107937792,15534391296,15642329088,-1,-1
instances/vars_1.8/instance_279056v44_1.80r0.cnf,all,279056,502301,-1,-1,-1,0,558108,16246,98,alloc_graph,1.69214,1.74131,116326400,15526002688,15642329088,-1,-1
instances/vars_1.8/instance_279056v44_1.80r0.cnf,all,279056,502301,-1,-1,-1,0,558108,16246,98,scc,13.4265,13.4274,131006464,15511322624,15642329088,-1,-1
instances/vars_1.8/instance_279056v44_1.80r0.cnf,all,279056,502301,-1,-1,-1,0,558108,16246,98,topo_sort,3.2876,3.28845,135200768,15507128320,15642329088,-1,-1
instances/vars_1.8/instance_279056v44_1.80r0.cnf,all,279056,502301,-1,-1,-1,0,558108,16246,98,backbone,1247.6,1247.63,139395072,15502934016,15642329088,-1,-1
instances/vars_1.8/instance_279056v44_1.80r0.cnf,all,279056,502301,-1,-1,-1,0,558108,16246,98,wcc,3.12646,3.12714,143589376,15498739712,15642329088,-1,-1
instances/vars_1.8/instance_279056v44_1.80r0.cnf,all,279056,502301,-1,-1,-1,0,558108,16246,98,wcc_grouped,5.11865,5.11795,154075136,15488253952,15642329088,-1,-1
instances/vars_1.8/instance_279056v44_1.80r0.cnf,all,279056,502301,-1,-1,-1,0,558108,16246,98,heuristic1,13042.7,13042.8,158269440,15484059648,15642329088,67387,75525
instances/vars_1.8/instance_279056v44_1.80r0.cnf,all,279056,502301,-1,-1,-1,0,558108,16246,98,heuristic2,10430.5,10430.7,158269440,15484059648,15642329088,57570,65696
instances/vars_1.8/instance_279056v44_1.80r0.cnf,all,279056,502301,-1,-1,-1,0,558108,16246,98,heuristic3,22387.6,22387.9,158269440,15484059648,15642329088,58310,66432
instances/vars_1.8/instance_279056v44_1.80r0.cnf,all,279056,502301,-1,-1,-1,0,558108,16246,98,cleanup_device,1.31885,1.31846,112132096,15530196992,15642329088,-1,-1
instances/vars_1.8/instance_279056v44_1.80r0.cnf,all,279056,502301,-1,-1,-1,0,558108,16246,98,total,47303.6,-1,112132096,15530196992,15642329088,-1,-1
instances/vars_1.8/instance_29057v47_1.80r0.cnf,all,29057,52303,-1,-1,-1,0,58064,1642,88,read_instance,13.6038,-1,107937792,15534391296,15642329088,-1,-1
instances/vars_1.8/instance_29057v47_1.80r0.cnf,all,29057,52303,-1,-1,-1,0,58064,1642,88,alloc_graph,0.326416,0.343232,110034944,15532294144,15642329088,-1,-1
instances/vars_1.8/instance_29057v47_1.80r0.cnf,all,29057,52303,-1,-1,-1,0,58064,1642,88,scc,4.91528,4.91568,114229248,15528099840,15642329088,-1,-1
instances/vars_1.8/instance_29057v47_1.80r0.cnf,all,29057,52303,-1,-1,-1,0,58064,1642,88,topo_sort,1.80444,1.80358,114229248,15528099840,15642329088,-1,-1
instances/vars_1.8/instance_29057v47_1.80r0.cnf,all,29057,52303,-1,-1,-1,0,58064,1642,88,backbone,18.2861,18.2924,114229248,15528099840,15642329088,-1,-1
instances/vars_1.8/instance_29057v47_1.80r0.cnf,all,29057,52303,-1,-1,-1,0,58064,1642,88,wcc,0.39917,0.39824,114229248,15528099840,15642329088,-1,-1
instances/vars_1.8/instance_29057v47_1.80r0.cnf,all,29057,52303,-1,-1,-1,0,58064,1642,88,wcc_grouped,0.906738,0.907104,114229248,15528099840,15642329088,-1,-1
instances/vars_1.8/instance_29057v47_1.80r0.cnf,all,29057,52303,-1,-1,-1,0,58064,1642,88,heuristic1,678.839,678.85,114229248,15528099840,15642329088,6960,7781
instances/vars_1.8/instance_29057v47_1.80r0.cnf,all,29057,52303,-1,-1,-1,0,58064,1642,88,heuristic2,537.362,537.368,114229248,15528099840,15642329088,5981,6800
instances/vars_1.8/instance_29057v47_1.80r0.cnf,all,29057,52303,-1,-1,-1,0,58064,1642,88,heuristic3,692.46,692.469,114229248,15528099840,15642329088,6099,6918
instances/vars_1.8/instance_29057v47_1.80r0.cnf,all,29057,52303,-1,-1,-1,0,58064,1642,88,cleanup_device,0.373047,0.373056,112132096,15530196992,15642329088,-1,-1
instances/vars_1.8/instance_29057v47_1.80r0.cnf,all,29057,52303,-1,-1,-1,0,58064,1642,88,total,1951.33,-1,112132096,15530196992,15642329088,-1,-1
instances/vars_1.8/instance_290938v76_1.80r0.cnf,all,290938,523688,-1,-1,-1,0,581864,16974,91,read_instance,149.346,-1,107937792,15534391296,15642329088,-1,-1
instances/vars_1.8/instance_290938v76_1.80r0.cnf,all,290938,523688,-1,-1,-1,0,581864,16974,91,alloc_graph,1.83911,1.89958,116326400,15526002688,15642329088,-1,-1
instances/vars_1.8/instance_290938v76_1.80r0.cnf,all,290938,523688,-1,-1,-1,0,581864,16974,91,scc,16.1238,16.1257,131006464,15511322624,15642329088,-1,-1
instances/vars_1.8/instance_290938v76_1.80r0.cnf,all,290938,523688,-1,-1,-1,0,581864,16974,91,topo_sort,3.08398,3.0848,135200768,15507128320,15642329088,-1,-1
instances/vars_1.8/instance_290938v76_1.80r0.cnf,all,290938,523688,-1,-1,-1,0,581864,16974,91,backbone,1354.66,1354.69,139395072,15502934016,15642329088,-1,-1
instances/vars_1.8/instance_290938v76_1.80r0.cnf,all,290938,523688,-1,-1,-1,0,581864,16974,91,wcc,3.14722,3.14944,143589376,15498739712,15642329088,-1,-1
instances/vars_1.8/instance_290938v76_1.80r0.cnf,all,290938,523688,-1,-1,-1,0,581864,16974,91,wcc_grouped,5.13794,5.13843,154075136,15488253952,15642329088,-1,-1
instances/vars_1.8/instance_290938v76_1.80r0.cnf,all,290938,523688,-1,-1,-1,0,581864,16974,91,heuristic1,14026.7,14026.8,158269440,15484059648,15642329088,70026,78527
instances/vars_1.8/instance_290938v76_1.80r0.cnf,all,290938,523688,-1,-1,-1,0,581864,16974,91,heuristic2,11250.8,11250.9,158269440,15484059648,15642329088,60001,68499
instances/vars_1.8/instance_290938v76_1.80r0.cnf,all,290938,523688,-1,-1,-1,0,581864,16974,91,heuristic3,24016.8,24017.1,158269440,15484059648,15642329088,60662,69150
instances/vars_1.8/instance_290938v76_1.80r0.cnf,all,290938,523688,-1,-1,-1,0,581864,16974,91,cleanup_device,1.29272,1.2895,112132096,15530196992,15642329088,-1,-1
instances/vars_1.8/instance_290938v76_1.80r0.cnf,all,290938,523688,-1,-1,-1,0,581864,16974,91,total,50842.6,-1,112132096,15530196992,15642329088,-1,-1
instances/vars_1.8/instance_294845v156_1.80r0.cnf,all,294845,530721,-1,-1,-1,0,589682,16974,100,read_instance,157.028,-1,107937792,15534391296,15642329088,-1,-1
instances/vars_1.8/instance_294845v156_1.80r0.cnf,all,294845,530721,-1,-1,-1,0,589682,16974,100,alloc_graph,1.78442,1.83859,118423552,15523905536,15642329088,-1,-1
instances/vars_1.8/instance_294845v156_1.80r0.cnf,all,294845,530721,-1,-1,-1,0,589682,16974,100,scc,15.8013,15.8042,135200768,15507128320,15642329088,-1,-1
instances/vars_1.8/instance_294845v156_1.80r0.cnf,all,294845,530721,-1,-1,-1,0,589682,16974,100,topo_sort,3.35156,3.35242,139395072,15502934016,15642329088,-1,-1
instances/vars_1.8/instance_294845v156_1.80r0.cnf,all,294845,530721,-1,-1,-1,0,589682,16974,100,backbone,1388.74,1388.77,143589376,15498739712,15642329088,-1,-1
instances/vars_1.8/instance_294845v156_1.80r0.cnf,all,294845,530721,-1,-1,-1,0,589682,16974,100,wcc,3.10425,3.10486,147783680,15494545408,15642329088,-1,-1
instances/vars_1.8/instance_294845v156_1.80r0.cnf,all,294845,530721,-1,-1,-1,0,589682,16974,100,wcc_grouped,5.16724,5.17018,158269440,15484059648,15642329088,-1,-1
instances/vars_1.8/instance_294845v156_1.80r0.cnf,all,294845,530721,-1,-1,-1,0,589682,16974,100,heuristic1,14305.1,14305.3,162463744,15479865344,15642329088,70981,79473
instances/vars_1.8/instance_294845v156_1.80r0.cnf,all,294845,530721,-1,-1,-1,0,589682,16974,100,heuristic2,11364.5,11364.7,162463744,15479865344,15642329088,60734,69230
instances/vars_1.8/instance_294845v156_1.80r0.cnf,all,294845,530721,-1,-1,-1,0,589682,16974,100,heuristic3,24634.4,24634.8,162463744,15479865344,15642329088,61590,70076
instances/vars_1.8/instance_294845v156_1.80r0.cnf,all,294845,530721,-1,-1,-1,0,589682,16974,100,cleanup_device,1.46191,1.45837,112132096,15530196992,15642329088,-1,-1
instances/vars_1.8/instance_294845v156_1.80r0.cnf,all,294845,530721,-1,-1,-1,0,589682,16974,100,total,51895.1,-1,112132096,15530196992,15642329088,-1,-1
instances/vars_1.8/instance_300924v148_1.80r0.cnf,all,300924,541663,-1,-1,-1,0,601778,17438,93,read_instance,173.916,-1,107937792,15534391296,15642329088,-1,-1
instances/vars_1.8/instance_300924v148_1.80r0.cnf,all,300924,541663,-1,-1,-1,0,601778,17438,93,alloc_graph,1.802,1.84758,118423552,15523905536,15642329088,-1,-1
instances/vars_1.8/instance_300924v148_1.80r0.cnf,all,300924,541663,-1,-1,-1,0,601778,17438,93,scc,15.865,15.8643,135200768,15507128320,15642329088,-1,-1
instances/vars_1.8/instance_300924v148_1.80r0.cnf,all,300924,541663,-1,-1,-1,0,601778,17438,93,topo_sort,3.31909,3.32045,139395072,15502934016,15642329088,-1,-1
instances/vars_1.8/instance_300924v148_1.80r0.cnf,all,300924,541663,-1,-1,-1,0,601778,17438,93,backbone,1445.91,1445.94,143589376,15498739712,15642329088,-1,-1
instances/vars_1.8/instance_300924v148_1.80r0.cnf,all,300924,541663,-1,-1,-1,0,601778,17438,93,wcc,4.18823,4.19021,147783680,15494545408,15642329088,-1,-1
instances/vars_1.8/instance_300924v148_1.80r0.cnf,all,300924,541663,-1,-1,-1,0,601778,17438,93,wcc_grouped,5.13135,5.13232,158269440,15484059648,15642329088,-1,-1
instances/vars_1.8/instance_300924v148_1.80r0.cnf,all,300924,541663,-1,-1,-1,0,601778,17438,93,heuristic1,14874.4,14874.6,162463744,15479865344,15642329088,72623,81363
instances/vars_1.8/instance_300924v148_1.80r0.cnf,all,300924,541663,-1,-1,-1,0,601778,17438,93,heuristic2,11765,11765.1,162463744,15479865344,15642329088,61893,70620
instances/vars_1.8/instance_300924v148_1.80r0.cnf,all,300924,541663,-1,-1,-1,0,601778,17438,93,heuristic3,25701.1,25701.5,162463744,15479865344,15642329088,63063,71781
instances/vars_1.8/instance_300924v148_1.80r0.cnf,all,300924,541663,-1,-1,-1,0,601778,17438,93,cleanup_device,1.39404,1.39027,112132096,15530196992,15642329088,-1,-1
instances/vars_1.8/instance_300924v148_1.80r0.cnf,all,300924,541663,-1,-1,-1,0,601778,17438,93,total,54007.1,-1,112132096,15530196992,15642329088,-1,-1
instances/vars_1.8/instance_30456v15_1.80r0.cnf,all,30456,54821,-1,-1,-1,0,60900,1844,94,read_instance,14.4041,-1,107937792,15534391296,15642329088,-1,-1
instances/vars_1.8/instance_30456v15_1.80r0.cnf,all,30456,54821,-1,-1,-1,0,60900,1844,94,alloc_graph,0.362305,0.37856,110034944,15532294144,15642329088,-1,-1
instances/vars_1.8/instance_30456v15_1.80r0.cnf,all,30456,54821,-1,-1,-1,0,60900,1844,94,scc,4.73853,4.73962,114229248,15528099840,15642329088,-1,-1
instances/vars_1.8/instance_30456v15_1.80r0.cnf,all,30456,54821,-1,-1,-1,0,60900,1844,94,topo_sort,1.85205,1.85174,114229248,15528099840,15642329088,-1,-1
instances/vars_1.8/instance_30456v15_1.80r0.cnf,all,30456,54821,-1,-1,-1,0,60900,1844,94,backbone,19.6133,19.62,114229248,15528099840,15642329088,-1,-1
instances/vars_1.8/instance_30456v15_1.80r0.cnf,all,30456,54821,-1,-1,-1,0,60900,1844,94,wcc,0.293213,0.293056,114229248,15528099840,15642329088,-1,-1
instances/vars_1.8/instance_30456v15_1.80r0.cnf,all,30456,54821,-1,-1,-1,0,60900,1844,94,wcc_grouped,1.02075,1.02125,114229248,15528099840,15642329088,-1,-1
instances/vars_1.8/instance_30456v15_1.80r0.cnf,all,30456,54821,-1,-1,-1,0,60900,1844,94,heuristic1,710.419,710.429,114229248,15528099840,15642329088,7265,8186
instances/vars_1.8/instance_30456v15_1.80r0.cnf,all,30456,54821,-1,-1,-1,0,60900,1844,94,heuristic2,567.598,567.606,114229248,15528099840,15642329088,6221,7142
instances/vars_1.8/instance_30456v15_1.80r0.cnf,all,30456,54821,-1,-1,-1,0,60900,1844,94,heuristic3,729.387,729.396,114229248,15528099840,15642329088,6290,7210
instances/vars_1.8/instance_30456v15_1.80r0.cnf,all,30456,54821,-1,-1,-1,0,60900,1844,94,cleanup_device,0.40918,0.40928,112132096,15530196992,15642329088,-1,-1
instances/vars_1.8/instance_30456v15_1.80r0.cnf,all,30456,54821,-1,-1,-1,0,60900,1844,94,total,2052.28,-1,112132096,15530196992,15642329088,-1,-1
instances/vars_1.8/instance_30951v85_1.80r0.cnf,all,30951,55712,-1,-1,-1,0,61876,1852,63,read_instance,15.1396,-1,107937792,15534391296,15642329088,-1,-1
instances/vars_1.8/instance_30951v85_1.80r0.cnf,all,30951,55712,-1,-1,-1,0,61876,1852,63,alloc_graph,0.388672,0.3984,110034944,15532294144,15642329088,-1,-1
instances/vars_1.8/instance_30951v85_1.80r0.cnf,all,30951,55712,-1,-1,-1,0,61876,1852,63,scc,4.81226,4.81357,114229248,15528099840,15642329088,-1,-1
instances/vars_1.8/instance_30951v85_1.80r0.cnf,all,30951,55712,-1,-1,-1,0,61876,1852,63,topo_sort,1.26978,1.2689,114229248,15528099840,15642329088,-1,-1
instances/vars_1.8/instance_30951v85_1.80r0.cnf,all,30951,55712,-1,-1,-1,0,61876,1852,63,backbone,20.0415,20.0492,114229248,15528099840,15642329088,-1,-1
instances/vars_1.8/instance_30951v85_1.80r0.cnf,all,30951,55712,-1,-1,-1,0,61876,1852,63,wcc,0.332031,0.336224,114229248,15528099840,15642329088,-1,-1
instances/vars_1.8/instance_30951v85_1.80r0.cnf,all,30951,55712,-1,-1,-1,0,61876,1852,63,wcc_grouped,0.980469,0.980992,114229248,15528099840,15642329088,-1,-1
instances/vars_1.8/instance_30951v85_1.80r0.cnf,all,30951,55712,-1,-1,-1,0,61876,1852,63,heuristic1,717.198,717.209,114229248,15528099840,15642329088,7391,8319
instances/vars_1.8/instance_30951v85_1.80r0.cnf,all,30951,55712,-1,-1,-1,0,61876,1852,63,heuristic2,570.413,570.421,114229248,15528099840,15642329088,6326,7250
instances/vars_1.8/instance_30951v85_1.80r0.cnf,all,30951,55712,-1,-1,-1,0,61876,1852,63,heuristic3,739.74,739.75,114229248,15528099840,15642329088,6371,7295
instances/vars_1.8/instance_30951v85_1.80r0.cnf,all,30951,55712,-1,-1,-1,0,61876,1852,63,cleanup_device,0.370117,0.370528,112132096,15530196992,15642329088,-1,-1
instances/vars_1.8/instance_30951v85_1.80r0.cnf,all,30951,55712,-1,-1,-1,0,61876,1852,63,total,2073.06,-1,112132096,15530196992,15642329088,-1,-1
instances/vars_1.8/instance_3096v9_1.80r0.cnf,all,3096,5573,-1,-1,-1,0,6174,202,39,read_instance,1.59692,-1,107937792,15534391296,15642329088,-1,-1
instances/vars_1.8/instance_3096v9_1.80r0.cnf,all,3096,5573,-1,-1,-1,0,6174,202,39,alloc_graph,0.195068,0.18432,110034944,15532294144,15642329088,-1,-1
instances/vars_1.8/instance_3096v9_1.80r0.cnf,all,3096,5573,-1,-1,-1,0,6174,202,39,scc,4.58496,4.58582,112132096,15530196992,15642329088,-1,-1
instances/vars_1.8/instance_3096v9_1.80r0.cnf,all,3096,5573,-1,-1,-1,0,6174,202,39,topo_sort,0.794678,0.793888,112132096,15530196992,15642329088,-1,-1
instances/vars_1.8/instance_3096v9_1.80r0.cnf,all,3096,5573,-1,-1,-1,0,6174,202,39,backbone,5.54614,5.55251,112132096,15530196992,15642329088,-1,-1
instances/vars_1.8/instance_3096v9_1.80r0.cnf,all,3096,5573,-1,-1,-1,0,6174,202,39,wcc,0.217529,0.217088,112132096,15530196992,15642329088,-1,-1
instances/vars_1.8/instance_3096v9_1.80r0.cnf,all,3096,5573,-1,-1,-1,0,6174,202,39,wcc_grouped,1.10547,1.1057,112132096,15530196992,15642329088,-1,-1
instances/vars_1.8/instance_3096v9_1.80r0.cnf,all,3096,5573,-1,-1,-1,0,6174,202,39,heuristic1,67.9758,67.9769,112132096,15530196992,15642329088,764,863
instances/vars_1.8/instance_3096v9_1.80r0.cnf,all,3096,5573,-1,-1,-1,0,6174,202,39,heuristic2,50.887,50.8867,112132096,15530196992,15642329088,630,729
instances/vars_1.8/instance_3096v9_1.80r0.cnf,all,3096,5573,-1,-1,-1,0,6174,202,39,heuristic3,61.0728,61.0736,112132096,15530196992,15642329088,635,734
instances/vars_1.8/instance_3096v9_1.80r0.cnf,all,3096,5573,-1,-1,-1,0,6174,202,39,cleanup_device,0.0407715,0.040544,112132096,15530196992,15642329088,-1,-1
instances/vars_1.8/instance_3096v9_1.80r0.cnf,all,3096,5573,-1,-1,-1,0,6174,202,39,total,194.876,-1,112132096,15530196992,15642329088,-1,-1
instances/vars_1.8/instance_3123v21_1.80r0.cnf,all,3123,5621,-1,-1,-1,0,6224,192,66,read_instance,1.41162,-1,107937792,15534391296,15642329088,-1,-1
instances/vars_1.8/instance_3123v21_1.80r0.cnf,all,3123,5621,-1,-1,-1,0,6224,192,66,alloc_graph,0.191406,0.176576,110034944,15532294144,15642329088,-1,-1
instances/vars_1.8/instance_3123v21_1.80r0.cnf,all,3123,5621,-1,-1,-1,0,6224,192,66,scc,4.35864,4.35904,112132096,15530196992,15642329088,-1,-1
instances/vars_1.8/instance_3123v21_1.80r0.cnf,all,3123,5621,-1,-1,-1,0,6224,192,66,topo_sort,1.27466,1.27344,112132096,15530196992,15642329088,-1,-1
instances/vars_1.8/instance_3123v21_1.80r0.cnf,all,3123,5621,-1,-1,-1,0,6224,192,66,backbone,5.25952,5.2647,112132096,15530196992,15642329088,-1,-1
instances/vars_1.8/instance_3123v21_1.80r0.cnf,all,3123,5621,-1,-1,-1,0,6224,192,66,wcc,0.218262,0.217632,112132096,15530196992,15642329088,-1,-1
instances/vars_1.8/instance_3123v21_1.80r0.cnf,all,3123,5621,-1,-1,-1,0,6224,192,66,wcc_grouped,1.0979,1.09773,112132096,15530196992,15642329088,-1,-1
instances/vars_1.8/instance_3123v21_1.80r0.cnf,all,3123,5621,-1,-1,-1,0,6224,192,66,heuristic1,65.1445,65.146,112132096,15530196992,15642329088,771,866
instances/vars_1.8/instance_3123v21_1.80r0.cnf,all,3123,5621,-1,-1,-1,0,6224,192,66,heuristic2,52.5957,52.5966,112132096,15530196992,15642329088,660,754
instances/vars_1.8/instance_3123v21_1.80r0.cnf,all,3123,5621,-1,-1,-1,0,6224,192,66,heuristic3,64.3711,64.3719,112132096,15530196992,15642329088,686,780
instances/vars_1.8/instance_3123v21_1.80r0.cnf,all,3123,5621,-1,-1,-1,0,6224,192,66,cleanup_device,0.041748,0.041472,112132096,15530196992,15642329088,-1,-1
instances/vars_1.8/instance_3123v21_1.80r0.cnf,all,3123,5621,-1,-1,-1,0,6224,192,66,total,196.802,-1,112132096,15530196992,15642329088,-1,-1
instances/vars_1.8/instance_312556v116_1.80r0.cnf,all,312556,562601,-1,-1,-1,0,625110,18466,84,read_instance,163.257,-1,107937792,15534391296,15642329088,-1,-1
instances/vars_1.8/instance_312556v116_1.80r0.cnf,all,312556,562601,-1,-1,-1,0,625110,18466,84,alloc_graph,1.84375,1.87299,118423552,15523905536,15642329088,-1,-1
instances/vars_1.8/instance_312556v116_1.80r0.cnf,all,312556,562601,-1,-1,-1,0,625110,18466,84,scc,16.0691,16.0696,135200768,15507128320,15642329088,-1,-1
instances/vars_1.8/instance_312556v116_1.80r0.cnf,all,312556,562601,-1,-1,-1,0,625110,18466,84,topo_sort,3.15601,3.15718,139395072,15502934016,15642329088,-1,-1
instances/vars_1.8/instance_312556v116_1.80r0.cnf,all,312556,562601,-1,-1,-1,0,625110,18466,84,backbone,1546.59,1546.62,143589376,15498739712,15642329088,-1,-1
instances/vars_1.8/instance_312556v116_1.80r0.cnf,all,312556,562601,-1,-1,-1,0,625110,18466,84,wcc,4.17603,4.17709,147783680,15494545408,15642329088,-1,-1
instances/vars_1.8/instance_312556v116_1.80r0.cnf,all,312556,562601,-1,-1,-1,0,625110,18466,84,wcc_grouped,5.13525,5.13491,158269440,15484059648,15642329088,-1,-1
instances/vars_1.8/instance_312556v116_1.80r0.cnf,all,312556,562601,-1,-1,-1,0,625110,18466,84,heuristic1,15841.5,15841.7,162463744,15479865344,15642329088,75551,84809
instances/vars_1.8/instance_312556v116_1.80r0.cnf,all,312556,562601,-1,-1,-1,0,625110,18466,84,heuristic2,12513.3,12513.4,162463744,15479865344,15642329088,64412,73656
instances/vars_1.8/instance_312556v116_1.80r0.cnf,all,312556,562601,-1,-1,-1,0,625110,18466,84,heuristic3,27455.4,27455.7,162463744,15479865344,15642329088,65057,74294
instances/vars_1.8/instance_312556v116_1.80r0.cnf,all,312556,562601,-1,-1,-1,0,625110,18466,84,cleanup_device,1.41772,1.41539,112132096,15530196992,15642329088,-1,-1
instances/vars_1.8/instance_312556v116_1.80r0.cnf,all,312556,562601,-1,-1,-1,0,625110,18466,84,total,57567.2,-1,112132096,15530196992,15642329088,-1,-1
instances/vars_1.8/instance_3211v74_1.80r0.cnf,all,3211,5780,-1,-1,-1,0,6416,252,81,read_instance,1.52002,-1,107937792,15534391296,15642329088,-1,-1
instances/vars_1.8/instance_3211v74_1.80r0.cnf,all,3211,5780,-1,-1,-1,0,6416,252,81,alloc_graph,0.188721,0.179712,110034944,15532294144,15642329088,-1,-1
instances/vars_1.8/instance_3211v74_1.80r0.cnf,all,3211,5780,-1,-1,-1,0,6416,252,81,scc,4.88013,4.88038,112132096,15530196992,15642329088,-1,-1
instances/vars_1.8/instance_3211v74_1.80r0.cnf,all,3211,5780,-1,-1,-1,0,6416,252,81,topo_sort,1.57397,1.57258,112132096,15530196992,15642329088,-1,-1
instances/vars_1.8/instance_3211v74_1.80r0.cnf,all,3211,5780,-1,-1,-1,0,6416,252,81,backbone,5.23779,5.24218,112132096,15530196992,15642329088,-1,-1
instances/vars_1.8/instance_3211v74_1.80r0.cnf,all,3211,5780,-1,-1,-1,0,6416,252,81,wcc,0.230957,0.23088,112132096,15530196992,15642329088,-1,-1
instances/vars_1.8/instance_3211v74_1.80r0.cnf,all,3211,5780,-1,-1,-1,0,6416,252,81,wcc_grouped,1.10376,1.10387,112132096,15530196992,15642329088,-1,-1
instances/vars_1.8/instance_3211v74_1.80r0.cnf,all,3211,5780,-1,-1,-1,0,6416,252,81,heuristic1,67.8293,67.8306,112132096,15530196992,15642329088,772,896
instances/vars_1.8/instance_3211v74_1.80r0.cnf,all,3211,5780,-1,-1,-1,0,6416,252,81,heuristic2,51.7424,51.7425,112132096,15530196992,15642329088,634,758
instances/vars_1.8/instance_3211v74_1.80r0.cnf,all,3211,5780,-1,-1,-1,0,6416,252,81,heuristic3,63.1494,63.1505,112132096,15530196992,15642329088,671,795
instances/vars_1.8/instance_3211v74_1.80r0.cnf,all,3211,5780,-1,-1,-1,0,6416,252,81,cleanup_device,0.043457,0.043232,112132096,15530196992,15642329088,-1,-1
instances/vars_1.8/instance_3211v74_1.80r0.cnf,all,3211,5780,-1,-1,-1,0,6416,252,81,total,198.31,-1,112132096,15530196992,15642329088,-1,-1
instances/vars_1.8/instance_3220v75_1.80r0.cnf,all,3220,5796,-1,-1,-1,0,6438,206,30,read_instance,1.54102,-1,107937792,15534391296,15642329088,-1,-1
instances/vars_1.8/instance_3220v75_1.80r0.cnf,all,3220,5796,-1,-1,-1,0,6438,206,30,alloc_graph,0.189453,0.179808,110034944,15532294144,15642329088,-1,-1
instances/vars_1.8/instance_3220v75_1.80r0.cnf,all,3220,5796,-1,-1,-1,0,6438,206,30,scc,4.29785,4.29846,112132096,15530196992,15642329088,-1,-1
instances/vars_1.8/instance_3220v75_1.80r0.cnf,all,3220,5796,-1,-1,-1,0,6438,206,30,topo_sort,0.666748,0.66592,112132096,15530196992,15642329088,-1,-1
instances/vars_1.8/instance_3220v75_1.80r0.cnf,all,3220,5796,-1,-1,-1,0,6438,206,30,backbone,5.14722,5.15405,112132096,15530196992,15642329088,-1,-1
instances/vars_1.8/instance_3220v75_1.80r0.cnf,all,3220,5796,-1,-1,-1,0,6438,206,30,wcc,0.199951,0.1992,112132096,15530196992,15642329088,-1,-1
instances/vars_1.8/instance_3220v75_1.80r0.cnf,all,3220,5796,-1,-1,-1,0,6438,206,30,wcc_grouped,1.11768,1.11834,112132096,15530196992,15642329088,-1,-1
instances/vars_1.8/instance_3220v75_1.80r0.cnf,all,3220,5796,-1,-1,-1,0,6438,206,30,heuristic1,68.1431,68.1436,112132096,15530196992,15642329088,772,873
instances/vars_1.8/instance_3220v75_1.80r0.cnf,all,3220,5796,-1,-1,-1,0,6438,206,30,heuristic2,55.8386,55.8381,112132096,15530196992,15642329088,681,782
instances/vars_1.8/instance_3220v75_1.80r0.cnf,all,3220,5796,-1,-1,-1,0,6438,206,30,heuristic3,63.7161,63.7277,112132096,15530196992,15642329088,672,773
instances/vars_1.8/instance_3220v75_1.80r0.cnf,all,3220,5796,-1,-1,-1,0,6438,206,30,cleanup_device,0.0458984,0.045312,112132096,15530196992,15642329088,-1,-1
instances/vars_1.8/instance_3220v75_1.80r0.cnf,all,3220,5796,-1,-1,-1,0,6438,206,30,total,201.799,-1,112132096,15530196992,15642329088,-1,-1
instances/vars_1.8/instance_32725v118_1.80r0.cnf,all,32725,58905,-1,-1,-1,0,65414,1924,96,read_instance,15.3418,-1,107937792,15534391296,15642329088,-1,-1
instances/vars_1.8/instance_32725v118_1.80r0.cnf,all,32725,58905,-1,-1,-1,0,65414,1924,96,alloc_graph,0.366943,0.388192,110034944,15532294144,15642329088,-1,-1
instances/vars_1.8/instance_32725v118_1.80r0.cnf,all,32725,58905,-1,-1,-1,0,65414,1924,96,scc,4.22729,4.22739,114229248,15528099840,15642329088,-1,-1
instances/vars_1.8/instance_32725v118_1.80r0.cnf,all,32725,58905,-1,-1,-1,0,65414,1924,96,topo_sort,1.84644,1.8457,114229248,15528099840,15642329088,-1,-1
instances/vars_1.8/instance_32725v118_1.80r0.cnf,all,32725,58905,-1,-1,-1,0,65414,1924,96,backbone,22.4216,22.429,114229248,15528099840,15642329088,-1,-1
instances/vars_1.8/instance_32725v118_1.80r0.cnf,all,32725,58905,-1,-1,-1,0,65414,1924,96,wcc,0.322754,0.321792,114229248,15528099840,15642329088,-1,-1
instances/vars_1.8/instance_32725v118_1.80r0.cnf,all,32725,58905,-1,-1,-1,0,65414,1924,96,wcc_grouped,0.994629,0.995328,114229248,15528099840,15642329088,-1,-1
instances/vars_1.8/instance_32725v118_1.80r0.cnf,all,32725,58905,-1,-1,-1,0,65414,1924,96,heuristic1,752.781,752.794,114229248,15528099840,15642329088,7769,8730
instances/vars_1.8/instance_32725v118_1.80r0.cnf,all,32725,58905,-1,-1,-1,0,65414,1924,96,heuristic2,605.081,605.089,114229248,15528099840,15642329088,6616,7577
instances/vars_1.8/instance_32725v118_1.80r0.cnf,all,32725,58905,-1,-1,-1,0,65414,1924,96,heuristic3,798.85,798.863,114229248,15528099840,15642329088,6869,7829
instances/vars_1.8/instance_32725v118_1.80r0.cnf,all,32725,58905,-1,-1,-1,0,65414,1924,96,cleanup_device,0.169678,0.1688,112132096,15530196992,15642329088,-1,-1
instances/vars_1.8/instance_32725v118_1.80r0.cnf,all,32725,58905,-1,-1,-1,0,65414,1924,96,total,2204.62,-1,112132096,15530196992,15642329088,-1,-1
instances/vars_1.8/instance_33104v182_1.80r0.cnf,all,33104,59587,-1,-1,-1,0,66158,2022,86,read_instance,15.8354,-1,107937792,15534391296,15642329088,-1,-1
instances/vars_1.8/instance_33104v182_1.80r0.cnf,all,33104,59587,-1,-1,-1,0,66158,2022,86,alloc_graph,0.419434,0.434592,110034944,15532294144,15642329088,-1,-1
instances/vars_1.8/instance_33104v182_1.80r0.cnf,all,33104,59587,-1,-1,-1,0,66158,2022,86,scc,4.53223,4.53283,114229248,15528099840,15642329088,-1,-1
instances/vars_1.8/instance_33104v182_1.80r0.cnf,all,33104,59587,-1,-1,-1,0,66158,2022,86,topo_sort,1.69531,1.69491,114229248,15528099840,15642329088,-1,-1
instances/vars_1.8/instance_33104v182_1.80r0.cnf,all,33104,59587,-1,-1,-1,0,66158,2022,86,backbone,22.4268,22.4349,114229248,15528099840,15642329088,-1,-1
instances/vars_1.8/instance_33104v182_1.80r0.cnf,all,33104,59587,-1,-1,-1,0,66158,2022,86,wcc,0.295898,0.294912,114229248,15528099840,15642329088,-1,-1
instances/vars_1.8/instance_33104v182_1.80r0.cnf,all,33104,59587,-1,-1,-1,0,66158,2022,86,wcc_grouped,1.02856,1.02854,114229248,15528099840,15642329088,-1,-1
instances/vars_1.8/instance_33104v182_1.80r0.cnf,all,33104,59587,-1,-1,-1,0,66158,2022,86,heuristic1,759.706,759.72,114229248,15528099840,15642329088,7884,8895
instances/vars_1.8/instance_33104v182_1.80r0.cnf,all,33104,59587,-1,-1,-1,0,66158,2022,86,heuristic2,610.036,610.044,114229248,15528099840,15642329088,6800,7810
instances/vars_1.8/instance_33104v182_1.80r0.cnf,all,33104,59587,-1,-1,-1,0,66158,2022,86,heuristic3,799.326,799.34,114229248,15528099840,15642329088,6853,7862
instances/vars_1.8/instance_33104v182_1.80r0.cnf,all,33104,59587,-1,-1,-1,0,66158,2022,86,cleanup_device,0.0500488,0.04896,114229248,15528099840,15642329088,-1,-1
instances/vars_1.8/instance_33104v182_1.80r0.cnf,all,33104,59587,-1,-1,-1,0,66158,2022,86,total,2217.55,-1,114229248,15528099840,15642329088,-1,-1
instances/vars_1.8/instance_33494v157_1.80r0.cnf,all,33494,60289,-1,-1,-1,0,66954,2034,83,read_instance,15.8572,-1,107937792,15534391296,15642329088,-1,-1
instances/vars_1.8/instance_33494v157_1.80r0.cnf,all,33494,60289,-1,-1,-1,0,66954,2034,83,alloc_graph,0.404053,0.428896,110034944,15532294144,15642329088,-1,-1
instances/vars_1.8/instance_33494v157_1.80r0.cnf,all,33494,60289,-1,-1,-1,0,66954,2034,83,scc,4.81274,4.81286,114229248,15528099840,15642329088,-1,-1
instances/vars_1.8/instance_33494v157_1.80r0.cnf,all,33494,60289,-1,-1,-1,0,66954,2034,83,topo_sort,1.5813,1.58058,114229248,15528099840,15642329088,-1,-1
instances/vars_1.8/instance_33494v157_1.80r0.cnf,all,33494,60289,-1,-1,-1,0,66954,2034,83,backbone,22.8091,22.8159,114229248,15528099840,15642329088,-1,-1
instances/vars_1.8/instance_33494v157_1.80r0.cnf,all,33494,60289,-1,-1,-1,0,66954,2034,83,wcc,0.343994,0.344032,114229248,15528099840,15642329088,-1,-1
instances/vars_1.8/instance_33494v157_1.80r0.cnf,all,33494,60289,-1,-1,-1,0,66954,2034,83,wcc_grouped,0.978027,0.978368,114229248,15528099840,15642329088,-1,-1
instances/vars_1.8/instance_33494v157_1.80r0.cnf,all,33494,60289,-1,-1,-1,0,66954,2034,83,heuristic1,794.866,794.882,114229248,15528099840,15642329088,8104,9123
instances/vars_1.8/instance_33494v157_1.80r0.cnf,all,33494,60289,-1,-1,-1,0,66954,2034,83,heuristic2,617.098,617.108,114229248,15528099840,15642329088,6836,7853
instances/vars_1.8/instance_33494v157_1.80r0.cnf,all,33494,60289,-1,-1,-1,0,66954,2034,83,heuristic3,815.421,815.434,114229248,15528099840,15642329088,6961,7977
instances/vars_1.8/instance_33494v157_1.80r0.cnf,all,33494,60289,-1,-1,-1,0,66954,2034,83,cleanup_device,0.178955,0.179616,112132096,15530196992,15642329088,-1,-1
instances/vars_1.8/instance_33494v157_1.80r0.cnf,all,33494,60289,-1,-1,-1,0,66954,2034,83,total,2276.59,-1,112132096,15530196992,15642329088,-1,-1
instances/vars_1.8/instance_3384v135_1.80r0.cnf,all,3384,6091,-1,-1,-1,0,6744,220,43,read_instance,1.63257,-1,107937792,15534391296,15642329088,-1,-1
instances/vars_1.8/instance_3384v135_1.80r0.cnf,all,3384,6091,-1,-1,-1,0,6744,220,43,alloc_graph,0.1875,0.176128,110034944,15532294144,15642329088,-1,-1
instances/vars_1.8/instance_3384v135_1.80r0.cnf,all,3384,6091,-1,-1,-1,0,6744,220,43,scc,4.51685,4.51786,112132096,15530196992,15642329088,-1,-1
instances/vars_1.8/instance_3384v135_1.80r0.cnf,all,3384,6091,-1,-1,-1,0,6744,220,43,topo_sort,0.865234,0.864512,112132096,15530196992,15642329088,-1,-1
instances/vars_1.8/instance_3384v135_1.80r0.cnf,all,3384,6091,-1,-1,-1,0,6744,220,43,backbone,5.16382,5.16867,112132096,15530196992,15642329088,-1,-1
instances/vars_1.8/instance_3384v135_1.80r0.cnf,all,3384,6091,-1,-1,-1,0,6744,220,43,wcc,0.227539,0.227328,112132096,15530196992,15642329088,-1,-1
instances/vars_1.8/instance_3384v135_1.80r0.cnf,all,3384,6091,-1,-1,-1,0,6744,220,43,wcc_grouped,1.08789,1.08752,112132096,15530196992,15642329088,-1,-1
instances/vars_1.8/instance_3384v135_1.80r0.cnf,all,3384,6091,-1,-1,-1,0,6744,220,43,heuristic1,70.2976,70.2981,112132096,15530196992,15642329088,801,910
instances/vars_1.8/instance_3384v135_1.80r0.cnf,all,3384,6091,-1,-1,-1,0,6744,220,43,heuristic2,55.3042,55.3043,112132096,15530196992,15642329088,684,792
instances/vars_1.8/instance_3384v135_1.80r0.cnf,all,3384,6091,-1,-1,-1,0,6744,220,43,heuristic3,64.666,64.6662,112132096,15530196992,15642329088,686,794
instances/vars_1.8/instance_3384v135_1.80r0.cnf,all,3384,6091,-1,-1,-1,0,6744,220,43,cleanup_device,0.0402832,0.039872,112132096,15530196992,15642329088,-1,-1
instances/vars_1.8/instance_3384v135_1.80r0.cnf,all,3384,6091,-1,-1,-1,0,6744,220,43,total,204.852,-1,112132096,15530196992,15642329088,-1,-1
instances/vars_1.8/instance_34003v59_1.80r0.cnf,all,34003,61205,-1,-1,-1,0,68000,2022,61,read_instance,16.8296,-1,107937792,15534391296,15642329088,-1,-1
instances/vars_1.8/instance_34003v59_1.80r0.cnf,all,34003,61205,-1,-1,-1,0,68000,2022,61,alloc_graph,0.374512,0.392928,110034944,15532294144,15642329088,-1,-1
instances/vars_1.8/instance_34003v59_1.80r0.cnf,all,34003,61205,-1,-1,-1,0,68000,2022,61,scc,4.1897,4.19078,114229248,15528099840,15642329088,-1,-1
instances/vars_1.8/instance_34003v59_1.80r0.cnf,all,34003,61205,-1,-1,-1,0,68000,2022,61,topo_sort,1.21704,1.21645,114229248,15528099840,15642329088,-1,-1
instances/vars_1.8/instance_34003v59_1.80r0.cnf,all,34003,61205,-1,-1,-1,0,68000,2022,61,backbone,23.0381,23.0454,114229248,15528099840,15642329088,-1,-1
instances/vars_1.8/instance_34003v59_1.80r0.cnf,all,34003,61205,-1,-1,-1,0,68000,2022,61,wcc,0.323242,0.322272,114229248,15528099840,15642329088,-1,-1
instances/vars_1.8/instance_34003v59_1.80r0.cnf,all,34003,61205,-1,-1,-1,0,68000,2022,61,wcc_grouped,1.02148,1.02179,114229248,15528099840,15642329088,-1,-1
instances/vars_1.8/instance_34003v59_1.80r0.cnf,all,34003,61205,-1,-1,-1,0,68000,2022,61,heuristic1,796.408,796.426,114229248,15528099840,15642329088,8195,9208
instances/vars_1.8/instance_34003v59_1.80r0.cnf,all,34003,61205,-1,-1,-1,0,68000,2022,61,heuristic2,619.538,619.549,114229248,15528099840,15642329088,6841,7851
instances/vars_1.8/instance_34003v59_1.80r0.cnf,all,34003,61205,-1,-1,-1,0,68000,2022,61,heuristic3,832.543,832.556,114229248,15528099840,15642329088,7072,8081
instances/vars_1.8/instance_34003v59_1.80r0.cnf,all,34003,61205,-1,-1,-1,0,68000,2022,61,cleanup_device,0.175293,0.175488,112132096,15530196992,15642329088,-1,-1
instances/vars_1.8/instance_34003v59_1.80r0.cnf,all,34003,61205,-1,-1,-1,0,68000,2022,61,total,2297.96,-1,112132096,15530196992,15642329088,-1,-1
instances/vars_1.8/instance_3449v154_1.80r0.cnf,all,3449,6208,-1,-1,-1,0,6880,204,54,read_instance,1.68164,-1,107937792,15534391296,15642329088,-1,-1
instances/vars_1.8/instance_3449v154_1.80r0.cnf,all,3449,6208,-1,-1,-1,0,6880,204,54,alloc_graph,0.189453,0.176064,110034944,15532294144,15642329088,-1,-1
instances/vars_1.8/instance_3449v154_1.80r0.cnf,all,3449,6208,-1,-1,-1,0,6880,204,54,scc,4.52637,4.52704,112132096,15530196992,15642329088,-1,-1
instances/vars_1.8/instance_3449v154_1.80r0.cnf,all,3449,6208,-1,-1,-1,0,6880,204,54,topo_sort,1.07886,1.07875,112132096,15530196992,15642329088,-1,-1
instances/vars_1.8/instance_3449v154_1.80r0.cnf,all,3449,6208,-1,-1,-1,0,6880,204,54,backbone,5.08789,5.09373,112132096,15530196992,15642329088,-1,-1
instances/vars_1.8/instance_3449v154_1.80r0.cnf,all,3449,6208,-1,-1,-1,0,6880,204,54,wcc,0.223877,0.22384,112132096,15530196992,15642329088,-1,-1
instances/vars_1.8/instance_3449v154_1.80r0.cnf,all,3449,6208,-1,-1,-1,0,6880,204,54,wcc_grouped,1.0835,1.08339,112132096,15530196992,15642329088,-1,-1
instances/vars_1.8/instance_3449v154_1.80r0.cnf,all,3449,6208,-1,-1,-1,0,6880,204,54,heuristic1,73.7534,73.7546,112132096,15530196992,15642329088,833,933
instances/vars_1.8/instance_3449v154_1.80r0.cnf,all,3449,6208,-1,-1,-1,0,6880,204,54,heuristic2,60.2068,60.2078,112132096,15530196992,15642329088,738,838
instances/vars_1.8/instance_3449v154_1.80r0.cnf,all,3449,6208,-1,-1,-1,0,6880,204,54,heuristic3,68.3311,68.3323,112132096,15530196992,15642329088,717,817
instances/vars_1.8/instance_3449v154_1.80r0.cnf,all,3449,6208,-1,-1,-1,0,6880,204,54,cleanup_device,0.0405273,0.040416,112132096,15530196992,15642329088,-1,-1
instances/vars_1.8/instance_3449v154_1.80r0.cnf,all,3449,6208,-1,-1,-1,0,6880,204,54,total,217.036,-1,112132096,15530196992,15642329088,-1,-1
instances/vars_1.8/instance_348863v123_1.80r0.cnf,all,348863,627953,-1,-1,-1,0,697718,20236,118,read_instance,182.794,-1,107937792,15534391296,15642329088,-1,-1
instances/vars_1.8/instance_348863v123_1.80r0.cnf,all,348863,627953,-1,-1,-1,0,697718,20236,118,alloc_graph,2.11035,2.12678,118423552,15523905536,15642329088,-1,-1
instances/vars_1.8/instance_348863v123_1.80r0.cnf,all,348863,627953,-1,-1,-1,0,697718,20236,118,scc,25.9329,25.9352,135200768,15507128320,15642329088,-1,-1
instances/vars_1.8/instance_348863v123_1.80r0.cnf,all,348863,627953,-1,-1,-1,0,697718,20236,118,topo_sort,4.14844,4.15011,139395072,15502934016,15642329088,-1,-1
instances/vars_1.8/instance_348863v123_1.80r0.cnf,all,348863,627953,-1,-1,-1,0,697718,20236,118,backbone,1935.36,1935.4,143589376,15498739712,15642329088,-1,-1
instances/vars_1.8/instance_348863v123_1.80r0.cnf,all,348863,627953,-1,-1,-1,0,697718,20236,118,wcc,5.2605,5.26198,147783680,15494545408,15642329088,-1,-1
instances/vars_1.8/instance_348863v123_1.80r0.cnf,all,348863,627953,-1,-1,-1,0,697718,20236,118,wcc_grouped,5.13599,5.1385,158269440,15484059648,15642329088,-1,-1
instances/vars_1.8/instance_348863v123_1.80r0.cnf,all,348863,627953,-1,-1,-1,0,697718,20236,118,heuristic1,19255.7,19255.9,162463744,15479865344,15642329088,84127,94257
instances/vars_1.8/instance_348863v123_1.80r0.cnf,all,348863,627953,-1,-1,-1,0,697718,20236,118,heuristic2,15023.4,15023.6,162463744,15479865344,15642329088,71635,81766
instances/vars_1.8/instance_348863v123_1.80r0.cnf,all,348863,627953,-1,-1,-1,0,697718,20236,118,heuristic3,34166.6,34167,162463744,15479865344,15642329088,73158,83275
instances/vars_1.8/instance_348863v123_1.80r0.cnf,all,348863,627953,-1,-1,-1,0,697718,20236,118,cleanup_device,1.38452,1.37981,112132096,15530196992,15642329088,-1,-1
instances/vars_1.8/instance_348863v123_1.80r0.cnf,all,348863,627953,-1,-1,-1,0,697718,20236,118,total,70623.4,-1,112132096,15530196992,15642329088,-1,-1
instances/vars_1.8/instance_3500v62_1.80r0.cnf,all,3500,6300,-1,-1,-1,0,6986,240,45,read_instance,1.72998,-1,107937792,15534391296,15642329088,-1,-1
instances/vars_1.8/instance_3500v62_1.80r0.cnf,all,3500,6300,-1,-1,-1,0,6986,240,45,alloc_graph,0.205322,0.194464,110034944,15532294144,15642329088,-1,-1
instances/vars_1.8/instance_3500v62_1.80r0.cnf,all,3500,6300,-1,-1,-1,0,6986,240,45,scc,4.47241,4.47283,112132096,15530196992,15642329088,-1,-1
instances/vars_1.8/instance_3500v62_1.80r0.cnf,all,3500,6300,-1,-1,-1,0,6986,240,45,topo_sort,0.963867,0.963648,112132096,15530196992,15642329088,-1,-1
instances/vars_1.8/instance_3500v62_1.80r0.cnf,all,3500,6300,-1,-1,-1,0,6986,240,45,backbone,5.50098,5.50656,112132096,15530196992,15642329088,-1,-1
instances/vars_1.8/instance_3500v62_1.80r0.cnf,all,3500,6300,-1,-1,-1,0,6986,240,45,wcc,0.23999,0.241312,112132096,15530196992,15642329088,-1,-1
instances/vars_1.8/instance_3500v62_1.80r0.cnf,all,3500,6300,-1,-1,-1,0,6986,240,45,wcc_grouped,1.1106,1.1095,112132096,15530196992,15642329088,-1,-1
instances/vars_1.8/instance_3500v62_1.80r0.cnf,all,3500,6300,-1,-1,-1,0,6986,240,45,heuristic1,73.3311,73.3315,112132096,15530196992,15642329088,820,938
instances/vars_1.8/instance_3500v62_1.80r0.cnf,all,3500,6300,-1,-1,-1,0,6986,240,45,heuristic2,57.1052,57.1049,112132096,15530196992,15642329088,691,809
instances/vars_1.8/instance_3500v62_1.80r0.cnf,all,3500,6300,-1,-1,-1,0,6986,240,45,heuristic3,66.0745,66.074,112132096,15530196992,15642329088,682,800
instances/vars_1.8/instance_3500v62_1.80r0.cnf,all,3500,6300,-1,-1,-1,0,6986,240,45,cleanup_device,0.0388184,0.038272,112132096,15530196992,15642329088,-1,-1
instances/vars_1.8/instance_3500v62_1.80r0.cnf,all,3500,6300,-1,-1,-1,0,6986,240,45,total,211.533,-1,112132096,15530196992,15642329088,-1,-1
instances/vars_1.8/instance_356538v158_1.80r0.cnf,all,356538,641768,-1,-1,-1,0,713076,20564,117,read_instance,187.845,-1,107937792,15534391296,15642329088,-1,-1
instances/vars_1.8/instance_356538v158_1.80r0.cnf,all,356538,641768,-1,-1,-1,0,713076,20564,117,alloc_graph,2.02905,2.08198,118423552,15523905536,15642329088,-1,-1
instances/vars_1.8/instance_356538v158_1.80r0.cnf,all,356538,641768,-1,-1,-1,0,713076,20564,117,scc,32.3452,32.3453,135200768,15507128320,15642329088,-1,-1
instances/vars_1.8/instance_356538v158_1.80r0.cnf,all,356538,641768,-1,-1,-1,0,713076,20564,117,topo_sort,4.24707,4.24835,139395072,15502934016,15642329088,-1,-1
instances/vars_1.8/instance_356538v158_1.80r0.cnf,all,356538,641768,-1,-1,-1,0,713076,20564,117,backbone,2010.12,2010.16,143589376,15498739712,15642329088,-1,-1
instances/vars_1.8/instance_356538v158_1.80r0.cnf,all,356538,641768,-1,-1,-1,0,713076,20564,117,wcc,5.25635,5.25926,147783680,15494545408,15642329088,-1,-1
instances/vars_1.8/instance_356538v158_1.80r0.cnf,all,356538,641768,-1,-1,-1,0,713076,20564,117,wcc_grouped,5.13501,5.13638,158269440,15484059648,15642329088,-1,-1
instances/vars_1.8/instance_356538v158_1.80r0.cnf,all,356538,641768,-1,-1,-1,0,713076,20564,117,heuristic1,19836.7,19836.9,162463744,15479865344,15642329088,85747,96046
instances/vars_1.8/instance_356538v158_1.80r0.cnf,all,356538,641768,-1,-1,-1,0,713076,20564,117,heuristic2,15660.5,15660.7,162463744,15479865344,15642329088,73439,83732
instances/vars_1.8/instance_356538v158_1.80r0.cnf,all,356538,641768,-1,-1,-1,0,713076,20564,117,heuristic3,35532.9,35533.3,162463744,15479865344,15642329088,74420,84704
instances/vars_1.8/instance_356538v158_1.80r0.cnf,all,356538,641768,-1,-1,-1,0,713076,20564,117,cleanup_device,1.44141,1.4399,112132096,15530196992,15642329088,-1,-1
instances/vars_1.8/instance_356538v158_1.80r0.cnf,all,356538,641768,-1,-1,-1,0,713076,20564,117,total,73294.7,-1,112132096,15530196992,15642329088,-1,-1
instances/vars_1.8/instance_3575v171_1.80r0.cnf,all,3575,6435,-1,-1,-1,0,7136,248,84,read_instance,1.74902,-1,107937792,15534391296,15642329088,-1,-1
instances/vars_1.8/instance_3575v171_1.80r0.cnf,all,3575,6435,-1,-1,-1,0,7136,248,84,alloc_graph,0.212891,0.203456,110034944,15532294144,15642329088,-1,-1
instances/vars_1.8/instance_3575v171_1.80r0.cnf,all,3575,6435,-1,-1,-1,0,7136,248,84,scc,4.4812,4.48218,112132096,15530196992,15642329088,-1,-1
instances/vars_1.8/instance_3575v171_1.80r0.cnf,all,3575,6435,-1,-1,-1,0,7136,248,84,topo_sort,1.60156,1.60106,112132096,15530196992,15642329088,-1,-1
instances/vars_1.8/instance_3575v171_1.80r0.cnf,all,3575,6435,-1,-1,-1,0,7136,248,84,backbone,5.30542,5.30858,112132096,15530196992,15642329088,-1,-1
instances/vars_1.8/instance_3575v171_1.80r0.cnf,all,3575,6435,-1,-1,-1,0,7136,248,84,wcc,0.21582,0.216096,112132096,15530196992,15642329088,-1,-1
instances/vars_1.8/instance_3575v171_1.80r0.cnf,all,3575,6435,-1,-1,-1,0,7136,248,84,wcc_grouped,1.10693,1.10739,112132096,15530196992,15642329088,-1,-1
instances/vars_1.8/instance_3575v171_1.80r0.cnf,all,3575,6435,-1,-1,-1,0,7136,248,84,heuristic1,75.6399,75.6407,112132096,15530196992,15642329088,868,990
instances/vars_1.8/instance_3575v171_1.80r0.cnf,all,3575,6435,-1,-1,-1,0,7136,248,84,heuristic2,57.4873,57.4881,112132096,15530196992,15642329088,689,811
instances/vars_1.8/instance_3575v171_1.80r0.cnf,all,3575,6435,-1,-1,-1,0,7136,248,84,heuristic3,66.6851,66.6857,112132096,15530196992,15642329088,702,824
instances/vars_1.8/instance_3575v171_1.80r0.cnf,all,3575,6435,-1,-1,-1,0,7136,248,84,cleanup_device,0.0473633,0.0472,112132096,15530196992,15642329088,-1,-1
instances/vars_1.8/instance_3575v171_1.80r0.cnf,all,3575,6435,-1,-1,-1,0,7136,248,84,total,215.4,-1,112132096,15530196992,15642329088,-1,-1
instances/vars_1.8/instance_3607v89_1.80r0.cnf,all,3607,6493,-1,-1,-1,0,7208,272,61,read_instance,1.66455,-1,107937792,15534391296,15642329088,-1,-1
instances/vars_1.8/instance_3607v89_1.80r0.cnf,all,3607,6493,-1,-1,-1,0,7208,272,61,alloc_graph,0.195068,0.183648,110034944,15532294144,15642329088,-1,-1
instances/vars_1.8/instance_3607v89_1.80r0.cnf,all,3607,6493,-1,-1,-1,0,7208,272,61,scc,4.5105,4.51174,112132096,15530196992,15642329088,-1,-1
instances/vars_1.8/instance_3607v89_1.80r0.cnf,all,3607,6493,-1,-1,-1,0,7208,272,61,topo_sort,1.21118,1.21037,112132096,15530196992,15642329088,-1,-1
instances/vars_1.8/instance_3607v89_1.80r0.cnf,all,3607,6493,-1,-1,-1,0,7208,272,61,backbone,5.32886,5.3337,112132096,15530196992,15642329088,-1,-1
instances/vars_1.8/instance_3607v89_1.80r0.cnf,all,3607,6493,-1,-1,-1,0,7208,272,61,wcc,0.228271,0.227328,112132096,15530196992,15642329088,-1,-1
instances/vars_1.8/instance_3607v89_1.80r0.cnf,all,3607,6493,-1,-1,-1,0,7208,272,61,wcc_grouped,1.07495,1.07414,112132096,15530196992,15642329088,-1,-1
instances/vars_1.8/instance_3607v89_1.80r0.cnf,all,3607,6493,-1,-1,-1,0,7208,272,61,heuristic1,71.4922,71.4944,112132096,15530196992,15642329088,812,947
instances/vars_1.8/instance_3607v89_1.80r0.cnf,all,3607,6493,-1,-1,-1,0,7208,272,61,heuristic2,62.2957,62.2962,112132096,15530196992,15642329088,732,866
instances/vars_1.8/instance_3607v89_1.80r0.cnf,all,3607,6493,-1,-1,-1,0,7208,272,61,heuristic3,68.1697,68.1704,112132096,15530196992,15642329088,713,847
instances/vars_1.8/instance_3607v89_1.80r0.cnf,all,3607,6493,-1,-1,-1,0,7208,272,61,cleanup_device,0.0471191,0.046816,112132096,15530196992,15642329088,-1,-1
instances/vars_1.8/instance_3607v89_1.80r0.cnf,all,3607,6493,-1,-1,-1,0,7208,272,61,total,217.105,-1,112132096,15530196992,15642329088,-1,-1
instances/vars_1.8/instance_360845v105_1.80r0.cnf,all,360845,649521,-1,-1,-1,0,721686,21006,100,read_instance,196.041,-1,107937792,15534391296,15642329088,-1,-1
instances/vars_1.8/instance_360845v105_1.80r0.cnf,all,360845,649521,-1,-1,-1,0,721686,21006,100,alloc_graph,2.16284,2.21459,118423552,15523905536,15642329088,-1,-1
instances/vars_1.8/instance_360845v105_1.80r0.cnf,all,360845,649521,-1,-1,-1,0,721686,21006,100,scc,24.5347,24.5374,135200768,15507128320,15642329088,-1,-1
instances/vars_1.8/instance_360845v105_1.80r0.cnf,all,360845,649521,-1,-1,-1,0,721686,21006,100,topo_sort,4.42749,4.42934,139395072,15502934016,15642329088,-1,-1
instances/vars_1.8/instance_360845v105_1.80r0.cnf,all,360845,649521,-1,-1,-1,0,721686,21006,100,backbone,2056.34,2056.38,143589376,15498739712,15642329088,-1,-1
instances/vars_1.8/instance_360845v105_1.80r0.cnf,all,360845,649521,-1,-1,-1,0,721686,21006,100,wcc,5.26733,5.26906,147783680,15494545408,15642329088,-1,-1
instances/vars_1.8/instance_360845v105_1.80r0.cnf,all,360845,649521,-1,-1,-1,0,721686,21006,100,wcc_grouped,5.13794,5.1399,158269440,15484059648,15642329088,-1,-1
instances/vars_1.8/instance_360845v105_1.80r0.cnf,all,360845,649521,-1,-1,-1,0,721686,21006,100,heuristic1,20353.3,20353.5,162463744,15479865344,15642329088,86856,97381
instances/vars_1.8/instance_360845v105_1.80r0.cnf,all,360845,649521,-1,-1,-1,0,721686,21006,100,heuristic2,15879.8,15880,162463744,15479865344,15642329088,73881,84398
instances/vars_1.8/instance_360845v105_1.80r0.cnf,all,360845,649521,-1,-1,-1,0,721686,21006,100,heuristic3,36524.8,36525.3,162463744,15479865344,15642329088,75581,86085
instances/vars_1.8/instance_360845v105_1.80r0.cnf,all,360845,649521,-1,-1,-1,0,721686,21006,100,cleanup_device,1.40356,1.40083,112132096,15530196992,15642329088,-1,-1
instances/vars_1.8/instance_360845v105_1.80r0.cnf,all,360845,649521,-1,-1,-1,0,721686,21006,100,total,75072,-1,112132096,15530196992,15642329088,-1,-1
instances/vars_1.8/instance_3660v83_1.80r0.cnf,all,3660,6588,-1,-1,-1,0,7316,240,57,read_instance,1.75366,-1,107937792,15534391296,15642329088,-1,-1
instances/vars_1.8/instance_3660v83_1.80r0.cnf,all,3660,6588,-1,-1,-1,0,7316,240,57,alloc_graph,0.202393,0.19392,110034944,15532294144,15642329088,-1,-1
instances/vars_1.8/instance_3660v83_1.80r0.cnf,all,3660,6588,-1,-1,-1,0,7316,240,57,scc,4.41626,4.41635,112132096,15530196992,15642329088,-1,-1
instances/vars_1.8/instance_3660v83_1.80r0.cnf,all,3660,6588,-1,-1,-1,0,7316,240,57,topo_sort,1.09204,1.09216,112132096,15530196992,15642329088,-1,-1
instances/vars_1.8/instance_3660v83_1.80r0.cnf,all,3660,6588,-1,-1,-1,0,7316,240,57,backbone,5.40063,5.40618,112132096,15530196992,15642329088,-1,-1
instances/vars_1.8/instance_3660v83_1.80r0.cnf,all,3660,6588,-1,-1,-1,0,7316,240,57,wcc,0.213379,0.212992,112132096,15530196992,15642329088,-1,-1
instances/vars_1.8/instance_3660v83_1.80r0.cnf,all,3660,6588,-1,-1,-1,0,7316,240,57,wcc_grouped,1.09619,1.09635,112132096,15530196992,15642329088,-1,-1
instances/vars_1.8/instance_3660v83_1.80r0.cnf,all,3660,6588,-1,-1,-1,0,7316,240,57,heuristic1,77.1658,77.1672,112132096,15530196992,15642329088,886,1005
instances/vars_1.8/instance_3660v83_1.80r0.cnf,all,3660,6588,-1,-1,-1,0,7316,240,57,heuristic2,62.6567,62.6569,112132096,15530196992,15642329088,747,865
instances/vars_1.8/instance_3660v83_1.80r0.cnf,all,3660,6588,-1,-1,-1,0,7316,240,57,heuristic3,72.1616,72.1626,112132096,15530196992,15642329088,743,861
instances/vars_1.8/instance_3660v83_1.80r0.cnf,all,3660,6588,-1,-1,-1,0,7316,240,57,cleanup_device,0.059082,0.05936,112132096,15530196992,15642329088,-1,-1
instances/vars_1.8/instance_3660v83_1.80r0.cnf,all,3660,6588,-1,-1,-1,0,7316,240,57,total,227.065,-1,112132096,15530196992,15642329088,-1,-1
instances/vars_1.8/instance_3749v133_1.80r0.cnf,all,3749,6748,-1,-1,-1,0,7498,234,25,read_instance,1.82129,-1,107937792,15534391296,15642329088,-1,-1
instances/vars_1.8/instance_3749v133_1.80r0.cnf,all,3749,6748,-1,-1,-1,0,7498,234,25,alloc_graph,0.200439,0.1904,110034944,15532294144,15642329088,-1,-1
instances/vars_1.8/instance_3749v133_1.80r0.cnf,all,3749,6748,-1,-1,-1,0,7498,234,25,scc,4.34204,4.3425,112132096,15530196992,15642329088,-1,-1
instances/vars_1.8/instance_3749v133_1.80r0.cnf,all,3749,6748,-1,-1,-1,0,7498,234,25,topo_sort,0.538086,0.537248,112132096,15530196992,15642329088,-1,-1
instances/vars_1.8/instance_3749v133_1.80r0.cnf,all,3749,6748,-1,-1,-1,0,7498,234,25,backbone,5.34863,5.3553,112132096,15530196992,15642329088,-1,-1
instances/vars_1.8/instance_3749v133_1.80r0.cnf,all,3749,6748,-1,-1,-1,0,7498,234,25,wcc,0.225098,0.22384,112132096,15530196992,15642329088,-1,-1
instances/vars_1.8/instance_3749v133_1.80r0.cnf,all,3749,6748,-1,-1,-1,0,7498,234,25,wcc_grouped,1.08984,1.09075,112132096,15530196992,15642329088,-1,-1
instances/vars_1.8/instance_3749v133_1.80r0.cnf,all,3749,6748,-1,-1,-1,0,7498,234,25,heuristic1,77.3796,77.3817,112132096,15530196992,15642329088,874,989
instances/vars_1.8/instance_3749v133_1.80r0.cnf,all,3749,6748,-1,-1,-1,0,7498,234,25,heuristic2,63.8628,63.8636,112132096,15530196992,15642329088,750,865
instances/vars_1.8/instance_3749v133_1.80r0.cnf,all,3749,6748,-1,-1,-1,0,7498,234,25,heuristic3,69.1775,69.1789,112132096,15530196992,15642329088,727,842
instances/vars_1.8/instance_3749v133_1.80r0.cnf,all,3749,6748,-1,-1,-1,0,7498,234,25,cleanup_device,0.0400391,0.039296,112132096,15530196992,15642329088,-1,-1
instances/vars_1.8/instance_3749v133_1.80r0.cnf,all,3749,6748,-1,-1,-1,0,7498,234,25,total,224.867,-1,112132096,15530196992,15642329088,-1,-1
instances/vars_1.8/instance_38938v63_1.80r0.cnf,all,38938,70088,-1,-1,-1,0,77860,2312,73,read_instance,18.8521,-1,107937792,15534391296,15642329088,-1,-1
instances/vars_1.8/instance_38938v63_1.80r0.cnf,all,38938,70088,-1,-1,-1,0,77860,2312,73,alloc_graph,0.406982,0.430048,110034944,15532294144,15642329088,-1,-1
instances/vars_1.8/instance_38938v63_1.80r0.cnf,all,38938,70088,-1,-1,-1,0,77860,2312,73,scc,3.65747,3.65824,114229248,15528099840,15642329088,-1,-1
instances/vars_1.8/instance_38938v63_1.80r0.cnf,all,38938,70088,-1,-1,-1,0,77860,2312,73,topo_sort,1.42065,1.42115,114229248,15528099840,15642329088,-1,-1
instances/vars_1.8/instance_38938v63_1.80r0.cnf,all,38938,70088,-1,-1,-1,0,77860,2312,73,backbone,28.9888,28.9968,114229248,15528099840,15642329088,-1,-1
instances/vars_1.8/instance_38938v63_1.80r0.cnf,all,38938,70088,-1,-1,-1,0,77860,2312,73,wcc,0.291504,0.292,114229248,15528099840,15642329088,-1,-1
instances/vars_1.8/instance_38938v63_1.80r0.cnf,all,38938,70088,-1,-1,-1,0,77860,2312,73,wcc_grouped,2.84106,2.84275,114229248,15528099840,15642329088,-1,-1
instances/vars_1.8/instance_38938v63_1.80r0.cnf,all,38938,70088,-1,-1,-1,0,77860,2312,73,heuristic1,929.574,929.587,116326400,15526002688,15642329088,9504,10659
instances/vars_1.8/instance_38938v63_1.80r0.cnf,all,38938,70088,-1,-1,-1,0,77860,2312,73,heuristic2,732.353,732.36,116326400,15526002688,15642329088,8010,9164
instances/vars_1.8/instance_38938v63_1.80r0.cnf,all,38938,70088,-1,-1,-1,0,77860,2312,73,heuristic3,1003.6,1003.62,116326400,15526002688,15642329088,8254,9408
instances/vars_1.8/instance_38938v63_1.80r0.cnf,all,38938,70088,-1,-1,-1,0,77860,2312,73,cleanup_device,0.115479,0.110816,112132096,15530196992,15642329088,-1,-1
instances/vars_1.8/instance_38938v63_1.80r0.cnf,all,38938,70088,-1,-1,-1,0,77860,2312,73,total,2725.15,-1,112132096,15530196992,15642329088,-1,-1
instances/vars_1.8/instance_3919v10_1.80r0.cnf,all,3919,7054,-1,-1,-1,0,7838,244,41,read_instance,1.79395,-1,107937792,15534391296,15642329088,-1,-1
instances/vars_1.8/instance_3919v10_1.80r0.cnf,all,3919,7054,-1,-1,-1,0,7838,244,41,alloc_graph,0.192871,0.183296,110034944,15532294144,15642329088,-1,-1
instances/vars_1.8/instance_3919v10_1.80r0.cnf,all,3919,7054,-1,-1,-1,0,7838,244,41,scc,4.38428,4.3848,112132096,15530196992,15642329088,-1,-1
instances/vars_1.8/instance_3919v10_1.80r0.cnf,all,3919,7054,-1,-1,-1,0,7838,244,41,topo_sort,0.839844,0.839296,112132096,15530196992,15642329088,-1,-1
instances/vars_1.8/instance_3919v10_1.80r0.cnf,all,3919,7054,-1,-1,-1,0,7838,244,41,backbone,5.05908,5.06397,112132096,15530196992,15642329088,-1,-1
instances/vars_1.8/instance_3919v10_1.80r0.cnf,all,3919,7054,-1,-1,-1,0,7838,244,41,wcc,0.217529,0.21712,112132096,15530196992,15642329088,-1,-1
instances/vars_1.8/instance_3919v10_1.80r0.cnf,all,3919,7054,-1,-1,-1,0,7838,244,41,wcc_grouped,1.1228,1.12346,112132096,15530196992,15642329088,-1,-1
instances/vars_1.8/instance_3919v10_1.80r0.cnf,all,3919,7054,-1,-1,-1,0,7838,244,41,heuristic1,82.3999,82.401,112132096,15530196992,15642329088,949,1069
instances/vars_1.8/instance_3919v10_1.80r0.cnf,all,3919,7054,-1,-1,-1,0,7838,244,41,heuristic2,63.7883,63.7888,112132096,15530196992,15642329088,779,899
instances/vars_1.8/instance_3919v10_1.80r0.cnf,all,3919,7054,-1,-1,-1,0,7838,244,41,heuristic3,76.2993,76.3004,112132096,15530196992,15642329088,800,920
instances/vars_1.8/instance_3919v10_1.80r0.cnf,all,3919,7054,-1,-1,-1,0,7838,244,41,cleanup_device,0.0407715,0.04016,112132096,15530196992,15642329088,-1,-1
instances/vars_1.8/instance_3919v10_1.80r0.cnf,all,3919,7054,-1,-1,-1,0,7838,244,41,total,237.012,-1,112132096,15530196992,15642329088,-1,-1
instances/vars_1.8/instance_395744v1_1.80r0.cnf,all,395744,712339,-1,-1,-1,0,791474,22768,95,read_instance,205.194,-1,107937792,15534391296,15642329088,-1,-1
instances/vars_1.8/instance_395744v1_1.80r0.cnf,all,395744,712339,-1,-1,-1,0,791474,22768,95,alloc_graph,2.25488,2.26678,118423552,15523905536,15642329088,-1,-1
instances/vars_1.8/instance_395744v1_1.80r0.cnf,all,395744,712339,-1,-1,-1,0,791474,22768,95,scc,27.2129,27.2152,135200768,15507128320,15642329088,-1,-1
instances/vars_1.8/instance_395744v1_1.80r0.cnf,all,395744,712339,-1,-1,-1,0,791474,22768,95,topo_sort,4.04565,4.04653,139395072,15502934016,15642329088,-1,-1
instances/vars_1.8/instance_395744v1_1.80r0.cnf,all,395744,712339,-1,-1,-1,0,791474,22768,95,backbone,2466.66,2466.71,143589376,15498739712,15642329088,-1,-1
instances/vars_1.8/instance_395744v1_1.80r0.cnf,all,395744,712339,-1,-1,-1,0,791474,22768,95,wcc,5.1897,5.19078,147783680,15494545408,15642329088,-1,-1
instances/vars_1.8/instance_395744v1_1.80r0.cnf,all,395744,712339,-1,-1,-1,0,791474,22768,95,wcc_grouped,5.13647,5.13699,158269440,15484059648,15642329088,-1,-1
instances/vars_1.8/instance_395744v1_1.80r0.cnf,all,395744,712339,-1,-1,-1,0,791474,22768,95,heuristic1,24157,24157.2,162463744,15479865344,15642329088,95337,106743
instances/vars_1.8/instance_395744v1_1.80r0.cnf,all,395744,712339,-1,-1,-1,0,791474,22768,95,heuristic2,18813.4,18813.6,162463744,15479865344,15642329088,81250,92647
instances/vars_1.8/instance_395744v1_1.80r0.cnf,all,395744,712339,-1,-1,-1,0,791474,22768,95,heuristic3,44418.2,44418.8,162463744,15479865344,15642329088,82669,94054
instances/vars_1.8/instance_395744v1_1.80r0.cnf,all,395744,712339,-1,-1,-1,0,791474,22768,95,cleanup_device,1.39404,1.39085,112132096,15530196992,15642329088,-1,-1
instances/vars_1.8/instance_395744v1_1.80r0.cnf,all,395744,712339,-1,-1,-1,0,791474,22768,95,total,90124,-1,112132096,15530196992,15642329088,-1,-1
instances/vars_1.8/instance_39737v130_1.80r0.cnf,all,39737,71527,-1,-1,-1,0,79396,2466,111,read_instance,19.6401,-1,107937792,15534391296,15642329088,-1,-1
instances/vars_1.8/instance_39737v130_1.80r0.cnf,all,39737,71527,-1,-1,-1,0,79396,2466,111,alloc_graph,0.404297,0.438016,110034944,15532294144,15642329088,-1,-1
instances/vars_1.8/instance_39737v130_1.80r0.cnf,all,39737,71527,-1,-1,-1,0,79396,2466,111,scc,4.45166,4.45235,114229248,15528099840,15642329088,-1,-1
instances/vars_1.8/instance_39737v130_1.80r0.cnf,all,39737,71527,-1,-1,-1,0,79396,2466,111,topo_sort,2.19702,2.19654,114229248,15528099840,15642329088,-1,-1
instances/vars_1.8/instance_39737v130_1.80r0.cnf,all,39737,71527,-1,-1,-1,0,79396,2466,111,backbone,30.9827,30.9895,114229248,15528099840,15642329088,-1,-1
instances/vars_1.8/instance_39737v130_1.80r0.cnf,all,39737,71527,-1,-1,-1,0,79396,2466,111,wcc,0.430664,0.430656,114229248,15528099840,15642329088,-1,-1
instances/vars_1.8/instance_39737v130_1.80r0.cnf,all,39737,71527,-1,-1,-1,0,79396,2466,111,wcc_grouped,2.71802,2.72192,114229248,15528099840,15642329088,-1,-1
instances/vars_1.8/instance_39737v130_1.80r0.cnf,all,39737,71527,-1,-1,-1,0,79396,2466,111,heuristic1,927.122,927.134,116326400,15526002688,15642329088,9610,10846
instances/vars_1.8/instance_39737v130_1.80r0.cnf,all,39737,71527,-1,-1,-1,0,79396,2466,111,heuristic2,726.258,726.267,116326400,15526002688,15642329088,8062,9293
instances/vars_1.8/instance_39737v130_1.80r0.cnf,all,39737,71527,-1,-1,-1,0,79396,2466,111,heuristic3,1011.05,1011.07,116326400,15526002688,15642329088,8351,9582
instances/vars_1.8/instance_39737v130_1.80r0.cnf,all,39737,71527,-1,-1,-1,0,79396,2466,111,cleanup_device,0.118896,0.114912,112132096,15530196992,15642329088,-1,-1
instances/vars_1.8/instance_39737v130_1.80r0.cnf,all,39737,71527,-1,-1,-1,0,79396,2466,111,total,2728.5,-1,112132096,15530196992,15642329088,-1,-1
instances/vars_1.8/instance_3998v119_1.80r0.cnf,all,3998,7196,-1,-1,-1,0,7960,302,60,read_instance,1.93286,-1,107937792,15534391296,15642329088,-1,-1
instances/vars_1.8/instance_3998v119_1.80r0.cnf,all,3998,7196,-1,-1,-1,0,7960,302,60,alloc_graph,0.226074,0.210944,110034944,15532294144,15642329088,-1,-1
instances/vars_1.8/instance_3998v119_1.80r0.cnf,all,3998,7196,-1,-1,-1,0,7960,302,60,scc,4.85889,4.85968,112132096,15530196992,15642329088,-1,-1
instances/vars_1.8/instance_3998v119_1.80r0.cnf,all,3998,7196,-1,-1,-1,0,7960,302,60,topo_sort,1.22656,1.22541,112132096,15530196992,15642329088,-1,-1
instances/vars_1.8/instance_3998v119_1.80r0.cnf,all,3998,7196,-1,-1,-1,0,7960,302,60,backbone,5.47803,5.484,112132096,15530196992,15642329088,-1,-1
instances/vars_1.8/instance_3998v119_1.80r0.cnf,all,3998,7196,-1,-1,-1,0,7960,302,60,wcc,0.213623,0.213568,112132096,15530196992,15642329088,-1,-1
instances/vars_1.8/instance_3998v119_1.80r0.cnf,all,3998,7196,-1,-1,-1,0,7960,302,60,wcc_grouped,1.10547,1.10544,112132096,15530196992,15642329088,-1,-1
instances/vars_1.8/instance_3998v119_1.80r0.cnf,all,3998,7196,-1,-1,-1,0,7960,302,60,heuristic1,80.6509,80.6524,112132096,15530196992,15642329088,919,1069
instances/vars_1.8/instance_3998v119_1.80r0.cnf,all,3998,7196,-1,-1,-1,0,7960,302,60,heuristic2,66.0447,66.0452,112132096,15530196992,15642329088,802,951
instances/vars_1.8/instance_3998v119_1.80r0.cnf,all,3998,7196,-1,-1,-1,0,7960,302,60,heuristic3,80.0508,80.0521,112132096,15530196992,15642329088,807,956
instances/vars_1.8/instance_3998v119_1.80r0.cnf,all,3998,7196,-1,-1,-1,0,7960,302,60,cleanup_device,0.0449219,0.044896,112132096,15530196992,15642329088,-1,-1
instances/vars_1.8/instance_3998v119_1.80r0.cnf,all,3998,7196,-1,-1,-1,0,7960,302,60,total,242.718,-1,112132096,15530196992,15642329088,-1,-1
instances/vars_1.8/instance_4030v13_1.80r0.cnf,all,4030,7254,-1,-1,-1,0,8048,302,45,read_instance,1.88403,-1,107937792,15534391296,15642329088,-1,-1
instances/vars_1.8/instance_4030v13_1.80r0.cnf,all,4030,7254,-1,-1,-1,0,8048,302,45,alloc_graph,0.212891,0.199136,110034944,15532294144,15642329088,-1,-1
instances/vars_1.8/instance_4030v13_1.80r0.cnf,all,4030,7254,-1,-1,-1,0,8048,302,45,scc,4.63989,4.6407,112132096,15530196992,15642329088,-1,-1
instances/vars_1.8/instance_4030v13_1.80r0.cnf,all,4030,7254,-1,-1,-1,0,8048,302,45,topo_sort,0.903564,0.903424,112132096,15530196992,15642329088,-1,-1
instances/vars_1.8/instance_4030v13_1.80r0.cnf,all,4030,7254,-1,-1,-1,0,8048,302,45,backbone,5.2229,5.2289,112132096,15530196992,15642329088,-1,-1
instances/vars_1.8/instance_4030v13_1.80r0.cnf,all,4030,7254,-1,-1,-1,0,8048,302,45,wcc,0.233643,0.233344,112132096,15530196992,15642329088,-1,-1
instances/vars_1.8/instance_4030v13_1.80r0.cnf,all,4030,7254,-1,-1,-1,0,8048,302,45,wcc_grouped,1.10718,1.10749,112132096,15530196992,15642329088,-1,-1
instances/vars_1.8/instance_4030v13_1.80r0.cnf,all,4030,7254,-1,-1,-1,0,8048,302,45,heuristic1,82.7227,82.7359,112132096,15530196992,15642329088,940,1089
instances/vars_1.8/instance_4030v13_1.80r0.cnf,all,4030,7254,-1,-1,-1,0,8048,302,45,heuristic2,68.6799,68.6807,112132096,15530196992,15642329088,830,979
instances/vars_1.8/instance_4030v13_1.80r0.cnf,all,4030,7254,-1,-1,-1,0,8048,302,45,heuristic3,81.7046,81.7059,112132096,15530196992,15642329088,836,985
instances/vars_1.8/instance_4030v13_1.80r0.cnf,all,4030,7254,-1,-1,-1,0,8048,302,45,cleanup_device,0.0412598,0.041152,112132096,15530196992,15642329088,-1,-1
instances/vars_1.8/instance_4030v13_1.80r0.cnf,all,4030,7254,-1,-1,-1,0,8048,302,45,total,248.27,-1,112132096,15530196992,15642329088,-1,-1
instances/vars_1.8/instance_41489v18_1.80r0.cnf,all,41489,74680,-1,-1,-1,0,82978,2608,77,read_instance,20.1909,-1,107937792,15534391296,15642329088,-1,-1
instances/vars_1.8/instance_41489v18_1.80r0.cnf,all,41489,74680,-1,-1,-1,0,82978,2608,77,alloc_graph,0.440918,0.473472,110034944,15532294144,15642329088,-1,-1
instances/vars_1.8/instance_41489v18_1.80r0.cnf,all,41489,74680,-1,-1,-1,0,82978,2608,77,scc,4.35059,4.35142,114229248,15528099840,15642329088,-1,-1
instances/vars_1.8/instance_41489v18_1.80r0.cnf,all,41489,74680,-1,-1,-1,0,82978,2608,77,topo_sort,1.51245,1.51258,114229248,15528099840,15642329088,-1,-1
instances/vars_1.8/instance_41489v18_1.80r0.cnf,all,41489,74680,-1,-1,-1,0,82978,2608,77,backbone,32.5022,32.5111,114229248,15528099840,15642329088,-1,-1
instances/vars_1.8/instance_41489v18_1.80r0.cnf,all,41489,74680,-1,-1,-1,0,82978,2608,77,wcc,0.358887,0.358464,114229248,15528099840,15642329088,-1,-1
instances/vars_1.8/instance_41489v18_1.80r0.cnf,all,41489,74680,-1,-1,-1,0,82978,2608,77,wcc_grouped,0.985352,0.985536,116326400,15526002688,15642329088,-1,-1
instances/vars_1.8/instance_41489v18_1.80r0.cnf,all,41489,74680,-1,-1,-1,0,82978,2608,77,heuristic1,962.152,962.165,116326400,15526002688,15642329088,9973,11276
instances/vars_1.8/instance_41489v18_1.80r0.cnf,all,41489,74680,-1,-1,-1,0,82978,2608,77,heuristic2,768.398,768.408,116326400,15526002688,15642329088,8457,9760
instances/vars_1.8/instance_41489v18_1.80r0.cnf,all,41489,74680,-1,-1,-1,0,82978,2608,77,heuristic3,1053.02,1053.03,116326400,15526002688,15642329088,8533,9836
instances/vars_1.8/instance_41489v18_1.80r0.cnf,all,41489,74680,-1,-1,-1,0,82978,2608,77,cleanup_device,0.436523,0.436512,112132096,15530196992,15642329088,-1,-1
instances/vars_1.8/instance_41489v18_1.80r0.cnf,all,41489,74680,-1,-1,-1,0,82978,2608,77,total,2847.11,-1,112132096,15530196992,15642329088,-1,-1
instances/vars_1.8/instance_418259v107_1.80r0.cnf,all,418259,752866,-1,-1,-1,0,836504,24156,99,read_instance,217.937,-1,107937792,15534391296,15642329088,-1,-1
instances/vars_1.8/instance_418259v107_1.80r0.cnf,all,418259,752866,-1,-1,-1,0,836504,24156,99,alloc_graph,2.39453,2.43229,118423552,15523905536,15642329088,-1,-1
instances/vars_1.8/instance_418259v107_1.80r0.cnf,all,418259,752866,-1,-1,-1,0,836504,24156,99,scc,34.2498,34.2517,135200768,15507128320,15642329088,-1,-1
instances/vars_1.8/instance_418259v107_1.80r0.cnf,all,418259,752866,-1,-1,-1,0,836504,24156,99,topo_sort,4.56201,4.5625,139395072,15502934016,15642329088,-1,-1
instances/vars_1.8/instance_418259v107_1.80r0.cnf,all,418259,752866,-1,-1,-1,0,836504,24156,99,backbone,2765.97,2766.02,143589376,15498739712,15642329088,-1,-1
instances/vars_1.8/instance_418259v107_1.80r0.cnf,all,418259,752866,-1,-1,-1,0,836504,24156,99,wcc,6.28467,6.28726,147783680,15494545408,15642329088,-1,-1
instances/vars_1.8/instance_418259v107_1.80r0.cnf,all,418259,752866,-1,-1,-1,0,836504,24156,99,wcc_grouped,5.12329,5.12304,158269440,15484059648,15642329088,-1,-1
instances/vars_1.8/instance_418259v107_1.80r0.cnf,all,418259,752866,-1,-1,-1,0,836504,24156,99,heuristic1,26772.6,26772.9,162463744,15479865344,15642329088,100692,112794
instances/vars_1.8/instance_418259v107_1.80r0.cnf,all,418259,752866,-1,-1,-1,0,836504,24156,99,heuristic2,20865.8,20866,162463744,15479865344,15642329088,86111,98200
instances/vars_1.8/instance_418259v107_1.80r0.cnf,all,418259,752866,-1,-1,-1,0,836504,24156,99,heuristic3,49167.9,49168.6,162463744,15479865344,15642329088,87524,99605
instances/vars_1.8/instance_418259v107_1.80r0.cnf,all,418259,752866,-1,-1,-1,0,836504,24156,99,cleanup_device,1.39404,1.39117,112132096,15530196992,15642329088,-1,-1
instances/vars_1.8/instance_418259v107_1.80r0.cnf,all,418259,752866,-1,-1,-1,0,836504,24156,99,total,99863.1,-1,112132096,15530196992,15642329088,-1,-1
instances/vars_1.8/instance_4190v145_1.80r0.cnf,all,4190,7542,-1,-1,-1,0,8342,316,57,read_instance,2.01245,-1,107937792,15534391296,15642329088,-1,-1
instances/vars_1.8/instance_4190v145_1.80r0.cnf,all,4190,7542,-1,-1,-1,0,8342,316,57,alloc_graph,0.213623,0.194368,110034944,15532294144,15642329088,-1,-1
instances/vars_1.8/instance_4190v145_1.80r0.cnf,all,4190,7542,-1,-1,-1,0,8342,316,57,scc,4.84375,4.84358,112132096,15530196992,15642329088,-1,-1
instances/vars_1.8/instance_4190v145_1.80r0.cnf,all,4190,7542,-1,-1,-1,0,8342,316,57,topo_sort,1.12573,1.12525,112132096,15530196992,15642329088,-1,-1
instances/vars_1.8/instance_4190v145_1.80r0.cnf,all,4190,7542,-1,-1,-1,0,8342,316,57,backbone,5.13574,5.14115,112132096,15530196992,15642329088,-1,-1
instances/vars_1.8/instance_4190v145_1.80r0.cnf,all,4190,7542,-1,-1,-1,0,8342,316,57,wcc,0.216797,0.21584,112132096,15530196992,15642329088,-1,-1
instances/vars_1.8/instance_4190v145_1.80r0.cnf,all,4190,7542,-1,-1,-1,0,8342,316,57,wcc_grouped,1.10205,1.10182,112132096,15530196992,15642329088,-1,-1
instances/vars_1.8/instance_4190v145_1.80r0.cnf,all,4190,7542,-1,-1,-1,0,8342,316,57,heuristic1,85.4424,85.4438,112132096,15530196992,15642329088,971,1129
instances/vars_1.8/instance_4190v145_1.80r0.cnf,all,4190,7542,-1,-1,-1,0,8342,316,57,heuristic2,69.3508,69.3514,112132096,15530196992,15642329088,841,998
instances/vars_1.8/instance_4190v145_1.80r0.cnf,all,4190,7542,-1,-1,-1,0,8342,316,57,heuristic3,81.6794,81.6804,112132096,15530196992,15642329088,816,973
instances/vars_1.8/instance_4190v145_1.80r0.cnf,all,4190,7542,-1,-1,-1,0,8342,316,57,cleanup_device,0.0388184,0.038624,112132096,15530196992,15642329088,-1,-1
instances/vars_1.8/instance_4190v145_1.80r0.cnf,all,4190,7542,-1,-1,-1,0,8342,316,57,total,251.944,-1,112132096,15530196992,15642329088,-1,-1
instances/vars_1.8/instance_42185v192_1.80r0.cnf,all,42185,75933,-1,-1,-1,0,84368,2614,74,read_instance,20.2947,-1,107937792,15534391296,15642329088,-1,-1
instances/vars_1.8/instance_42185v192_1.80r0.cnf,all,42185,75933,-1,-1,-1,0,84368,2614,74,alloc_graph,0.407471,0.435712,110034944,15532294144,15642329088,-1,-1
instances/vars_1.8/instance_42185v192_1.80r0.cnf,all,42185,75933,-1,-1,-1,0,84368,2614,74,scc,4.323,4.32358,114229248,15528099840,15642329088,-1,-1
instances/vars_1.8/instance_42185v192_1.80r0.cnf,all,42185,75933,-1,-1,-1,0,84368,2614,74,topo_sort,1.41211,1.41162,114229248,15528099840,15642329088,-1,-1
instances/vars_1.8/instance_42185v192_1.80r0.cnf,all,42185,75933,-1,-1,-1,0,84368,2614,74,backbone,33.5876,33.5945,114229248,15528099840,15642329088,-1,-1
instances/vars_1.8/instance_42185v192_1.80r0.cnf,all,42185,75933,-1,-1,-1,0,84368,2614,74,wcc,0.32251,0.322592,114229248,15528099840,15642329088,-1,-1
instances/vars_1.8/instance_42185v192_1.80r0.cnf,all,42185,75933,-1,-1,-1,0,84368,2614,74,wcc_grouped,1.01733,1.01766,116326400,15526002688,15642329088,-1,-1
instances/vars_1.8/instance_42185v192_1.80r0.cnf,all,42185,75933,-1,-1,-1,0,84368,2614,74,heuristic1,982.83,982.843,116326400,15526002688,15642329088,10230,11535
instances/vars_1.8/instance_42185v192_1.80r0.cnf,all,42185,75933,-1,-1,-1,0,84368,2614,74,heuristic2,768.263,768.273,116326400,15526002688,15642329088,8645,9950
instances/vars_1.8/instance_42185v192_1.80r0.cnf,all,42185,75933,-1,-1,-1,0,84368,2614,74,heuristic3,1082.39,1082.4,116326400,15526002688,15642329088,8779,10084
instances/vars_1.8/instance_42185v192_1.80r0.cnf,all,42185,75933,-1,-1,-1,0,84368,2614,74,cleanup_device,0.460205,0.461088,112132096,15530196992,15642329088,-1,-1
instances/vars_1.8/instance_42185v192_1.80r0.cnf,all,42185,75933,-1,-1,-1,0,84368,2614,74,total,2898.08,-1,112132096,15530196992,15642329088,-1,-1
instances/vars_1.8/instance_430785v141_1.80r0.cnf,all,430785,775413,-1,-1,-1,0,861554,25050,95,read_instance,231.061,-1,107937792,15534391296,15642329088,-1,-1
instances/vars_1.8/instance_430785v141_1.80r0.cnf,all,430785,775413,-1,-1,-1,0,861554,25050,95,alloc_graph,2.46216,2.50918,118423552,15523905536,15642329088,-1,-1
instances/vars_1.8/instance_430785v141_1.80r0.cnf,all,430785,775413,-1,-1,-1,0,861554,25050,95,scc,31.7463,31.7479,135200768,15507128320,15642329088,-1,-1
instances/vars_1.8/instance_430785v141_1.80r0.cnf,all,430785,775413,-1,-1,-1,0,861554,25050,95,topo_sort,4.98511,4.98666,139395072,15502934016,15642329088,-1,-1
instances/vars_1.8/instance_430785v141_1.80r0.cnf,all,430785,775413,-1,-1,-1,0,861554,25050,95,backbone,2919.21,2919.27,143589376,15498739712,15642329088,-1,-1
instances/vars_1.8/instance_430785v141_1.80r0.cnf,all,430785,775413,-1,-1,-1,0,861554,25050,95,wcc,6.28345,6.28506,147783680,15494545408,15642329088,-1,-1
instances/vars_1.8/instance_430785v141_1.80r0.cnf,all,430785,775413,-1,-1,-1,0,861554,25050,95,wcc_grouped,5.1499,5.15082,158269440,15484059648,15642329088,-1,-1
instances/vars_1.8/instance_430785v141_1.80r0.cnf,all,430785,775413,-1,-1,-1,0,861554,25050,95,heuristic1,28168.1,28168.4,162463744,15479865344,15642329088,104079,116627
instances/vars_1.8/instance_430785v141_1.80r0.cnf,all,430785,775413,-1,-1,-1,0,861554,25050,95,heuristic2,22048.4,22048.6,162463744,15479865344,15642329088,88621,101162
instances/vars_1.8/instance_430785v141_1.80r0.cnf,all,430785,775413,-1,-1,-1,0,861554,25050,95,heuristic3,51707.7,51708.4,162463744,15479865344,15642329088,90131,102659
instances/vars_1.8/instance_430785v141_1.80r0.cnf,all,430785,775413,-1,-1,-1,0,861554,25050,95,cleanup_device,1.40405,1.40208,112132096,15530196992,15642329088,-1,-1
instances/vars_1.8/instance_430785v141_1.80r0.cnf,all,430785,775413,-1,-1,-1,0,861554,25050,95,total,105146,-1,112132096,15530196992,15642329088,-1,-1
instances/vars_1.8/instance_4387v112_1.80r0.cnf,all,4387,7897,-1,-1,-1,0,8768,264,55,read_instance,1.93677,-1,107937792,15534391296,15642329088,-1,-1
instances/vars_1.8/instance_4387v112_1.80r0.cnf,all,4387,7897,-1,-1,-1,0,8768,264,55,alloc_graph,0.202148,0.194016,110034944,15532294144,15642329088,-1,-1
instances/vars_1.8/instance_4387v112_1.80r0.cnf,all,4387,7897,-1,-1,-1,0,8768,264,55,scc,4.94922,4.95011,112132096,15530196992,15642329088,-1,-1
instances/vars_1.8/instance_4387v112_1.80r0.cnf,all,4387,7897,-1,-1,-1,0,8768,264,55,topo_sort,1.11499,1.11456,112132096,15530196992,15642329088,-1,-1
instances/vars_1.8/instance_4387v112_1.80r0.cnf,all,4387,7897,-1,-1,-1,0,8768,264,55,backbone,5.37671,5.38275,112132096,15530196992,15642329088,-1,-1
instances/vars_1.8/instance_4387v112_1.80r0.cnf,all,4387,7897,-1,-1,-1,0,8768,264,55,wcc,0.19873,0.19984,112132096,15530196992,15642329088,-1,-1
instances/vars_1.8/instance_4387v112_1.80r0.cnf,all,4387,7897,-1,-1,-1,0,8768,264,55,wcc_grouped,1.12964,1.13018,112132096,15530196992,15642329088,-1,-1
instances/vars_1.8/instance_4387v112_1.80r0.cnf,all,4387,7897,-1,-1,-1,0,8768,264,55,heuristic1,88.4263,88.4271,112132096,15530196992,15642329088,1032,1162
instances/vars_1.8/instance_4387v112_1.80r0.cnf,all,4387,7897,-1,-1,-1,0,8768,264,55,heuristic2,72.625,72.6266,112132096,15530196992,15642329088,893,1023
instances/vars_1.8/instance_4387v112_1.80r0.cnf,all,4387,7897,-1,-1,-1,0,8768,264,55,heuristic3,88.813,88.8144,112132096,15530196992,15642329088,935,1065
instances/vars_1.8/instance_4387v112_1.80r0.cnf,all,4387,7897,-1,-1,-1,0,8768,264,55,cleanup_device,0.0432129,0.04288,112132096,15530196992,15642329088,-1,-1
instances/vars_1.8/instance_4387v112_1.80r0.cnf,all,4387,7897,-1,-1,-1,0,8768,264,55,total,265.707,-1,112132096,15530196992,15642329088,-1,-1
instances/vars_1.8/instance_4420v136_1.80r0.cnf,all,4420,7956,-1,-1,-1,0,8812,260,40,read_instance,2.00269,-1,107937792,15534391296,15642329088,-1,-1
instances/vars_1.8/instance_4420v136_1.80r0.cnf,all,4420,7956,-1,-1,-1,0,8812,260,40,alloc_graph,0.198975,0.187456,110034944,15532294144,15642329088,-1,-1
instances/vars_1.8/instance_4420v136_1.80r0.cnf,all,4420,7956,-1,-1,-1,0,8812,260,40,scc,4.48755,4.48755,112132096,15530196992,15642329088,-1,-1
instances/vars_1.8/instance_4420v136_1.80r0.cnf,all,4420,7956,-1,-1,-1,0,8812,260,40,topo_sort,0.819824,0.819744,112132096,15530196992,15642329088,-1,-1
instances/vars_1.8/instance_4420v136_1.80r0.cnf,all,4420,7956,-1,-1,-1,0,8812,260,40,backbone,5.1875,5.19293,112132096,15530196992,15642329088,-1,-1
instances/vars_1.8/instance_4420v136_1.80r0.cnf,all,4420,7956,-1,-1,-1,0,8812,260,40,wcc,0.228271,0.228224,112132096,15530196992,15642329088,-1,-1
instances/vars_1.8/instance_4420v136_1.80r0.cnf,all,4420,7956,-1,-1,-1,0,8812,260,40,wcc_grouped,1.08887,1.08906,112132096,15530196992,15642329088,-1,-1
instances/vars_1.8/instance_4420v136_1.80r0.cnf,all,4420,7956,-1,-1,-1,0,8812,260,40,heuristic1,92.8989,92.9011,112132096,15530196992,15642329088,1053,1181
instances/vars_1.8/instance_4420v136_1.80r0.cnf,all,4420,7956,-1,-1,-1,0,8812,260,40,heuristic2,73.4783,73.4801,112132096,15530196992,15642329088,895,1024
instances/vars_1.8/instance_4420v136_1.80r0.cnf,all,4420,7956,-1,-1,-1,0,8812,260,40,heuristic3,89.0696,89.0708,112132096,15530196992,15642329088,925,1053
instances/vars_1.8/instance_4420v136_1.80r0.cnf,all,4420,7956,-1,-1,-1,0,8812,260,40,cleanup_device,0.041748,0.04144,112132096,15530196992,15642329088,-1,-1
instances/vars_1.8/instance_4420v136_1.80r0.cnf,all,4420,7956,-1,-1,-1,0,8812,260,40,total,270.424,-1,112132096,15530196992,15642329088,-1,-1
instances/vars_1.8/instance_44423v4_1.80r0.cnf,all,44423,79961,-1,-1,-1,0,88828,2584,56,read_instance,22.0325,-1,107937792,15534391296,15642329088,-1,-1
instances/vars_1.8/instance_44423v4_1.80r0.cnf,all,44423,79961,-1,-1,-1,0,88828,2584,56,alloc_graph,0.456543,0.489184,110034944,15532294144,15642329088,-1,-1
instances/vars_1.8/instance_44423v4_1.80r0.cnf,all,44423,79961,-1,-1,-1,0,88828,2584,56,scc,4.2583,4.25907,114229248,15528099840,15642329088,-1,-1
instances/vars_1.8/instance_44423v4_1.80r0.cnf,all,44423,79961,-1,-1,-1,0,88828,2584,56,topo_sort,1.10205,1.10115,114229248,15528099840,15642329088,-1,-1
instances/vars_1.8/instance_44423v4_1.80r0.cnf,all,44423,79961,-1,-1,-1,0,88828,2584,56,backbone,36.2383,36.2469,114229248,15528099840,15642329088,-1,-1
instances/vars_1.8/instance_44423v4_1.80r0.cnf,all,44423,79961,-1,-1,-1,0,88828,2584,56,wcc,0.373535,0.372736,114229248,15528099840,15642329088,-1,-1
instances/vars_1.8/instance_44423v4_1.80r0.cnf,all,44423,79961,-1,-1,-1,0,88828,2584,56,wcc_grouped,1.00342,1.004,116326400,15526002688,15642329088,-1,-1
instances/vars_1.8/instance_44423v4_1.80r0.cnf,all,44423,79961,-1,-1,-1,0,88828,2584,56,heuristic1,1057.3,1057.31,116326400,15526002688,15642329088,10774,12067
instances/vars_1.8/instance_44423v4_1.80r0.cnf,all,44423,79961,-1,-1,-1,0,88828,2584,56,heuristic2,836.519,836.53,116326400,15526002688,15642329088,9165,10458
instances/vars_1.8/instance_44423v4_1.80r0.cnf,all,44423,79961,-1,-1,-1,0,88828,2584,56,heuristic3,1171.37,1171.39,116326400,15526002688,15642329088,9301,10591
instances/vars_1.8/instance_44423v4_1.80r0.cnf,all,44423,79961,-1,-1,-1,0,88828,2584,56,cleanup_device,0.443604,0.442688,112132096,15530196992,15642329088,-1,-1
instances/vars_1.8/instance_44423v4_1.80r0.cnf,all,44423,79961,-1,-1,-1,0,88828,2584,56,total,3134.18,-1,112132096,15530196992,15642329088,-1,-1
instances/vars_1.8/instance_44637v110_1.80r0.cnf,all,44637,80347,-1,-1,-1,0,89272,2658,84,read_instance,21.9043,-1,107937792,15534391296,15642329088,-1,-1
instances/vars_1.8/instance_44637v110_1.80r0.cnf,all,44637,80347,-1,-1,-1,0,89272,2658,84,alloc_graph,0.464844,0.496896,110034944,15532294144,15642329088,-1,-1
instances/vars_1.8/instance_44637v110_1.80r0.cnf,all,44637,80347,-1,-1,-1,0,89272,2658,84,scc,4.67456,4.67549,114229248,15528099840,15642329088,-1,-1
instances/vars_1.8/instance_44637v110_1.80r0.cnf,all,44637,80347,-1,-1,-1,0,89272,2658,84,topo_sort,1.65405,1.65456,114229248,15528099840,15642329088,-1,-1
instances/vars_1.8/instance_44637v110_1.80r0.cnf,all,44637,80347,-1,-1,-1,0,89272,2658,84,backbone,38.0317,38.0394,114229248,15528099840,15642329088,-1,-1
instances/vars_1.8/instance_44637v110_1.80r0.cnf,all,44637,80347,-1,-1,-1,0,89272,2658,84,wcc,0.424561,0.425024,114229248,15528099840,15642329088,-1,-1
instances/vars_1.8/instance_44637v110_1.80r0.cnf,all,44637,80347,-1,-1,-1,0,89272,2658,84,wcc_grouped,0.905518,0.906048,116326400,15526002688,15642329088,-1,-1
instances/vars_1.8/instance_44637v110_1.80r0.cnf,all,44637,80347,-1,-1,-1,0,89272,2658,84,heuristic1,1034.02,1034.04,116326400,15526002688,15642329088,10755,12085
instances/vars_1.8/instance_44637v110_1.80r0.cnf,all,44637,80347,-1,-1,-1,0,89272,2658,84,heuristic2,814.927,814.936,116326400,15526002688,15642329088,9154,10485
instances/vars_1.8/instance_44637v110_1.80r0.cnf,all,44637,80347,-1,-1,-1,0,89272,2658,84,heuristic3,1169.18,1169.2,116326400,15526002688,15642329088,9261,10589
instances/vars_1.8/instance_44637v110_1.80r0.cnf,all,44637,80347,-1,-1,-1,0,89272,2658,84,cleanup_device,0.463379,0.461888,112132096,15530196992,15642329088,-1,-1
instances/vars_1.8/instance_44637v110_1.80r0.cnf,all,44637,80347,-1,-1,-1,0,89272,2658,84,total,3089.66,-1,112132096,15530196992,15642329088,-1,-1
instances/vars_1.8/instance_4493v7_1.80r0.cnf,all,4493,8087,-1,-1,-1,0,8986,286,36,read_instance,2.0813,-1,107937792,15534391296,15642329088,-1,-1
instances/vars_1.8/instance_4493v7_1.80r0.cnf,all,4493,8087,-1,-1,-1,0,8986,286,36,alloc_graph,0.214844,0.2088,110034944,15532294144,15642329088,-1,-1
instances/vars_1.8/instance_4493v7_1.80r0.cnf,all,4493,8087,-1,-1,-1,0,8986,286,36,scc,4.85376,4.85539,112132096,15530196992,15642329088,-1,-1
instances/vars_1.8/instance_4493v7_1.80r0.cnf,all,4493,8087,-1,-1,-1,0,8986,286,36,topo_sort,0.739746,0.739104,112132096,15530196992,15642329088,-1,-1
instances/vars_1.8/instance_4493v7_1.80r0.cnf,all,4493,8087,-1,-1,-1,0,8986,286,36,backbone,5.68091,5.6879,112132096,15530196992,15642329088,-1,-1
instances/vars_1.8/instance_4493v7_1.80r0.cnf,all,4493,8087,-1,-1,-1,0,8986,286,36,wcc,0.235596,0.235648,112132096,15530196992,15642329088,-1,-1
instances/vars_1.8/instance_4493v7_1.80r0.cnf,all,4493,8087,-1,-1,-1,0,8986,286,36,wcc_grouped,1.09229,1.09216,112132096,15530196992,15642329088,-1,-1
instances/vars_1.8/instance_4493v7_1.80r0.cnf,all,4493,8087,-1,-1,-1,0,8986,286,36,heuristic1,98.4722,98.4736,112132096,15530196992,15642329088,1098,1239
instances/vars_1.8/instance_4493v7_1.80r0.cnf,all,4493,8087,-1,-1,-1,0,8986,286,36,heuristic2,77.0007,77.0012,112132096,15530196992,15642329088,924,1065
instances/vars_1.8/instance_4493v7_1.80r0.cnf,all,4493,8087,-1,-1,-1,0,8986,286,36,heuristic3,92.616,92.6169,112132096,15530196992,15642329088,936,1077
instances/vars_1.8/instance_4493v7_1.80r0.cnf,all,4493,8087,-1,-1,-1,0,8986,286,36,cleanup_device,0.0493164,0.049056,112132096,15530196992,15642329088,-1,-1
instances/vars_1.8/instance_4493v7_1.80r0.cnf,all,4493,8087,-1,-1,-1,0,8986,286,36,total,283.97,-1,112132096,15530196992,15642329088,-1,-1
instances/vars_1.8/instance_452360v71_1.80r0.cnf,all,452360,814248,-1,-1,-1,0,904706,26054,81,read_instance,240.917,-1,107937792,15534391296,15642329088,-1,-1
instances/vars_1.8/instance_452360v71_1.80r0.cnf,all,452360,814248,-1,-1,-1,0,904706,26054,81,alloc_graph,2.53052,2.56531,120520704,15521808384,15642329088,-1,-1
instances/vars_1.8/instance_452360v71_1.80r0.cnf,all,452360,814248,-1,-1,-1,0,904706,26054,81,scc,31.522,31.5235,139395072,15502934016,15642329088,-1,-1
instances/vars_1.8/instance_452360v71_1.80r0.cnf,all,452360,814248,-1,-1,-1,0,904706,26054,81,topo_sort,5.00122,5.00259,143589376,15498739712,15642329088,-1,-1
instances/vars_1.8/instance_452360v71_1.80r0.cnf,all,452360,814248,-1,-1,-1,0,904706,26054,81,backbone,3187.68,3187.73,147783680,15494545408,15642329088,-1,-1
instances/vars_1.8/instance_452360v71_1.80r0.cnf,all,452360,814248,-1,-1,-1,0,904706,26054,81,wcc,7.3667,7.3687,151977984,15490351104,15642329088,-1,-1
instances/vars_1.8/instance_452360v71_1.80r0.cnf,all,452360,814248,-1,-1,-1,0,904706,26054,81,wcc_grouped,5.1272,5.12819,162463744,15479865344,15642329088,-1,-1
instances/vars_1.8/instance_452360v71_1.80r0.cnf,all,452360,814248,-1,-1,-1,0,904706,26054,81,heuristic1,31050.2,31050.6,166658048,15475671040,15642329088,109030,122082
instances/vars_1.8/instance_452360v71_1.80r0.cnf,all,452360,814248,-1,-1,-1,0,904706,26054,81,heuristic2,24241.3,24241.6,166658048,15475671040,15642329088,93091,106134
instances/vars_1.8/instance_452360v71_1.80r0.cnf,all,452360,814248,-1,-1,-1,0,904706,26054,81,heuristic3,57286.4,57287.2,166658048,15475671040,15642329088,94524,107552
instances/vars_1.8/instance_452360v71_1.80r0.cnf,all,452360,814248,-1,-1,-1,0,904706,26054,81,cleanup_device,1.56616,1.56269,112132096,15530196992,15642329088,-1,-1
instances/vars_1.8/instance_452360v71_1.80r0.cnf,all,452360,814248,-1,-1,-1,0,904706,26054,81,total,116080,-1,112132096,15530196992,15642329088,-1,-1
instances/vars_1.8/instance_454765v41_1.80r0.cnf,all,454765,818577,-1,-1,-1,0,909514,26160,107,read_instance,248.981,-1,107937792,15534391296,15642329088,-1,-1
instances/vars_1.8/instance_454765v41_1.80r0.cnf,all,454765,818577,-1,-1,-1,0,909514,26160,107,alloc_graph,2.60132,2.61952,120520704,15521808384,15642329088,-1,-1
instances/vars_1.8/instance_454765v41_1.80r0.cnf,all,454765,818577,-1,-1,-1,0,909514,26160,107,scc,44.5298,44.5318,139395072,15502934016,15642329088,-1,-1
instances/vars_1.8/instance_454765v41_1.80r0.cnf,all,454765,818577,-1,-1,-1,0,909514,26160,107,topo_sort,5.21191,5.21485,143589376,15498739712,15642329088,-1,-1
instances/vars_1.8/instance_454765v41_1.80r0.cnf,all,454765,818577,-1,-1,-1,0,909514,26160,107,backbone,3239.84,3239.9,147783680,15494545408,15642329088,-1,-1
instances/vars_1.8/instance_454765v41_1.80r0.cnf,all,454765,818577,-1,-1,-1,0,909514,26160,107,wcc,7.32129,7.32483,151977984,15490351104,15642329088,-1,-1
instances/vars_1.8/instance_454765v41_1.80r0.cnf,all,454765,818577,-1,-1,-1,0,909514,26160,107,wcc_grouped,8.28149,8.28288,162463744,15479865344,15642329088,-1,-1
instances/vars_1.8/instance_454765v41_1.80r0.cnf,all,454765,818577,-1,-1,-1,0,909514,26160,107,heuristic1,31445.1,31445.5,166658048,15475671040,15642329088,109952,123059
instances/vars_1.8/instance_454765v41_1.80r0.cnf,all,454765,818577,-1,-1,-1,0,909514,26160,107,heuristic2,24633,24633.3,166658048,15475671040,15642329088,93754,106846
instances/vars_1.8/instance_454765v41_1.80r0.cnf,all,454765,818577,-1,-1,-1,0,909514,26160,107,heuristic3,57854.3,57855,166658048,15475671040,15642329088,95090,108171
instances/vars_1.8/instance_454765v41_1.80r0.cnf,all,454765,818577,-1,-1,-1,0,909514,26160,107,cleanup_device,1.55029,1.5487,112132096,15530196992,15642329088,-1,-1
instances/vars_1.8/instance_454765v41_1.80r0.cnf,all,454765,818577,-1,-1,-1,0,909514,26160,107,total,117510,-1,112132096,15530196992,15642329088,-1,-1
instances/vars_1.8/instance_454908v73_1.80r0.cnf,all,454908,818834,-1,-1,-1,0,909772,26222,111,read_instance,262.347,-1,107937792,15534391296,15642329088,-1,-1
instances/vars_1.8/instance_454908v73_1.80r0.cnf,all,454908,818834,-1,-1,-1,0,909772,26222,111,alloc_graph,2.53467,2.55866,120520704,15521808384,15642329088,-1,-1
instances/vars_1.8/instance_454908v73_1.80r0.cnf,all,454908,818834,-1,-1,-1,0,909772,26222,111,scc,43.9434,43.9461,139395072,15502934016,15642329088,-1,-1
instances/vars_1.8/instance_454908v73_1.80r0.cnf,all,454908,818834,-1,-1,-1,0,909772,26222,111,topo_sort,5.36475,5.36525,143589376,15498739712,15642329088,-1,-1
instances/vars_1.8/instance_454908v73_1.80r0.cnf,all,454908,818834,-1,-1,-1,0,909772,26222,111,backbone,3243.83,3243.91,147783680,15494545408,15642329088,-1,-1
instances/vars_1.8/instance_454908v73_1.80r0.cnf,all,454908,818834,-1,-1,-1,0,909772,26222,111,wcc,7.30835,7.31171,151977984,15490351104,15642329088,-1,-1
instances/vars_1.8/instance_454908v73_1.80r0.cnf,all,454908,818834,-1,-1,-1,0,909772,26222,111,wcc_grouped,5.1355,5.13843,162463744,15479865344,15642329088,-1,-1
instances/vars_1.8/instance_454908v73_1.80r0.cnf,all,454908,818834,-1,-1,-1,0,909772,26222,111,heuristic1,31609.5,31609.9,166658048,15475671040,15642329088,109979,123118
instances/vars_1.8/instance_454908v73_1.80r0.cnf,all,454908,818834,-1,-1,-1,0,909772,26222,111,heuristic2,24585.8,24586.1,166658048,15475671040,15642329088,93654,106776
instances/vars_1.8/instance_454908v73_1.80r0.cnf,all,454908,818834,-1,-1,-1,0,909772,26222,111,heuristic3,58061,58061.7,166658048,15475671040,15642329088,95473,108588
instances/vars_1.8/instance_454908v73_1.80r0.cnf,all,454908,818834,-1,-1,-1,0,909772,26222,111,cleanup_device,1.52734,1.52451,112132096,15530196992,15642329088,-1,-1
instances/vars_1.8/instance_454908v73_1.80r0.cnf,all,454908,818834,-1,-1,-1,0,909772,26222,111,total,117850,-1,112132096,15530196992,15642329088,-1,-1
instances/vars_1.8/instance_456420v33_1.80r0.cnf,all,456420,821556,-1,-1,-1,0,912822,26712,101,read_instance,250.504,-1,107937792,15534391296,15642329088,-1,-1
instances/vars_1.8/instance_456420v33_1.80r0.cnf,all,456420,821556,-1,-1,-1,0,912822,26712,101,alloc_graph,2.61914,2.65043,120520704,15521808384,15642329088,-1,-1
instances/vars_1.8/instance_456420v33_1.80r0.cnf,all,456420,821556,-1,-1,-1,0,912822,26712,101,scc,37.8293,37.832,139395072,15502934016,15642329088,-1,-1
instances/vars_1.8/instance_456420v33_1.80r0.cnf,all,456420,821556,-1,-1,-1,0,912822,26712,101,topo_sort,5.17505,5.17661,143589376,15498739712,15642329088,-1,-1
instances/vars_1.8/instance_456420v33_1.80r0.cnf,all,456420,821556,-1,-1,-1,0,912822,26712,101,backbone,3266.86,3266.92,147783680,15494545408,15642329088,-1,-1
instances/vars_1.8/instance_456420v33_1.80r0.cnf,all,456420,821556,-1,-1,-1,0,912822,26712,101,wcc,6.25854,6.26074,151977984,15490351104,15642329088,-1,-1
instances/vars_1.8/instance_456420v33_1.80r0.cnf,all,456420,821556,-1,-1,-1,0,912822,26712,101,wcc_grouped,5.1355,5.13638,162463744,15479865344,15642329088,-1,-1
instances/vars_1.8/instance_456420v33_1.80r0.cnf,all,456420,821556,-1,-1,-1,0,912822,26712,101,heuristic1,31799.8,31800.2,166658048,15475671040,15642329088,110010,123391
instances/vars_1.8/instance_456420v33_1.80r0.cnf,all,456420,821556,-1,-1,-1,0,912822,26712,101,heuristic2,24788.1,24788.4,166658048,15475671040,15642329088,93882,107259
instances/vars_1.8/instance_456420v33_1.80r0.cnf,all,456420,821556,-1,-1,-1,0,912822,26712,101,heuristic3,58210.1,58210.8,166658048,15475671040,15642329088,95617,108976
instances/vars_1.8/instance_456420v33_1.80r0.cnf,all,456420,821556,-1,-1,-1,0,912822,26712,101,cleanup_device,1.56396,1.56045,112132096,15530196992,15642329088,-1,-1
instances/vars_1.8/instance_456420v33_1.80r0.cnf,all,456420,821556,-1,-1,-1,0,912822,26712,101,total,118396,-1,112132096,15530196992,15642329088,-1,-1
instances/vars_1.8/instance_4692v14_1.80r0.cnf,all,4692,8446,-1,-1,-1,0,9350,368,62,read_instance,2.43628,-1,107937792,15534391296,15642329088,-1,-1
instances/vars_1.8/instance_4692v14_1.80r0.cnf,all,4692,8446,-1,-1,-1,0,9350,368,62,alloc_graph,0.218018,0.205952,110034944,15532294144,15642329088,-1,-1
instances/vars_1.8/instance_4692v14_1.80r0.cnf,all,4692,8446,-1,-1,-1,0,9350,368,62,scc,5.00146,5.00333,112132096,15530196992,15642329088,-1,-1
instances/vars_1.8/instance_4692v14_1.80r0.cnf,all,4692,8446,-1,-1,-1,0,9350,368,62,topo_sort,1.26636,1.26653,112132096,15530196992,15642329088,-1,-1
instances/vars_1.8/instance_4692v14_1.80r0.cnf,all,4692,8446,-1,-1,-1,0,9350,368,62,backbone,5.9248,5.93219,112132096,15530196992,15642329088,-1,-1
instances/vars_1.8/instance_4692v14_1.80r0.cnf,all,4692,8446,-1,-1,-1,0,9350,368,62,wcc,0.251465,0.250496,112132096,15530196992,15642329088,-1,-1
instances/vars_1.8/instance_4692v14_1.80r0.cnf,all,4692,8446,-1,-1,-1,0,9350,368,62,wcc_grouped,1.09717,1.09792,112132096,15530196992,15642329088,-1,-1
instances/vars_1.8/instance_4692v14_1.80r0.cnf,all,4692,8446,-1,-1,-1,0,9350,368,62,heuristic1,96.7222,96.7237,112132096,15530196992,15642329088,1055,1237
instances/vars_1.8/instance_4692v14_1.80r0.cnf,all,4692,8446,-1,-1,-1,0,9350,368,62,heuristic2,77.0071,77.008,112132096,15530196992,15642329088,919,1102
instances/vars_1.8/instance_4692v14_1.80r0.cnf,all,4692,8446,-1,-1,-1,0,9350,368,62,heuristic3,92.6519,92.6528,112132096,15530196992,15642329088,943,1125
instances/vars_1.8/instance_4692v14_1.80r0.cnf,all,4692,8446,-1,-1,-1,0,9350,368,62,cleanup_device,0.0600586,0.058688,112132096,15530196992,15642329088,-1,-1
instances/vars_1.8/instance_4692v14_1.80r0.cnf,all,4692,8446,-1,-1,-1,0,9350,368,62,total,283.742,-1,112132096,15530196992,15642329088,-1,-1
instances/vars_1.8/instance_47155v196_1.80r0.cnf,all,47155,84879,-1,-1,-1,0,94282,2764,92,read_instance,24.9458,-1,107937792,15534391296,15642329088,-1,-1
instances/vars_1.8/instance_47155v196_1.80r0.cnf,all,47155,84879,-1,-1,-1,0,94282,2764,92,alloc_graph,0.59668,0.627744,110034944,15532294144,15642329088,-1,-1
instances/vars_1.8/instance_47155v196_1.80r0.cnf,all,47155,84879,-1,-1,-1,0,94282,2764,92,scc,4.80371,4.8056,116326400,15526002688,15642329088,-1,-1
instances/vars_1.8/instance_47155v196_1.80r0.cnf,all,47155,84879,-1,-1,-1,0,94282,2764,92,topo_sort,1.81787,1.81773,116326400,15526002688,15642329088,-1,-1
instances/vars_1.8/instance_47155v196_1.80r0.cnf,all,47155,84879,-1,-1,-1,0,94282,2764,92,backbone,41.7715,41.7903,116326400,15526002688,15642329088,-1,-1
instances/vars_1.8/instance_47155v196_1.80r0.cnf,all,47155,84879,-1,-1,-1,0,94282,2764,92,wcc,0.404541,0.403456,116326400,15526002688,15642329088,-1,-1
instances/vars_1.8/instance_47155v196_1.80r0.cnf,all,47155,84879,-1,-1,-1,0,94282,2764,92,wcc_grouped,0.89624,0.8952,116326400,15526002688,15642329088,-1,-1
instances/vars_1.8/instance_47155v196_1.80r0.cnf,all,47155,84879,-1,-1,-1,0,94282,2764,92,heuristic1,1111.44,1111.46,116326400,15526002688,15642329088,11324,12706
instances/vars_1.8/instance_47155v196_1.80r0.cnf,all,47155,84879,-1,-1,-1,0,94282,2764,92,heuristic2,875.042,875.065,116326400,15526002688,15642329088,9692,11072
instances/vars_1.8/instance_47155v196_1.80r0.cnf,all,47155,84879,-1,-1,-1,0,94282,2764,92,heuristic3,1267.46,1267.48,116326400,15526002688,15642329088,9895,11275
instances/vars_1.8/instance_47155v196_1.80r0.cnf,all,47155,84879,-1,-1,-1,0,94282,2764,92,cleanup_device,0.24707,0.247104,112132096,15530196992,15642329088,-1,-1
instances/vars_1.8/instance_47155v196_1.80r0.cnf,all,47155,84879,-1,-1,-1,0,94282,2764,92,total,3332.71,-1,112132096,15530196992,15642329088,-1,-1
instances/vars_1.8/instance_475621v179_1.80r0.cnf,all,475621,856118,-1,-1,-1,0,951212,27476,109,read_instance,271.998,-1,107937792,15534391296,15642329088,-1,-1
instances/vars_1.8/instance_475621v179_1.80r0.cnf,all,475621,856118,-1,-1,-1,0,951212,27476,109,alloc_graph,2.72754,2.74314,120520704,15521808384,15642329088,-1,-1
instances/vars_1.8/instance_475621v179_1.80r0.cnf,all,475621,856118,-1,-1,-1,0,951212,27476,109,scc,36.353,36.354,139395072,15502934016,15642329088,-1,-1
instances/vars_1.8/instance_475621v179_1.80r0.cnf,all,475621,856118,-1,-1,-1,0,951212,27476,109,topo_sort,5.44604,5.44768,143589376,15498739712,15642329088,-1,-1
instances/vars_1.8/instance_475621v179_1.80r0.cnf,all,475621,856118,-1,-1,-1,0,951212,27476,109,backbone,3528.46,3528.52,147783680,15494545408,15642329088,-1,-1
instances/vars_1.8/instance_475621v179_1.80r0.cnf,all,475621,856118,-1,-1,-1,0,951212,27476,109,wcc,8.40063,8.40112,151977984,15490351104,15642329088,-1,-1
instances/vars_1.8/instance_475621v179_1.80r0.cnf,all,475621,856118,-1,-1,-1,0,951212,27476,109,wcc_grouped,5.1123,5.11549,162463744,15479865344,15642329088,-1,-1
instances/vars_1.8/instance_475621v179_1.80r0.cnf,all,475621,856118,-1,-1,-1,0,951212,27476,109,heuristic1,34344.6,34345,166658048,15475671040,15642329088,114613,128378
instances/vars_1.8/instance_475621v179_1.80r0.cnf,all,475621,856118,-1,-1,-1,0,951212,27476,109,heuristic2,26957.5,26957.9,166658048,15475671040,15642329088,98143,111904
instances/vars_1.8/instance_475621v179_1.80r0.cnf,all,475621,856118,-1,-1,-1,0,951212,27476,109,heuristic3,62978.8,62979.7,166658048,15475671040,15642329088,99676,113418
instances/vars_1.8/instance_475621v179_1.80r0.cnf,all,475621,856118,-1,-1,-1,0,951212,27476,109,cleanup_device,1.57666,1.57462,112132096,15530196992,15642329088,-1,-1
instances/vars_1.8/instance_475621v179_1.80r0.cnf,all,475621,856118,-1,-1,-1,0,951212,27476,109,total,128162,-1,112132096,15530196992,15642329088,-1,-1
instances/vars_1.8/instance_4778v17_1.80r0.cnf,all,4778,8600,-1,-1,-1,0,9534,336,87,read_instance,2.58081,-1,107937792,15534391296,15642329088,-1,-1
instances/vars_1.8/instance_4778v17_1.80r0.cnf,all,4778,8600,-1,-1,-1,0,9534,336,87,alloc_graph,0.208984,0.200192,110034944,15532294144,15642329088,-1,-1
instances/vars_1.8/instance_4778v17_1.80r0.cnf,all,4778,8600,-1,-1,-1,0,9534,336,87,scc,5.33203,5.33347,112132096,15530196992,15642329088,-1,-1
instances/vars_1.8/instance_4778v17_1.80r0.cnf,all,4778,8600,-1,-1,-1,0,9534,336,87,topo_sort,1.68701,1.68691,112132096,15530196992,15642329088,-1,-1
instances/vars_1.8/instance_4778v17_1.80r0.cnf,all,4778,8600,-1,-1,-1,0,9534,336,87,backbone,5.95581,5.9623,112132096,15530196992,15642329088,-1,-1
instances/vars_1.8/instance_4778v17_1.80r0.cnf,all,4778,8600,-1,-1,-1,0,9534,336,87,wcc,0.230225,0.22992,112132096,15530196992,15642329088,-1,-1
instances/vars_1.8/instance_4778v17_1.80r0.cnf,all,4778,8600,-1,-1,-1,0,9534,336,87,wcc_grouped,1.09155,1.09158,112132096,15530196992,15642329088,-1,-1
instances/vars_1.8/instance_4778v17_1.80r0.cnf,all,4778,8600,-1,-1,-1,0,9534,336,87,heuristic1,103.682,103.685,112132096,15530196992,15642329088,1145,1311
instances/vars_1.8/instance_4778v17_1.80r0.cnf,all,4778,8600,-1,-1,-1,0,9534,336,87,heuristic2,83.6309,83.632,112132096,15530196992,15642329088,970,1136
instances/vars_1.8/instance_4778v17_1.80r0.cnf,all,4778,8600,-1,-1,-1,0,9534,336,87,heuristic3,94.5181,94.5201,112132096,15530196992,15642329088,950,1116
instances/vars_1.8/instance_4778v17_1.80r0.cnf,all,4778,8600,-1,-1,-1,0,9534,336,87,cleanup_device,0.0446777,0.043968,112132096,15530196992,15642329088,-1,-1
instances/vars_1.8/instance_4778v17_1.80r0.cnf,all,4778,8600,-1,-1,-1,0,9534,336,87,total,300.026,-1,112132096,15530196992,15642329088,-1,-1
instances/vars_1.8/instance_486520v46_1.80r0.cnf,all,486520,875736,-1,-1,-1,0,973038,28056,106,read_instance,282.137,-1,107937792,15534391296,15642329088,-1,-1
instances/vars_1.8/instance_486520v46_1.80r0.cnf,all,486520,875736,-1,-1,-1,0,973038,28056,106,alloc_graph,2.70972,2.7287,120520704,15521808384,15642329088,-1,-1
instances/vars_1.8/instance_486520v46_1.80r0.cnf,all,486520,875736,-1,-1,-1,0,973038,28056,106,scc,44.0098,44.0125,139395072,15502934016,15642329088,-1,-1
instances/vars_1.8/instance_486520v46_1.80r0.cnf,all,486520,875736,-1,-1,-1,0,973038,28056,106,topo_sort,5.5166,5.51738,143589376,15498739712,15642329088,-1,-1
instances/vars_1.8/instance_486520v46_1.80r0.cnf,all,486520,875736,-1,-1,-1,0,973038,28056,106,backbone,3690.67,3690.74,147783680,15494545408,15642329088,-1,-1
instances/vars_1.8/instance_486520v46_1.80r0.cnf,all,486520,875736,-1,-1,-1,0,973038,28056,106,wcc,7.38818,7.39251,151977984,15490351104,15642329088,-1,-1
instances/vars_1.8/instance_486520v46_1.80r0.cnf,all,486520,875736,-1,-1,-1,0,973038,28056,106,wcc_grouped,5.05396,5.0544,162463744,15479865344,15642329088,-1,-1
instances/vars_1.8/instance_486520v46_1.80r0.cnf,all,486520,875736,-1,-1,-1,0,973038,28056,106,heuristic1,35658.9,35659.3,166658048,15475671040,15642329088,117433,131486
instances/vars_1.8/instance_486520v46_1.80r0.cnf,all,486520,875736,-1,-1,-1,0,973038,28056,106,heuristic2,27732.7,27733,166658048,15475671040,15642329088,100047,114089
instances/vars_1.8/instance_486520v46_1.80r0.cnf,all,486520,875736,-1,-1,-1,0,973038,28056,106,heuristic3,65633.8,65634.7,166658048,15475671040,15642329088,102096,116126
instances/vars_1.8/instance_486520v46_1.80r0.cnf,all,486520,875736,-1,-1,-1,0,973038,28056,106,cleanup_device,1.53931,1.54787,112132096,15530196992,15642329088,-1,-1
instances/vars_1.8/instance_486520v46_1.80r0.cnf,all,486520,875736,-1,-1,-1,0,973038,28056,106,total,133086,-1,112132096,15530196992,15642329088,-1,-1
instances/vars_1.8/instance_49092v24_1.80r0.cnf,all,49092,88366,-1,-1,-1,0,98158,2920,65,read_instance,24.2839,-1,107937792,15534391296,15642329088,-1,-1
instances/vars_1.8/instance_49092v24_1.80r0.cnf,all,49092,88366,-1,-1,-1,0,98158,2920,65,alloc_graph,0.455811,0.501824,110034944,15532294144,15642329088,-1,-1
instances/vars_1.8/instance_49092v24_1.80r0.cnf,all,49092,88366,-1,-1,-1,0,98158,2920,65,scc,4.4834,4.48365,116326400,15526002688,15642329088,-1,-1
instances/vars_1.8/instance_49092v24_1.80r0.cnf,all,49092,88366,-1,-1,-1,0,98158,2920,65,topo_sort,1.34839,1.34778,116326400,15526002688,15642329088,-1,-1
instances/vars_1.8/instance_49092v24_1.80r0.cnf,all,49092,88366,-1,-1,-1,0,98158,2920,65,backbone,44.5803,44.5976,116326400,15526002688,15642329088,-1,-1
instances/vars_1.8/instance_49092v24_1.80r0.cnf,all,49092,88366,-1,-1,-1,0,98158,2920,65,wcc,0.412842,0.413504,116326400,15526002688,15642329088,-1,-1
instances/vars_1.8/instance_49092v24_1.80r0.cnf,all,49092,88366,-1,-1,-1,0,98158,2920,65,wcc_grouped,0.884766,0.885184,116326400,15526002688,15642329088,-1,-1
instances/vars_1.8/instance_49092v24_1.80r0.cnf,all,49092,88366,-1,-1,-1,0,98158,2920,65,heuristic1,1141.76,1141.78,116326400,15526002688,15642329088,11708,13172
instances/vars_1.8/instance_49092v24_1.80r0.cnf,all,49092,88366,-1,-1,-1,0,98158,2920,65,heuristic2,904.047,904.06,116326400,15526002688,15642329088,10003,11463
instances/vars_1.8/instance_49092v24_1.80r0.cnf,all,49092,88366,-1,-1,-1,0,98158,2920,65,heuristic3,1301.79,1301.81,116326400,15526002688,15642329088,10133,11591
instances/vars_1.8/instance_49092v24_1.80r0.cnf,all,49092,88366,-1,-1,-1,0,98158,2920,65,cleanup_device,0.22876,0.228736,112132096,15530196992,15642329088,-1,-1
instances/vars_1.8/instance_49092v24_1.80r0.cnf,all,49092,88366,-1,-1,-1,0,98158,2920,65,total,3427.31,-1,112132096,15530196992,15642329088,-1,-1
instances/vars_1.8/instance_49606v181_1.80r0.cnf,all,49606,89291,-1,-1,-1,0,99198,2962,132,read_instance,25.8044,-1,107937792,15534391296,15642329088,-1,-1
instances/vars_1.8/instance_49606v181_1.80r0.cnf,all,49606,89291,-1,-1,-1,0,99198,2962,132,alloc_graph,0.559814,0.597024,110034944,15532294144,15642329088,-1,-1
instances/vars_1.8/instance_49606v181_1.80r0.cnf,all,49606,89291,-1,-1,-1,0,99198,2962,132,scc,4.79443,4.79555,116326400,15526002688,15642329088,-1,-1
instances/vars_1.8/instance_49606v181_1.80r0.cnf,all,49606,89291,-1,-1,-1,0,99198,2962,132,topo_sort,2.52563,2.52563,116326400,15526002688,15642329088,-1,-1
instances/vars_1.8/instance_49606v181_1.80r0.cnf,all,49606,89291,-1,-1,-1,0,99198,2962,132,backbone,46.6111,46.6249,116326400,15526002688,15642329088,-1,-1
instances/vars_1.8/instance_49606v181_1.80r0.cnf,all,49606,89291,-1,-1,-1,0,99198,2962,132,wcc,0.40332,0.401632,116326400,15526002688,15642329088,-1,-1
instances/vars_1.8/instance_49606v181_1.80r0.cnf,all,49606,89291,-1,-1,-1,0,99198,2962,132,wcc_grouped,0.88916,0.888832,116326400,15526002688,15642329088,-1,-1
instances/vars_1.8/instance_49606v181_1.80r0.cnf,all,49606,89291,-1,-1,-1,0,99198,2962,132,heuristic1,1161.81,1161.83,116326400,15526002688,15642329088,11916,13397
instances/vars_1.8/instance_49606v181_1.80r0.cnf,all,49606,89291,-1,-1,-1,0,99198,2962,132,heuristic2,905.265,905.278,116326400,15526002688,15642329088,10131,11611
instances/vars_1.8/instance_49606v181_1.80r0.cnf,all,49606,89291,-1,-1,-1,0,99198,2962,132,heuristic3,1315.25,1315.27,116326400,15526002688,15642329088,10294,11773
instances/vars_1.8/instance_49606v181_1.80r0.cnf,all,49606,89291,-1,-1,-1,0,99198,2962,132,cleanup_device,0.24585,0.245504,112132096,15530196992,15642329088,-1,-1
instances/vars_1.8/instance_49606v181_1.80r0.cnf,all,49606,89291,-1,-1,-1,0,99198,2962,132,total,3467.45,-1,112132096,15530196992,15642329088,-1,-1
instances/vars_1.8/instance_496535v160_1.80r0.cnf,all,496535,893763,-1,-1,-1,0,993070,28480,131,read_instance,272.038,-1,107937792,15534391296,15642329088,-1,-1
instances/vars_1.8/instance_496535v160_1.80r0.cnf,all,496535,893763,-1,-1,-1,0,993070,28480,131,alloc_graph,2.75879,2.80182,120520704,15521808384,15642329088,-1,-1
instances/vars_1.8/instance_496535v160_1.80r0.cnf,all,496535,893763,-1,-1,-1,0,993070,28480,131,scc,46.2288,46.2302,139395072,15502934016,15642329088,-1,-1
instances/vars_1.8/instance_496535v160_1.80r0.cnf,all,496535,893763,-1,-1,-1,0,993070,28480,131,topo_sort,6.14111,6.1423,143589376,15498739712,15642329088,-1,-1
instances/vars_1.8/instance_496535v160_1.80r0.cnf,all,496535,893763,-1,-1,-1,0,993070,28480,131,backbone,3853.95,3854.01,147783680,15494545408,15642329088,-1,-1
instances/vars_1.8/instance_496535v160_1.80r0.cnf,all,496535,893763,-1,-1,-1,0,993070,28480,131,wcc,7.32617,7.32979,151977984,15490351104,15642329088,-1,-1
instances/vars_1.8/instance_496535v160_1.80r0.cnf,all,496535,893763,-1,-1,-1,0,993070,28480,131,wcc_grouped,5.12598,5.12765,162463744,15479865344,15642329088,-1,-1
instances/vars_1.8/instance_496535v160_1.80r0.cnf,all,496535,893763,-1,-1,-1,0,993070,28480,131,heuristic1,37179.1,37179.6,166658048,15475671040,15642329088,120054,134321
instances/vars_1.8/instance_496535v160_1.80r0.cnf,all,496535,893763,-1,-1,-1,0,993070,28480,131,heuristic2,28887.6,28888,166658048,15475671040,15642329088,102121,116385
instances/vars_1.8/instance_496535v160_1.80r0.cnf,all,496535,893763,-1,-1,-1,0,993070,28480,131,heuristic3,67372.2,67373.1,166658048,15475671040,15642329088,103980,118224
instances/vars_1.8/instance_496535v160_1.80r0.cnf,all,496535,893763,-1,-1,-1,0,993070,28480,131,cleanup_device,1.51904,1.51498,112132096,15530196992,15642329088,-1,-1
instances/vars_1.8/instance_496535v160_1.80r0.cnf,all,496535,893763,-1,-1,-1,0,993070,28480,131,total,137657,-1,112132096,15530196992,15642329088,-1,-1
instances/vars_1.8/instance_5033v8_1.80r0.cnf,all,5033,9059,-1,-1,-1,0,10064,324,53,read_instance,2.38477,-1,107937792,15534391296,15642329088,-1,-1
instances/vars_1.8/instance_5033v8_1.80r0.cnf,all,5033,9059,-1,-1,-1,0,10064,324,53,alloc_graph,0.206787,0.20672,110034944,15532294144,15642329088,-1,-1
instances/vars_1.8/instance_5033v8_1.80r0.cnf,all,5033,9059,-1,-1,-1,0,10064,324,53,scc,4.68677,4.68794,112132096,15530196992,15642329088,-1,-1
instances/vars_1.8/instance_5033v8_1.80r0.cnf,all,5033,9059,-1,-1,-1,0,10064,324,53,topo_sort,1.04199,1.04138,112132096,15530196992,15642329088,-1,-1
instances/vars_1.8/instance_5033v8_1.80r0.cnf,all,5033,9059,-1,-1,-1,0,10064,324,53,backbone,5.54077,5.54499,112132096,15530196992,15642329088,-1,-1
instances/vars_1.8/instance_5033v8_1.80r0.cnf,all,5033,9059,-1,-1,-1,0,10064,324,53,wcc,0.236084,0.235648,112132096,15530196992,15642329088,-1,-1
instances/vars_1.8/instance_5033v8_1.80r0.cnf,all,5033,9059,-1,-1,-1,0,10064,324,53,wcc_grouped,1.12231,1.12272,112132096,15530196992,15642329088,-1,-1
instances/vars_1.8/instance_5033v8_1.80r0.cnf,all,5033,9059,-1,-1,-1,0,10064,324,53,heuristic1,106.543,106.546,112132096,15530196992,15642329088,1197,1357
instances/vars_1.8/instance_5033v8_1.80r0.cnf,all,5033,9059,-1,-1,-1,0,10064,324,53,heuristic2,82.6868,82.6882,112132096,15530196992,15642329088,1001,1161
instances/vars_1.8/instance_5033v8_1.80r0.cnf,all,5033,9059,-1,-1,-1,0,10064,324,53,heuristic3,98.0398,98.0414,112132096,15530196992,15642329088,1026,1186
instances/vars_1.8/instance_5033v8_1.80r0.cnf,all,5033,9059,-1,-1,-1,0,10064,324,53,cleanup_device,0.0466309,0.046016,112132096,15530196992,15642329088,-1,-1
instances/vars_1.8/instance_5033v8_1.80r0.cnf,all,5033,9059,-1,-1,-1,0,10064,324,53,total,303.525,-1,112132096,15530196992,15642329088,-1,-1
instances/vars_1.8/instance_516290v153_1.80r0.cnf,all,516290,929322,-1,-1,-1,0,1032576,29912,129,read_instance,286.974,-1,107937792,15534391296,15642329088,-1,-1
instances/vars_1.8/instance_516290v153_1.80r0.cnf,all,516290,929322,-1,-1,-1,0,1032576,29912,129,alloc_graph,2.92847,2.97174,120520704,15521808384,15642329088,-1,-1
instances/vars_1.8/instance_516290v153_1.80r0.cnf,all,516290,929322,-1,-1,-1,0,1032576,29912,129,scc,45.9041,45.9071,139395072,15502934016,15642329088,-1,-1
instances/vars_1.8/instance_516290v153_1.80r0.cnf,all,516290,929322,-1,-1,-1,0,1032576,29912,129,topo_sort,6.37451,6.37654,143589376,15498739712,15642329088,-1,-1
instances/vars_1.8/instance_516290v153_1.80r0.cnf,all,516290,929322,-1,-1,-1,0,1032576,29912,129,backbone,4129.25,4129.32,147783680,15494545408,15642329088,-1,-1
instances/vars_1.8/instance_516290v153_1.80r0.cnf,all,516290,929322,-1,-1,-1,0,1032576,29912,129,wcc,9.4668,9.46838,151977984,15490351104,15642329088,-1,-1
instances/vars_1.8/instance_516290v153_1.80r0.cnf,all,516290,929322,-1,-1,-1,0,1032576,29912,129,wcc_grouped,5.14722,5.15072,162463744,15479865344,15642329088,-1,-1
instances/vars_1.8/instance_516290v153_1.80r0.cnf,all,516290,929322,-1,-1,-1,0,1032576,29912,129,heuristic1,39576.7,39577.2,166658048,15475671040,15642329088,124230,139207
instances/vars_1.8/instance_516290v153_1.80r0.cnf,all,516290,929322,-1,-1,-1,0,1032576,29912,129,heuristic2,31084.8,31085.2,166658048,15475671040,15642329088,106274,121249
instances/vars_1.8/instance_516290v153_1.80r0.cnf,all,516290,929322,-1,-1,-1,0,1032576,29912,129,heuristic3,73054.3,73055.2,166658048,15475671040,15642329088,108260,123216
instances/vars_1.8/instance_516290v153_1.80r0.cnf,all,516290,929322,-1,-1,-1,0,1032576,29912,129,cleanup_device,1.55225,1.55162,112132096,15530196992,15642329088,-1,-1
instances/vars_1.8/instance_516290v153_1.80r0.cnf,all,516290,929322,-1,-1,-1,0,1032576,29912,129,total,148227,-1,112132096,15530196992,15642329088,-1,-1
instances/vars_1.8/instance_51699v69_1.80r0.cnf,all,51699,93058,-1,-1,-1,0,103394,3054,101,read_instance,26.0835,-1,107937792,15534391296,15642329088,-1,-1
instances/vars_1.8/instance_51699v69_1.80r0.cnf,all,51699,93058,-1,-1,-1,0,103394,3054,101,alloc_graph,0.554932,0.592192,110034944,15532294144,15642329088,-1,-1
instances/vars_1.8/instance_51699v69_1.80r0.cnf,all,51699,93058,-1,-1,-1,0,103394,3054,101,scc,4.82422,4.8256,116326400,15526002688,15642329088,-1,-1
instances/vars_1.8/instance_51699v69_1.80r0.cnf,all,51699,93058,-1,-1,-1,0,103394,3054,101,topo_sort,1.98486,1.98502,116326400,15526002688,15642329088,-1,-1
instances/vars_1.8/instance_51699v69_1.80r0.cnf,all,51699,93058,-1,-1,-1,0,103394,3054,101,backbone,48.9441,48.9559,116326400,15526002688,15642329088,-1,-1
instances/vars_1.8/instance_51699v69_1.80r0.cnf,all,51699,93058,-1,-1,-1,0,103394,3054,101,wcc,0.40625,0.405504,116326400,15526002688,15642329088,-1,-1
instances/vars_1.8/instance_51699v69_1.80r0.cnf,all,51699,93058,-1,-1,-1,0,103394,3054,101,wcc_grouped,0.953613,0.95424,116326400,15526002688,15642329088,-1,-1
instances/vars_1.8/instance_51699v69_1.80r0.cnf,all,51699,93058,-1,-1,-1,0,103394,3054,101,heuristic1,1217.8,1217.82,116326400,15526002688,15642329088,12389,13919
instances/vars_1.8/instance_51699v69_1.80r0.cnf,all,51699,93058,-1,-1,-1,0,103394,3054,101,heuristic2,977.546,977.559,116326400,15526002688,15642329088,10671,12197
instances/vars_1.8/instance_51699v69_1.80r0.cnf,all,51699,93058,-1,-1,-1,0,103394,3054,101,heuristic3,1439.35,1439.38,116326400,15526002688,15642329088,10789,12314
instances/vars_1.8/instance_51699v69_1.80r0.cnf,all,51699,93058,-1,-1,-1,0,103394,3054,101,cleanup_device,0.176758,0.173504,114229248,15528099840,15642329088,-1,-1
instances/vars_1.8/instance_51699v69_1.80r0.cnf,all,51699,93058,-1,-1,-1,0,103394,3054,101,total,3721.93,-1,114229248,15528099840,15642329088,-1,-1
instances/vars_1.8/instance_5193v97_1.80r0.cnf,all,5193,9347,-1,-1,-1,0,10366,340,42,read_instance,2.44287,-1,107937792,15534391296,15642329088,-1,-1
instances/vars_1.8/instance_5193v97_1.80r0.cnf,all,5193,9347,-1,-1,-1,0,10366,340,42,alloc_graph,0.300049,0.268608,110034944,15532294144,15642329088,-1,-1
instances/vars_1.8/instance_5193v97_1.80r0.cnf,all,5193,9347,-1,-1,-1,0,10366,340,42,scc,4.88135,4.88262,112132096,15530196992,15642329088,-1,-1
instances/vars_1.8/instance_5193v97_1.80r0.cnf,all,5193,9347,-1,-1,-1,0,10366,340,42,topo_sort,0.855469,0.854688,112132096,15530196992,15642329088,-1,-1
instances/vars_1.8/instance_5193v97_1.80r0.cnf,all,5193,9347,-1,-1,-1,0,10366,340,42,backbone,5.81909,5.82586,112132096,15530196992,15642329088,-1,-1
instances/vars_1.8/instance_5193v97_1.80r0.cnf,all,5193,9347,-1,-1,-1,0,10366,340,42,wcc,0.293701,0.293184,112132096,15530196992,15642329088,-1,-1
instances/vars_1.8/instance_5193v97_1.80r0.cnf,all,5193,9347,-1,-1,-1,0,10366,340,42,wcc_grouped,1.0459,1.0463,112132096,15530196992,15642329088,-1,-1
instances/vars_1.8/instance_5193v97_1.80r0.cnf,all,5193,9347,-1,-1,-1,0,10366,340,42,heuristic1,108.392,108.395,112132096,15530196992,15642329088,1241,1409
instances/vars_1.8/instance_5193v97_1.80r0.cnf,all,5193,9347,-1,-1,-1,0,10366,340,42,heuristic2,89.2114,89.2123,112132096,15530196992,15642329088,1073,1241
instances/vars_1.8/instance_5193v97_1.80r0.cnf,all,5193,9347,-1,-1,-1,0,10366,340,42,heuristic3,103.776,103.779,112132096,15530196992,15642329088,1084,1252
instances/vars_1.8/instance_5193v97_1.80r0.cnf,all,5193,9347,-1,-1,-1,0,10366,340,42,cleanup_device,0.041748,0.041184,112132096,15530196992,15642329088,-1,-1
instances/vars_1.8/instance_5193v97_1.80r0.cnf,all,5193,9347,-1,-1,-1,0,10366,340,42,total,318.073,-1,112132096,15530196992,15642329088,-1,-1
instances/vars_1.8/instance_521885v199_1.80r0.cnf,all,521885,939393,-1,-1,-1,0,1043770,30170,101,read_instance,277.64,-1,107937792,15534391296,15642329088,-1,-1
instances/vars_1.8/instance_521885v199_1.80r0.cnf,all,521885,939393,-1,-1,-1,0,1043770,30170,101,alloc_graph,2.91089,2.95034,120520704,15521808384,15642329088,-1,-1
instances/vars_1.8/instance_521885v199_1.80r0.cnf,all,521885,939393,-1,-1,-1,0,1043770,30170,101,scc,42.2625,42.2641,139395072,15502934016,15642329088,-1,-1
instances/vars_1.8/instance_521885v199_1.80r0.cnf,all,521885,939393,-1,-1,-1,0,1043770,30170,101,topo_sort,6.34326,6.3457,143589376,15498739712,15642329088,-1,-1
instances/vars_1.8/instance_521885v199_1.80r0.cnf,all,521885,939393,-1,-1,-1,0,1043770,30170,101,backbone,4268.05,4268.12,147783680,15494545408,15642329088,-1,-1
instances/vars_1.8/instance_521885v199_1.80r0.cnf,all,521885,939393,-1,-1,-1,0,1043770,30170,101,wcc,9.47046,9.47418,151977984,15490351104,15642329088,-1,-1
instances/vars_1.8/instance_521885v199_1.80r0.cnf,all,521885,939393,-1,-1,-1,0,1043770,30170,101,wcc_grouped,5.12842,5.12867,162463744,15479865344,15642329088,-1,-1
instances/vars_1.8/instance_521885v199_1.80r0.cnf,all,521885,939393,-1,-1,-1,0,1043770,30170,101,heuristic1,40696.8,40697.3,166658048,15475671040,15642329088,126214,141332
instances/vars_1.8/instance_521885v199_1.80r0.cnf,all,521885,939393,-1,-1,-1,0,1043770,30170,101,heuristic2,31839.3,31839.7,166658048,15475671040,15642329088,107680,122779
instances/vars_1.8/instance_521885v199_1.80r0.cnf,all,521885,939393,-1,-1,-1,0,1043770,30170,101,heuristic3,74835.4,74836.4,166658048,15475671040,15642329088,109287,124373
instances/vars_1.8/instance_521885v199_1.80r0.cnf,all,521885,939393,-1,-1,-1,0,1043770,30170,101,cleanup_device,1.5459,1.54378,112132096,15530196992,15642329088,-1,-1
instances/vars_1.8/instance_521885v199_1.80r0.cnf,all,521885,939393,-1,-1,-1,0,1043770,30170,101,total,152008,-1,112132096,15530196992,15642329088,-1,-1
instances/vars_1.8/instance_5272v101_1.80r0.cnf,all,5272,9490,-1,-1,-1,0,10544,378,80,read_instance,2.65259,-1,107937792,15534391296,15642329088,-1,-1
instances/vars_1.8/instance_5272v101_1.80r0.cnf,all,5272,9490,-1,-1,-1,0,10544,378,80,alloc_graph,0.215332,0.206656,110034944,15532294144,15642329088,-1,-1
instances/vars_1.8/instance_5272v101_1.80r0.cnf,all,5272,9490,-1,-1,-1,0,10544,378,80,scc,4.86987,4.87158,112132096,15530196992,15642329088,-1,-1
instances/vars_1.8/instance_5272v101_1.80r0.cnf,all,5272,9490,-1,-1,-1,0,10544,378,80,topo_sort,1.59937,1.59869,112132096,15530196992,15642329088,-1,-1
instances/vars_1.8/instance_5272v101_1.80r0.cnf,all,5272,9490,-1,-1,-1,0,10544,378,80,backbone,5.98853,5.99523,112132096,15530196992,15642329088,-1,-1
instances/vars_1.8/instance_5272v101_1.80r0.cnf,all,5272,9490,-1,-1,-1,0,10544,378,80,wcc,0.229492,0.229152,112132096,15530196992,15642329088,-1,-1
instances/vars_1.8/instance_5272v101_1.80r0.cnf,all,5272,9490,-1,-1,-1,0,10544,378,80,wcc_grouped,1.11426,1.11411,112132096,15530196992,15642329088,-1,-1
instances/vars_1.8/instance_5272v101_1.80r0.cnf,all,5272,9490,-1,-1,-1,0,10544,378,80,heuristic1,111.08,111.081,112132096,15530196992,15642329088,1242,1429
instances/vars_1.8/instance_5272v101_1.80r0.cnf,all,5272,9490,-1,-1,-1,0,10544,378,80,heuristic2,90.999,91.0004,112132096,15530196992,15642329088,1086,1273
instances/vars_1.8/instance_5272v101_1.80r0.cnf,all,5272,9490,-1,-1,-1,0,10544,378,80,heuristic3,100.309,100.311,112132096,15530196992,15642329088,1040,1227
instances/vars_1.8/instance_5272v101_1.80r0.cnf,all,5272,9490,-1,-1,-1,0,10544,378,80,cleanup_device,0.0407715,0.040512,112132096,15530196992,15642329088,-1,-1
instances/vars_1.8/instance_5272v101_1.80r0.cnf,all,5272,9490,-1,-1,-1,0,10544,378,80,total,320.02,-1,112132096,15530196992,15642329088,-1,-1
instances/vars_1.8/instance_5318v175_1.80r0.cnf,all,5318,9572,-1,-1,-1,0,10636,358,49,read_instance,2.74683,-1,107937792,15534391296,15642329088,-1,-1
instances/vars_1.8/instance_5318v175_1.80r0.cnf,all,5318,9572,-1,-1,-1,0,10636,358,49,alloc_graph,0.201904,0.192032,110034944,15532294144,15642329088,-1,-1
instances/vars_1.8/instance_5318v175_1.80r0.cnf,all,5318,9572,-1,-1,-1,0,10636,358,49,scc,4.66406,4.66595,112132096,15530196992,15642329088,-1,-1
instances/vars_1.8/instance_5318v175_1.80r0.cnf,all,5318,9572,-1,-1,-1,0,10636,358,49,topo_sort,0.994141,0.993984,112132096,15530196992,15642329088,-1,-1
instances/vars_1.8/instance_5318v175_1.80r0.cnf,all,5318,9572,-1,-1,-1,0,10636,358,49,backbone,5.8811,5.88726,112132096,15530196992,15642329088,-1,-1
instances/vars_1.8/instance_5318v175_1.80r0.cnf,all,5318,9572,-1,-1,-1,0,10636,358,49,wcc,0.233643,0.233888,112132096,15530196992,15642329088,-1,-1
instances/vars_1.8/instance_5318v175_1.80r0.cnf,all,5318,9572,-1,-1,-1,0,10636,358,49,wcc_grouped,1.09082,1.09126,112132096,15530196992,15642329088,-1,-1
instances/vars_1.8/instance_5318v175_1.80r0.cnf,all,5318,9572,-1,-1,-1,0,10636,358,49,heuristic1,114.208,114.21,112132096,15530196992,15642329088,1253,1431
instances/vars_1.8/instance_5318v175_1.80r0.cnf,all,5318,9572,-1,-1,-1,0,10636,358,49,heuristic2,91.3013,91.3014,112132096,15530196992,15642329088,1095,1272
instances/vars_1.8/instance_5318v175_1.80r0.cnf,all,5318,9572,-1,-1,-1,0,10636,358,49,heuristic3,109.558,109.56,112132096,15530196992,15642329088,1119,1296
instances/vars_1.8/instance_5318v175_1.80r0.cnf,all,5318,9572,-1,-1,-1,0,10636,358,49,cleanup_device,0.0419922,0.041472,112132096,15530196992,15642329088,-1,-1
instances/vars_1.8/instance_5318v175_1.80r0.cnf,all,5318,9572,-1,-1,-1,0,10636,358,49,total,331.897,-1,112132096,15530196992,15642329088,-1,-1
instances/vars_1.8/instance_5327v143_1.80r0.cnf,all,5327,9589,-1,-1,-1,0,10654,346,45,read_instance,2.68311,-1,107937792,15534391296,15642329088,-1,-1
instances/vars_1.8/instance_5327v143_1.80r0.cnf,all,5327,9589,-1,-1,-1,0,10654,346,45,alloc_graph,0.209717,0.20128,110034944,15532294144,15642329088,-1,-1
instances/vars_1.8/instance_5327v143_1.80r0.cnf,all,5327,9589,-1,-1,-1,0,10654,346,45,scc,4.55298,4.55459,112132096,15530196992,15642329088,-1,-1
instances/vars_1.8/instance_5327v143_1.80r0.cnf,all,5327,9589,-1,-1,-1,0,10654,346,45,topo_sort,0.915039,0.906496,112132096,15530196992,15642329088,-1,-1
instances/vars_1.8/instance_5327v143_1.80r0.cnf,all,5327,9589,-1,-1,-1,0,10654,346,45,backbone,5.90576,5.91059,112132096,15530196992,15642329088,-1,-1
instances/vars_1.8/instance_5327v143_1.80r0.cnf,all,5327,9589,-1,-1,-1,0,10654,346,45,wcc,0.242432,0.242592,112132096,15530196992,15642329088,-1,-1
instances/vars_1.8/instance_5327v143_1.80r0.cnf,all,5327,9589,-1,-1,-1,0,10654,346,45,wcc_grouped,1.08887,1.0879,112132096,15530196992,15642329088,-1,-1
instances/vars_1.8/instance_5327v143_1.80r0.cnf,all,5327,9589,-1,-1,-1,0,10654,346,45,heuristic1,115.08,115.082,112132096,15530196992,15642329088,1290,1461
instances/vars_1.8/instance_5327v143_1.80r0.cnf,all,5327,9589,-1,-1,-1,0,10654,346,45,heuristic2,92.4907,92.4916,112132096,15530196992,15642329088,1110,1281
instances/vars_1.8/instance_5327v143_1.80r0.cnf,all,5327,9589,-1,-1,-1,0,10654,346,45,heuristic3,111.052,111.055,112132096,15530196992,15642329088,1131,1302
instances/vars_1.8/instance_5327v143_1.80r0.cnf,all,5327,9589,-1,-1,-1,0,10654,346,45,cleanup_device,0.0395508,0.039264,112132096,15530196992,15642329088,-1,-1
instances/vars_1.8/instance_5327v143_1.80r0.cnf,all,5327,9589,-1,-1,-1,0,10654,346,45,total,335.201,-1,112132096,15530196992,15642329088,-1,-1
instances/vars_1.8/instance_54666v127_1.80r0.cnf,all,54666,98399,-1,-1,-1,0,109320,3198,109,read_instance,28.5532,-1,107937792,15534391296,15642329088,-1,-1
instances/vars_1.8/instance_54666v127_1.80r0.cnf,all,54666,98399,-1,-1,-1,0,109320,3198,109,alloc_graph,0.578613,0.624192,110034944,15532294144,15642329088,-1,-1
instances/vars_1.8/instance_54666v127_1.80r0.cnf,all,54666,98399,-1,-1,-1,0,109320,3198,109,scc,5.00073,5.00157,116326400,15526002688,15642329088,-1,-1
instances/vars_1.8/instance_54666v127_1.80r0.cnf,all,54666,98399,-1,-1,-1,0,109320,3198,109,topo_sort,2.14673,2.14656,116326400,15526002688,15642329088,-1,-1
instances/vars_1.8/instance_54666v127_1.80r0.cnf,all,54666,98399,-1,-1,-1,0,109320,3198,109,backbone,54.2351,54.2464,116326400,15526002688,15642329088,-1,-1
instances/vars_1.8/instance_54666v127_1.80r0.cnf,all,54666,98399,-1,-1,-1,0,109320,3198,109,wcc,0.407715,0.406976,116326400,15526002688,15642329088,-1,-1
instances/vars_1.8/instance_54666v127_1.80r0.cnf,all,54666,98399,-1,-1,-1,0,109320,3198,109,wcc_grouped,2.7168,2.71878,116326400,15526002688,15642329088,-1,-1
instances/vars_1.8/instance_54666v127_1.80r0.cnf,all,54666,98399,-1,-1,-1,0,109320,3198,109,heuristic1,1283.59,1283.61,118423552,15523905536,15642329088,13241,14842
instances/vars_1.8/instance_54666v127_1.80r0.cnf,all,54666,98399,-1,-1,-1,0,109320,3198,109,heuristic2,1025.93,1025.94,118423552,15523905536,15642329088,11317,12914
instances/vars_1.8/instance_54666v127_1.80r0.cnf,all,54666,98399,-1,-1,-1,0,109320,3198,109,heuristic3,1518.16,1518.18,118423552,15523905536,15642329088,11444,13041
instances/vars_1.8/instance_54666v127_1.80r0.cnf,all,54666,98399,-1,-1,-1,0,109320,3198,109,cleanup_device,0.1875,0.183552,112132096,15530196992,15642329088,-1,-1
instances/vars_1.8/instance_54666v127_1.80r0.cnf,all,54666,98399,-1,-1,-1,0,109320,3198,109,total,3925.4,-1,112132096,15530196992,15642329088,-1,-1
instances/vars_1.8/instance_54676v170_1.80r0.cnf,all,54676,98417,-1,-1,-1,0,109334,3212,74,read_instance,28.9175,-1,107937792,15534391296,15642329088,-1,-1
instances/vars_1.8/instance_54676v170_1.80r0.cnf,all,54676,98417,-1,-1,-1,0,109334,3212,74,alloc_graph,0.55542,0.602528,110034944,15532294144,15642329088,-1,-1
instances/vars_1.8/instance_54676v170_1.80r0.cnf,all,54676,98417,-1,-1,-1,0,109334,3212,74,scc,5.09692,5.09766,116326400,15526002688,15642329088,-1,-1
instances/vars_1.8/instance_54676v170_1.80r0.cnf,all,54676,98417,-1,-1,-1,0,109334,3212,74,topo_sort,1.49072,1.49062,116326400,15526002688,15642329088,-1,-1
instances/vars_1.8/instance_54676v170_1.80r0.cnf,all,54676,98417,-1,-1,-1,0,109334,3212,74,backbone,54.6863,54.6992,116326400,15526002688,15642329088,-1,-1
instances/vars_1.8/instance_54676v170_1.80r0.cnf,all,54676,98417,-1,-1,-1,0,109334,3212,74,wcc,0.405762,0.405344,116326400,15526002688,15642329088,-1,-1
instances/vars_1.8/instance_54676v170_1.80r0.cnf,all,54676,98417,-1,-1,-1,0,109334,3212,74,wcc_grouped,2.70239,2.70477,116326400,15526002688,15642329088,-1,-1
instances/vars_1.8/instance_54676v170_1.80r0.cnf,all,54676,98417,-1,-1,-1,0,109334,3212,74,heuristic1,1312.43,1312.45,118423552,15523905536,15642329088,13205,14813
instances/vars_1.8/instance_54676v170_1.80r0.cnf,all,54676,98417,-1,-1,-1,0,109334,3212,74,heuristic2,1049.39,1049.4,118423552,15523905536,15642329088,11197,12807
instances/vars_1.8/instance_54676v170_1.80r0.cnf,all,54676,98417,-1,-1,-1,0,109334,3212,74,heuristic3,1568.7,1568.72,118423552,15523905536,15642329088,11422,13028
instances/vars_1.8/instance_54676v170_1.80r0.cnf,all,54676,98417,-1,-1,-1,0,109334,3212,74,cleanup_device,0.20166,0.196064,112132096,15530196992,15642329088,-1,-1
instances/vars_1.8/instance_54676v170_1.80r0.cnf,all,54676,98417,-1,-1,-1,0,109334,3212,74,total,4028.54,-1,112132096,15530196992,15642329088,-1,-1
instances/vars_1.8/instance_55494v30_1.80r0.cnf,all,55494,99889,-1,-1,-1,0,110988,3280,79,read_instance,28.2266,-1,107937792,15534391296,15642329088,-1,-1
instances/vars_1.8/instance_55494v30_1.80r0.cnf,all,55494,99889,-1,-1,-1,0,110988,3280,79,alloc_graph,0.540283,0.595296,110034944,15532294144,15642329088,-1,-1
instances/vars_1.8/instance_55494v30_1.80r0.cnf,all,55494,99889,-1,-1,-1,0,110988,3280,79,scc,4.89014,4.89139,116326400,15526002688,15642329088,-1,-1
instances/vars_1.8/instance_55494v30_1.80r0.cnf,all,55494,99889,-1,-1,-1,0,110988,3280,79,topo_sort,1.5835,1.58253,116326400,15526002688,15642329088,-1,-1
instances/vars_1.8/instance_55494v30_1.80r0.cnf,all,55494,99889,-1,-1,-1,0,110988,3280,79,backbone,55.0835,55.0935,116326400,15526002688,15642329088,-1,-1
instances/vars_1.8/instance_55494v30_1.80r0.cnf,all,55494,99889,-1,-1,-1,0,110988,3280,79,wcc,0.370117,0.370432,116326400,15526002688,15642329088,-1,-1
instances/vars_1.8/instance_55494v30_1.80r0.cnf,all,55494,99889,-1,-1,-1,0,110988,3280,79,wcc_grouped,2.75708,2.75907,116326400,15526002688,15642329088,-1,-1
instances/vars_1.8/instance_55494v30_1.80r0.cnf,all,55494,99889,-1,-1,-1,0,110988,3280,79,heuristic1,1326.41,1326.43,118423552,15523905536,15642329088,13481,15121
instances/vars_1.8/instance_55494v30_1.80r0.cnf,all,55494,99889,-1,-1,-1,0,110988,3280,79,heuristic2,1037.17,1037.19,118423552,15523905536,15642329088,11418,13058
instances/vars_1.8/instance_55494v30_1.80r0.cnf,all,55494,99889,-1,-1,-1,0,110988,3280,79,heuristic3,1546.95,1546.97,118423552,15523905536,15642329088,11507,13146
instances/vars_1.8/instance_55494v30_1.80r0.cnf,all,55494,99889,-1,-1,-1,0,110988,3280,79,cleanup_device,0.177734,0.174656,112132096,15530196992,15642329088,-1,-1
instances/vars_1.8/instance_55494v30_1.80r0.cnf,all,55494,99889,-1,-1,-1,0,110988,3280,79,total,4007.93,-1,112132096,15530196992,15642329088,-1,-1
instances/vars_1.8/instance_559851v139_1.80r0.cnf,all,559851,1007732,-1,-1,-1,0,1119634,32164,105,read_instance,304.421,-1,107937792,15534391296,15642329088,-1,-1
instances/vars_1.8/instance_559851v139_1.80r0.cnf,all,559851,1007732,-1,-1,-1,0,1119634,32164,105,alloc_graph,3.17773,3.20605,122617856,15519711232,15642329088,-1,-1
instances/vars_1.8/instance_559851v139_1.80r0.cnf,all,559851,1007732,-1,-1,-1,0,1119634,32164,105,scc,61.5076,61.5108,145686528,15496642560,15642329088,-1,-1
instances/vars_1.8/instance_559851v139_1.80r0.cnf,all,559851,1007732,-1,-1,-1,0,1119634,32164,105,topo_sort,6.4292,6.42989,151977984,15490351104,15642329088,-1,-1
instances/vars_1.8/instance_559851v139_1.80r0.cnf,all,559851,1007732,-1,-1,-1,0,1119634,32164,105,backbone,4897.68,4897.76,158269440,15484059648,15642329088,-1,-1
instances/vars_1.8/instance_559851v139_1.80r0.cnf,all,559851,1007732,-1,-1,-1,0,1119634,32164,105,wcc,9.44751,9.45142,164560896,15477768192,15642329088,-1,-1
instances/vars_1.8/instance_559851v139_1.80r0.cnf,all,559851,1007732,-1,-1,-1,0,1119634,32164,105,wcc_grouped,5.10425,5.10566,179240960,15463088128,15642329088,-1,-1
instances/vars_1.8/instance_559851v139_1.80r0.cnf,all,559851,1007732,-1,-1,-1,0,1119634,32164,105,heuristic1,46707.3,46707.9,185532416,15456796672,15642329088,135325,151439
instances/vars_1.8/instance_559851v139_1.80r0.cnf,all,559851,1007732,-1,-1,-1,0,1119634,32164,105,heuristic2,36301.9,36302.3,185532416,15456796672,15642329088,115468,131571
instances/vars_1.8/instance_559851v139_1.80r0.cnf,all,559851,1007732,-1,-1,-1,0,1119634,32164,105,heuristic3,84890.9,84892,185532416,15456796672,15642329088,117550,133632
instances/vars_1.8/instance_559851v139_1.80r0.cnf,all,559851,1007732,-1,-1,-1,0,1119634,32164,105,cleanup_device,1.91968,1.9177,112132096,15530196992,15642329088,-1,-1
instances/vars_1.8/instance_559851v139_1.80r0.cnf,all,559851,1007732,-1,-1,-1,0,1119634,32164,105,total,173214,-1,112132096,15530196992,15642329088,-1,-1
instances/vars_1.8/instance_56439v39_1.80r0.cnf,all,56439,101590,-1,-1,-1,0,112878,3376,81,read_instance,44.7603,-1,107937792,15534391296,15642329088,-1,-1
instances/vars_1.8/instance_56439v39_1.80r0.cnf,all,56439,101590,-1,-1,-1,0,112878,3376,81,alloc_graph,0.703857,0.735456,110034944,15532294144,15642329088,-1,-1
instances/vars_1.8/instance_56439v39_1.80r0.cnf,all,56439,101590,-1,-1,-1,0,112878,3376,81,scc,6.72949,6.73024,116326400,15526002688,15642329088,-1,-1
instances/vars_1.8/instance_56439v39_1.80r0.cnf,all,56439,101590,-1,-1,-1,0,112878,3376,81,topo_sort,1.83472,1.83475,116326400,15526002688,15642329088,-1,-1
instances/vars_1.8/instance_56439v39_1.80r0.cnf,all,56439,101590,-1,-1,-1,0,112878,3376,81,backbone,57.3457,57.359,116326400,15526002688,15642329088,-1,-1
instances/vars_1.8/instance_56439v39_1.80r0.cnf,all,56439,101590,-1,-1,-1,0,112878,3376,81,wcc,0.413574,0.413504,116326400,15526002688,15642329088,-1,-1
instances/vars_1.8/instance_56439v39_1.80r0.cnf,all,56439,101590,-1,-1,-1,0,112878,3376,81,wcc_grouped,2.68896,2.69104,116326400,15526002688,15642329088,-1,-1
instances/vars_1.8/instance_56439v39_1.80r0.cnf,all,56439,101590,-1,-1,-1,0,112878,3376,81,heuristic1,1348.94,1348.96,118423552,15523905536,15642329088,13700,15391
instances/vars_1.8/instance_56439v39_1.80r0.cnf,all,56439,101590,-1,-1,-1,0,112878,3376,81,heuristic2,1051.43,1051.44,118423552,15523905536,15642329088,11535,13224
instances/vars_1.8/instance_56439v39_1.80r0.cnf,all,56439,101590,-1,-1,-1,0,112878,3376,81,heuristic3,1596.69,1596.71,118423552,15523905536,15642329088,11756,13443
instances/vars_1.8/instance_56439v39_1.80r0.cnf,all,56439,101590,-1,-1,-1,0,112878,3376,81,cleanup_device,0.194336,0.190496,112132096,15530196992,15642329088,-1,-1
instances/vars_1.8/instance_56439v39_1.80r0.cnf,all,56439,101590,-1,-1,-1,0,112878,3376,81,total,4115.74,-1,112132096,15530196992,15642329088,-1,-1
instances/vars_1.8/instance_56492v113_1.80r0.cnf,all,56492,101686,-1,-1,-1,0,112984,3410,89,read_instance,28.2407,-1,107937792,15534391296,15642329088,-1,-1
instances/vars_1.8/instance_56492v113_1.80r0.cnf,all,56492,101686,-1,-1,-1,0,112984,3410,89,alloc_graph,0.517822,0.570624,110034944,15532294144,15642329088,-1,-1
instances/vars_1.8/instance_56492v113_1.80r0.cnf,all,56492,101686,-1,-1,-1,0,112984,3410,89,scc,4.9187,4.91955,116326400,15526002688,15642329088,-1,-1
instances/vars_1.8/instance_56492v113_1.80r0.cnf,all,56492,101686,-1,-1,-1,0,112984,3410,89,topo_sort,1.79419,1.78512,116326400,15526002688,15642329088,-1,-1
instances/vars_1.8/instance_56492v113_1.80r0.cnf,all,56492,101686,-1,-1,-1,0,112984,3410,89,backbone,57.4189,57.4265,116326400,15526002688,15642329088,-1,-1
instances/vars_1.8/instance_56492v113_1.80r0.cnf,all,56492,101686,-1,-1,-1,0,112984,3410,89,wcc,0.376709,0.376448,116326400,15526002688,15642329088,-1,-1
instances/vars_1.8/instance_56492v113_1.80r0.cnf,all,56492,101686,-1,-1,-1,0,112984,3410,89,wcc_grouped,2.75537,2.75661,116326400,15526002688,15642329088,-1,-1
instances/vars_1.8/instance_56492v113_1.80r0.cnf,all,56492,101686,-1,-1,-1,0,112984,3410,89,heuristic1,1332.97,1332.99,118423552,15523905536,15642329088,13516,15222
instances/vars_1.8/instance_56492v113_1.80r0.cnf,all,56492,101686,-1,-1,-1,0,112984,3410,89,heuristic2,1044.7,1044.71,118423552,15523905536,15642329088,11524,13230
instances/vars_1.8/instance_56492v113_1.80r0.cnf,all,56492,101686,-1,-1,-1,0,112984,3410,89,heuristic3,1587.71,1587.73,118423552,15523905536,15642329088,11664,13367
instances/vars_1.8/instance_56492v113_1.80r0.cnf,all,56492,101686,-1,-1,-1,0,112984,3410,89,cleanup_device,0.187988,0.182944,112132096,15530196992,15642329088,-1,-1
instances/vars_1.8/instance_56492v113_1.80r0.cnf,all,56492,101686,-1,-1,-1,0,112984,3410,89,total,4065.56,-1,112132096,15530196992,15642329088,-1,-1
instances/vars_1.8/instance_5663v149_1.80r0.cnf,all,5663,10193,-1,-1,-1,0,11310,380,62,read_instance,2.80981,-1,107937792,15534391296,15642329088,-1,-1
instances/vars_1.8/instance_5663v149_1.80r0.cnf,all,5663,10193,-1,-1,-1,0,11310,380,62,alloc_graph,0.199463,0.188864,110034944,15532294144,15642329088,-1,-1
instances/vars_1.8/instance_5663v149_1.80r0.cnf,all,5663,10193,-1,-1,-1,0,11310,380,62,scc,4.74878,4.75085,112132096,15530196992,15642329088,-1,-1
instances/vars_1.8/instance_5663v149_1.80r0.cnf,all,5663,10193,-1,-1,-1,0,11310,380,62,topo_sort,1.22388,1.22422,112132096,15530196992,15642329088,-1,-1
instances/vars_1.8/instance_5663v149_1.80r0.cnf,all,5663,10193,-1,-1,-1,0,11310,380,62,backbone,5.75171,5.75898,112132096,15530196992,15642329088,-1,-1
instances/vars_1.8/instance_5663v149_1.80r0.cnf,all,5663,10193,-1,-1,-1,0,11310,380,62,wcc,0.248779,0.248832,112132096,15530196992,15642329088,-1,-1
instances/vars_1.8/instance_5663v149_1.80r0.cnf,all,5663,10193,-1,-1,-1,0,11310,380,62,wcc_grouped,1.07178,1.07238,112132096,15530196992,15642329088,-1,-1
instances/vars_1.8/instance_5663v149_1.80r0.cnf,all,5663,10193,-1,-1,-1,0,11310,380,62,heuristic1,121.654,121.656,112132096,15530196992,15642329088,1371,1559
instances/vars_1.8/instance_5663v149_1.80r0.cnf,all,5663,10193,-1,-1,-1,0,11310,380,62,heuristic2,96.2983,96.2991,112132096,15530196992,15642329088,1129,1317
instances/vars_1.8/instance_5663v149_1.80r0.cnf,all,5663,10193,-1,-1,-1,0,11310,380,62,heuristic3,117.786,117.789,112132096,15530196992,15642329088,1169,1357
instances/vars_1.8/instance_5663v149_1.80r0.cnf,all,5663,10193,-1,-1,-1,0,11310,380,62,cleanup_device,0.0412598,0.040352,112132096,15530196992,15642329088,-1,-1
instances/vars_1.8/instance_5663v149_1.80r0.cnf,all,5663,10193,-1,-1,-1,0,11310,380,62,total,352.79,-1,112132096,15530196992,15642329088,-1,-1
instances/vars_1.8/instance_587342v177_1.80r0.cnf,all,587342,1057216,-1,-1,-1,0,1174680,33828,97,read_instance,334.901,-1,107937792,15534391296,15642329088,-1,-1
instances/vars_1.8/instance_587342v177_1.80r0.cnf,all,587342,1057216,-1,-1,-1,0,1174680,33828,97,alloc_graph,3.1333,3.18746,124715008,15517614080,15642329088,-1,-1
instances/vars_1.8/instance_587342v177_1.80r0.cnf,all,587342,1057216,-1,-1,-1,0,1174680,33828,97,scc,55.7087,55.712,149880832,15492448256,15642329088,-1,-1
instances/vars_1.8/instance_587342v177_1.80r0.cnf,all,587342,1057216,-1,-1,-1,0,1174680,33828,97,topo_sort,6.66382,6.66595,156172288,15486156800,15642329088,-1,-1
instances/vars_1.8/instance_587342v177_1.80r0.cnf,all,587342,1057216,-1,-1,-1,0,1174680,33828,97,backbone,5334.15,5334.23,162463744,15479865344,15642329088,-1,-1
instances/vars_1.8/instance_587342v177_1.80r0.cnf,all,587342,1057216,-1,-1,-1,0,1174680,33828,97,wcc,9.42163,9.424,168755200,15473573888,15642329088,-1,-1
instances/vars_1.8/instance_587342v177_1.80r0.cnf,all,587342,1057216,-1,-1,-1,0,1174680,33828,97,wcc_grouped,5.13599,5.1385,183435264,15458893824,15642329088,-1,-1
instances/vars_1.8/instance_587342v177_1.80r0.cnf,all,587342,1057216,-1,-1,-1,0,1174680,33828,97,heuristic1,50601.1,50601.7,189726720,15452602368,15642329088,141935,158873
instances/vars_1.8/instance_587342v177_1.80r0.cnf,all,587342,1057216,-1,-1,-1,0,1174680,33828,97,heuristic2,39305,39305.5,189726720,15452602368,15642329088,121282,138213
instances/vars_1.8/instance_587342v177_1.80r0.cnf,all,587342,1057216,-1,-1,-1,0,1174680,33828,97,heuristic3,91025.7,91026.9,189726720,15452602368,15642329088,122980,139897
instances/vars_1.8/instance_587342v177_1.80r0.cnf,all,587342,1057216,-1,-1,-1,0,1174680,33828,97,cleanup_device,2.00537,2.00131,112132096,15530196992,15642329088,-1,-1
instances/vars_1.8/instance_587342v177_1.80r0.cnf,all,587342,1057216,-1,-1,-1,0,1174680,33828,97,total,186707,-1,112132096,15530196992,15642329088,-1,-1
instances/vars_1.8/instance_5891v84_1.80r0.cnf,all,5891,10604,-1,-1,-1,0,11780,426,45,read_instance,2.8877,-1,107937792,15534391296,15642329088,-1,-1
instances/vars_1.8/instance_5891v84_1.80r0.cnf,all,5891,10604,-1,-1,-1,0,11780,426,45,alloc_graph,0.197021,0.187968,110034944,15532294144,15642329088,-1,-1
instances/vars_1.8/instance_5891v84_1.80r0.cnf,all,5891,10604,-1,-1,-1,0,11780,426,45,scc,4.7749,4.77613,112132096,15530196992,15642329088,-1,-1
instances/vars_1.8/instance_5891v84_1.80r0.cnf,all,5891,10604,-1,-1,-1,0,11780,426,45,topo_sort,0.899414,0.898624,112132096,15530196992,15642329088,-1,-1
instances/vars_1.8/instance_5891v84_1.80r0.cnf,all,5891,10604,-1,-1,-1,0,11780,426,45,backbone,5.69067,5.69651,112132096,15530196992,15642329088,-1,-1
instances/vars_1.8/instance_5891v84_1.80r0.cnf,all,5891,10604,-1,-1,-1,0,11780,426,45,wcc,0.25415,0.25456,112132096,15530196992,15642329088,-1,-1
instances/vars_1.8/instance_5891v84_1.80r0.cnf,all,5891,10604,-1,-1,-1,0,11780,426,45,wcc_grouped,1.04883,1.04723,112132096,15530196992,15642329088,-1,-1
instances/vars_1.8/instance_5891v84_1.80r0.cnf,all,5891,10604,-1,-1,-1,0,11780,426,45,heuristic1,124.031,124.032,112132096,15530196992,15642329088,1412,1626
instances/vars_1.8/instance_5891v84_1.80r0.cnf,all,5891,10604,-1,-1,-1,0,11780,426,45,heuristic2,98.0669,98.0674,112132096,15530196992,15642329088,1183,1394
instances/vars_1.8/instance_5891v84_1.80r0.cnf,all,5891,10604,-1,-1,-1,0,11780,426,45,heuristic3,115.639,115.641,112132096,15530196992,15642329088,1203,1414
instances/vars_1.8/instance_5891v84_1.80r0.cnf,all,5891,10604,-1,-1,-1,0,11780,426,45,cleanup_device,0.0429688,0.042528,112132096,15530196992,15642329088,-1,-1
instances/vars_1.8/instance_5891v84_1.80r0.cnf,all,5891,10604,-1,-1,-1,0,11780,426,45,total,354.51,-1,112132096,15530196992,15642329088,-1,-1
instances/vars_1.8/instance_589638v103_1.80r0.cnf,all,589638,1061348,-1,-1,-1,0,1179260,34130,120,read_instance,330.918,-1,107937792,15534391296,15642329088,-1,-1
instances/vars_1.8/instance_589638v103_1.80r0.cnf,all,589638,1061348,-1,-1,-1,0,1179260,34130,120,alloc_graph,3.16846,3.2216,124715008,15517614080,15642329088,-1,-1
instances/vars_1.8/instance_589638v103_1.80r0.cnf,all,589638,1061348,-1,-1,-1,0,1179260,34130,120,scc,55.0493,55.0531,149880832,15492448256,15642329088,-1,-1
instances/vars_1.8/instance_589638v103_1.80r0.cnf,all,589638,1061348,-1,-1,-1,0,1179260,34130,120,topo_sort,7.19189,7.19408,156172288,15486156800,15642329088,-1,-1
instances/vars_1.8/instance_589638v103_1.80r0.cnf,all,589638,1061348,-1,-1,-1,0,1179260,34130,120,backbone,5389.8,5389.88,162463744,15479865344,15642329088,-1,-1
instances/vars_1.8/instance_589638v103_1.80r0.cnf,all,589638,1061348,-1,-1,-1,0,1179260,34130,120,wcc,9.43066,9.4319,168755200,15473573888,15642329088,-1,-1
instances/vars_1.8/instance_589638v103_1.80r0.cnf,all,589638,1061348,-1,-1,-1,0,1179260,34130,120,wcc_grouped,5.12793,5.12819,183435264,15458893824,15642329088,-1,-1
instances/vars_1.8/instance_589638v103_1.80r0.cnf,all,589638,1061348,-1,-1,-1,0,1179260,34130,120,heuristic1,50878.3,50878.9,189726720,15452602368,15642329088,141941,159026
instances/vars_1.8/instance_589638v103_1.80r0.cnf,all,589638,1061348,-1,-1,-1,0,1179260,34130,120,heuristic2,39530.3,39530.8,189726720,15452602368,15642329088,121138,138224
instances/vars_1.8/instance_589638v103_1.80r0.cnf,all,589638,1061348,-1,-1,-1,0,1179260,34130,120,heuristic3,92104.8,92106,189726720,15452602368,15642329088,123315,140382
instances/vars_1.8/instance_589638v103_1.80r0.cnf,all,589638,1061348,-1,-1,-1,0,1179260,34130,120,cleanup_device,1.98071,1.97677,112132096,15530196992,15642329088,-1,-1
instances/vars_1.8/instance_589638v103_1.80r0.cnf,all,589638,1061348,-1,-1,-1,0,1179260,34130,120,total,188340,-1,112132096,15530196992,15642329088,-1,-1
instances/vars_1.8/instance_591446v61_1.80r0.cnf,all,591446,1064603,-1,-1,-1,0,1182890,33964,94,read_instance,339.496,-1,107937792,15534391296,15642329088,-1,-1
instances/vars_1.8/instance_591446v61_1.80r0.cnf,all,591446,1064603,-1,-1,-1,0,1182890,33964,94,alloc_graph,3.25977,3.30701,124715008,15517614080,15642329088,-1,-1
instances/vars_1.8/instance_591446v61_1.80r0.cnf,all,591446,1064603,-1,-1,-1,0,1182890,33964,94,scc,51.4849,51.4869,149880832,15492448256,15642329088,-1,-1
instances/vars_1.8/instance_591446v61_1.80r0.cnf,all,591446,1064603,-1,-1,-1,0,1182890,33964,94,topo_sort,6.66919,6.67222,156172288,15486156800,15642329088,-1,-1
instances/vars_1.8/instance_591446v61_1.80r0.cnf,all,591446,1064603,-1,-1,-1,0,1182890,33964,94,backbone,5427.23,5427.32,162463744,15479865344,15642329088,-1,-1
instances/vars_1.8/instance_591446v61_1.80r0.cnf,all,591446,1064603,-1,-1,-1,0,1182890,33964,94,wcc,10.5232,10.526,168755200,15473573888,15642329088,-1,-1
instances/vars_1.8/instance_591446v61_1.80r0.cnf,all,591446,1064603,-1,-1,-1,0,1182890,33964,94,wcc_grouped,5.11255,5.11386,183435264,15458893824,15642329088,-1,-1
instances/vars_1.8/instance_591446v61_1.80r0.cnf,all,591446,1064603,-1,-1,-1,0,1182890,33964,94,heuristic1,51934.1,51934.8,189726720,15452602368,15642329088,142476,159486
instances/vars_1.8/instance_591446v61_1.80r0.cnf,all,591446,1064603,-1,-1,-1,0,1182890,33964,94,heuristic2,39996.5,39997,189726720,15452602368,15642329088,122123,139119
instances/vars_1.8/instance_591446v61_1.80r0.cnf,all,591446,1064603,-1,-1,-1,0,1182890,33964,94,heuristic3,92534.7,92535.9,189726720,15452602368,15642329088,123879,140865
instances/vars_1.8/instance_591446v61_1.80r0.cnf,all,591446,1064603,-1,-1,-1,0,1182890,33964,94,cleanup_device,1.98633,1.98195,112132096,15530196992,15642329088,-1,-1
instances/vars_1.8/instance_591446v61_1.80r0.cnf,all,591446,1064603,-1,-1,-1,0,1182890,33964,94,total,190337,-1,112132096,15530196992,15642329088,-1,-1
instances/vars_1.8/instance_596453v109_1.80r0.cnf,all,596453,1073615,-1,-1,-1,0,1192890,34516,105,read_instance,335.092,-1,107937792,15534391296,15642329088,-1,-1
instances/vars_1.8/instance_596453v109_1.80r0.cnf,all,596453,1073615,-1,-1,-1,0,1192890,34516,105,alloc_graph,3.19653,3.23248,124715008,15517614080,15642329088,-1,-1
instances/vars_1.8/instance_596453v109_1.80r0.cnf,all,596453,1073615,-1,-1,-1,0,1192890,34516,105,scc,60.595,60.596,149880832,15492448256,15642329088,-1,-1
instances/vars_1.8/instance_596453v109_1.80r0.cnf,all,596453,1073615,-1,-1,-1,0,1192890,34516,105,topo_sort,7.04614,7.04771,156172288,15486156800,15642329088,-1,-1
instances/vars_1.8/instance_596453v109_1.80r0.cnf,all,596453,1073615,-1,-1,-1,0,1192890,34516,105,backbone,5540.86,5540.95,162463744,15479865344,15642329088,-1,-1
instances/vars_1.8/instance_596453v109_1.80r0.cnf,all,596453,1073615,-1,-1,-1,0,1192890,34516,105,wcc,9.44409,9.44675,168755200,15473573888,15642329088,-1,-1
instances/vars_1.8/instance_596453v109_1.80r0.cnf,all,596453,1073615,-1,-1,-1,0,1192890,34516,105,wcc_grouped,5.09644,5.09773,183435264,15458893824,15642329088,-1,-1
instances/vars_1.8/instance_596453v109_1.80r0.cnf,all,596453,1073615,-1,-1,-1,0,1192890,34516,105,heuristic1,52160.9,52161.5,189726720,15452602368,15642329088,143783,161073
instances/vars_1.8/instance_596453v109_1.80r0.cnf,all,596453,1073615,-1,-1,-1,0,1192890,34516,105,heuristic2,40549.6,40550.2,189726720,15452602368,15642329088,122947,140220
instances/vars_1.8/instance_596453v109_1.80r0.cnf,all,596453,1073615,-1,-1,-1,0,1192890,34516,105,heuristic3,94346,94347.3,189726720,15452602368,15642329088,124923,142183
instances/vars_1.8/instance_596453v109_1.80r0.cnf,all,596453,1073615,-1,-1,-1,0,1192890,34516,105,cleanup_device,1.97705,1.97318,112132096,15530196992,15642329088,-1,-1
instances/vars_1.8/instance_596453v109_1.80r0.cnf,all,596453,1073615,-1,-1,-1,0,1192890,34516,105,total,193045,-1,112132096,15530196992,15642329088,-1,-1
instances/vars_1.8/instance_596494v50_1.80r0.cnf,all,596494,1073689,-1,-1,-1,0,1192970,34362,96,read_instance,330.16,-1,107937792,15534391296,15642329088,-1,-1
instances/vars_1.8/instance_596494v50_1.80r0.cnf,all,596494,1073689,-1,-1,-1,0,1192970,34362,96,alloc_graph,3.22852,3.26806,124715008,15517614080,15642329088,-1,-1
instances/vars_1.8/instance_596494v50_1.80r0.cnf,all,596494,1073689,-1,-1,-1,0,1192970,34362,96,scc,56.4475,56.4506,149880832,15492448256,15642329088,-1,-1
instances/vars_1.8/instance_596494v50_1.80r0.cnf,all,596494,1073689,-1,-1,-1,0,1192970,34362,96,topo_sort,6.71997,6.72211,156172288,15486156800,15642329088,-1,-1
instances/vars_1.8/instance_596494v50_1.80r0.cnf,all,596494,1073689,-1,-1,-1,0,1192970,34362,96,backbone,5519.16,5519.25,162463744,15479865344,15642329088,-1,-1
instances/vars_1.8/instance_596494v50_1.80r0.cnf,all,596494,1073689,-1,-1,-1,0,1192970,34362,96,wcc,9.44604,9.44931,168755200,15473573888,15642329088,-1,-1
instances/vars_1.8/instance_596494v50_1.80r0.cnf,all,596494,1073689,-1,-1,-1,0,1192970,34362,96,wcc_grouped,5.09985,5.10058,183435264,15458893824,15642329088,-1,-1
instances/vars_1.8/instance_596494v50_1.80r0.cnf,all,596494,1073689,-1,-1,-1,0,1192970,34362,96,heuristic1,51976.9,51977.5,189726720,15452602368,15642329088,144000,161209
instances/vars_1.8/instance_596494v50_1.80r0.cnf,all,596494,1073689,-1,-1,-1,0,1192970,34362,96,heuristic2,40550.8,40551.3,189726720,15452602368,15642329088,122863,140069
instances/vars_1.8/instance_596494v50_1.80r0.cnf,all,596494,1073689,-1,-1,-1,0,1192970,34362,96,heuristic3,94678.5,94679.7,189726720,15452602368,15642329088,124872,142058
instances/vars_1.8/instance_596494v50_1.80r0.cnf,all,596494,1073689,-1,-1,-1,0,1192970,34362,96,cleanup_device,2.02319,2.0209,112132096,15530196992,15642329088,-1,-1
instances/vars_1.8/instance_596494v50_1.80r0.cnf,all,596494,1073689,-1,-1,-1,0,1192970,34362,96,total,193162,-1,112132096,15530196992,15642329088,-1,-1
instances/vars_1.8/instance_608907v187_1.80r0.cnf,all,608907,1096033,-1,-1,-1,0,1217778,35344,103,read_instance,338.644,-1,107937792,15534391296,15642329088,-1,-1
instances/vars_1.8/instance_608907v187_1.80r0.cnf,all,608907,1096033,-1,-1,-1,0,1217778,35344,103,alloc_graph,3.29517,3.30666,124715008,15517614080,15642329088,-1,-1
instances/vars_1.8/instance_608907v187_1.80r0.cnf,all,608907,1096033,-1,-1,-1,0,1217778,35344,103,scc,52.2825,52.2852,149880832,15492448256,15642329088,-1,-1
instances/vars_1.8/instance_608907v187_1.80r0.cnf,all,608907,1096033,-1,-1,-1,0,1217778,35344,103,topo_sort,7.07153,7.0737,156172288,15486156800,15642329088,-1,-1
instances/vars_1.8/instance_608907v187_1.80r0.cnf,all,608907,1096033,-1,-1,-1,0,1217778,35344,103,backbone,5742.62,5742.71,162463744,15479865344,15642329088,-1,-1
instances/vars_1.8/instance_608907v187_1.80r0.cnf,all,608907,1096033,-1,-1,-1,0,1217778,35344,103,wcc,10.511,10.5124,168755200,15473573888,15642329088,-1,-1
instances/vars_1.8/instance_608907v187_1.80r0.cnf,all,608907,1096033,-1,-1,-1,0,1217778,35344,103,wcc_grouped,5.10815,5.1113,183435264,15458893824,15642329088,-1,-1
instances/vars_1.8/instance_608907v187_1.80r0.cnf,all,608907,1096033,-1,-1,-1,0,1217778,35344,103,heuristic1,54162,54162.7,189726720,15452602368,15642329088,146736,164439
instances/vars_1.8/instance_608907v187_1.80r0.cnf,all,608907,1096033,-1,-1,-1,0,1217778,35344,103,heuristic2,42167.4,42167.9,189726720,15452602368,15642329088,125454,143150
instances/vars_1.8/instance_608907v187_1.80r0.cnf,all,608907,1096033,-1,-1,-1,0,1217778,35344,103,heuristic3,98452.4,98453.7,189726720,15452602368,15642329088,127581,145257
instances/vars_1.8/instance_608907v187_1.80r0.cnf,all,608907,1096033,-1,-1,-1,0,1217778,35344,103,cleanup_device,2.04517,2.0432,112132096,15530196992,15642329088,-1,-1
instances/vars_1.8/instance_608907v187_1.80r0.cnf,all,608907,1096033,-1,-1,-1,0,1217778,35344,103,total,200971,-1,112132096,15530196992,15642329088,-1,-1
instances/vars_1.8/instance_622300v166_1.80r0.cnf,all,622300,1120140,-1,-1,-1,0,1244566,35882,101,read_instance,337.365,-1,107937792,15534391296,15642329088,-1,-1
instances/vars_1.8/instance_622300v166_1.80r0.cnf,all,622300,1120140,-1,-1,-1,0,1244566,35882,101,alloc_graph,3.38013,3.40477,124715008,15517614080,15642329088,-1,-1
instances/vars_1.8/instance_622300v166_1.80r0.cnf,all,622300,1120140,-1,-1,-1,0,1244566,35882,101,scc,63.4453,63.448,149880832,15492448256,15642329088,-1,-1
instances/vars_1.8/instance_622300v166_1.80r0.cnf,all,622300,1120140,-1,-1,-1,0,1244566,35882,101,topo_sort,7.19556,7.19651,156172288,15486156800,15642329088,-1,-1
instances/vars_1.8/instance_622300v166_1.80r0.cnf,all,622300,1120140,-1,-1,-1,0,1244566,35882,101,backbone,6005.88,6005.97,162463744,15479865344,15642329088,-1,-1
instances/vars_1.8/instance_622300v166_1.80r0.cnf,all,622300,1120140,-1,-1,-1,0,1244566,35882,101,wcc,11.5591,11.5613,168755200,15473573888,15642329088,-1,-1
instances/vars_1.8/instance_622300v166_1.80r0.cnf,all,622300,1120140,-1,-1,-1,0,1244566,35882,101,wcc_grouped,5.13135,5.13242,183435264,15458893824,15642329088,-1,-1
instances/vars_1.8/instance_622300v166_1.80r0.cnf,all,622300,1120140,-1,-1,-1,0,1244566,35882,101,heuristic1,56378.5,56379.2,189726720,15452602368,15642329088,150394,168368
instances/vars_1.8/instance_622300v166_1.80r0.cnf,all,622300,1120140,-1,-1,-1,0,1244566,35882,101,heuristic2,43836.4,43837,189726720,15452602368,15642329088,128357,146312
instances/vars_1.8/instance_622300v166_1.80r0.cnf,all,622300,1120140,-1,-1,-1,0,1244566,35882,101,heuristic3,102259,102261,189726720,15452602368,15642329088,130394,148338
instances/vars_1.8/instance_622300v166_1.80r0.cnf,all,622300,1120140,-1,-1,-1,0,1244566,35882,101,cleanup_device,2.03564,2.03078,112132096,15530196992,15642329088,-1,-1
instances/vars_1.8/instance_622300v166_1.80r0.cnf,all,622300,1120140,-1,-1,-1,0,1244566,35882,101,total,208936,-1,112132096,15530196992,15642329088,-1,-1
instances/vars_1.8/instance_63000v168_1.80r0.cnf,all,63000,113400,-1,-1,-1,0,126000,3710,78,read_instance,31.2166,-1,107937792,15534391296,15642329088,-1,-1
instances/vars_1.8/instance_63000v168_1.80r0.cnf,all,63000,113400,-1,-1,-1,0,126000,3710,78,alloc_graph,0.657959,0.696832,110034944,15532294144,15642329088,-1,-1
instances/vars_1.8/instance_63000v168_1.80r0.cnf,all,63000,113400,-1,-1,-1,0,126000,3710,78,scc,5.0564,5.05818,114229248,15528099840,15642329088,-1,-1
instances/vars_1.8/instance_63000v168_1.80r0.cnf,all,63000,113400,-1,-1,-1,0,126000,3710,78,topo_sort,1.78198,1.78259,114229248,15528099840,15642329088,-1,-1
instances/vars_1.8/instance_63000v168_1.80r0.cnf,all,63000,113400,-1,-1,-1,0,126000,3710,78,backbone,69.4858,69.4941,116326400,15526002688,15642329088,-1,-1
instances/vars_1.8/instance_63000v168_1.80r0.cnf,all,63000,113400,-1,-1,-1,0,126000,3710,78,wcc,0.461426,0.461056,116326400,15526002688,15642329088,-1,-1
instances/vars_1.8/instance_63000v168_1.80r0.cnf,all,63000,113400,-1,-1,-1,0,126000,3710,78,wcc_grouped,2.66528,2.66682,116326400,15526002688,15642329088,-1,-1
instances/vars_1.8/instance_63000v168_1.80r0.cnf,all,63000,113400,-1,-1,-1,0,126000,3710,78,heuristic1,1500.49,1500.51,118423552,15523905536,15642329088,15290,17152
instances/vars_1.8/instance_63000v168_1.80r0.cnf,all,63000,113400,-1,-1,-1,0,126000,3710,78,heuristic2,1197.16,1197.18,118423552,15523905536,15642329088,12975,14832
instances/vars_1.8/instance_63000v168_1.80r0.cnf,all,63000,113400,-1,-1,-1,0,126000,3710,78,heuristic3,1868.53,1868.55,118423552,15523905536,15642329088,13301,15156
instances/vars_1.8/instance_63000v168_1.80r0.cnf,all,63000,113400,-1,-1,-1,0,126000,3710,78,cleanup_device,0.446289,0.446208,114229248,15528099840,15642329088,-1,-1
instances/vars_1.8/instance_63000v168_1.80r0.cnf,all,63000,113400,-1,-1,-1,0,126000,3710,78,total,4682.06,-1,114229248,15528099840,15642329088,-1,-1
instances/vars_1.8/instance_65563v51_1.80r0.cnf,all,65563,118013,-1,-1,-1,0,131126,4076,94,read_instance,33.6699,-1,107937792,15534391296,15642329088,-1,-1
instances/vars_1.8/instance_65563v51_1.80r0.cnf,all,65563,118013,-1,-1,-1,0,131126,4076,94,alloc_graph,0.631348,0.680576,110034944,15532294144,15642329088,-1,-1
instances/vars_1.8/instance_65563v51_1.80r0.cnf,all,65563,118013,-1,-1,-1,0,131126,4076,94,scc,5.02759,5.02858,114229248,15528099840,15642329088,-1,-1
instances/vars_1.8/instance_65563v51_1.80r0.cnf,all,65563,118013,-1,-1,-1,0,131126,4076,94,topo_sort,1.99585,1.99587,114229248,15528099840,15642329088,-1,-1
instances/vars_1.8/instance_65563v51_1.80r0.cnf,all,65563,118013,-1,-1,-1,0,131126,4076,94,backbone,76.2471,76.2635,116326400,15526002688,15642329088,-1,-1
instances/vars_1.8/instance_65563v51_1.80r0.cnf,all,65563,118013,-1,-1,-1,0,131126,4076,94,wcc,0.470703,0.470464,116326400,15526002688,15642329088,-1,-1
instances/vars_1.8/instance_65563v51_1.80r0.cnf,all,65563,118013,-1,-1,-1,0,131126,4076,94,wcc_grouped,0.859863,0.860224,118423552,15523905536,15642329088,-1,-1
instances/vars_1.8/instance_65563v51_1.80r0.cnf,all,65563,118013,-1,-1,-1,0,131126,4076,94,heuristic1,1588.39,1588.42,118423552,15523905536,15642329088,15962,18001
instances/vars_1.8/instance_65563v51_1.80r0.cnf,all,65563,118013,-1,-1,-1,0,131126,4076,94,heuristic2,1228.41,1228.43,118423552,15523905536,15642329088,13531,15569
instances/vars_1.8/instance_65563v51_1.80r0.cnf,all,65563,118013,-1,-1,-1,0,131126,4076,94,heuristic3,1975.85,1975.87,118423552,15523905536,15642329088,13735,15772
instances/vars_1.8/instance_65563v51_1.80r0.cnf,all,65563,118013,-1,-1,-1,0,131126,4076,94,cleanup_device,0.248779,0.247744,114229248,15528099840,15642329088,-1,-1
instances/vars_1.8/instance_65563v51_1.80r0.cnf,all,65563,118013,-1,-1,-1,0,131126,4076,94,total,4915.62,-1,114229248,15528099840,15642329088,-1,-1
instances/vars_1.8/instance_682364v169_1.80r0.cnf,all,682364,1228255,-1,-1,-1,0,1364728,39236,109,read_instance,381.664,-1,107937792,15534391296,15642329088,-1,-1
instances/vars_1.8/instance_682364v169_1.80r0.cnf,all,682364,1228255,-1,-1,-1,0,1364728,39236,109,alloc_graph,3.73413,3.75395,124715008,15517614080,15642329088,-1,-1
instances/vars_1.8/instance_682364v169_1.80r0.cnf,all,682364,1228255,-1,-1,-1,0,1364728,39236,109,scc,72.085,72.0882,149880832,15492448256,15642329088,-1,-1
instances/vars_1.8/instance_682364v169_1.80r0.cnf,all,682364,1228255,-1,-1,-1,0,1364728,39236,109,topo_sort,8.25806,8.2608,156172288,15486156800,15642329088,-1,-1
instances/vars_1.8/instance_682364v169_1.80r0.cnf,all,682364,1228255,-1,-1,-1,0,1364728,39236,109,backbone,7190.18,7190.29,162463744,15479865344,15642329088,-1,-1
instances/vars_1.8/instance_682364v169_1.80r0.cnf,all,682364,1228255,-1,-1,-1,0,1364728,39236,109,wcc,12.6079,12.6097,168755200,15473573888,15642329088,-1,-1
instances/vars_1.8/instance_682364v169_1.80r0.cnf,all,682364,1228255,-1,-1,-1,0,1364728,39236,109,wcc_grouped,5.11597,5.11664,183435264,15458893824,15642329088,-1,-1
instances/vars_1.8/instance_682364v169_1.80r0.cnf,all,682364,1228255,-1,-1,-1,0,1364728,39236,109,heuristic1,67393.9,67394.7,189726720,15452602368,15642329088,164866,184513
instances/vars_1.8/instance_682364v169_1.80r0.cnf,all,682364,1228255,-1,-1,-1,0,1364728,39236,109,heuristic2,52330,52330.6,189726720,15452602368,15642329088,140676,160324
instances/vars_1.8/instance_682364v169_1.80r0.cnf,all,682364,1228255,-1,-1,-1,0,1364728,39236,109,heuristic3,121105,121107,189726720,15452602368,15642329088,143080,162706
instances/vars_1.8/instance_682364v169_1.80r0.cnf,all,682364,1228255,-1,-1,-1,0,1364728,39236,109,cleanup_device,2.04639,2.04538,112132096,15530196992,15642329088,-1,-1
instances/vars_1.8/instance_682364v169_1.80r0.cnf,all,682364,1228255,-1,-1,-1,0,1364728,39236,109,total,248531,-1,112132096,15530196992,15642329088,-1,-1
instances/vars_1.8/instance_697661v180_1.80r0.cnf,all,697661,1255790,-1,-1,-1,0,1395300,40518,109,read_instance,385.124,-1,107937792,15534391296,15642329088,-1,-1
instances/vars_1.8/instance_697661v180_1.80r0.cnf,all,697661,1255790,-1,-1,-1,0,1395300,40518,109,alloc_graph,3.75,3.76374,124715008,15517614080,15642329088,-1,-1
instances/vars_1.8/instance_697661v180_1.80r0.cnf,all,697661,1255790,-1,-1,-1,0,1395300,40518,109,scc,74.8118,74.815,149880832,15492448256,15642329088,-1,-1
instances/vars_1.8/instance_697661v180_1.80r0.cnf,all,697661,1255790,-1,-1,-1,0,1395300,40518,109,topo_sort,8.16382,8.1663,156172288,15486156800,15642329088,-1,-1
instances/vars_1.8/instance_697661v180_1.80r0.cnf,all,697661,1255790,-1,-1,-1,0,1395300,40518,109,backbone,7503.96,7504.08,162463744,15479865344,15642329088,-1,-1
instances/vars_1.8/instance_697661v180_1.80r0.cnf,all,697661,1255790,-1,-1,-1,0,1395300,40518,109,wcc,11.5403,11.5424,168755200,15473573888,15642329088,-1,-1
instances/vars_1.8/instance_697661v180_1.80r0.cnf,all,697661,1255790,-1,-1,-1,0,1395300,40518,109,wcc_grouped,5.13501,5.13802,183435264,15458893824,15642329088,-1,-1
instances/vars_1.8/instance_697661v180_1.80r0.cnf,all,697661,1255790,-1,-1,-1,0,1395300,40518,109,heuristic1,70193.9,70194.8,189726720,15452602368,15642329088,168329,188626
instances/vars_1.8/instance_697661v180_1.80r0.cnf,all,697661,1255790,-1,-1,-1,0,1395300,40518,109,heuristic2,54619.8,54620.5,189726720,15452602368,15642329088,143954,164231
instances/vars_1.8/instance_697661v180_1.80r0.cnf,all,697661,1255790,-1,-1,-1,0,1395300,40518,109,heuristic3,125092,125094,189726720,15452602368,15642329088,146258,166517
instances/vars_1.8/instance_697661v180_1.80r0.cnf,all,697661,1255790,-1,-1,-1,0,1395300,40518,109,cleanup_device,2.04272,2.03834,112132096,15530196992,15642329088,-1,-1
instances/vars_1.8/instance_697661v180_1.80r0.cnf,all,697661,1255790,-1,-1,-1,0,1395300,40518,109,total,257929,-1,112132096,15530196992,15642329088,-1,-1
instances/vars_1.8/instance_7010v161_1.80r0.cnf,all,7010,12618,-1,-1,-1,0,13998,480,63,read_instance,3.4021,-1,107937792,15534391296,15642329088,-1,-1
instances/vars_1.8/instance_7010v161_1.80r0.cnf,all,7010,12618,-1,-1,-1,0,13998,480,63,alloc_graph,0.248535,0.23184,110034944,15532294144,15642329088,-1,-1
instances/vars_1.8/instance_7010v161_1.80r0.cnf,all,7010,12618,-1,-1,-1,0,13998,480,63,scc,4.95947,4.96147,112132096,15530196992,15642329088,-1,-1
instances/vars_1.8/instance_7010v161_1.80r0.cnf,all,7010,12618,-1,-1,-1,0,13998,480,63,topo_sort,1.24072,1.23978,112132096,15530196992,15642329088,-1,-1
instances/vars_1.8/instance_7010v161_1.80r0.cnf,all,7010,12618,-1,-1,-1,0,13998,480,63,backbone,5.93066,5.93786,112132096,15530196992,15642329088,-1,-1
instances/vars_1.8/instance_7010v161_1.80r0.cnf,all,7010,12618,-1,-1,-1,0,13998,480,63,wcc,0.268311,0.268384,112132096,15530196992,15642329088,-1,-1
instances/vars_1.8/instance_7010v161_1.80r0.cnf,all,7010,12618,-1,-1,-1,0,13998,480,63,wcc_grouped,1.03491,1.03584,112132096,15530196992,15642329088,-1,-1
instances/vars_1.8/instance_7010v161_1.80r0.cnf,all,7010,12618,-1,-1,-1,0,13998,480,63,heuristic1,148.646,148.65,112132096,15530196992,15642329088,1653,1891
instances/vars_1.8/instance_7010v161_1.80r0.cnf,all,7010,12618,-1,-1,-1,0,13998,480,63,heuristic2,127.334,127.335,112132096,15530196992,15642329088,1440,1678
instances/vars_1.8/instance_7010v161_1.80r0.cnf,all,7010,12618,-1,-1,-1,0,13998,480,63,heuristic3,142.485,142.487,112132096,15530196992,15642329088,1420,1658
instances/vars_1.8/instance_7010v161_1.80r0.cnf,all,7010,12618,-1,-1,-1,0,13998,480,63,cleanup_device,0.0432129,0.042784,112132096,15530196992,15642329088,-1,-1
instances/vars_1.8/instance_7010v161_1.80r0.cnf,all,7010,12618,-1,-1,-1,0,13998,480,63,total,436.732,-1,112132096,15530196992,15642329088,-1,-1
instances/vars_1.8/instance_7074v131_1.80r0.cnf,all,7074,12733,-1,-1,-1,0,14146,438,52,read_instance,3.33008,-1,107937792,15534391296,15642329088,-1,-1
instances/vars_1.8/instance_7074v131_1.80r0.cnf,all,7074,12733,-1,-1,-1,0,14146,438,52,alloc_graph,0.261719,0.251904,110034944,15532294144,15642329088,-1,-1
instances/vars_1.8/instance_7074v131_1.80r0.cnf,all,7074,12733,-1,-1,-1,0,14146,438,52,scc,5.07178,5.07315,112132096,15530196992,15642329088,-1,-1
instances/vars_1.8/instance_7074v131_1.80r0.cnf,all,7074,12733,-1,-1,-1,0,14146,438,52,topo_sort,1.09131,1.09133,112132096,15530196992,15642329088,-1,-1
instances/vars_1.8/instance_7074v131_1.80r0.cnf,all,7074,12733,-1,-1,-1,0,14146,438,52,backbone,5.85327,5.85962,112132096,15530196992,15642329088,-1,-1
instances/vars_1.8/instance_7074v131_1.80r0.cnf,all,7074,12733,-1,-1,-1,0,14146,438,52,wcc,0.245605,0.24576,112132096,15530196992,15642329088,-1,-1
instances/vars_1.8/instance_7074v131_1.80r0.cnf,all,7074,12733,-1,-1,-1,0,14146,438,52,wcc_grouped,1.05811,1.05738,112132096,15530196992,15642329088,-1,-1
instances/vars_1.8/instance_7074v131_1.80r0.cnf,all,7074,12733,-1,-1,-1,0,14146,438,52,heuristic1,154.035,154.038,112132096,15530196992,15642329088,1711,1928
instances/vars_1.8/instance_7074v131_1.80r0.cnf,all,7074,12733,-1,-1,-1,0,14146,438,52,heuristic2,126.499,126.501,112132096,15530196992,15642329088,1442,1659
instances/vars_1.8/instance_7074v131_1.80r0.cnf,all,7074,12733,-1,-1,-1,0,14146,438,52,heuristic3,145.086,145.089,112132096,15530196992,15642329088,1448,1665
instances/vars_1.8/instance_7074v131_1.80r0.cnf,all,7074,12733,-1,-1,-1,0,14146,438,52,cleanup_device,0.0471191,0.046304,112132096,15530196992,15642329088,-1,-1
instances/vars_1.8/instance_7074v131_1.80r0.cnf,all,7074,12733,-1,-1,-1,0,14146,438,52,total,443.709,-1,112132096,15530196992,15642329088,-1,-1
instances/vars_1.8/instance_7175v67_1.80r0.cnf,all,7175,12915,-1,-1,-1,0,14350,518,45,read_instance,3.4751,-1,107937792,15534391296,15642329088,-1,-1
instances/vars_1.8/instance_7175v67_1.80r0.cnf,all,7175,12915,-1,-1,-1,0,14350,518,45,alloc_graph,0.217529,0.212384,110034944,15532294144,15642329088,-1,-1
instances/vars_1.8/instance_7175v67_1.80r0.cnf,all,7175,12915,-1,-1,-1,0,14350,518,45,scc,4.6709,4.67165,112132096,15530196992,15642329088,-1,-1
instances/vars_1.8/instance_7175v67_1.80r0.cnf,all,7175,12915,-1,-1,-1,0,14350,518,45,topo_sort,0.956543,0.956736,112132096,15530196992,15642329088,-1,-1
instances/vars_1.8/instance_7175v67_1.80r0.cnf,all,7175,12915,-1,-1,-1,0,14350,518,45,backbone,5.7876,5.79242,112132096,15530196992,15642329088,-1,-1
instances/vars_1.8/instance_7175v67_1.80r0.cnf,all,7175,12915,-1,-1,-1,0,14350,518,45,wcc,0.246338,0.24704,112132096,15530196992,15642329088,-1,-1
instances/vars_1.8/instance_7175v67_1.80r0.cnf,all,7175,12915,-1,-1,-1,0,14350,518,45,wcc_grouped,1.07739,1.07734,112132096,15530196992,15642329088,-1,-1
instances/vars_1.8/instance_7175v67_1.80r0.cnf,all,7175,12915,-1,-1,-1,0,14350,518,45,heuristic1,153.677,153.68,112132096,15530196992,15642329088,1694,1951
instances/vars_1.8/instance_7175v67_1.80r0.cnf,all,7175,12915,-1,-1,-1,0,14350,518,45,heuristic2,127.356,127.357,112132096,15530196992,15642329088,1450,1707
instances/vars_1.8/instance_7175v67_1.80r0.cnf,all,7175,12915,-1,-1,-1,0,14350,518,45,heuristic3,147.318,147.321,112132096,15530196992,15642329088,1430,1687
instances/vars_1.8/instance_7175v67_1.80r0.cnf,all,7175,12915,-1,-1,-1,0,14350,518,45,cleanup_device,0.0422363,0.04192,112132096,15530196992,15642329088,-1,-1
instances/vars_1.8/instance_7175v67_1.80r0.cnf,all,7175,12915,-1,-1,-1,0,14350,518,45,total,445.897,-1,112132096,15530196992,15642329088,-1,-1
instances/vars_1.8/instance_7199v165_1.80r0.cnf,all,7199,12958,-1,-1,-1,0,14382,442,48,read_instance,3.49683,-1,107937792,15534391296,15642329088,-1,-1
instances/vars_1.8/instance_7199v165_1.80r0.cnf,all,7199,12958,-1,-1,-1,0,14382,442,48,alloc_graph,0.248779,0.237376,110034944,15532294144,15642329088,-1,-1
instances/vars_1.8/instance_7199v165_1.80r0.cnf,all,7199,12958,-1,-1,-1,0,14382,442,48,scc,4.73511,4.73606,112132096,15530196992,15642329088,-1,-1
instances/vars_1.8/instance_7199v165_1.80r0.cnf,all,7199,12958,-1,-1,-1,0,14382,442,48,topo_sort,1.00854,1.00835,112132096,15530196992,15642329088,-1,-1
instances/vars_1.8/instance_7199v165_1.80r0.cnf,all,7199,12958,-1,-1,-1,0,14382,442,48,backbone,5.91211,5.91792,112132096,15530196992,15642329088,-1,-1
instances/vars_1.8/instance_7199v165_1.80r0.cnf,all,7199,12958,-1,-1,-1,0,14382,442,48,wcc,0.254883,0.254176,112132096,15530196992,15642329088,-1,-1
instances/vars_1.8/instance_7199v165_1.80r0.cnf,all,7199,12958,-1,-1,-1,0,14382,442,48,wcc_grouped,1.06177,1.06157,112132096,15530196992,15642329088,-1,-1
instances/vars_1.8/instance_7199v165_1.80r0.cnf,all,7199,12958,-1,-1,-1,0,14382,442,48,heuristic1,153.608,153.612,112132096,15530196992,15642329088,1731,1950
instances/vars_1.8/instance_7199v165_1.80r0.cnf,all,7199,12958,-1,-1,-1,0,14382,442,48,heuristic2,129.552,129.552,112132096,15530196992,15642329088,1482,1701
instances/vars_1.8/instance_7199v165_1.80r0.cnf,all,7199,12958,-1,-1,-1,0,14382,442,48,heuristic3,151.109,151.112,112132096,15530196992,15642329088,1526,1745
instances/vars_1.8/instance_7199v165_1.80r0.cnf,all,7199,12958,-1,-1,-1,0,14382,442,48,cleanup_device,0.0397949,0.0392,112132096,15530196992,15642329088,-1,-1
instances/vars_1.8/instance_7199v165_1.80r0.cnf,all,7199,12958,-1,-1,-1,0,14382,442,48,total,452.055,-1,112132096,15530196992,15642329088,-1,-1
instances/vars_1.8/instance_732908v22_1.80r0.cnf,all,732908,1319234,-1,-1,-1,0,1465798,42232,136,read_instance,409.521,-1,107937792,15534391296,15642329088,-1,-1
instances/vars_1.8/instance_732908v22_1.80r0.cnf,all,732908,1319234,-1,-1,-1,0,1465798,42232,136,alloc_graph,4.11548,4.1703,126812160,15515516928,15642329088,-1,-1
instances/vars_1.8/instance_732908v22_1.80r0.cnf,all,732908,1319234,-1,-1,-1,0,1465798,42232,136,scc,71.634,71.6384,154075136,15488253952,15642329088,-1,-1
instances/vars_1.8/instance_732908v22_1.80r0.cnf,all,732908,1319234,-1,-1,-1,0,1465798,42232,136,topo_sort,9.27979,9.28179,160366592,15481962496,15642329088,-1,-1
instances/vars_1.8/instance_732908v22_1.80r0.cnf,all,732908,1319234,-1,-1,-1,0,1465798,42232,136,backbone,8297.78,8297.9,166658048,15475671040,15642329088,-1,-1
instances/vars_1.8/instance_732908v22_1.80r0.cnf,all,732908,1319234,-1,-1,-1,0,1465798,42232,136,wcc,12.5894,12.5931,172949504,15469379584,15642329088,-1,-1
instances/vars_1.8/instance_732908v22_1.80r0.cnf,all,732908,1319234,-1,-1,-1,0,1465798,42232,136,wcc_grouped,5.11548,5.11795,187629568,15454699520,15642329088,-1,-1
instances/vars_1.8/instance_732908v22_1.80r0.cnf,all,732908,1319234,-1,-1,-1,0,1465798,42232,136,heuristic1,77441,77441.9,193921024,15448408064,15642329088,177195,198344
instances/vars_1.8/instance_732908v22_1.80r0.cnf,all,732908,1319234,-1,-1,-1,0,1465798,42232,136,heuristic2,60358.7,60359.5,193921024,15448408064,15642329088,151423,172564
instances/vars_1.8/instance_732908v22_1.80r0.cnf,all,732908,1319234,-1,-1,-1,0,1465798,42232,136,heuristic3,136875,136877,193921024,15448408064,15642329088,153767,174885
instances/vars_1.8/instance_732908v22_1.80r0.cnf,all,732908,1319234,-1,-1,-1,0,1465798,42232,136,cleanup_device,2.12061,2.11773,112132096,15530196992,15642329088,-1,-1
instances/vars_1.8/instance_732908v22_1.80r0.cnf,all,732908,1319234,-1,-1,-1,0,1465798,42232,136,total,283518,-1,112132096,15530196992,15642329088,-1,-1
instances/vars_1.8/instance_73775v193_1.80r0.cnf,all,73775,132795,-1,-1,-1,0,147520,4368,75,read_instance,39.6519,-1,107937792,15534391296,15642329088,-1,-1
instances/vars_1.8/instance_73775v193_1.80r0.cnf,all,73775,132795,-1,-1,-1,0,147520,4368,75,alloc_graph,0.714844,0.783104,110034944,15532294144,15642329088,-1,-1
instances/vars_1.8/instance_73775v193_1.80r0.cnf,all,73775,132795,-1,-1,-1,0,147520,4368,75,scc,6.54639,6.54886,116326400,15526002688,15642329088,-1,-1
instances/vars_1.8/instance_73775v193_1.80r0.cnf,all,73775,132795,-1,-1,-1,0,147520,4368,75,topo_sort,1.54199,1.54243,116326400,15526002688,15642329088,-1,-1
instances/vars_1.8/instance_73775v193_1.80r0.cnf,all,73775,132795,-1,-1,-1,0,147520,4368,75,backbone,93.5994,93.6161,116326400,15526002688,15642329088,-1,-1
instances/vars_1.8/instance_73775v193_1.80r0.cnf,all,73775,132795,-1,-1,-1,0,147520,4368,75,wcc,0.68457,0.684032,118423552,15523905536,15642329088,-1,-1
instances/vars_1.8/instance_73775v193_1.80r0.cnf,all,73775,132795,-1,-1,-1,0,147520,4368,75,wcc_grouped,3.46753,3.46944,118423552,15523905536,15642329088,-1,-1
instances/vars_1.8/instance_73775v193_1.80r0.cnf,all,73775,132795,-1,-1,-1,0,147520,4368,75,heuristic1,1798.73,1798.76,120520704,15521808384,15642329088,17738,19922
instances/vars_1.8/instance_73775v193_1.80r0.cnf,all,73775,132795,-1,-1,-1,0,147520,4368,75,heuristic2,1442.39,1442.41,120520704,15521808384,15642329088,15153,17338
instances/vars_1.8/instance_73775v193_1.80r0.cnf,all,73775,132795,-1,-1,-1,0,147520,4368,75,heuristic3,2313.14,2313.17,120520704,15521808384,15642329088,15365,17548
instances/vars_1.8/instance_73775v193_1.80r0.cnf,all,73775,132795,-1,-1,-1,0,147520,4368,75,cleanup_device,0.270264,0.264064,112132096,15530196992,15642329088,-1,-1
instances/vars_1.8/instance_73775v193_1.80r0.cnf,all,73775,132795,-1,-1,-1,0,147520,4368,75,total,5705.38,-1,112132096,15530196992,15642329088,-1,-1
instances/vars_1.8/instance_751488v92_1.80r0.cnf,all,751488,1352678,-1,-1,-1,0,1502976,43356,117,read_instance,405.159,-1,107937792,15534391296,15642329088,-1,-1
instances/vars_1.8/instance_751488v92_1.80r0.cnf,all,751488,1352678,-1,-1,-1,0,1502976,43356,117,alloc_graph,3.96655,3.98326,126812160,15515516928,15642329088,-1,-1
instances/vars_1.8/instance_751488v92_1.80r0.cnf,all,751488,1352678,-1,-1,-1,0,1502976,43356,117,scc,81.7556,81.7585,154075136,15488253952,15642329088,-1,-1
instances/vars_1.8/instance_751488v92_1.80r0.cnf,all,751488,1352678,-1,-1,-1,0,1502976,43356,117,topo_sort,9.68335,9.6856,160366592,15481962496,15642329088,-1,-1
instances/vars_1.8/instance_751488v92_1.80r0.cnf,all,751488,1352678,-1,-1,-1,0,1502976,43356,117,backbone,8609.59,8609.71,166658048,15475671040,15642329088,-1,-1
instances/vars_1.8/instance_751488v92_1.80r0.cnf,all,751488,1352678,-1,-1,-1,0,1502976,43356,117,wcc,15.7476,15.7525,172949504,15469379584,15642329088,-1,-1
instances/vars_1.8/instance_751488v92_1.80r0.cnf,all,751488,1352678,-1,-1,-1,0,1502976,43356,117,wcc_grouped,5.104,5.10637,187629568,15454699520,15642329088,-1,-1
instances/vars_1.8/instance_751488v92_1.80r0.cnf,all,751488,1352678,-1,-1,-1,0,1502976,43356,117,heuristic1,81090.6,81091.6,193921024,15448408064,15642329088,181357,203071
instances/vars_1.8/instance_751488v92_1.80r0.cnf,all,751488,1352678,-1,-1,-1,0,1502976,43356,117,heuristic2,63207.7,63208.5,193921024,15448408064,15642329088,154768,176472
instances/vars_1.8/instance_751488v92_1.80r0.cnf,all,751488,1352678,-1,-1,-1,0,1502976,43356,117,heuristic3,142610,142612,193921024,15448408064,15642329088,157259,178937
instances/vars_1.8/instance_751488v92_1.80r0.cnf,all,751488,1352678,-1,-1,-1,0,1502976,43356,117,cleanup_device,2.17822,2.17658,112132096,15530196992,15642329088,-1,-1
instances/vars_1.8/instance_751488v92_1.80r0.cnf,all,751488,1352678,-1,-1,-1,0,1502976,43356,117,total,296072,-1,112132096,15530196992,15642329088,-1,-1
instances/vars_1.8/instance_75486v150_1.80r0.cnf,all,75486,135875,-1,-1,-1,0,150950,4438,68,read_instance,40.2744,-1,107937792,15534391296,15642329088,-1,-1
instances/vars_1.8/instance_75486v150_1.80r0.cnf,all,75486,135875,-1,-1,-1,0,150950,4438,68,alloc_graph,0.735352,0.79776,110034944,15532294144,15642329088,-1,-1
instances/vars_1.8/instance_75486v150_1.80r0.cnf,all,75486,135875,-1,-1,-1,0,150950,4438,68,scc,7.13818,7.14019,116326400,15526002688,15642329088,-1,-1
instances/vars_1.8/instance_75486v150_1.80r0.cnf,all,75486,135875,-1,-1,-1,0,150950,4438,68,topo_sort,1.67847,1.67952,116326400,15526002688,15642329088,-1,-1
instances/vars_1.8/instance_75486v150_1.80r0.cnf,all,75486,135875,-1,-1,-1,0,150950,4438,68,backbone,97.8342,97.848,118423552,15523905536,15642329088,-1,-1
instances/vars_1.8/instance_75486v150_1.80r0.cnf,all,75486,135875,-1,-1,-1,0,150950,4438,68,wcc,0.491699,0.491744,118423552,15523905536,15642329088,-1,-1
instances/vars_1.8/instance_75486v150_1.80r0.cnf,all,75486,135875,-1,-1,-1,0,150950,4438,68,wcc_grouped,1.88452,1.88403,120520704,15521808384,15642329088,-1,-1
instances/vars_1.8/instance_75486v150_1.80r0.cnf,all,75486,135875,-1,-1,-1,0,150950,4438,68,heuristic1,1867.75,1867.78,120520704,15521808384,15642329088,18244,20467
instances/vars_1.8/instance_75486v150_1.80r0.cnf,all,75486,135875,-1,-1,-1,0,150950,4438,68,heuristic2,1494.81,1494.83,120520704,15521808384,15642329088,15519,17741
instances/vars_1.8/instance_75486v150_1.80r0.cnf,all,75486,135875,-1,-1,-1,0,150950,4438,68,heuristic3,2418.9,2418.93,120520704,15521808384,15642329088,15798,18016
instances/vars_1.8/instance_75486v150_1.80r0.cnf,all,75486,135875,-1,-1,-1,0,150950,4438,68,cleanup_device,0.411133,0.409376,112132096,15530196992,15642329088,-1,-1
instances/vars_1.8/instance_75486v150_1.80r0.cnf,all,75486,135875,-1,-1,-1,0,150950,4438,68,total,5936.52,-1,112132096,15530196992,15642329088,-1,-1
instances/vars_1.8/instance_772940v114_1.80r0.cnf,all,772940,1391292,-1,-1,-1,0,1545776,44106,112,read_instance,424.007,-1,107937792,15534391296,15642329088,-1,-1
instances/vars_1.8/instance_772940v114_1.80r0.cnf,all,772940,1391292,-1,-1,-1,0,1545776,44106,112,alloc_graph,4.05835,4.084,126812160,15515516928,15642329088,-1,-1
instances/vars_1.8/instance_772940v114_1.80r0.cnf,all,772940,1391292,-1,-1,-1,0,1545776,44106,112,scc,77.5815,77.5844,154075136,15488253952,15642329088,-1,-1
instances/vars_1.8/instance_772940v114_1.80r0.cnf,all,772940,1391292,-1,-1,-1,0,1545776,44106,112,topo_sort,9.63232,9.63366,160366592,15481962496,15642329088,-1,-1
instances/vars_1.8/instance_772940v114_1.80r0.cnf,all,772940,1391292,-1,-1,-1,0,1545776,44106,112,backbone,9144.09,9144.23,166658048,15475671040,15642329088,-1,-1
instances/vars_1.8/instance_772940v114_1.80r0.cnf,all,772940,1391292,-1,-1,-1,0,1545776,44106,112,wcc,14.7063,14.7087,172949504,15469379584,15642329088,-1,-1
instances/vars_1.8/instance_772940v114_1.80r0.cnf,all,772940,1391292,-1,-1,-1,0,1545776,44106,112,wcc_grouped,5.13745,5.14154,187629568,15454699520,15642329088,-1,-1
instances/vars_1.8/instance_772940v114_1.80r0.cnf,all,772940,1391292,-1,-1,-1,0,1545776,44106,112,heuristic1,86000.4,86001.5,193921024,15448408064,15642329088,186977,209057
instances/vars_1.8/instance_772940v114_1.80r0.cnf,all,772940,1391292,-1,-1,-1,0,1545776,44106,112,heuristic2,66731.5,66732.3,193921024,15448408064,15642329088,159608,181685
instances/vars_1.8/instance_772940v114_1.80r0.cnf,all,772940,1391292,-1,-1,-1,0,1545776,44106,112,heuristic3,150731,150733,193921024,15448408064,15642329088,162636,184692
instances/vars_1.8/instance_772940v114_1.80r0.cnf,all,772940,1391292,-1,-1,-1,0,1545776,44106,112,cleanup_device,2.1084,2.10611,112132096,15530196992,15642329088,-1,-1
instances/vars_1.8/instance_772940v114_1.80r0.cnf,all,772940,1391292,-1,-1,-1,0,1545776,44106,112,total,313175,-1,112132096,15530196992,15642329088,-1,-1
instances/vars_1.8/instance_778325v34_1.80r0.cnf,all,778325,1400985,-1,-1,-1,0,1556630,45404,94,read_instance,422.918,-1,107937792,15534391296,15642329088,-1,-1
instances/vars_1.8/instance_778325v34_1.80r0.cnf,all,778325,1400985,-1,-1,-1,0,1556630,45404,94,alloc_graph,4.13159,4.1599,126812160,15515516928,15642329088,-1,-1
instances/vars_1.8/instance_778325v34_1.80r0.cnf,all,778325,1400985,-1,-1,-1,0,1556630,45404,94,scc,91.353,91.355,154075136,15488253952,15642329088,-1,-1
instances/vars_1.8/instance_778325v34_1.80r0.cnf,all,778325,1400985,-1,-1,-1,0,1556630,45404,94,topo_sort,8.95337,8.95469,160366592,15481962496,15642329088,-1,-1
instances/vars_1.8/instance_778325v34_1.80r0.cnf,all,778325,1400985,-1,-1,-1,0,1556630,45404,94,backbone,9316.5,9316.63,166658048,15475671040,15642329088,-1,-1
instances/vars_1.8/instance_778325v34_1.80r0.cnf,all,778325,1400985,-1,-1,-1,0,1556630,45404,94,wcc,14.7097,14.7115,172949504,15469379584,15642329088,-1,-1
instances/vars_1.8/instance_778325v34_1.80r0.cnf,all,778325,1400985,-1,-1,-1,0,1556630,45404,94,wcc_grouped,5.10913,5.10976,187629568,15454699520,15642329088,-1,-1
instances/vars_1.8/instance_778325v34_1.80r0.cnf,all,778325,1400985,-1,-1,-1,0,1556630,45404,94,heuristic1,87154.1,87155.2,193921024,15448408064,15642329088,188396,211148
instances/vars_1.8/instance_778325v34_1.80r0.cnf,all,778325,1400985,-1,-1,-1,0,1556630,45404,94,heuristic2,67584.9,67585.7,193921024,15448408064,15642329088,160373,183104
instances/vars_1.8/instance_778325v34_1.80r0.cnf,all,778325,1400985,-1,-1,-1,0,1556630,45404,94,heuristic3,152566,152568,193921024,15448408064,15642329088,163503,186208
instances/vars_1.8/instance_778325v34_1.80r0.cnf,all,778325,1400985,-1,-1,-1,0,1556630,45404,94,cleanup_device,2.12036,2.11834,112132096,15530196992,15642329088,-1,-1
instances/vars_1.8/instance_778325v34_1.80r0.cnf,all,778325,1400985,-1,-1,-1,0,1556630,45404,94,total,317203,-1,112132096,15530196992,15642329088,-1,-1
instances/vars_1.8/instance_7794v2_1.80r0.cnf,all,7794,14029,-1,-1,-1,0,15588,448,60,read_instance,6.68652,-1,107937792,15534391296,15642329088,-1,-1
instances/vars_1.8/instance_7794v2_1.80r0.cnf,all,7794,14029,-1,-1,-1,0,15588,448,60,alloc_graph,0.313477,0.29904,110034944,15532294144,15642329088,-1,-1
instances/vars_1.8/instance_7794v2_1.80r0.cnf,all,7794,14029,-1,-1,-1,0,15588,448,60,scc,6.31641,6.31827,112132096,15530196992,15642329088,-1,-1
instances/vars_1.8/instance_7794v2_1.80r0.cnf,all,7794,14029,-1,-1,-1,0,15588,448,60,topo_sort,1.37622,1.37645,112132096,15530196992,15642329088,-1,-1
instances/vars_1.8/instance_7794v2_1.80r0.cnf,all,7794,14029,-1,-1,-1,0,15588,448,60,backbone,9.03735,9.04541,112132096,15530196992,15642329088,-1,-1
instances/vars_1.8/instance_7794v2_1.80r0.cnf,all,7794,14029,-1,-1,-1,0,15588,448,60,wcc,0.264893,0.264544,112132096,15530196992,15642329088,-1,-1
instances/vars_1.8/instance_7794v2_1.80r0.cnf,all,7794,14029,-1,-1,-1,0,15588,448,60,wcc_grouped,1.02075,1.02195,112132096,15530196992,15642329088,-1,-1
instances/vars_1.8/instance_7794v2_1.80r0.cnf,all,7794,14029,-1,-1,-1,0,15588,448,60,heuristic1,171.088,171.092,112132096,15530196992,15642329088,1886,2110
instances/vars_1.8/instance_7794v2_1.80r0.cnf,all,7794,14029,-1,-1,-1,0,15588,448,60,heuristic2,147.605,147.607,112132096,15530196992,15642329088,1609,1831
instances/vars_1.8/instance_7794v2_1.80r0.cnf,all,7794,14029,-1,-1,-1,0,15588,448,60,heuristic3,159.391,159.393,112132096,15530196992,15642329088,1633,1855
instances/vars_1.8/instance_7794v2_1.80r0.cnf,all,7794,14029,-1,-1,-1,0,15588,448,60,cleanup_device,0.0439453,0.043296,112132096,15530196992,15642329088,-1,-1
instances/vars_1.8/instance_7794v2_1.80r0.cnf,all,7794,14029,-1,-1,-1,0,15588,448,60,total,504.348,-1,112132096,15530196992,15642329088,-1,-1
instances/vars_1.8/instance_7807v128_1.80r0.cnf,all,7807,14053,-1,-1,-1,0,15606,438,45,read_instance,3.90063,-1,107937792,15534391296,15642329088,-1,-1
instances/vars_1.8/instance_7807v128_1.80r0.cnf,all,7807,14053,-1,-1,-1,0,15606,438,45,alloc_graph,0.237305,0.229728,110034944,15532294144,15642329088,-1,-1
instances/vars_1.8/instance_7807v128_1.80r0.cnf,all,7807,14053,-1,-1,-1,0,15606,438,45,scc,4.7085,4.7104,112132096,15530196992,15642329088,-1,-1
instances/vars_1.8/instance_7807v128_1.80r0.cnf,all,7807,14053,-1,-1,-1,0,15606,438,45,topo_sort,0.941895,0.941056,112132096,15530196992,15642329088,-1,-1
instances/vars_1.8/instance_7807v128_1.80r0.cnf,all,7807,14053,-1,-1,-1,0,15606,438,45,backbone,6.12598,6.13446,112132096,15530196992,15642329088,-1,-1
instances/vars_1.8/instance_7807v128_1.80r0.cnf,all,7807,14053,-1,-1,-1,0,15606,438,45,wcc,0.24585,0.24576,112132096,15530196992,15642329088,-1,-1
instances/vars_1.8/instance_7807v128_1.80r0.cnf,all,7807,14053,-1,-1,-1,0,15606,438,45,wcc_grouped,1.09253,1.09363,112132096,15530196992,15642329088,-1,-1
instances/vars_1.8/instance_7807v128_1.80r0.cnf,all,7807,14053,-1,-1,-1,0,15606,438,45,heuristic1,174.698,174.701,112132096,15530196992,15642329088,1897,2114
instances/vars_1.8/instance_7807v128_1.80r0.cnf,all,7807,14053,-1,-1,-1,0,15606,438,45,heuristic2,141.436,141.438,112132096,15530196992,15642329088,1634,1851
instances/vars_1.8/instance_7807v128_1.80r0.cnf,all,7807,14053,-1,-1,-1,0,15606,438,45,heuristic3,155.733,155.718,112132096,15530196992,15642329088,1584,1801
instances/vars_1.8/instance_7807v128_1.80r0.cnf,all,7807,14053,-1,-1,-1,0,15606,438,45,cleanup_device,0.0441895,0.043808,112132096,15530196992,15642329088,-1,-1
instances/vars_1.8/instance_7807v128_1.80r0.cnf,all,7807,14053,-1,-1,-1,0,15606,438,45,total,490.278,-1,112132096,15530196992,15642329088,-1,-1
instances/vars_1.8/instance_782475v11_1.80r0.cnf,all,782475,1408455,-1,-1,-1,0,1564950,45340,99,read_instance,444.797,-1,107937792,15534391296,15642329088,-1,-1
instances/vars_1.8/instance_782475v11_1.80r0.cnf,all,782475,1408455,-1,-1,-1,0,1564950,45340,99,alloc_graph,4.30127,4.30896,126812160,15515516928,15642329088,-1,-1
instances/vars_1.8/instance_782475v11_1.80r0.cnf,all,782475,1408455,-1,-1,-1,0,1564950,45340,99,scc,86.3704,86.3736,154075136,15488253952,15642329088,-1,-1
instances/vars_1.8/instance_782475v11_1.80r0.cnf,all,782475,1408455,-1,-1,-1,0,1564950,45340,99,topo_sort,9.07861,9.08058,160366592,15481962496,15642329088,-1,-1
instances/vars_1.8/instance_782475v11_1.80r0.cnf,all,782475,1408455,-1,-1,-1,0,1564950,45340,99,backbone,9438.2,9438.34,166658048,15475671040,15642329088,-1,-1
instances/vars_1.8/instance_782475v11_1.80r0.cnf,all,782475,1408455,-1,-1,-1,0,1564950,45340,99,wcc,13.6335,13.6366,172949504,15469379584,15642329088,-1,-1
instances/vars_1.8/instance_782475v11_1.80r0.cnf,all,782475,1408455,-1,-1,-1,0,1564950,45340,99,wcc_grouped,5.11792,5.12006,187629568,15454699520,15642329088,-1,-1
instances/vars_1.8/instance_782475v11_1.80r0.cnf,all,782475,1408455,-1,-1,-1,0,1564950,45340,99,heuristic1,87944.5,87945.6,193921024,15448408064,15642329088,188943,211657
instances/vars_1.8/instance_782475v11_1.80r0.cnf,all,782475,1408455,-1,-1,-1,0,1564950,45340,99,heuristic2,68451.5,68452.4,193921024,15448408064,15642329088,161553,184247
instances/vars_1.8/instance_782475v11_1.80r0.cnf,all,782475,1408455,-1,-1,-1,0,1564950,45340,99,heuristic3,153969,153971,193921024,15448408064,15642329088,163914,186587
instances/vars_1.8/instance_782475v11_1.80r0.cnf,all,782475,1408455,-1,-1,-1,0,1564950,45340,99,cleanup_device,2.08105,2.07702,112132096,15530196992,15642329088,-1,-1
instances/vars_1.8/instance_782475v11_1.80r0.cnf,all,782475,1408455,-1,-1,-1,0,1564950,45340,99,total,320400,-1,112132096,15530196992,15642329088,-1,-1
instances/vars_1.8/instance_786071v102_1.80r0.cnf,all,786071,1414928,-1,-1,-1,0,1572142,46008,130,read_instance,424.649,-1,107937792,15534391296,15642329088,-1,-1
instances/vars_1.8/instance_786071v102_1.80r0.cnf,all,786071,1414928,-1,-1,-1,0,1572142,46008,130,alloc_graph,4.20264,4.24214,126812160,15515516928,15642329088,-1,-1
instances/vars_1.8/instance_786071v102_1.80r0.cnf,all,786071,1414928,-1,-1,-1,0,1572142,46008,130,scc,103.953,103.957,154075136,15488253952,15642329088,-1,-1
instances/vars_1.8/instance_786071v102_1.80r0.cnf,all,786071,1414928,-1,-1,-1,0,1572142,46008,130,topo_sort,9.9375,9.93936,160366592,15481962496,15642329088,-1,-1
instances/vars_1.8/instance_786071v102_1.80r0.cnf,all,786071,1414928,-1,-1,-1,0,1572142,46008,130,backbone,9555.18,9555.32,166658048,15475671040,15642329088,-1,-1
instances/vars_1.8/instance_786071v102_1.80r0.cnf,all,786071,1414928,-1,-1,-1,0,1572142,46008,130,wcc,14.7026,14.7087,172949504,15469379584,15642329088,-1,-1
instances/vars_1.8/instance_786071v102_1.80r0.cnf,all,786071,1414928,-1,-1,-1,0,1572142,46008,130,wcc_grouped,5.10254,5.10774,187629568,15454699520,15642329088,-1,-1
instances/vars_1.8/instance_786071v102_1.80r0.cnf,all,786071,1414928,-1,-1,-1,0,1572142,46008,130,heuristic1,88581.3,88582.4,193921024,15448408064,15642329088,189206,212256
instances/vars_1.8/instance_786071v102_1.80r0.cnf,all,786071,1414928,-1,-1,-1,0,1572142,46008,130,heuristic2,68987.4,68988.2,193921024,15448408064,15642329088,161575,184609
instances/vars_1.8/instance_786071v102_1.80r0.cnf,all,786071,1414928,-1,-1,-1,0,1572142,46008,130,heuristic3,155312,155314,193921024,15448408064,15642329088,164714,187727
instances/vars_1.8/instance_786071v102_1.80r0.cnf,all,786071,1414928,-1,-1,-1,0,1572142,46008,130,cleanup_device,2.11206,2.11053,112132096,15530196992,15642329088,-1,-1
instances/vars_1.8/instance_786071v102_1.80r0.cnf,all,786071,1414928,-1,-1,-1,0,1572142,46008,130,total,323032,-1,112132096,15530196992,15642329088,-1,-1
instances/vars_1.8/instance_80054v162_1.80r0.cnf,all,80054,144097,-1,-1,-1,0,160084,4738,94,read_instance,41.1396,-1,107937792,15534391296,15642329088,-1,-1
instances/vars_1.8/instance_80054v162_1.80r0.cnf,all,80054,144097,-1,-1,-1,0,160084,4738,94,alloc_graph,0.791016,0.829472,110034944,15532294144,15642329088,-1,-1
instances/vars_1.8/instance_80054v162_1.80r0.cnf,all,80054,144097,-1,-1,-1,0,160084,4738,94,scc,7.4646,7.47818,116326400,15526002688,15642329088,-1,-1
instances/vars_1.8/instance_80054v162_1.80r0.cnf,all,80054,144097,-1,-1,-1,0,160084,4738,94,topo_sort,1.90112,1.90723,116326400,15526002688,15642329088,-1,-1
instances/vars_1.8/instance_80054v162_1.80r0.cnf,all,80054,144097,-1,-1,-1,0,160084,4738,94,backbone,111.091,111.11,116326400,15526002688,15642329088,-1,-1
instances/vars_1.8/instance_80054v162_1.80r0.cnf,all,80054,144097,-1,-1,-1,0,160084,4738,94,wcc,0.659912,0.659456,118423552,15523905536,15642329088,-1,-1
instances/vars_1.8/instance_80054v162_1.80r0.cnf,all,80054,144097,-1,-1,-1,0,160084,4738,94,wcc_grouped,3.48413,3.48646,118423552,15523905536,15642329088,-1,-1
instances/vars_1.8/instance_80054v162_1.80r0.cnf,all,80054,144097,-1,-1,-1,0,160084,4738,94,heuristic1,2037.64,2037.67,120520704,15521808384,15642329088,19285,21657
instances/vars_1.8/instance_80054v162_1.80r0.cnf,all,80054,144097,-1,-1,-1,0,160084,4738,94,heuristic2,1609.95,1609.98,120520704,15521808384,15642329088,16484,18856
instances/vars_1.8/instance_80054v162_1.80r0.cnf,all,80054,144097,-1,-1,-1,0,160084,4738,94,heuristic3,2639.1,2639.14,120520704,15521808384,15642329088,16765,19132
instances/vars_1.8/instance_80054v162_1.80r0.cnf,all,80054,144097,-1,-1,-1,0,160084,4738,94,cleanup_device,0.259033,0.253792,112132096,15530196992,15642329088,-1,-1
instances/vars_1.8/instance_80054v162_1.80r0.cnf,all,80054,144097,-1,-1,-1,0,160084,4738,94,total,6458.33,-1,112132096,15530196992,15642329088,-1,-1
instances/vars_1.8/instance_81118v186_1.80r0.cnf,all,81118,146012,-1,-1,-1,0,162236,4720,83,read_instance,42.6677,-1,107937792,15534391296,15642329088,-1,-1
instances/vars_1.8/instance_81118v186_1.80r0.cnf,all,81118,146012,-1,-1,-1,0,162236,4720,83,alloc_graph,0.756592,0.804576,110034944,15532294144,15642329088,-1,-1
instances/vars_1.8/instance_81118v186_1.80r0.cnf,all,81118,146012,-1,-1,-1,0,162236,4720,83,scc,7.73145,7.73238,116326400,15526002688,15642329088,-1,-1
instances/vars_1.8/instance_81118v186_1.80r0.cnf,all,81118,146012,-1,-1,-1,0,162236,4720,83,topo_sort,1.88574,1.88643,116326400,15526002688,15642329088,-1,-1
instances/vars_1.8/instance_81118v186_1.80r0.cnf,all,81118,146012,-1,-1,-1,0,162236,4720,83,backbone,114.163,114.183,118423552,15523905536,15642329088,-1,-1
instances/vars_1.8/instance_81118v186_1.80r0.cnf,all,81118,146012,-1,-1,-1,0,162236,4720,83,wcc,0.592285,0.591872,118423552,15523905536,15642329088,-1,-1
instances/vars_1.8/instance_81118v186_1.80r0.cnf,all,81118,146012,-1,-1,-1,0,162236,4720,83,wcc_grouped,1.85327,1.85363,120520704,15521808384,15642329088,-1,-1
instances/vars_1.8/instance_81118v186_1.80r0.cnf,all,81118,146012,-1,-1,-1,0,162236,4720,83,heuristic1,2068.42,2068.45,120520704,15521808384,15642329088,19648,22010
instances/vars_1.8/instance_81118v186_1.80r0.cnf,all,81118,146012,-1,-1,-1,0,162236,4720,83,heuristic2,1629.65,1629.67,120520704,15521808384,15642329088,16643,19003
instances/vars_1.8/instance_81118v186_1.80r0.cnf,all,81118,146012,-1,-1,-1,0,162236,4720,83,heuristic3,2711.71,2711.75,120520704,15521808384,15642329088,16972,19331
instances/vars_1.8/instance_81118v186_1.80r0.cnf,all,81118,146012,-1,-1,-1,0,162236,4720,83,cleanup_device,0.4021,0.400864,112132096,15530196992,15642329088,-1,-1
instances/vars_1.8/instance_81118v186_1.80r0.cnf,all,81118,146012,-1,-1,-1,0,162236,4720,83,total,6584.7,-1,112132096,15530196992,15642329088,-1,-1
instances/vars_1.8/instance_820245v86_1.80r0.cnf,all,820245,1476441,-1,-1,-1,0,1640490,47100,131,read_instance,490.868,-1,107937792,15534391296,15642329088,-1,-1
instances/vars_1.8/instance_820245v86_1.80r0.cnf,all,820245,1476441,-1,-1,-1,0,1640490,47100,131,alloc_graph,4.37451,4.41098,128909312,15513419776,15642329088,-1,-1
instances/vars_1.8/instance_820245v86_1.80r0.cnf,all,820245,1476441,-1,-1,-1,0,1640490,47100,131,scc,107.94,107.944,160366592,15481962496,15642329088,-1,-1
instances/vars_1.8/instance_820245v86_1.80r0.cnf,all,820245,1476441,-1,-1,-1,0,1640490,47100,131,topo_sort,10.9131,10.9166,168755200,15473573888,15642329088,-1,-1
instances/vars_1.8/instance_820245v86_1.80r0.cnf,all,820245,1476441,-1,-1,-1,0,1640490,47100,131,backbone,10347,10347.2,177143808,15465185280,15642329088,-1,-1
instances/vars_1.8/instance_820245v86_1.80r0.cnf,all,820245,1476441,-1,-1,-1,0,1640490,47100,131,wcc,14.7126,14.7149,185532416,15456796672,15642329088,-1,-1
instances/vars_1.8/instance_820245v86_1.80r0.cnf,all,820245,1476441,-1,-1,-1,0,1640490,47100,131,wcc_grouped,5.08325,5.08323,204406784,15437922304,15642329088,-1,-1
instances/vars_1.8/instance_820245v86_1.80r0.cnf,all,820245,1476441,-1,-1,-1,0,1640490,47100,131,heuristic1,96518.7,96519.9,212795392,15429533696,15642329088,197990,221592
instances/vars_1.8/instance_820245v86_1.80r0.cnf,all,820245,1476441,-1,-1,-1,0,1640490,47100,131,heuristic2,75073,75074,212795392,15429533696,15642329088,169172,192759
instances/vars_1.8/instance_820245v86_1.80r0.cnf,all,820245,1476441,-1,-1,-1,0,1640490,47100,131,heuristic3,163477,163479,212795392,15429533696,15642329088,171772,195329
instances/vars_1.8/instance_820245v86_1.80r0.cnf,all,820245,1476441,-1,-1,-1,0,1640490,47100,131,cleanup_device,2.54395,2.54179,112132096,15530196992,15642329088,-1,-1
instances/vars_1.8/instance_820245v86_1.80r0.cnf,all,820245,1476441,-1,-1,-1,0,1640490,47100,131,total,346086,-1,112132096,15530196992,15642329088,-1,-1
instances/vars_1.8/instance_8207v56_1.80r0.cnf,all,8207,14773,-1,-1,-1,0,16414,550,57,read_instance,3.90112,-1,107937792,15534391296,15642329088,-1,-1
instances/vars_1.8/instance_8207v56_1.80r0.cnf,all,8207,14773,-1,-1,-1,0,16414,550,57,alloc_graph,0.250488,0.239072,110034944,15532294144,15642329088,-1,-1
instances/vars_1.8/instance_8207v56_1.80r0.cnf,all,8207,14773,-1,-1,-1,0,16414,550,57,scc,4.99048,4.98042,112132096,15530196992,15642329088,-1,-1
instances/vars_1.8/instance_8207v56_1.80r0.cnf,all,8207,14773,-1,-1,-1,0,16414,550,57,topo_sort,1.146,1.1465,112132096,15530196992,15642329088,-1,-1
instances/vars_1.8/instance_8207v56_1.80r0.cnf,all,8207,14773,-1,-1,-1,0,16414,550,57,backbone,6.27368,6.27984,112132096,15530196992,15642329088,-1,-1
instances/vars_1.8/instance_8207v56_1.80r0.cnf,all,8207,14773,-1,-1,-1,0,16414,550,57,wcc,0.282959,0.28256,112132096,15530196992,15642329088,-1,-1
instances/vars_1.8/instance_8207v56_1.80r0.cnf,all,8207,14773,-1,-1,-1,0,16414,550,57,wcc_grouped,1.01611,1.01626,112132096,15530196992,15642329088,-1,-1
instances/vars_1.8/instance_8207v56_1.80r0.cnf,all,8207,14773,-1,-1,-1,0,16414,550,57,heuristic1,178.813,178.816,112132096,15530196992,15642329088,1952,2226
instances/vars_1.8/instance_8207v56_1.80r0.cnf,all,8207,14773,-1,-1,-1,0,16414,550,57,heuristic2,147.403,147.405,112132096,15530196992,15642329088,1655,1928
instances/vars_1.8/instance_8207v56_1.80r0.cnf,all,8207,14773,-1,-1,-1,0,16414,550,57,heuristic3,167.094,167.097,112132096,15530196992,15642329088,1671,1944
instances/vars_1.8/instance_8207v56_1.80r0.cnf,all,8207,14773,-1,-1,-1,0,16414,550,57,cleanup_device,0.0412598,0.040736,112132096,15530196992,15642329088,-1,-1
instances/vars_1.8/instance_8207v56_1.80r0.cnf,all,8207,14773,-1,-1,-1,0,16414,550,57,total,512.388,-1,112132096,15530196992,15642329088,-1,-1
instances/vars_1.8/instance_821419v184_1.80r0.cnf,all,821419,1478554,-1,-1,-1,0,1642816,47882,137,read_instance,446.791,-1,107937792,15534391296,15642329088,-1,-1
instances/vars_1.8/instance_821419v184_1.80r0.cnf,all,821419,1478554,-1,-1,-1,0,1642816,47882,137,alloc_graph,4.33594,4.34858,128909312,15513419776,15642329088,-1,-1
instances/vars_1.8/instance_821419v184_1.80r0.cnf,all,821419,1478554,-1,-1,-1,0,1642816,47882,137,scc,119.067,119.072,160366592,15481962496,15642329088,-1,-1
instances/vars_1.8/instance_821419v184_1.80r0.cnf,all,821419,1478554,-1,-1,-1,0,1642816,47882,137,topo_sort,10.2295,10.2309,168755200,15473573888,15642329088,-1,-1
instances/vars_1.8/instance_821419v184_1.80r0.cnf,all,821419,1478554,-1,-1,-1,0,1642816,47882,137,backbone,10343.1,10343.3,177143808,15465185280,15642329088,-1,-1
instances/vars_1.8/instance_821419v184_1.80r0.cnf,all,821419,1478554,-1,-1,-1,0,1642816,47882,137,wcc,14.6748,14.6778,185532416,15456796672,15642329088,-1,-1
instances/vars_1.8/instance_821419v184_1.80r0.cnf,all,821419,1478554,-1,-1,-1,0,1642816,47882,137,wcc_grouped,5.13135,5.13398,204406784,15437922304,15642329088,-1,-1
instances/vars_1.8/instance_821419v184_1.80r0.cnf,all,821419,1478554,-1,-1,-1,0,1642816,47882,137,heuristic1,96702.7,96703.9,212795392,15429533696,15642329088,198234,222211
instances/vars_1.8/instance_821419v184_1.80r0.cnf,all,821419,1478554,-1,-1,-1,0,1642816,47882,137,heuristic2,74900.7,74901.7,212795392,15429533696,15642329088,168856,192822
instances/vars_1.8/instance_821419v184_1.80r0.cnf,all,821419,1478554,-1,-1,-1,0,1642816,47882,137,heuristic3,163502,163504,212795392,15429533696,15642329088,172372,196315
instances/vars_1.8/instance_821419v184_1.80r0.cnf,all,821419,1478554,-1,-1,-1,0,1642816,47882,137,cleanup_device,2.58423,2.58381,112132096,15530196992,15642329088,-1,-1
instances/vars_1.8/instance_821419v184_1.80r0.cnf,all,821419,1478554,-1,-1,-1,0,1642816,47882,137,total,346085,-1,112132096,15530196992,15642329088,-1,-1
instances/vars_1.8/instance_823935v3_1.80r0.cnf,all,823935,1483083,-1,-1,-1,0,1647870,47562,97,read_instance,449.087,-1,107937792,15534391296,15642329088,-1,-1
instances/vars_1.8/instance_823935v3_1.80r0.cnf,all,823935,1483083,-1,-1,-1,0,1647870,47562,97,alloc_graph,4.20679,4.23491,128909312,15513419776,15642329088,-1,-1
instances/vars_1.8/instance_823935v3_1.80r0.cnf,all,823935,1483083,-1,-1,-1,0,1647870,47562,97,scc,89.7822,89.7862,160366592,15481962496,15642329088,-1,-1
instances/vars_1.8/instance_823935v3_1.80r0.cnf,all,823935,1483083,-1,-1,-1,0,1647870,47562,97,topo_sort,9.44067,9.44157,168755200,15473573888,15642329088,-1,-1
instances/vars_1.8/instance_823935v3_1.80r0.cnf,all,823935,1483083,-1,-1,-1,0,1647870,47562,97,backbone,10433.6,10433.8,177143808,15465185280,15642329088,-1,-1
instances/vars_1.8/instance_823935v3_1.80r0.cnf,all,823935,1483083,-1,-1,-1,0,1647870,47562,97,wcc,14.6787,14.6973,185532416,15456796672,15642329088,-1,-1
instances/vars_1.8/instance_823935v3_1.80r0.cnf,all,823935,1483083,-1,-1,-1,0,1647870,47562,97,wcc_grouped,5.10278,5.10374,204406784,15437922304,15642329088,-1,-1
instances/vars_1.8/instance_823935v3_1.80r0.cnf,all,823935,1483083,-1,-1,-1,0,1647870,47562,97,heuristic1,97784.4,97785.6,212795392,15429533696,15642329088,198679,222503
instances/vars_1.8/instance_823935v3_1.80r0.cnf,all,823935,1483083,-1,-1,-1,0,1647870,47562,97,heuristic2,75489,75490,212795392,15429533696,15642329088,169338,193142
instances/vars_1.8/instance_823935v3_1.80r0.cnf,all,823935,1483083,-1,-1,-1,0,1647870,47562,97,heuristic3,164660,164663,212795392,15429533696,15642329088,171988,195774
instances/vars_1.8/instance_823935v3_1.80r0.cnf,all,823935,1483083,-1,-1,-1,0,1647870,47562,97,cleanup_device,2.54077,2.53827,112132096,15530196992,15642329088,-1,-1
instances/vars_1.8/instance_823935v3_1.80r0.cnf,all,823935,1483083,-1,-1,-1,0,1647870,47562,97,total,348976,-1,112132096,15530196992,15642329088,-1,-1
instances/vars_1.8/instance_825969v155_1.80r0.cnf,all,825969,1486744,-1,-1,-1,0,1651936,47236,97,read_instance,441.637,-1,107937792,15534391296,15642329088,-1,-1
instances/vars_1.8/instance_825969v155_1.80r0.cnf,all,825969,1486744,-1,-1,-1,0,1651936,47236,97,alloc_graph,4.2334,4.25613,128909312,15513419776,15642329088,-1,-1
instances/vars_1.8/instance_825969v155_1.80r0.cnf,all,825969,1486744,-1,-1,-1,0,1651936,47236,97,scc,79.0129,79.0154,160366592,15481962496,15642329088,-1,-1
instances/vars_1.8/instance_825969v155_1.80r0.cnf,all,825969,1486744,-1,-1,-1,0,1651936,47236,97,topo_sort,9.59497,9.59709,168755200,15473573888,15642329088,-1,-1
instances/vars_1.8/instance_825969v155_1.80r0.cnf,all,825969,1486744,-1,-1,-1,0,1651936,47236,97,backbone,10385.2,10385.4,177143808,15465185280,15642329088,-1,-1
instances/vars_1.8/instance_825969v155_1.80r0.cnf,all,825969,1486744,-1,-1,-1,0,1651936,47236,97,wcc,15.7729,15.7765,185532416,15456796672,15642329088,-1,-1
instances/vars_1.8/instance_825969v155_1.80r0.cnf,all,825969,1486744,-1,-1,-1,0,1651936,47236,97,wcc_grouped,5.10278,5.10362,204406784,15437922304,15642329088,-1,-1
instances/vars_1.8/instance_825969v155_1.80r0.cnf,all,825969,1486744,-1,-1,-1,0,1651936,47236,97,heuristic1,98223.4,98224.6,212795392,15429533696,15642329088,199749,223420
instances/vars_1.8/instance_825969v155_1.80r0.cnf,all,825969,1486744,-1,-1,-1,0,1651936,47236,97,heuristic2,75743.6,75744.6,212795392,15429533696,15642329088,170050,193698
instances/vars_1.8/instance_825969v155_1.80r0.cnf,all,825969,1486744,-1,-1,-1,0,1651936,47236,97,heuristic3,165527,165529,212795392,15429533696,15642329088,173092,196720
instances/vars_1.8/instance_825969v155_1.80r0.cnf,all,825969,1486744,-1,-1,-1,0,1651936,47236,97,cleanup_device,2.55933,2.55802,112132096,15530196992,15642329088,-1,-1
instances/vars_1.8/instance_825969v155_1.80r0.cnf,all,825969,1486744,-1,-1,-1,0,1651936,47236,97,total,350470,-1,112132096,15530196992,15642329088,-1,-1
instances/vars_1.8/instance_82848v0_1.80r0.cnf,all,82848,149126,-1,-1,-1,0,165696,4842,84,read_instance,43.7051,-1,107937792,15534391296,15642329088,-1,-1
instances/vars_1.8/instance_82848v0_1.80r0.cnf,all,82848,149126,-1,-1,-1,0,165696,4842,84,alloc_graph,0.764893,0.815936,110034944,15532294144,15642329088,-1,-1
instances/vars_1.8/instance_82848v0_1.80r0.cnf,all,82848,149126,-1,-1,-1,0,165696,4842,84,scc,6.80078,6.80147,116326400,15526002688,15642329088,-1,-1
instances/vars_1.8/instance_82848v0_1.80r0.cnf,all,82848,149126,-1,-1,-1,0,165696,4842,84,topo_sort,1.77808,1.77818,116326400,15526002688,15642329088,-1,-1
instances/vars_1.8/instance_82848v0_1.80r0.cnf,all,82848,149126,-1,-1,-1,0,165696,4842,84,backbone,119.134,119.152,118423552,15523905536,15642329088,-1,-1
instances/vars_1.8/instance_82848v0_1.80r0.cnf,all,82848,149126,-1,-1,-1,0,165696,4842,84,wcc,0.509277,0.509312,118423552,15523905536,15642329088,-1,-1
instances/vars_1.8/instance_82848v0_1.80r0.cnf,all,82848,149126,-1,-1,-1,0,165696,4842,84,wcc_grouped,1.96533,1.96608,120520704,15521808384,15642329088,-1,-1
instances/vars_1.8/instance_82848v0_1.80r0.cnf,all,82848,149126,-1,-1,-1,0,165696,4842,84,heuristic1,2126.18,2126.21,120520704,15521808384,15642329088,19940,22368
instances/vars_1.8/instance_82848v0_1.80r0.cnf,all,82848,149126,-1,-1,-1,0,165696,4842,84,heuristic2,1678.33,1678.35,120520704,15521808384,15642329088,16978,19398
instances/vars_1.8/instance_82848v0_1.80r0.cnf,all,82848,149126,-1,-1,-1,0,165696,4842,84,heuristic3,2769.76,2769.8,120520704,15521808384,15642329088,17290,19710
instances/vars_1.8/instance_82848v0_1.80r0.cnf,all,82848,149126,-1,-1,-1,0,165696,4842,84,cleanup_device,0.338867,0.33744,114229248,15528099840,15642329088,-1,-1
instances/vars_1.8/instance_82848v0_1.80r0.cnf,all,82848,149126,-1,-1,-1,0,165696,4842,84,total,6754.06,-1,114229248,15528099840,15642329088,-1,-1
instances/vars_1.8/instance_858828v144_1.80r0.cnf,all,858828,1545890,-1,-1,-1,0,1717656,49078,119,read_instance,476.597,-1,107937792,15534391296,15642329088,-1,-1
instances/vars_1.8/instance_858828v144_1.80r0.cnf,all,858828,1545890,-1,-1,-1,0,1717656,49078,119,alloc_graph,4.46777,4.5097,128909312,15513419776,15642329088,-1,-1
instances/vars_1.8/instance_858828v144_1.80r0.cnf,all,858828,1545890,-1,-1,-1,0,1717656,49078,119,scc,118.664,118.668,160366592,15481962496,15642329088,-1,-1
instances/vars_1.8/instance_858828v144_1.80r0.cnf,all,858828,1545890,-1,-1,-1,0,1717656,49078,119,topo_sort,10.8574,10.8592,168755200,15473573888,15642329088,-1,-1
instances/vars_1.8/instance_858828v144_1.80r0.cnf,all,858828,1545890,-1,-1,-1,0,1717656,49078,119,backbone,11267.5,11267.6,177143808,15465185280,15642329088,-1,-1
instances/vars_1.8/instance_858828v144_1.80r0.cnf,all,858828,1545890,-1,-1,-1,0,1717656,49078,119,wcc,15.741,15.7445,185532416,15456796672,15642329088,-1,-1
instances/vars_1.8/instance_858828v144_1.80r0.cnf,all,858828,1545890,-1,-1,-1,0,1717656,49078,119,wcc_grouped,5.08325,5.08518,204406784,15437922304,15642329088,-1,-1
instances/vars_1.8/instance_858828v144_1.80r0.cnf,all,858828,1545890,-1,-1,-1,0,1717656,49078,119,heuristic1,106169,106170,212795392,15429533696,15642329088,207512,232099
instances/vars_1.8/instance_858828v144_1.80r0.cnf,all,858828,1545890,-1,-1,-1,0,1717656,49078,119,heuristic2,82675.6,82676.7,212795392,15429533696,15642329088,177098,201679
instances/vars_1.8/instance_858828v144_1.80r0.cnf,all,858828,1545890,-1,-1,-1,0,1717656,49078,119,heuristic3,179723,179726,212795392,15429533696,15642329088,180153,204702
instances/vars_1.8/instance_858828v144_1.80r0.cnf,all,858828,1545890,-1,-1,-1,0,1717656,49078,119,cleanup_device,2.50098,2.49661,112132096,15530196992,15642329088,-1,-1
instances/vars_1.8/instance_858828v144_1.80r0.cnf,all,858828,1545890,-1,-1,-1,0,1717656,49078,119,total,380503,-1,112132096,15530196992,15642329088,-1,-1
instances/vars_1.8/instance_8650v40_1.80r0.cnf,all,8650,15570,-1,-1,-1,0,17288,522,48,read_instance,4.09888,-1,107937792,15534391296,15642329088,-1,-1
instances/vars_1.8/instance_8650v40_1.80r0.cnf,all,8650,15570,-1,-1,-1,0,17288,522,48,alloc_graph,0.220947,0.211968,110034944,15532294144,15642329088,-1,-1
instances/vars_1.8/instance_8650v40_1.80r0.cnf,all,8650,15570,-1,-1,-1,0,17288,522,48,scc,4.36938,4.37085,112132096,15530196992,15642329088,-1,-1
instances/vars_1.8/instance_8650v40_1.80r0.cnf,all,8650,15570,-1,-1,-1,0,17288,522,48,topo_sort,0.983887,0.98448,112132096,15530196992,15642329088,-1,-1
instances/vars_1.8/instance_8650v40_1.80r0.cnf,all,8650,15570,-1,-1,-1,0,17288,522,48,backbone,6.27588,6.28192,112132096,15530196992,15642329088,-1,-1
instances/vars_1.8/instance_8650v40_1.80r0.cnf,all,8650,15570,-1,-1,-1,0,17288,522,48,wcc,0.25293,0.251904,112132096,15530196992,15642329088,-1,-1
instances/vars_1.8/instance_8650v40_1.80r0.cnf,all,8650,15570,-1,-1,-1,0,17288,522,48,wcc_grouped,1.13989,1.14074,112132096,15530196992,15642329088,-1,-1
instances/vars_1.8/instance_8650v40_1.80r0.cnf,all,8650,15570,-1,-1,-1,0,17288,522,48,heuristic1,185.504,185.506,112132096,15530196992,15642329088,2078,2339
instances/vars_1.8/instance_8650v40_1.80r0.cnf,all,8650,15570,-1,-1,-1,0,17288,522,48,heuristic2,154.635,154.637,112132096,15530196992,15642329088,1797,2056
instances/vars_1.8/instance_8650v40_1.80r0.cnf,all,8650,15570,-1,-1,-1,0,17288,522,48,heuristic3,174.345,174.348,112132096,15530196992,15642329088,1768,2027
instances/vars_1.8/instance_8650v40_1.80r0.cnf,all,8650,15570,-1,-1,-1,0,17288,522,48,cleanup_device,0.041748,0.041408,112132096,15530196992,15642329088,-1,-1
instances/vars_1.8/instance_8650v40_1.80r0.cnf,all,8650,15570,-1,-1,-1,0,17288,522,48,total,533.002,-1,112132096,15530196992,15642329088,-1,-1
instances/vars_1.8/instance_8679v115_1.80r0.cnf,all,8679,15622,-1,-1,-1,0,17346,514,65,read_instance,4.04639,-1,107937792,15534391296,15642329088,-1,-1
instances/vars_1.8/instance_8679v115_1.80r0.cnf,all,8679,15622,-1,-1,-1,0,17346,514,65,alloc_graph,0.21167,0.208672,110034944,15532294144,15642329088,-1,-1
instances/vars_1.8/instance_8679v115_1.80r0.cnf,all,8679,15622,-1,-1,-1,0,17346,514,65,scc,4.37354,4.37517,112132096,15530196992,15642329088,-1,-1
instances/vars_1.8/instance_8679v115_1.80r0.cnf,all,8679,15622,-1,-1,-1,0,17346,514,65,topo_sort,1.26172,1.26227,112132096,15530196992,15642329088,-1,-1
instances/vars_1.8/instance_8679v115_1.80r0.cnf,all,8679,15622,-1,-1,-1,0,17346,514,65,backbone,6.14966,6.15501,112132096,15530196992,15642329088,-1,-1
instances/vars_1.8/instance_8679v115_1.80r0.cnf,all,8679,15622,-1,-1,-1,0,17346,514,65,wcc,0.237793,0.237376,112132096,15530196992,15642329088,-1,-1
instances/vars_1.8/instance_8679v115_1.80r0.cnf,all,8679,15622,-1,-1,-1,0,17346,514,65,wcc_grouped,1.08911,1.08941,112132096,15530196992,15642329088,-1,-1
instances/vars_1.8/instance_8679v115_1.80r0.cnf,all,8679,15622,-1,-1,-1,0,17346,514,65,heuristic1,185.081,185.084,112132096,15530196992,15642329088,2074,2329
instances/vars_1.8/instance_8679v115_1.80r0.cnf,all,8679,15622,-1,-1,-1,0,17346,514,65,heuristic2,155.983,155.984,112132096,15530196992,15642329088,1778,2033
instances/vars_1.8/instance_8679v115_1.80r0.cnf,all,8679,15622,-1,-1,-1,0,17346,514,65,heuristic3,179.789,179.792,112132096,15530196992,15642329088,1775,2030
instances/vars_1.8/instance_8679v115_1.80r0.cnf,all,8679,15622,-1,-1,-1,0,17346,514,65,cleanup_device,0.0446777,0.044128,112132096,15530196992,15642329088,-1,-1
instances/vars_1.8/instance_8679v115_1.80r0.cnf,all,8679,15622,-1,-1,-1,0,17346,514,65,total,539.359,-1,112132096,15530196992,15642329088,-1,-1
instances/vars_1.8/instance_887124v134_1.80r0.cnf,all,887124,1596823,-1,-1,-1,0,1774244,51268,114,read_instance,480.847,-1,107937792,15534391296,15642329088,-1,-1
instances/vars_1.8/instance_887124v134_1.80r0.cnf,all,887124,1596823,-1,-1,-1,0,1774244,51268,114,alloc_graph,4.67603,4.70346,131006464,15511322624,15642329088,-1,-1
instances/vars_1.8/instance_887124v134_1.80r0.cnf,all,887124,1596823,-1,-1,-1,0,1774244,51268,114,scc,122.737,122.741,164560896,15477768192,15642329088,-1,-1
instances/vars_1.8/instance_887124v134_1.80r0.cnf,all,887124,1596823,-1,-1,-1,0,1774244,51268,114,topo_sort,10.7673,10.7689,172949504,15469379584,15642329088,-1,-1
instances/vars_1.8/instance_887124v134_1.80r0.cnf,all,887124,1596823,-1,-1,-1,0,1774244,51268,114,backbone,12029.5,12029.6,181338112,15460990976,15642329088,-1,-1
instances/vars_1.8/instance_887124v134_1.80r0.cnf,all,887124,1596823,-1,-1,-1,0,1774244,51268,114,wcc,16.7876,16.7905,189726720,15452602368,15642329088,-1,-1
instances/vars_1.8/instance_887124v134_1.80r0.cnf,all,887124,1596823,-1,-1,-1,0,1774244,51268,114,wcc_grouped,5.1145,5.1177,208601088,15433728000,15642329088,-1,-1
instances/vars_1.8/instance_887124v134_1.80r0.cnf,all,887124,1596823,-1,-1,-1,0,1774244,51268,114,heuristic1,113499,113501,216989696,15425339392,15642329088,214042,239723
instances/vars_1.8/instance_887124v134_1.80r0.cnf,all,887124,1596823,-1,-1,-1,0,1774244,51268,114,heuristic2,88492.6,88493.8,216989696,15425339392,15642329088,182884,208551
instances/vars_1.8/instance_887124v134_1.80r0.cnf,all,887124,1596823,-1,-1,-1,0,1774244,51268,114,heuristic3,189802,189805,216989696,15425339392,15642329088,185561,211197
instances/vars_1.8/instance_887124v134_1.80r0.cnf,all,887124,1596823,-1,-1,-1,0,1774244,51268,114,cleanup_device,2.64136,2.63882,112132096,15530196992,15642329088,-1,-1
instances/vars_1.8/instance_887124v134_1.80r0.cnf,all,887124,1596823,-1,-1,-1,0,1774244,51268,114,total,404501,-1,112132096,15530196992,15642329088,-1,-1
instances/vars_1.8/instance_896404v121_1.80r0.cnf,all,896404,1613527,-1,-1,-1,0,1792790,51072,104,read_instance,532.335,-1,107937792,15534391296,15642329088,-1,-1
instances/vars_1.8/instance_896404v121_1.80r0.cnf,all,896404,1613527,-1,-1,-1,0,1792790,51072,104,alloc_graph,5.0105,5.03293,131006464,15511322624,15642329088,-1,-1
instances/vars_1.8/instance_896404v121_1.80r0.cnf,all,896404,1613527,-1,-1,-1,0,1792790,51072,104,scc,114.974,114.978,164560896,15477768192,15642329088,-1,-1
instances/vars_1.8/instance_896404v121_1.80r0.cnf,all,896404,1613527,-1,-1,-1,0,1792790,51072,104,topo_sort,10.9441,10.9492,172949504,15469379584,15642329088,-1,-1
instances/vars_1.8/instance_896404v121_1.80r0.cnf,all,896404,1613527,-1,-1,-1,0,1792790,51072,104,backbone,12331.9,12332.1,181338112,15460990976,15642329088,-1,-1
instances/vars_1.8/instance_896404v121_1.80r0.cnf,all,896404,1613527,-1,-1,-1,0,1792790,51072,104,wcc,17.894,17.9015,189726720,15452602368,15642329088,-1,-1
instances/vars_1.8/instance_896404v121_1.80r0.cnf,all,896404,1613527,-1,-1,-1,0,1792790,51072,104,wcc_grouped,5.04321,5.04589,208601088,15433728000,15642329088,-1,-1
instances/vars_1.8/instance_896404v121_1.80r0.cnf,all,896404,1613527,-1,-1,-1,0,1792790,51072,104,heuristic1,115186,115187,216989696,15425339392,15642329088,216099,241673
instances/vars_1.8/instance_896404v121_1.80r0.cnf,all,896404,1613527,-1,-1,-1,0,1792790,51072,104,heuristic2,89438.4,89439.5,216989696,15425339392,15642329088,184744,210311
instances/vars_1.8/instance_896404v121_1.80r0.cnf,all,896404,1613527,-1,-1,-1,0,1792790,51072,104,heuristic3,193202,193204,216989696,15425339392,15642329088,188307,213843
instances/vars_1.8/instance_896404v121_1.80r0.cnf,all,896404,1613527,-1,-1,-1,0,1792790,51072,104,cleanup_device,2.60205,2.59965,112132096,15530196992,15642329088,-1,-1
instances/vars_1.8/instance_896404v121_1.80r0.cnf,all,896404,1613527,-1,-1,-1,0,1792790,51072,104,total,410883,-1,112132096,15530196992,15642329088,-1,-1
instances/vars_1.8/instance_89740v163_1.80r0.cnf,all,89740,161532,-1,-1,-1,0,179480,5348,86,read_instance,47.3501,-1,107937792,15534391296,15642329088,-1,-1
instances/vars_1.8/instance_89740v163_1.80r0.cnf,all,89740,161532,-1,-1,-1,0,179480,5348,86,alloc_graph,0.777588,0.827328,110034944,15532294144,15642329088,-1,-1
instances/vars_1.8/instance_89740v163_1.80r0.cnf,all,89740,161532,-1,-1,-1,0,179480,5348,86,scc,6.98975,6.98982,116326400,15526002688,15642329088,-1,-1
instances/vars_1.8/instance_89740v163_1.80r0.cnf,all,89740,161532,-1,-1,-1,0,179480,5348,86,topo_sort,1.9353,1.93587,116326400,15526002688,15642329088,-1,-1
instances/vars_1.8/instance_89740v163_1.80r0.cnf,all,89740,161532,-1,-1,-1,0,179480,5348,86,backbone,138.178,138.194,118423552,15523905536,15642329088,-1,-1
instances/vars_1.8/instance_89740v163_1.80r0.cnf,all,89740,161532,-1,-1,-1,0,179480,5348,86,wcc,0.5354,0.534528,118423552,15523905536,15642329088,-1,-1
instances/vars_1.8/instance_89740v163_1.80r0.cnf,all,89740,161532,-1,-1,-1,0,179480,5348,86,wcc_grouped,3.49194,3.492,120520704,15521808384,15642329088,-1,-1
instances/vars_1.8/instance_89740v163_1.80r0.cnf,all,89740,161532,-1,-1,-1,0,179480,5348,86,heuristic1,2371.96,2372,122617856,15519711232,15642329088,21762,24443
instances/vars_1.8/instance_89740v163_1.80r0.cnf,all,89740,161532,-1,-1,-1,0,179480,5348,86,heuristic2,1863.07,1863.09,122617856,15519711232,15642329088,18512,21190
instances/vars_1.8/instance_89740v163_1.80r0.cnf,all,89740,161532,-1,-1,-1,0,179480,5348,86,heuristic3,3133.74,3133.79,122617856,15519711232,15642329088,18613,21287
instances/vars_1.8/instance_89740v163_1.80r0.cnf,all,89740,161532,-1,-1,-1,0,179480,5348,86,cleanup_device,0.27002,0.265408,114229248,15528099840,15642329088,-1,-1
instances/vars_1.8/instance_89740v163_1.80r0.cnf,all,89740,161532,-1,-1,-1,0,179480,5348,86,total,7573.8,-1,114229248,15528099840,15642329088,-1,-1
instances/vars_1.8/instance_90473v146_1.80r0.cnf,all,90473,162851,-1,-1,-1,0,180902,5416,86,read_instance,46.7666,-1,107937792,15534391296,15642329088,-1,-1
instances/vars_1.8/instance_90473v146_1.80r0.cnf,all,90473,162851,-1,-1,-1,0,180902,5416,86,alloc_graph,0.848877,0.882304,110034944,15532294144,15642329088,-1,-1
instances/vars_1.8/instance_90473v146_1.80r0.cnf,all,90473,162851,-1,-1,-1,0,180902,5416,86,scc,8.24072,8.24509,116326400,15526002688,15642329088,-1,-1
instances/vars_1.8/instance_90473v146_1.80r0.cnf,all,90473,162851,-1,-1,-1,0,180902,5416,86,topo_sort,2.323,2.32294,116326400,15526002688,15642329088,-1,-1
instances/vars_1.8/instance_90473v146_1.80r0.cnf,all,90473,162851,-1,-1,-1,0,180902,5416,86,backbone,141.666,141.68,118423552,15523905536,15642329088,-1,-1
instances/vars_1.8/instance_90473v146_1.80r0.cnf,all,90473,162851,-1,-1,-1,0,180902,5416,86,wcc,0.527588,0.5264,118423552,15523905536,15642329088,-1,-1
instances/vars_1.8/instance_90473v146_1.80r0.cnf,all,90473,162851,-1,-1,-1,0,180902,5416,86,wcc_grouped,3.49854,3.49952,120520704,15521808384,15642329088,-1,-1
instances/vars_1.8/instance_90473v146_1.80r0.cnf,all,90473,162851,-1,-1,-1,0,180902,5416,86,heuristic1,2379.23,2379.27,122617856,15519711232,15642329088,21830,24539
instances/vars_1.8/instance_90473v146_1.80r0.cnf,all,90473,162851,-1,-1,-1,0,180902,5416,86,heuristic2,1910.48,1910.5,122617856,15519711232,15642329088,18638,21349
instances/vars_1.8/instance_90473v146_1.80r0.cnf,all,90473,162851,-1,-1,-1,0,180902,5416,86,heuristic3,3165.06,3165.11,122617856,15519711232,15642329088,18802,21508
instances/vars_1.8/instance_90473v146_1.80r0.cnf,all,90473,162851,-1,-1,-1,0,180902,5416,86,cleanup_device,0.196289,0.191392,116326400,15526002688,15642329088,-1,-1
instances/vars_1.8/instance_90473v146_1.80r0.cnf,all,90473,162851,-1,-1,-1,0,180902,5416,86,total,7664.58,-1,116326400,15526002688,15642329088,-1,-1
instances/vars_1.8/instance_9212v29_1.80r0.cnf,all,9212,16582,-1,-1,-1,0,18416,558,63,read_instance,4.68994,-1,107937792,15534391296,15642329088,-1,-1
instances/vars_1.8/instance_9212v29_1.80r0.cnf,all,9212,16582,-1,-1,-1,0,18416,558,63,alloc_graph,0.226074,0.220128,110034944,15532294144,15642329088,-1,-1
instances/vars_1.8/instance_9212v29_1.80r0.cnf,all,9212,16582,-1,-1,-1,0,18416,558,63,scc,4.40063,4.4023,112132096,15530196992,15642329088,-1,-1
instances/vars_1.8/instance_9212v29_1.80r0.cnf,all,9212,16582,-1,-1,-1,0,18416,558,63,topo_sort,1.28906,1.28883,112132096,15530196992,15642329088,-1,-1
instances/vars_1.8/instance_9212v29_1.80r0.cnf,all,9212,16582,-1,-1,-1,0,18416,558,63,backbone,6.6084,6.61574,112132096,15530196992,15642329088,-1,-1
instances/vars_1.8/instance_9212v29_1.80r0.cnf,all,9212,16582,-1,-1,-1,0,18416,558,63,wcc,0.265381,0.26448,112132096,15530196992,15642329088,-1,-1
instances/vars_1.8/instance_9212v29_1.80r0.cnf,all,9212,16582,-1,-1,-1,0,18416,558,63,wcc_grouped,1.06812,1.06874,112132096,15530196992,15642329088,-1,-1
instances/vars_1.8/instance_9212v29_1.80r0.cnf,all,9212,16582,-1,-1,-1,0,18416,558,63,heuristic1,210.187,210.191,112132096,15530196992,15642329088,2198,2476
instances/vars_1.8/instance_9212v29_1.80r0.cnf,all,9212,16582,-1,-1,-1,0,18416,558,63,heuristic2,159.735,159.736,112132096,15530196992,15642329088,1870,2147
instances/vars_1.8/instance_9212v29_1.80r0.cnf,all,9212,16582,-1,-1,-1,0,18416,558,63,heuristic3,186.719,186.721,112132096,15530196992,15642329088,1894,2171
instances/vars_1.8/instance_9212v29_1.80r0.cnf,all,9212,16582,-1,-1,-1,0,18416,558,63,cleanup_device,0.0632324,0.062176,112132096,15530196992,15642329088,-1,-1
instances/vars_1.8/instance_9212v29_1.80r0.cnf,all,9212,16582,-1,-1,-1,0,18416,558,63,total,576.509,-1,112132096,15530196992,15642329088,-1,-1
instances/vars_1.8/instance_9585v96_1.80r0.cnf,all,9585,17253,-1,-1,-1,0,19170,634,71,read_instance,4.71021,-1,107937792,15534391296,15642329088,-1,-1
instances/vars_1.8/instance_9585v96_1.80r0.cnf,all,9585,17253,-1,-1,-1,0,19170,634,71,alloc_graph,0.293701,0.283648,110034944,15532294144,15642329088,-1,-1
instances/vars_1.8/instance_9585v96_1.80r0.cnf,all,9585,17253,-1,-1,-1,0,19170,634,71,scc,4.41553,4.41638,112132096,15530196992,15642329088,-1,-1
instances/vars_1.8/instance_9585v96_1.80r0.cnf,all,9585,17253,-1,-1,-1,0,19170,634,71,topo_sort,1.43164,1.4313,112132096,15530196992,15642329088,-1,-1
instances/vars_1.8/instance_9585v96_1.80r0.cnf,all,9585,17253,-1,-1,-1,0,19170,634,71,backbone,6.91431,6.92176,112132096,15530196992,15642329088,-1,-1
instances/vars_1.8/instance_9585v96_1.80r0.cnf,all,9585,17253,-1,-1,-1,0,19170,634,71,wcc,0.24292,0.24192,112132096,15530196992,15642329088,-1,-1
instances/vars_1.8/instance_9585v96_1.80r0.cnf,all,9585,17253,-1,-1,-1,0,19170,634,71,wcc_grouped,1.1062,1.10637,112132096,15530196992,15642329088,-1,-1
instances/vars_1.8/instance_9585v96_1.80r0.cnf,all,9585,17253,-1,-1,-1,0,19170,634,71,heuristic1,205.719,205.722,112132096,15530196992,15642329088,2277,2592
instances/vars_1.8/instance_9585v96_1.80r0.cnf,all,9585,17253,-1,-1,-1,0,19170,634,71,heuristic2,167.063,167.066,112132096,15530196992,15642329088,1916,2233
instances/vars_1.8/instance_9585v96_1.80r0.cnf,all,9585,17253,-1,-1,-1,0,19170,634,71,heuristic3,194.743,194.745,112132096,15530196992,15642329088,1959,2274
instances/vars_1.8/instance_9585v96_1.80r0.cnf,all,9585,17253,-1,-1,-1,0,19170,634,71,cleanup_device,0.0429688,0.042592,112132096,15530196992,15642329088,-1,-1
instances/vars_1.8/instance_9585v96_1.80r0.cnf,all,9585,17253,-1,-1,-1,0,19170,634,71,total,587.981,-1,112132096,15530196992,15642329088,-1,-1
instances/vars_1.8/instance_960907v191_1.80r0.cnf,all,960907,1729633,-1,-1,-1,0,1921808,55314,110,read_instance,539.563,-1,107937792,15534391296,15642329088,-1,-1
instances/vars_1.8/instance_960907v191_1.80r0.cnf,all,960907,1729633,-1,-1,-1,0,1921808,55314,110,alloc_graph,4.99683,5.02531,131006464,15511322624,15642329088,-1,-1
instances/vars_1.8/instance_960907v191_1.80r0.cnf,all,960907,1729633,-1,-1,-1,0,1921808,55314,110,scc,120.85,120.856,164560896,15477768192,15642329088,-1,-1
instances/vars_1.8/instance_960907v191_1.80r0.cnf,all,960907,1729633,-1,-1,-1,0,1921808,55314,110,topo_sort,11.4575,11.4584,172949504,15469379584,15642329088,-1,-1
instances/vars_1.8/instance_960907v191_1.80r0.cnf,all,960907,1729633,-1,-1,-1,0,1921808,55314,110,backbone,14044.2,14044.4,181338112,15460990976,15642329088,-1,-1
instances/vars_1.8/instance_960907v191_1.80r0.cnf,all,960907,1729633,-1,-1,-1,0,1921808,55314,110,wcc,18.9199,18.9222,189726720,15452602368,15642329088,-1,-1
instances/vars_1.8/instance_960907v191_1.80r0.cnf,all,960907,1729633,-1,-1,-1,0,1921808,55314,110,wcc_grouped,5.14087,5.1415,208601088,15433728000,15642329088,-1,-1
instances/vars_1.8/instance_960907v191_1.80r0.cnf,all,960907,1729633,-1,-1,-1,0,1921808,55314,110,heuristic1,132808,132810,216989696,15425339392,15642329088,232033,259736
instances/vars_1.8/instance_960907v191_1.80r0.cnf,all,960907,1729633,-1,-1,-1,0,1921808,55314,110,heuristic2,102910,102912,216989696,15425339392,15642329088,197937,225629
instances/vars_1.8/instance_960907v191_1.80r0.cnf,all,960907,1729633,-1,-1,-1,0,1921808,55314,110,heuristic3,218308,218311,216989696,15425339392,15642329088,201731,229391
instances/vars_1.8/instance_960907v191_1.80r0.cnf,all,960907,1729633,-1,-1,-1,0,1921808,55314,110,cleanup_device,2.65674,2.65789,112132096,15530196992,15642329088,-1,-1
instances/vars_1.8/instance_960907v191_1.80r0.cnf,all,960907,1729633,-1,-1,-1,0,1921808,55314,110,total,468811,-1,112132096,15530196992,15642329088,-1,-1
instances/vars_1.8/instance_9642v6_1.80r0.cnf,all,9642,17356,-1,-1,-1,0,19276,546,75,read_instance,4.62207,-1,107937792,15534391296,15642329088,-1,-1
instances/vars_1.8/instance_9642v6_1.80r0.cnf,all,9642,17356,-1,-1,-1,0,19276,546,75,alloc_graph,0.218018,0.21392,110034944,15532294144,15642329088,-1,-1
instances/vars_1.8/instance_9642v6_1.80r0.cnf,all,9642,17356,-1,-1,-1,0,19276,546,75,scc,4.46777,4.46947,112132096,15530196992,15642329088,-1,-1
instances/vars_1.8/instance_9642v6_1.80r0.cnf,all,9642,17356,-1,-1,-1,0,19276,546,75,topo_sort,1.47461,1.47373,112132096,15530196992,15642329088,-1,-1
instances/vars_1.8/instance_9642v6_1.80r0.cnf,all,9642,17356,-1,-1,-1,0,19276,546,75,backbone,6.48853,6.51248,112132096,15530196992,15642329088,-1,-1
instances/vars_1.8/instance_9642v6_1.80r0.cnf,all,9642,17356,-1,-1,-1,0,19276,546,75,wcc,0.250977,0.25136,112132096,15530196992,15642329088,-1,-1
instances/vars_1.8/instance_9642v6_1.80r0.cnf,all,9642,17356,-1,-1,-1,0,19276,546,75,wcc_grouped,1.05713,1.05808,112132096,15530196992,15642329088,-1,-1
instances/vars_1.8/instance_9642v6_1.80r0.cnf,all,9642,17356,-1,-1,-1,0,19276,546,75,heuristic1,211.151,211.154,112132096,15530196992,15642329088,2356,2627
instances/vars_1.8/instance_9642v6_1.80r0.cnf,all,9642,17356,-1,-1,-1,0,19276,546,75,heuristic2,174.249,174.251,112132096,15530196992,15642329088,2035,2306
instances/vars_1.8/instance_9642v6_1.80r0.cnf,all,9642,17356,-1,-1,-1,0,19276,546,75,heuristic3,201.801,201.805,112132096,15530196992,15642329088,1999,2270
instances/vars_1.8/instance_9642v6_1.80r0.cnf,all,9642,17356,-1,-1,-1,0,19276,546,75,cleanup_device,0.0505371,0.049216,112132096,15530196992,15642329088,-1,-1
instances/vars_1.8/instance_9642v6_1.80r0.cnf,all,9642,17356,-1,-1,-1,0,19276,546,75,total,607.162,-1,112132096,15530196992,15642329088,-1,-1
instances/vars_1.8/instance_9738v137_1.80r0.cnf,all,9738,17528,-1,-1,-1,0,19440,628,72,read_instance,4.53857,-1,107937792,15534391296,15642329088,-1,-1
instances/vars_1.8/instance_9738v137_1.80r0.cnf,all,9738,17528,-1,-1,-1,0,19440,628,72,alloc_graph,0.256836,0.249856,110034944,15532294144,15642329088,-1,-1
instances/vars_1.8/instance_9738v137_1.80r0.cnf,all,9738,17528,-1,-1,-1,0,19440,628,72,scc,4.80908,4.8104,112132096,15530196992,15642329088,-1,-1
instances/vars_1.8/instance_9738v137_1.80r0.cnf,all,9738,17528,-1,-1,-1,0,19440,628,72,topo_sort,1.44507,1.44486,112132096,15530196992,15642329088,-1,-1
instances/vars_1.8/instance_9738v137_1.80r0.cnf,all,9738,17528,-1,-1,-1,0,19440,628,72,backbone,6.70312,6.7073,112132096,15530196992,15642329088,-1,-1
instances/vars_1.8/instance_9738v137_1.80r0.cnf,all,9738,17528,-1,-1,-1,0,19440,628,72,wcc,0.303223,0.303104,112132096,15530196992,15642329088,-1,-1
instances/vars_1.8/instance_9738v137_1.80r0.cnf,all,9738,17528,-1,-1,-1,0,19440,628,72,wcc_grouped,1.0332,1.03389,112132096,15530196992,15642329088,-1,-1
instances/vars_1.8/instance_9738v137_1.80r0.cnf,all,9738,17528,-1,-1,-1,0,19440,628,72,heuristic1,209.393,209.397,112132096,15530196992,15642329088,2305,2617
instances/vars_1.8/instance_9738v137_1.80r0.cnf,all,9738,17528,-1,-1,-1,0,19440,628,72,heuristic2,175.083,175.087,112132096,15530196992,15642329088,1989,2301
instances/vars_1.8/instance_9738v137_1.80r0.cnf,all,9738,17528,-1,-1,-1,0,19440,628,72,heuristic3,208.862,208.866,112132096,15530196992,15642329088,2008,2320
instances/vars_1.8/instance_9738v137_1.80r0.cnf,all,9738,17528,-1,-1,-1,0,19440,628,72,cleanup_device,0.0510254,0.0504,112132096,15530196992,15642329088,-1,-1
instances/vars_1.8/instance_9738v137_1.80r0.cnf,all,9738,17528,-1,-1,-1,0,19440,628,72,total,613.773,-1,112132096,15530196992,15642329088,-1,-1
instances/vars_1.8/instance_9779v31_1.80r0.cnf,all,9779,17602,-1,-1,-1,0,19522,622,52,read_instance,4.61597,-1,107937792,15534391296,15642329088,-1,-1
instances/vars_1.8/instance_9779v31_1.80r0.cnf,all,9779,17602,-1,-1,-1,0,19522,622,52,alloc_graph,0.231689,0.226496,110034944,15532294144,15642329088,-1,-1
instances/vars_1.8/instance_9779v31_1.80r0.cnf,all,9779,17602,-1,-1,-1,0,19522,622,52,scc,4.62964,4.63133,112132096,15530196992,15642329088,-1,-1
instances/vars_1.8/instance_9779v31_1.80r0.cnf,all,9779,17602,-1,-1,-1,0,19522,622,52,topo_sort,1.06763,1.06784,112132096,15530196992,15642329088,-1,-1
instances/vars_1.8/instance_9779v31_1.80r0.cnf,all,9779,17602,-1,-1,-1,0,19522,622,52,backbone,6.42285,6.42611,112132096,15530196992,15642329088,-1,-1
instances/vars_1.8/instance_9779v31_1.80r0.cnf,all,9779,17602,-1,-1,-1,0,19522,622,52,wcc,0.229492,0.2296,112132096,15530196992,15642329088,-1,-1
instances/vars_1.8/instance_9779v31_1.80r0.cnf,all,9779,17602,-1,-1,-1,0,19522,622,52,wcc_grouped,1.12451,1.12435,112132096,15530196992,15642329088,-1,-1
instances/vars_1.8/instance_9779v31_1.80r0.cnf,all,9779,17602,-1,-1,-1,0,19522,622,52,heuristic1,212.491,212.494,112132096,15530196992,15642329088,2332,2641
instances/vars_1.8/instance_9779v31_1.80r0.cnf,all,9779,17602,-1,-1,-1,0,19522,622,52,heuristic2,173.922,173.925,112132096,15530196992,15642329088,1975,2284
instances/vars_1.8/instance_9779v31_1.80r0.cnf,all,9779,17602,-1,-1,-1,0,19522,622,52,heuristic3,198.768,198.77,112132096,15530196992,15642329088,1959,2268
instances/vars_1.8/instance_9779v31_1.80r0.cnf,all,9779,17602,-1,-1,-1,0,19522,622,52,cleanup_device,0.0446777,0.044448,112132096,15530196992,15642329088,-1,-1
instances/vars_1.8/instance_9779v31_1.80r0.cnf,all,9779,17602,-1,-1,-1,0,19522,622,52,total,604.806,-1,112132096,15530196992,15642329088,-1,-1
