filename,heuristic,num_vars,num_clauses,lower_bound,upper_bound,clingo_sec,bounds_present,num_scc,num_wcc,num_levels,phase,wall_ms,gpu_ms,used_bytes,free_bytes,total_bytes,num_loops,num_assignments
instances/ratio_1000/instance_500v0_0.50r0.cnf,all,500,250,287,287,0.03,1,1000,503,6,read_instance,0.212402,-1,107937792,15534391296,15642329088,-1,-1
instances/ratio_1000/instance_500v0_0.50r0.cnf,all,500,250,287,287,0.03,1,1000,503,6,alloc_graph,0.307373,0.278528,110034944,15532294144,15642329088,-1,-1
instances/ratio_1000/instance_500v0_0.50r0.cnf,all,500,250,287,287,0.03,1,1000,503,6,scc,5.12939,5.13024,112132096,15530196992,15642329088,-1,-1
instances/ratio_1000/instance_500v0_0.50r0.cnf,all,500,250,287,287,0.03,1,1000,503,6,topo_sort,0.239258,0.238016,112132096,15530196992,15642329088,-1,-1
instances/ratio_1000/instance_500v0_0.50r0.cnf,all,500,250,287,287,0.03,1,1000,503,6,backbone,8.05469,8.06301,112132096,15530196992,15642329088,-1,-1
instances/ratio_1000/instance_500v0_0.50r0.cnf,all,500,250,287,287,0.03,1,1000,503,6,wcc,0.284668,0.284672,112132096,15530196992,15642329088,-1,-1
instances/ratio_1000/instance_500v0_0.50r0.cnf,all,500,250,287,287,0.03,1,1000,503,6,wcc_grouped,0.570801,0.571392,112132096,15530196992,15642329088,-1,-1
instances/ratio_1000/instance_500v0_0.50r0.cnf,all,500,250,287,287,0.03,1,1000,503,6,heuristic1,3.56104,3.55955,112132096,15530196992,15642329088,17,309
instances/ratio_1000/instance_500v0_0.50r0.cnf,all,500,250,287,287,0.03,1,1000,503,6,heuristic2,2.67212,2.6711,112132096,15530196992,15642329088,18,307
instances/ratio_1000/instance_500v0_0.50r0.cnf,all,500,250,287,287,0.03,1,1000,503,6,heuristic3,5.78784,5.78563,112132096,15530196992,15642329088,15,296
instances/ratio_1000/instance_500v0_0.50r0.cnf,all,500,250,287,287,0.03,1,1000,503,6,heuristic4,303.624,303.629,112132096,15530196992,15642329088,14,293
instances/ratio_1000/instance_500v0_0.50r0.cnf,all,500,250,287,287,0.03,1,1000,503,6,cleanup_device,0.0551758,0.054784,112132096,15530196992,15642329088,-1,-1
instances/ratio_1000/instance_500v0_0.50r0.cnf,all,500,250,287,287,0.03,1,1000,503,6,total,331.362,-1,112132096,15530196992,15642329088,-1,-1
instances/ratio_1000/instance_500v0_0.60r1.cnf,all,500,300,264,264,0.02,1,1000,418,10,read_instance,0.168457,-1,107937792,15534391296,15642329088,-1,-1
instances/ratio_1000/instance_500v0_0.60r1.cnf,all,500,300,264,264,0.02,1,1000,418,10,alloc_graph,0.174805,0.156896,110034944,15532294144,15642329088,-1,-1
instances/ratio_1000/instance_500v0_0.60r1.cnf,all,500,300,264,264,0.02,1,1000,418,10,scc,3.88721,3.88854,112132096,15530196992,15642329088,-1,-1
instances/ratio_1000/instance_500v0_0.60r1.cnf,all,500,300,264,264,0.02,1,1000,418,10,topo_sort,0.26416,0.26352,112132096,15530196992,15642329088,-1,-1
instances/ratio_1000/instance_500v0_0.60r1.cnf,all,500,300,264,264,0.02,1,1000,418,10,backbone,5.20044,5.20637,112132096,15530196992,15642329088,-1,-1
instances/ratio_1000/instance_500v0_0.60r1.cnf,all,500,300,264,264,0.02,1,1000,418,10,wcc,0.260986,0.260544,112132096,15530196992,15642329088,-1,-1
instances/ratio_1000/instance_500v0_0.60r1.cnf,all,500,300,264,264,0.02,1,1000,418,10,wcc_grouped,0.356445,0.356352,112132096,15530196992,15642329088,-1,-1
instances/ratio_1000/instance_500v0_0.60r1.cnf,all,500,300,264,264,0.02,1,1000,418,10,heuristic1,6.0354,6.0345,112132096,15530196992,15642329088,54,295
instances/ratio_1000/instance_500v0_0.60r1.cnf,all,500,300,264,264,0.02,1,1000,418,10,heuristic2,3.65674,3.65558,112132096,15530196992,15642329088,45,278
instances/ratio_1000/instance_500v0_0.60r1.cnf,all,500,300,264,264,0.02,1,1000,418,10,heuristic3,7.31519,7.31344,112132096,15530196992,15642329088,43,271
instances/ratio_1000/instance_500v0_0.60r1.cnf,all,500,300,264,264,0.02,1,1000,418,10,heuristic4,335.14,335.148,112132096,15530196992,15642329088,40,268
instances/ratio_1000/instance_500v0_0.60r1.cnf,all,500,300,264,264,0.02,1,1000,418,10,cleanup_device,0.0620117,0.061408,112132096,15530196992,15642329088,-1,-1
instances/ratio_1000/instance_500v0_0.60r1.cnf,all,500,300,264,264,0.02,1,1000,418,10,total,363.201,-1,112132096,15530196992,15642329088,-1,-1
instances/ratio_1000/instance_500v0_0.70r2.cnf,all,500,350,235,235,0.03,1,1000,329,9,read_instance,0.173096,-1,107937792,15534391296,15642329088,-1,-1
instances/ratio_1000/instance_500v0_0.70r2.cnf,all,500,350,235,235,0.03,1,1000,329,9,alloc_graph,0.197754,0.175648,110034944,15532294144,15642329088,-1,-1
instances/ratio_1000/instance_500v0_0.70r2.cnf,all,500,350,235,235,0.03,1,1000,329,9,scc,3.88037,3.88096,112132096,15530196992,15642329088,-1,-1
instances/ratio_1000/instance_500v0_0.70r2.cnf,all,500,350,235,235,0.03,1,1000,329,9,topo_sort,0.233643,0.232736,112132096,15530196992,15642329088,-1,-1
instances/ratio_1000/instance_500v0_0.70r2.cnf,all,500,350,235,235,0.03,1,1000,329,9,backbone,6.05713,6.06624,112132096,15530196992,15642329088,-1,-1
instances/ratio_1000/instance_500v0_0.70r2.cnf,all,500,350,235,235,0.03,1,1000,329,9,wcc,0.373779,0.374208,112132096,15530196992,15642329088,-1,-1
instances/ratio_1000/instance_500v0_0.70r2.cnf,all,500,350,235,235,0.03,1,1000,329,9,wcc_grouped,0.444336,0.444608,112132096,15530196992,15642329088,-1,-1
instances/ratio_1000/instance_500v0_0.70r2.cnf,all,500,350,235,235,0.03,1,1000,329,9,heuristic1,8.93872,8.93891,112132096,15530196992,15642329088,89,264
instances/ratio_1000/instance_500v0_0.70r2.cnf,all,500,350,235,235,0.03,1,1000,329,9,heuristic2,6.23755,6.23667,112132096,15530196992,15642329088,75,249
instances/ratio_1000/instance_500v0_0.70r2.cnf,all,500,350,235,235,0.03,1,1000,329,9,heuristic3,9.80859,9.80739,112132096,15530196992,15642329088,74,245
instances/ratio_1000/instance_500v0_0.70r2.cnf,all,500,350,235,235,0.03,1,1000,329,9,heuristic4,642.024,642.037,112132096,15530196992,15642329088,67,238
instances/ratio_1000/instance_500v0_0.70r2.cnf,all,500,350,235,235,0.03,1,1000,329,9,cleanup_device,0.0400391,0.039808,112132096,15530196992,15642329088,-1,-1
instances/ratio_1000/instance_500v0_0.70r2.cnf,all,500,350,235,235,0.03,1,1000,329,9,total,679.096,-1,112132096,15530196992,15642329088,-1,-1
instances/ratio_1000/instance_500v0_0.80r3.cnf,all,500,400,211,211,0.03,1,1000,259,7,read_instance,0.185059,-1,107937792,15534391296,15642329088,-1,-1
instances/ratio_1000/instance_500v0_0.80r3.cnf,all,500,400,211,211,0.03,1,1000,259,7,alloc_graph,0.179443,0.16384,110034944,15532294144,15642329088,-1,-1
instances/ratio_1000/instance_500v0_0.80r3.cnf,all,500,400,211,211,0.03,1,1000,259,7,scc,3.79956,3.79978,112132096,15530196992,15642329088,-1,-1
instances/ratio_1000/instance_500v0_0.80r3.cnf,all,500,400,211,211,0.03,1,1000,259,7,topo_sort,0.212646,0.212032,112132096,15530196992,15642329088,-1,-1
instances/ratio_1000/instance_500v0_0.80r3.cnf,all,500,400,211,211,0.03,1,1000,259,7,backbone,5.15723,5.1631,112132096,15530196992,15642329088,-1,-1
instances/ratio_1000/instance_500v0_0.80r3.cnf,all,500,400,211,211,0.03,1,1000,259,7,wcc,0.250732,0.251584,112132096,15530196992,15642329088,-1,-1
instances/ratio_1000/instance_500v0_0.80r3.cnf,all,500,400,211,211,0.03,1,1000,259,7,wcc_grouped,0.404053,0.404768,112132096,15530196992,15642329088,-1,-1
instances/ratio_1000/instance_500v0_0.80r3.cnf,all,500,400,211,211,0.03,1,1000,259,7,heuristic1,10.6416,10.6405,112132096,15530196992,15642329088,114,252
instances/ratio_1000/instance_500v0_0.80r3.cnf,all,500,400,211,211,0.03,1,1000,259,7,heuristic2,7.49121,7.49072,112132096,15530196992,15642329088,95,232
instances/ratio_1000/instance_500v0_0.80r3.cnf,all,500,400,211,211,0.03,1,1000,259,7,heuristic3,11.7246,11.7229,112132096,15530196992,15642329088,100,232
instances/ratio_1000/instance_500v0_0.80r3.cnf,all,500,400,211,211,0.03,1,1000,259,7,heuristic4,956.949,956.968,112132096,15530196992,15642329088,95,227
instances/ratio_1000/instance_500v0_0.80r3.cnf,all,500,400,211,211,0.03,1,1000,259,7,cleanup_device,0.0400391,0.039872,112132096,15530196992,15642329088,-1,-1
instances/ratio_1000/instance_500v0_0.80r3.cnf,all,500,400,211,211,0.03,1,1000,259,7,total,997.691,-1,112132096,15530196992,15642329088,-1,-1
instances/ratio_1000/instance_500v0_0.90r4.cnf,all,500,450,201,201,0.03,1,1000,224,10,read_instance,0.189941,-1,107937792,15534391296,15642329088,-1,-1
instances/ratio_1000/instance_500v0_0.90r4.cnf,all,500,450,201,201,0.03,1,1000,224,10,alloc_graph,0.162842,0.149152,110034944,15532294144,15642329088,-1,-1
instances/ratio_1000/instance_500v0_0.90r4.cnf,all,500,450,201,201,0.03,1,1000,224,10,scc,3.56909,3.56966,112132096,15530196992,15642329088,-1,-1
instances/ratio_1000/instance_500v0_0.90r4.cnf,all,500,450,201,201,0.03,1,1000,224,10,topo_sort,0.26001,0.258944,112132096,15530196992,15642329088,-1,-1
instances/ratio_1000/instance_500v0_0.90r4.cnf,all,500,450,201,201,0.03,1,1000,224,10,backbone,4.98926,4.99424,112132096,15530196992,15642329088,-1,-1
instances/ratio_1000/instance_500v0_0.90r4.cnf,all,500,450,201,201,0.03,1,1000,224,10,wcc,0.215576,0.215392,112132096,15530196992,15642329088,-1,-1
instances/ratio_1000/instance_500v0_0.90r4.cnf,all,500,450,201,201,0.03,1,1000,224,10,wcc_grouped,0.35376,0.35424,112132096,15530196992,15642329088,-1,-1
instances/ratio_1000/instance_500v0_0.90r4.cnf,all,500,450,201,201,0.03,1,1000,224,10,heuristic1,10.7737,10.774,112132096,15530196992,15642329088,123,241
instances/ratio_1000/instance_500v0_0.90r4.cnf,all,500,450,201,201,0.03,1,1000,224,10,heuristic2,7.89673,7.89606,112132096,15530196992,15642329088,97,212
instances/ratio_1000/instance_500v0_0.90r4.cnf,all,500,450,201,201,0.03,1,1000,224,10,heuristic3,12.3145,12.3133,112132096,15530196992,15642329088,107,218
instances/ratio_1000/instance_500v0_0.90r4.cnf,all,500,450,201,201,0.03,1,1000,224,10,heuristic4,992.866,992.885,112132096,15530196992,15642329088,98,209
instances/ratio_1000/instance_500v0_0.90r4.cnf,all,500,450,201,201,0.03,1,1000,224,10,cleanup_device,0.0444336,0.044416,112132096,15530196992,15642329088,-1,-1
instances/ratio_1000/instance_500v0_0.90r4.cnf,all,500,450,201,201,0.03,1,1000,224,10,total,1034.25,-1,112132096,15530196992,15642329088,-1,-1
instances/ratio_1000/instance_500v0_1.00r5.cnf,all,500,500,175,175,0.05,1,1000,162,11,read_instance,0.206543,-1,107937792,15534391296,15642329088,-1,-1
instances/ratio_1000/instance_500v0_1.00r5.cnf,all,500,500,175,175,0.05,1,1000,162,11,alloc_graph,0.169189,0.15104,110034944,15532294144,15642329088,-1,-1
instances/ratio_1000/instance_500v0_1.00r5.cnf,all,500,500,175,175,0.05,1,1000,162,11,scc,3.73901,3.73965,112132096,15530196992,15642329088,-1,-1
instances/ratio_1000/instance_500v0_1.00r5.cnf,all,500,500,175,175,0.05,1,1000,162,11,topo_sort,0.274414,0.27408,112132096,15530196992,15642329088,-1,-1
instances/ratio_1000/instance_500v0_1.00r5.cnf,all,500,500,175,175,0.05,1,1000,162,11,backbone,4.97876,4.99568,112132096,15530196992,15642329088,-1,-1
instances/ratio_1000/instance_500v0_1.00r5.cnf,all,500,500,175,175,0.05,1,1000,162,11,wcc,0.243164,0.242912,112132096,15530196992,15642329088,-1,-1
instances/ratio_1000/instance_500v0_1.00r5.cnf,all,500,500,175,175,0.05,1,1000,162,11,wcc_grouped,0.35498,0.35568,112132096,15530196992,15642329088,-1,-1
instances/ratio_1000/instance_500v0_1.00r5.cnf,all,500,500,175,175,0.05,1,1000,162,11,heuristic1,11.4504,11.451,112132096,15530196992,15642329088,135,214
instances/ratio_1000/instance_500v0_1.00r5.cnf,all,500,500,175,175,0.05,1,1000,162,11,heuristic2,9.99292,9.99267,112132096,15530196992,15642329088,126,205
instances/ratio_1000/instance_500v0_1.00r5.cnf,all,500,500,175,175,0.05,1,1000,162,11,heuristic3,13.9392,13.9389,112132096,15530196992,15642329088,120,199
instances/ratio_1000/instance_500v0_1.00r5.cnf,all,500,500,175,175,0.05,1,1000,162,11,heuristic4,1209.12,1209.14,112132096,15530196992,15642329088,117,196
instances/ratio_1000/instance_500v0_1.00r5.cnf,all,500,500,175,175,0.05,1,1000,162,11,cleanup_device,0.057373,0.05696,112132096,15530196992,15642329088,-1,-1
instances/ratio_1000/instance_500v0_1.00r5.cnf,all,500,500,175,175,0.05,1,1000,162,11,total,1255.21,-1,112132096,15530196992,15642329088,-1,-1
instances/ratio_1000/instance_500v0_1.10r6.cnf,all,500,550,160,160,0.64,1,992,138,14,read_instance,0.216797,-1,107937792,15534391296,15642329088,-1,-1
instances/ratio_1000/instance_500v0_1.10r6.cnf,all,500,550,160,160,0.64,1,992,138,14,alloc_graph,0.173828,0.156832,110034944,15532294144,15642329088,-1,-1
instances/ratio_1000/instance_500v0_1.10r6.cnf,all,500,550,160,160,0.64,1,992,138,14,scc,3.63696,3.64493,112132096,15530196992,15642329088,-1,-1
instances/ratio_1000/instance_500v0_1.10r6.cnf,all,500,550,160,160,0.64,1,992,138,14,topo_sort,0.316406,0.316544,112132096,15530196992,15642329088,-1,-1
instances/ratio_1000/instance_500v0_1.10r6.cnf,all,500,550,160,160,0.64,1,992,138,14,backbone,5.39893,5.40682,112132096,15530196992,15642329088,-1,-1
instances/ratio_1000/instance_500v0_1.10r6.cnf,all,500,550,160,160,0.64,1,992,138,14,wcc,0.227783,0.227328,112132096,15530196992,15642329088,-1,-1
instances/ratio_1000/instance_500v0_1.10r6.cnf,all,500,550,160,160,0.64,1,992,138,14,wcc_grouped,0.363037,0.362976,112132096,15530196992,15642329088,-1,-1
instances/ratio_1000/instance_500v0_1.10r6.cnf,all,500,550,160,160,0.64,1,992,138,14,heuristic1,11.7991,11.7995,112132096,15530196992,15642329088,136,204
instances/ratio_1000/instance_500v0_1.10r6.cnf,all,500,550,160,160,0.64,1,992,138,14,heuristic2,9.48901,9.48883,112132096,15530196992,15642329088,119,186
instances/ratio_1000/instance_500v0_1.10r6.cnf,all,500,550,160,160,0.64,1,992,138,14,heuristic3,14.134,14.1355,112132096,15530196992,15642329088,116,183
instances/ratio_1000/instance_500v0_1.10r6.cnf,all,500,550,160,160,0.64,1,992,138,14,heuristic4,1071.24,1071.25,112132096,15530196992,15642329088,106,173
instances/ratio_1000/instance_500v0_1.10r6.cnf,all,500,550,160,160,0.64,1,992,138,14,cleanup_device,0.057373,0.057216,112132096,15530196992,15642329088,-1,-1
instances/ratio_1000/instance_500v0_1.10r6.cnf,all,500,550,160,160,0.64,1,992,138,14,total,1117.74,-1,112132096,15530196992,15642329088,-1,-1
instances/ratio_1000/instance_500v0_1.20r7.cnf,all,500,600,148,148,24.96,1,1000,104,14,read_instance,0.220459,-1,107937792,15534391296,15642329088,-1,-1
instances/ratio_1000/instance_500v0_1.20r7.cnf,all,500,600,148,148,24.96,1,1000,104,14,alloc_graph,0.167236,0.14848,110034944,15532294144,15642329088,-1,-1
instances/ratio_1000/instance_500v0_1.20r7.cnf,all,500,600,148,148,24.96,1,1000,104,14,scc,3.88062,3.88262,112132096,15530196992,15642329088,-1,-1
instances/ratio_1000/instance_500v0_1.20r7.cnf,all,500,600,148,148,24.96,1,1000,104,14,topo_sort,0.355957,0.355232,112132096,15530196992,15642329088,-1,-1
instances/ratio_1000/instance_500v0_1.20r7.cnf,all,500,600,148,148,24.96,1,1000,104,14,backbone,5.44312,5.44851,112132096,15530196992,15642329088,-1,-1
instances/ratio_1000/instance_500v0_1.20r7.cnf,all,500,600,148,148,24.96,1,1000,104,14,wcc,0.218506,0.217408,112132096,15530196992,15642329088,-1,-1
instances/ratio_1000/instance_500v0_1.20r7.cnf,all,500,600,148,148,24.96,1,1000,104,14,wcc_grouped,0.373291,0.372832,112132096,15530196992,15642329088,-1,-1
instances/ratio_1000/instance_500v0_1.20r7.cnf,all,500,600,148,148,24.96,1,1000,104,14,heuristic1,11.7048,11.7044,112132096,15530196992,15642329088,136,187
instances/ratio_1000/instance_500v0_1.20r7.cnf,all,500,600,148,148,24.96,1,1000,104,14,heuristic2,9.47607,9.47517,112132096,15530196992,15642329088,120,171
instances/ratio_1000/instance_500v0_1.20r7.cnf,all,500,600,148,148,24.96,1,1000,104,14,heuristic3,14.135,14.1349,112132096,15530196992,15642329088,117,168
instances/ratio_1000/instance_500v0_1.20r7.cnf,all,500,600,148,148,24.96,1,1000,104,14,heuristic4,1086.4,1086.42,112132096,15530196992,15642329088,106,157
instances/ratio_1000/instance_500v0_1.20r7.cnf,all,500,600,148,148,24.96,1,1000,104,14,cleanup_device,0.0568848,0.056512,112132096,15530196992,15642329088,-1,-1
instances/ratio_1000/instance_500v0_1.20r7.cnf,all,500,600,148,148,24.96,1,1000,104,14,total,1133.07,-1,112132096,15530196992,15642329088,-1,-1
instances/ratio_1000/instance_500v0_1.30r8.cnf,all,500,650,131,131,2.15,1,998,84,17,read_instance,0.250244,-1,107937792,15534391296,15642329088,-1,-1
instances/ratio_1000/instance_500v0_1.30r8.cnf,all,500,650,131,131,2.15,1,998,84,17,alloc_graph,0.182129,0.155648,110034944,15532294144,15642329088,-1,-1
instances/ratio_1000/instance_500v0_1.30r8.cnf,all,500,650,131,131,2.15,1,998,84,17,scc,4.15015,4.15114,112132096,15530196992,15642329088,-1,-1
instances/ratio_1000/instance_500v0_1.30r8.cnf,all,500,650,131,131,2.15,1,998,84,17,topo_sort,0.37207,0.371936,112132096,15530196992,15642329088,-1,-1
instances/ratio_1000/instance_500v0_1.30r8.cnf,all,500,650,131,131,2.15,1,998,84,17,backbone,5.21069,5.2177,112132096,15530196992,15642329088,-1,-1
instances/ratio_1000/instance_500v0_1.30r8.cnf,all,500,650,131,131,2.15,1,998,84,17,wcc,0.219971,0.219136,112132096,15530196992,15642329088,-1,-1
instances/ratio_1000/instance_500v0_1.30r8.cnf,all,500,650,131,131,2.15,1,998,84,17,wcc_grouped,0.354248,0.355744,112132096,15530196992,15642329088,-1,-1
instances/ratio_1000/instance_500v0_1.30r8.cnf,all,500,650,131,131,2.15,1,998,84,17,heuristic1,11.7961,11.796,112132096,15530196992,15642329088,136,176
instances/ratio_1000/instance_500v0_1.30r8.cnf,all,500,650,131,131,2.15,1,998,84,17,heuristic2,9.3606,9.35917,112132096,15530196992,15642329088,117,157
instances/ratio_1000/instance_500v0_1.30r8.cnf,all,500,650,131,131,2.15,1,998,84,17,heuristic3,13.5791,13.5786,112132096,15530196992,15642329088,115,155
instances/ratio_1000/instance_500v0_1.30r8.cnf,all,500,650,131,131,2.15,1,998,84,17,heuristic4,1099.44,1099.46,112132096,15530196992,15642329088,106,146
instances/ratio_1000/instance_500v0_1.30r8.cnf,all,500,650,131,131,2.15,1,998,84,17,cleanup_device,0.0432129,0.042784,112132096,15530196992,15642329088,-1,-1
instances/ratio_1000/instance_500v0_1.30r8.cnf,all,500,650,131,131,2.15,1,998,84,17,total,1145.63,-1,112132096,15530196992,15642329088,-1,-1
instances/ratio_1000/instance_500v0_1.40r9.cnf,all,500,700,123,123,72.1,1,994,62,17,read_instance,0.233887,-1,107937792,15534391296,15642329088,-1,-1
instances/ratio_1000/instance_500v0_1.40r9.cnf,all,500,700,123,123,72.1,1,994,62,17,alloc_graph,0.164551,0.147456,110034944,15532294144,15642329088,-1,-1
instances/ratio_1000/instance_500v0_1.40r9.cnf,all,500,700,123,123,72.1,1,994,62,17,scc,3.62646,3.62714,112132096,15530196992,15642329088,-1,-1
instances/ratio_1000/instance_500v0_1.40r9.cnf,all,500,700,123,123,72.1,1,994,62,17,topo_sort,0.388428,0.387072,112132096,15530196992,15642329088,-1,-1
instances/ratio_1000/instance_500v0_1.40r9.cnf,all,500,700,123,123,72.1,1,994,62,17,backbone,5.19849,5.20442,112132096,15530196992,15642329088,-1,-1
instances/ratio_1000/instance_500v0_1.40r9.cnf,all,500,700,123,123,72.1,1,994,62,17,wcc,0.232422,0.23152,112132096,15530196992,15642329088,-1,-1
instances/ratio_1000/instance_500v0_1.40r9.cnf,all,500,700,123,123,72.1,1,994,62,17,wcc_grouped,0.422363,0.421952,112132096,15530196992,15642329088,-1,-1
instances/ratio_1000/instance_500v0_1.40r9.cnf,all,500,700,123,123,72.1,1,994,62,17,heuristic1,12.9036,12.9033,112132096,15530196992,15642329088,139,168
instances/ratio_1000/instance_500v0_1.40r9.cnf,all,500,700,123,123,72.1,1,994,62,17,heuristic2,13.0532,13.054,112132096,15530196992,15642329088,124,153
instances/ratio_1000/instance_500v0_1.40r9.cnf,all,500,700,123,123,72.1,1,994,62,17,heuristic3,17.6306,17.6302,112132096,15530196992,15642329088,115,144
instances/ratio_1000/instance_500v0_1.40r9.cnf,all,500,700,123,123,72.1,1,994,62,17,heuristic4,1102.94,1102.96,112132096,15530196992,15642329088,109,138
instances/ratio_1000/instance_500v0_1.40r9.cnf,all,500,700,123,123,72.1,1,994,62,17,cleanup_device,0.041748,0.041344,112132096,15530196992,15642329088,-1,-1
instances/ratio_1000/instance_500v0_1.40r9.cnf,all,500,700,123,123,72.1,1,994,62,17,total,1157.55,-1,112132096,15530196992,15642329088,-1,-1
instances/ratio_1000/instance_500v0_1.50r10.cnf,all,500,750,118,132,150.04,1,998,70,17,read_instance,0.254883,-1,107937792,15534391296,15642329088,-1,-1
instances/ratio_1000/instance_500v0_1.50r10.cnf,all,500,750,118,132,150.04,1,998,70,17,alloc_graph,0.167236,0.150752,110034944,15532294144,15642329088,-1,-1
instances/ratio_1000/instance_500v0_1.50r10.cnf,all,500,750,118,132,150.04,1,998,70,17,scc,3.90405,3.90458,112132096,15530196992,15642329088,-1,-1
instances/ratio_1000/instance_500v0_1.50r10.cnf,all,500,750,118,132,150.04,1,998,70,17,topo_sort,0.376465,0.375584,112132096,15530196992,15642329088,-1,-1
instances/ratio_1000/instance_500v0_1.50r10.cnf,all,500,750,118,132,150.04,1,998,70,17,backbone,5.13794,5.14675,112132096,15530196992,15642329088,-1,-1
instances/ratio_1000/instance_500v0_1.50r10.cnf,all,500,750,118,132,150.04,1,998,70,17,wcc,0.235107,0.235136,112132096,15530196992,15642329088,-1,-1
instances/ratio_1000/instance_500v0_1.50r10.cnf,all,500,750,118,132,150.04,1,998,70,17,wcc_grouped,0.363281,0.36368,112132096,15530196992,15642329088,-1,-1
instances/ratio_1000/instance_500v0_1.50r10.cnf,all,500,750,118,132,150.04,1,998,70,17,heuristic1,12.4441,12.4445,112132096,15530196992,15642329088,131,164
instances/ratio_1000/instance_500v0_1.50r10.cnf,all,500,750,118,132,150.04,1,998,70,17,heuristic2,9.69214,9.692,112132096,15530196992,15642329088,123,156
instances/ratio_1000/instance_500v0_1.50r10.cnf,all,500,750,118,132,150.04,1,998,70,17,heuristic3,13.0852,13.0849,112132096,15530196992,15642329088,107,140
instances/ratio_1000/instance_500v0_1.50r10.cnf,all,500,750,118,132,150.04,1,998,70,17,heuristic4,959.001,959.019,112132096,15530196992,15642329088,96,129
instances/ratio_1000/instance_500v0_1.50r10.cnf,all,500,750,118,132,150.04,1,998,70,17,cleanup_device,0.0427246,0.042656,112132096,15530196992,15642329088,-1,-1
instances/ratio_1000/instance_500v0_1.50r10.cnf,all,500,750,118,132,150.04,1,998,70,17,total,1005.35,-1,112132096,15530196992,15642329088,-1,-1
instances/ratio_1000/instance_500v0_1.60r11.cnf,all,500,800,106,106,129.83,1,982,48,20,read_instance,0.263428,-1,107937792,15534391296,15642329088,-1,-1
instances/ratio_1000/instance_500v0_1.60r11.cnf,all,500,800,106,106,129.83,1,982,48,20,alloc_graph,0.165771,0.151424,110034944,15532294144,15642329088,-1,-1
instances/ratio_1000/instance_500v0_1.60r11.cnf,all,500,800,106,106,129.83,1,982,48,20,scc,3.97314,3.97338,112132096,15530196992,15642329088,-1,-1
instances/ratio_1000/instance_500v0_1.60r11.cnf,all,500,800,106,106,129.83,1,982,48,20,topo_sort,0.447266,0.44688,112132096,15530196992,15642329088,-1,-1
instances/ratio_1000/instance_500v0_1.60r11.cnf,all,500,800,106,106,129.83,1,982,48,20,backbone,5.13013,5.13677,112132096,15530196992,15642329088,-1,-1
instances/ratio_1000/instance_500v0_1.60r11.cnf,all,500,800,106,106,129.83,1,982,48,20,wcc,0.210938,0.211104,112132096,15530196992,15642329088,-1,-1
instances/ratio_1000/instance_500v0_1.60r11.cnf,all,500,800,106,106,129.83,1,982,48,20,wcc_grouped,0.388916,0.387808,112132096,15530196992,15642329088,-1,-1
instances/ratio_1000/instance_500v0_1.60r11.cnf,all,500,800,106,106,129.83,1,982,48,20,heuristic1,10.3013,10.3014,112132096,15530196992,15642329088,122,144
instances/ratio_1000/instance_500v0_1.60r11.cnf,all,500,800,106,106,129.83,1,982,48,20,heuristic2,9.07178,9.07094,112132096,15530196992,15642329088,113,135
instances/ratio_1000/instance_500v0_1.60r11.cnf,all,500,800,106,106,129.83,1,982,48,20,heuristic3,12.5505,12.5501,112132096,15530196992,15642329088,105,127
instances/ratio_1000/instance_500v0_1.60r11.cnf,all,500,800,106,106,129.83,1,982,48,20,heuristic4,973.893,973.911,112132096,15530196992,15642329088,96,118
instances/ratio_1000/instance_500v0_1.60r11.cnf,all,500,800,106,106,129.83,1,982,48,20,cleanup_device,0.0422363,0.041888,112132096,15530196992,15642329088,-1,-1
instances/ratio_1000/instance_500v0_1.60r11.cnf,all,500,800,106,106,129.83,1,982,48,20,total,1017.1,-1,112132096,15530196992,15642329088,-1,-1
instances/ratio_1000/instance_500v0_1.70r12.cnf,all,500,850,96,108,150.04,1,998,52,24,read_instance,0.302734,-1,107937792,15534391296,15642329088,-1,-1
instances/ratio_1000/instance_500v0_1.70r12.cnf,all,500,850,96,108,150.04,1,998,52,24,alloc_graph,0.198242,0.182496,110034944,15532294144,15642329088,-1,-1
instances/ratio_1000/instance_500v0_1.70r12.cnf,all,500,850,96,108,150.04,1,998,52,24,scc,4.2627,4.26291,112132096,15530196992,15642329088,-1,-1
instances/ratio_1000/instance_500v0_1.70r12.cnf,all,500,850,96,108,150.04,1,998,52,24,topo_sort,0.532471,0.532192,112132096,15530196992,15642329088,-1,-1
instances/ratio_1000/instance_500v0_1.70r12.cnf,all,500,850,96,108,150.04,1,998,52,24,backbone,5.39453,5.39965,112132096,15530196992,15642329088,-1,-1
instances/ratio_1000/instance_500v0_1.70r12.cnf,all,500,850,96,108,150.04,1,998,52,24,wcc,0.206543,0.206528,112132096,15530196992,15642329088,-1,-1
instances/ratio_1000/instance_500v0_1.70r12.cnf,all,500,850,96,108,150.04,1,998,52,24,wcc_grouped,0.377441,0.378336,112132096,15530196992,15642329088,-1,-1
instances/ratio_1000/instance_500v0_1.70r12.cnf,all,500,850,96,108,150.04,1,998,52,24,heuristic1,10.9722,10.9721,112132096,15530196992,15642329088,124,148
instances/ratio_1000/instance_500v0_1.70r12.cnf,all,500,850,96,108,150.04,1,998,52,24,heuristic2,8.02173,8.02077,112132096,15530196992,15642329088,96,120
instances/ratio_1000/instance_500v0_1.70r12.cnf,all,500,850,96,108,150.04,1,998,52,24,heuristic3,12.4771,12.4755,112132096,15530196992,15642329088,101,125
instances/ratio_1000/instance_500v0_1.70r12.cnf,all,500,850,96,108,150.04,1,998,52,24,heuristic4,904.938,904.955,112132096,15530196992,15642329088,90,114
instances/ratio_1000/instance_500v0_1.70r12.cnf,all,500,850,96,108,150.04,1,998,52,24,cleanup_device,0.0444336,0.043968,112132096,15530196992,15642329088,-1,-1
instances/ratio_1000/instance_500v0_1.70r12.cnf,all,500,850,96,108,150.04,1,998,52,24,total,948.445,-1,112132096,15530196992,15642329088,-1,-1
instances/ratio_1000/instance_500v0_1.80r13.cnf,all,500,900,90,109,150.03,1,1000,48,26,read_instance,0.305908,-1,107937792,15534391296,15642329088,-1,-1
instances/ratio_1000/instance_500v0_1.80r13.cnf,all,500,900,90,109,150.03,1,1000,48,26,alloc_graph,0.187012,0.172736,110034944,15532294144,15642329088,-1,-1
instances/ratio_1000/instance_500v0_1.80r13.cnf,all,500,900,90,109,150.03,1,1000,48,26,scc,4.13696,4.13818,112132096,15530196992,15642329088,-1,-1
instances/ratio_1000/instance_500v0_1.80r13.cnf,all,500,900,90,109,150.03,1,1000,48,26,topo_sort,0.573975,0.5728,112132096,15530196992,15642329088,-1,-1
instances/ratio_1000/instance_500v0_1.80r13.cnf,all,500,900,90,109,150.03,1,1000,48,26,backbone,5.49854,5.50477,112132096,15530196992,15642329088,-1,-1
instances/ratio_1000/instance_500v0_1.80r13.cnf,all,500,900,90,109,150.03,1,1000,48,26,wcc,0.248535,0.248064,112132096,15530196992,15642329088,-1,-1
instances/ratio_1000/instance_500v0_1.80r13.cnf,all,500,900,90,109,150.03,1,1000,48,26,wcc_grouped,0.377686,0.378144,112132096,15530196992,15642329088,-1,-1
instances/ratio_1000/instance_500v0_1.80r13.cnf,all,500,900,90,109,150.03,1,1000,48,26,heuristic1,11.7314,11.7313,112132096,15530196992,15642329088,120,142
instances/ratio_1000/instance_500v0_1.80r13.cnf,all,500,900,90,109,150.03,1,1000,48,26,heuristic2,7.79102,7.79011,112132096,15530196992,15642329088,96,119
instances/ratio_1000/instance_500v0_1.80r13.cnf,all,500,900,90,109,150.03,1,1000,48,26,heuristic3,11.5181,11.5173,112132096,15530196992,15642329088,95,117
instances/ratio_1000/instance_500v0_1.80r13.cnf,all,500,900,90,109,150.03,1,1000,48,26,heuristic4,909.604,909.621,112132096,15530196992,15642329088,92,114
instances/ratio_1000/instance_500v0_1.80r13.cnf,all,500,900,90,109,150.03,1,1000,48,26,cleanup_device,0.0400391,0.039872,112132096,15530196992,15642329088,-1,-1
instances/ratio_1000/instance_500v0_1.80r13.cnf,all,500,900,90,109,150.03,1,1000,48,26,total,952.646,-1,112132096,15530196992,15642329088,-1,-1
instances/ratio_1000/instance_500v0_1.90r14.cnf,all,500,950,89,96,150.04,1,996,38,29,read_instance,0.536133,-1,107937792,15534391296,15642329088,-1,-1
instances/ratio_1000/instance_500v0_1.90r14.cnf,all,500,950,89,96,150.04,1,996,38,29,alloc_graph,0.22168,0.20256,110034944,15532294144,15642329088,-1,-1
instances/ratio_1000/instance_500v0_1.90r14.cnf,all,500,950,89,96,150.04,1,996,38,29,scc,5.44116,5.44294,112132096,15530196992,15642329088,-1,-1
instances/ratio_1000/instance_500v0_1.90r14.cnf,all,500,950,89,96,150.04,1,996,38,29,topo_sort,0.716064,0.714912,112132096,15530196992,15642329088,-1,-1
instances/ratio_1000/instance_500v0_1.90r14.cnf,all,500,950,89,96,150.04,1,996,38,29,backbone,7.95923,7.96608,112132096,15530196992,15642329088,-1,-1
instances/ratio_1000/instance_500v0_1.90r14.cnf,all,500,950,89,96,150.04,1,996,38,29,wcc,0.233643,0.232384,112132096,15530196992,15642329088,-1,-1
instances/ratio_1000/instance_500v0_1.90r14.cnf,all,500,950,89,96,150.04,1,996,38,29,wcc_grouped,0.548096,0.547488,112132096,15530196992,15642329088,-1,-1
instances/ratio_1000/instance_500v0_1.90r14.cnf,all,500,950,89,96,150.04,1,996,38,29,heuristic1,14.6379,14.6369,112132096,15530196992,15642329088,120,137
instances/ratio_1000/instance_500v0_1.90r14.cnf,all,500,950,89,96,150.04,1,996,38,29,heuristic2,10.9685,10.9677,112132096,15530196992,15642329088,101,118
instances/ratio_1000/instance_500v0_1.90r14.cnf,all,500,950,89,96,150.04,1,996,38,29,heuristic3,14.3088,14.3083,112132096,15530196992,15642329088,96,113
instances/ratio_1000/instance_500v0_1.90r14.cnf,all,500,950,89,96,150.04,1,996,38,29,heuristic4,726.878,726.892,112132096,15530196992,15642329088,76,93
instances/ratio_1000/instance_500v0_1.90r14.cnf,all,500,950,89,96,150.04,1,996,38,29,cleanup_device,0.041748,0.04144,112132096,15530196992,15642329088,-1,-1
instances/ratio_1000/instance_500v0_1.90r14.cnf,all,500,950,89,96,150.04,1,996,38,29,total,783.28,-1,112132096,15530196992,15642329088,-1,-1
instances/ratio_1000/instance_500v0_2.00r15.cnf,all,500,1000,96,96,11.28,1,938,52,43,read_instance,0.351562,-1,107937792,15534391296,15642329088,-1,-1
instances/ratio_1000/instance_500v0_2.00r15.cnf,all,500,1000,96,96,11.28,1,938,52,43,alloc_graph,0.182861,0.162816,110034944,15532294144,15642329088,-1,-1
instances/ratio_1000/instance_500v0_2.00r15.cnf,all,500,1000,96,96,11.28,1,938,52,43,scc,4.021,4.02227,112132096,15530196992,15642329088,-1,-1
instances/ratio_1000/instance_500v0_2.00r15.cnf,all,500,1000,96,96,11.28,1,938,52,43,topo_sort,0.918457,0.918432,112132096,15530196992,15642329088,-1,-1
instances/ratio_1000/instance_500v0_2.00r15.cnf,all,500,1000,96,96,11.28,1,938,52,43,backbone,5.10107,5.10704,112132096,15530196992,15642329088,-1,-1
instances/ratio_1000/instance_500v0_2.00r15.cnf,all,500,1000,96,96,11.28,1,938,52,43,wcc,0.196045,0.195168,112132096,15530196992,15642329088,-1,-1
instances/ratio_1000/instance_500v0_2.00r15.cnf,all,500,1000,96,96,11.28,1,938,52,43,wcc_grouped,0.397461,0.397312,112132096,15530196992,15642329088,-1,-1
instances/ratio_1000/instance_500v0_2.00r15.cnf,all,500,1000,96,96,11.28,1,938,52,43,heuristic1,8.76587,8.76496,112132096,15530196992,15642329088,107,131
instances/ratio_1000/instance_500v0_2.00r15.cnf,all,500,1000,96,96,11.28,1,938,52,43,heuristic2,6.79297,6.79107,112132096,15530196992,15642329088,87,111
instances/ratio_1000/instance_500v0_2.00r15.cnf,all,500,1000,96,96,11.28,1,938,52,43,heuristic3,10.696,10.6951,112132096,15530196992,15642329088,89,113
instances/ratio_1000/instance_500v0_2.00r15.cnf,all,500,1000,96,96,11.28,1,938,52,43,heuristic4,776.659,776.674,112132096,15530196992,15642329088,79,103
instances/ratio_1000/instance_500v0_2.00r15.cnf,all,500,1000,96,96,11.28,1,938,52,43,cleanup_device,0.0441895,0.043904,112132096,15530196992,15642329088,-1,-1
instances/ratio_1000/instance_500v0_2.00r15.cnf,all,500,1000,96,96,11.28,1,938,52,43,total,814.796,-1,112132096,15530196992,15642329088,-1,-1
instances/ratio_1000/instance_500v0_2.10r16.cnf,all,500,1050,84,84,29.01,1,966,40,39,read_instance,0.353516,-1,107937792,15534391296,15642329088,-1,-1
instances/ratio_1000/instance_500v0_2.10r16.cnf,all,500,1050,84,84,29.01,1,966,40,39,alloc_graph,0.157959,0.143552,110034944,15532294144,15642329088,-1,-1
instances/ratio_1000/instance_500v0_2.10r16.cnf,all,500,1050,84,84,29.01,1,966,40,39,scc,4.25879,4.25984,112132096,15530196992,15642329088,-1,-1
instances/ratio_1000/instance_500v0_2.10r16.cnf,all,500,1050,84,84,29.01,1,966,40,39,topo_sort,0.813721,0.812,112132096,15530196992,15642329088,-1,-1
instances/ratio_1000/instance_500v0_2.10r16.cnf,all,500,1050,84,84,29.01,1,966,40,39,backbone,5.05029,5.05456,112132096,15530196992,15642329088,-1,-1
instances/ratio_1000/instance_500v0_2.10r16.cnf,all,500,1050,84,84,29.01,1,966,40,39,wcc,0.188721,0.188416,112132096,15530196992,15642329088,-1,-1
instances/ratio_1000/instance_500v0_2.10r16.cnf,all,500,1050,84,84,29.01,1,966,40,39,wcc_grouped,0.38208,0.382336,112132096,15530196992,15642329088,-1,-1
instances/ratio_1000/instance_500v0_2.10r16.cnf,all,500,1050,84,84,29.01,1,966,40,39,heuristic1,8.77075,8.76979,112132096,15530196992,15642329088,100,118
instances/ratio_1000/instance_500v0_2.10r16.cnf,all,500,1050,84,84,29.01,1,966,40,39,heuristic2,6.68042,6.67894,112132096,15530196992,15642329088,79,97
instances/ratio_1000/instance_500v0_2.10r16.cnf,all,500,1050,84,84,29.01,1,966,40,39,heuristic3,10.116,10.1154,112132096,15530196992,15642329088,77,95
instances/ratio_1000/instance_500v0_2.10r16.cnf,all,500,1050,84,84,29.01,1,966,40,39,heuristic4,659.669,659.681,112132096,15530196992,15642329088,70,88
instances/ratio_1000/instance_500v0_2.10r16.cnf,all,500,1050,84,84,29.01,1,966,40,39,cleanup_device,0.0463867,0.045696,112132096,15530196992,15642329088,-1,-1
instances/ratio_1000/instance_500v0_2.10r16.cnf,all,500,1050,84,84,29.01,1,966,40,39,total,697.092,-1,112132096,15530196992,15642329088,-1,-1
instances/ratio_1000/instance_500v0_2.20r17.cnf,all,500,1100,83,83,45.26,1,858,40,26,read_instance,0.357422,-1,107937792,15534391296,15642329088,-1,-1
instances/ratio_1000/instance_500v0_2.20r17.cnf,all,500,1100,83,83,45.26,1,858,40,26,alloc_graph,0.173584,0.158976,110034944,15532294144,15642329088,-1,-1
instances/ratio_1000/instance_500v0_2.20r17.cnf,all,500,1100,83,83,45.26,1,858,40,26,scc,4.09351,4.09456,112132096,15530196992,15642329088,-1,-1
instances/ratio_1000/instance_500v0_2.20r17.cnf,all,500,1100,83,83,45.26,1,858,40,26,topo_sort,0.59668,0.595488,112132096,15530196992,15642329088,-1,-1
instances/ratio_1000/instance_500v0_2.20r17.cnf,all,500,1100,83,83,45.26,1,858,40,26,backbone,4.94238,4.94611,112132096,15530196992,15642329088,-1,-1
instances/ratio_1000/instance_500v0_2.20r17.cnf,all,500,1100,83,83,45.26,1,858,40,26,wcc,0.258545,0.259776,112132096,15530196992,15642329088,-1,-1
instances/ratio_1000/instance_500v0_2.20r17.cnf,all,500,1100,83,83,45.26,1,858,40,26,wcc_grouped,0.372803,0.372032,112132096,15530196992,15642329088,-1,-1
instances/ratio_1000/instance_500v0_2.20r17.cnf,all,500,1100,83,83,45.26,1,858,40,26,heuristic1,7.93896,7.93773,112132096,15530196992,15642329088,92,111
instances/ratio_1000/instance_500v0_2.20r17.cnf,all,500,1100,83,83,45.26,1,858,40,26,heuristic2,6.39941,6.39814,112132096,15530196992,15642329088,81,99
instances/ratio_1000/instance_500v0_2.20r17.cnf,all,500,1100,83,83,45.26,1,858,40,26,heuristic3,9.74683,9.74602,112132096,15530196992,15642329088,77,95
instances/ratio_1000/instance_500v0_2.20r17.cnf,all,500,1100,83,83,45.26,1,858,40,26,heuristic4,696.863,696.876,112132096,15530196992,15642329088,73,91
instances/ratio_1000/instance_500v0_2.20r17.cnf,all,500,1100,83,83,45.26,1,858,40,26,cleanup_device,0.0429688,0.04288,112132096,15530196992,15642329088,-1,-1
instances/ratio_1000/instance_500v0_2.20r17.cnf,all,500,1100,83,83,45.26,1,858,40,26,total,732.379,-1,112132096,15530196992,15642329088,-1,-1
instances/ratio_1000/instance_500v0_2.30r18.cnf,all,500,1150,74,74,1.37,1,912,34,38,read_instance,0.410645,-1,107937792,15534391296,15642329088,-1,-1
instances/ratio_1000/instance_500v0_2.30r18.cnf,all,500,1150,74,74,1.37,1,912,34,38,alloc_graph,0.238037,0.227296,110034944,15532294144,15642329088,-1,-1
instances/ratio_1000/instance_500v0_2.30r18.cnf,all,500,1150,74,74,1.37,1,912,34,38,scc,4.26318,4.26394,112132096,15530196992,15642329088,-1,-1
instances/ratio_1000/instance_500v0_2.30r18.cnf,all,500,1150,74,74,1.37,1,912,34,38,topo_sort,0.832275,0.831648,112132096,15530196992,15642329088,-1,-1
instances/ratio_1000/instance_500v0_2.30r18.cnf,all,500,1150,74,74,1.37,1,912,34,38,backbone,5.0498,5.05475,112132096,15530196992,15642329088,-1,-1
instances/ratio_1000/instance_500v0_2.30r18.cnf,all,500,1150,74,74,1.37,1,912,34,38,wcc,0.270752,0.270336,112132096,15530196992,15642329088,-1,-1
instances/ratio_1000/instance_500v0_2.30r18.cnf,all,500,1150,74,74,1.37,1,912,34,38,wcc_grouped,0.414307,0.4032,112132096,15530196992,15642329088,-1,-1
instances/ratio_1000/instance_500v0_2.30r18.cnf,all,500,1150,74,74,1.37,1,912,34,38,heuristic1,8.33911,8.33875,112132096,15530196992,15642329088,84,99
instances/ratio_1000/instance_500v0_2.30r18.cnf,all,500,1150,74,74,1.37,1,912,34,38,heuristic2,6.16602,6.16518,112132096,15530196992,15642329088,71,86
instances/ratio_1000/instance_500v0_2.30r18.cnf,all,500,1150,74,74,1.37,1,912,34,38,heuristic3,9.83716,9.83574,112132096,15530196992,15642329088,81,96
instances/ratio_1000/instance_500v0_2.30r18.cnf,all,500,1150,74,74,1.37,1,912,34,38,heuristic4,698.573,698.585,112132096,15530196992,15642329088,72,87
instances/ratio_1000/instance_500v0_2.30r18.cnf,all,500,1150,74,74,1.37,1,912,34,38,cleanup_device,0.0393066,0.039008,112132096,15530196992,15642329088,-1,-1
instances/ratio_1000/instance_500v0_2.30r18.cnf,all,500,1150,74,74,1.37,1,912,34,38,total,735.09,-1,112132096,15530196992,15642329088,-1,-1
instances/ratio_1000/instance_500v0_2.40r19.cnf,all,500,1200,64,64,2,1,950,32,47,read_instance,0.384766,-1,107937792,15534391296,15642329088,-1,-1
instances/ratio_1000/instance_500v0_2.40r19.cnf,all,500,1200,64,64,2,1,950,32,47,alloc_graph,0.195801,0.178624,110034944,15532294144,15642329088,-1,-1
instances/ratio_1000/instance_500v0_2.40r19.cnf,all,500,1200,64,64,2,1,950,32,47,scc,4.31714,4.31728,112132096,15530196992,15642329088,-1,-1
instances/ratio_1000/instance_500v0_2.40r19.cnf,all,500,1200,64,64,2,1,950,32,47,topo_sort,0.969971,0.968832,112132096,15530196992,15642329088,-1,-1
instances/ratio_1000/instance_500v0_2.40r19.cnf,all,500,1200,64,64,2,1,950,32,47,backbone,5.07104,5.07533,112132096,15530196992,15642329088,-1,-1
instances/ratio_1000/instance_500v0_2.40r19.cnf,all,500,1200,64,64,2,1,950,32,47,wcc,0.193359,0.193952,112132096,15530196992,15642329088,-1,-1
instances/ratio_1000/instance_500v0_2.40r19.cnf,all,500,1200,64,64,2,1,950,32,47,wcc_grouped,0.358643,0.3584,112132096,15530196992,15642329088,-1,-1
instances/ratio_1000/instance_500v0_2.40r19.cnf,all,500,1200,64,64,2,1,950,32,47,heuristic1,7.55029,7.54938,112132096,15530196992,15642329088,82,96
instances/ratio_1000/instance_500v0_2.40r19.cnf,all,500,1200,64,64,2,1,950,32,47,heuristic2,6.09302,6.0911,112132096,15530196992,15642329088,72,86
instances/ratio_1000/instance_500v0_2.40r19.cnf,all,500,1200,64,64,2,1,950,32,47,heuristic3,8.9978,8.99661,112132096,15530196992,15642329088,67,81
instances/ratio_1000/instance_500v0_2.40r19.cnf,all,500,1200,64,64,2,1,950,32,47,heuristic4,573.216,573.226,112132096,15530196992,15642329088,61,75
instances/ratio_1000/instance_500v0_2.40r19.cnf,all,500,1200,64,64,2,1,950,32,47,cleanup_device,0.0422363,0.042112,112132096,15530196992,15642329088,-1,-1
instances/ratio_1000/instance_500v0_2.40r19.cnf,all,500,1200,64,64,2,1,950,32,47,total,607.955,-1,112132096,15530196992,15642329088,-1,-1
instances/ratio_1000/instance_500v0_2.50r20.cnf,all,500,1250,73,73,0.03,1,754,54,29,read_instance,0.44873,-1,107937792,15534391296,15642329088,-1,-1
instances/ratio_1000/instance_500v0_2.50r20.cnf,all,500,1250,73,73,0.03,1,754,54,29,alloc_graph,0.169678,0.149504,110034944,15532294144,15642329088,-1,-1
instances/ratio_1000/instance_500v0_2.50r20.cnf,all,500,1250,73,73,0.03,1,754,54,29,scc,4.40723,4.40762,112132096,15530196992,15642329088,-1,-1
instances/ratio_1000/instance_500v0_2.50r20.cnf,all,500,1250,73,73,0.03,1,754,54,29,topo_sort,0.677734,0.676768,112132096,15530196992,15642329088,-1,-1
instances/ratio_1000/instance_500v0_2.50r20.cnf,all,500,1250,73,73,0.03,1,754,54,29,backbone,5.25342,5.25888,112132096,15530196992,15642329088,-1,-1
instances/ratio_1000/instance_500v0_2.50r20.cnf,all,500,1250,73,73,0.03,1,754,54,29,wcc,0.21875,0.219136,112132096,15530196992,15642329088,-1,-1
instances/ratio_1000/instance_500v0_2.50r20.cnf,all,500,1250,73,73,0.03,1,754,54,29,wcc_grouped,0.365234,0.364992,112132096,15530196992,15642329088,-1,-1
instances/ratio_1000/instance_500v0_2.50r20.cnf,all,500,1250,73,73,0.03,1,754,54,29,heuristic1,6.06665,6.06563,112132096,15530196992,15642329088,69,94
instances/ratio_1000/instance_500v0_2.50r20.cnf,all,500,1250,73,73,0.03,1,754,54,29,heuristic2,5.0481,5.04682,112132096,15530196992,15642329088,62,87
instances/ratio_1000/instance_500v0_2.50r20.cnf,all,500,1250,73,73,0.03,1,754,54,29,heuristic3,8.68237,8.6817,112132096,15530196992,15642329088,63,88
instances/ratio_1000/instance_500v0_2.50r20.cnf,all,500,1250,73,73,0.03,1,754,54,29,heuristic4,566.535,566.545,112132096,15530196992,15642329088,60,85
instances/ratio_1000/instance_500v0_2.50r20.cnf,all,500,1250,73,73,0.03,1,754,54,29,cleanup_device,0.0419922,0.041888,112132096,15530196992,15642329088,-1,-1
instances/ratio_1000/instance_500v0_2.50r20.cnf,all,500,1250,73,73,0.03,1,754,54,29,total,598.52,-1,112132096,15530196992,15642329088,-1,-1
instances/ratio_1000/instance_500v0_2.60r21.cnf,all,500,1300,66,66,0.41,1,930,36,66,read_instance,0.434082,-1,107937792,15534391296,15642329088,-1,-1
instances/ratio_1000/instance_500v0_2.60r21.cnf,all,500,1300,66,66,0.41,1,930,36,66,alloc_graph,0.177246,0.161696,110034944,15532294144,15642329088,-1,-1
instances/ratio_1000/instance_500v0_2.60r21.cnf,all,500,1300,66,66,0.41,1,930,36,66,scc,5.12793,5.13002,112132096,15530196992,15642329088,-1,-1
instances/ratio_1000/instance_500v0_2.60r21.cnf,all,500,1300,66,66,0.41,1,930,36,66,topo_sort,1.33569,1.33498,112132096,15530196992,15642329088,-1,-1
instances/ratio_1000/instance_500v0_2.60r21.cnf,all,500,1300,66,66,0.41,1,930,36,66,backbone,6.88647,6.89414,112132096,15530196992,15642329088,-1,-1
instances/ratio_1000/instance_500v0_2.60r21.cnf,all,500,1300,66,66,0.41,1,930,36,66,wcc,0.234619,0.233536,112132096,15530196992,15642329088,-1,-1
instances/ratio_1000/instance_500v0_2.60r21.cnf,all,500,1300,66,66,0.41,1,930,36,66,wcc_grouped,0.409912,0.410944,112132096,15530196992,15642329088,-1,-1
instances/ratio_1000/instance_500v0_2.60r21.cnf,all,500,1300,66,66,0.41,1,930,36,66,heuristic1,8.26025,8.25971,112132096,15530196992,15642329088,76,92
instances/ratio_1000/instance_500v0_2.60r21.cnf,all,500,1300,66,66,0.41,1,930,36,66,heuristic2,6.03027,6.03018,112132096,15530196992,15642329088,58,74
instances/ratio_1000/instance_500v0_2.60r21.cnf,all,500,1300,66,66,0.41,1,930,36,66,heuristic3,9.48584,9.48486,112132096,15530196992,15642329088,65,81
instances/ratio_1000/instance_500v0_2.60r21.cnf,all,500,1300,66,66,0.41,1,930,36,66,heuristic4,554.144,554.151,112132096,15530196992,15642329088,60,76
instances/ratio_1000/instance_500v0_2.60r21.cnf,all,500,1300,66,66,0.41,1,930,36,66,cleanup_device,0.0424805,0.042336,112132096,15530196992,15642329088,-1,-1
instances/ratio_1000/instance_500v0_2.60r21.cnf,all,500,1300,66,66,0.41,1,930,36,66,total,593.333,-1,112132096,15530196992,15642329088,-1,-1
instances/ratio_1000/instance_500v0_2.70r22.cnf,all,500,1350,69,69,0.06,1,744,48,24,read_instance,0.382324,-1,107937792,15534391296,15642329088,-1,-1
instances/ratio_1000/instance_500v0_2.70r22.cnf,all,500,1350,69,69,0.06,1,744,48,24,alloc_graph,0.189453,0.179328,110034944,15532294144,15642329088,-1,-1
instances/ratio_1000/instance_500v0_2.70r22.cnf,all,500,1350,69,69,0.06,1,744,48,24,scc,4.34912,4.34995,112132096,15530196992,15642329088,-1,-1
instances/ratio_1000/instance_500v0_2.70r22.cnf,all,500,1350,69,69,0.06,1,744,48,24,topo_sort,0.623535,0.623168,112132096,15530196992,15642329088,-1,-1
instances/ratio_1000/instance_500v0_2.70r22.cnf,all,500,1350,69,69,0.06,1,744,48,24,backbone,5.24878,5.25498,112132096,15530196992,15642329088,-1,-1
instances/ratio_1000/instance_500v0_2.70r22.cnf,all,500,1350,69,69,0.06,1,744,48,24,wcc,0.226318,0.2264,112132096,15530196992,15642329088,-1,-1
instances/ratio_1000/instance_500v0_2.70r22.cnf,all,500,1350,69,69,0.06,1,744,48,24,wcc_grouped,0.395996,0.396416,112132096,15530196992,15642329088,-1,-1
instances/ratio_1000/instance_500v0_2.70r22.cnf,all,500,1350,69,69,0.06,1,744,48,24,heuristic1,6.28613,6.28618,112132096,15530196992,15642329088,71,93
instances/ratio_1000/instance_500v0_2.70r22.cnf,all,500,1350,69,69,0.06,1,744,48,24,heuristic2,4.43066,4.42979,112132096,15530196992,15642329088,53,75
instances/ratio_1000/instance_500v0_2.70r22.cnf,all,500,1350,69,69,0.06,1,744,48,24,heuristic3,8.58179,8.58077,112132096,15530196992,15642329088,58,80
instances/ratio_1000/instance_500v0_2.70r22.cnf,all,500,1350,69,69,0.06,1,744,48,24,heuristic4,482.873,482.882,112132096,15530196992,15642329088,54,76
instances/ratio_1000/instance_500v0_2.70r22.cnf,all,500,1350,69,69,0.06,1,744,48,24,cleanup_device,0.0407715,0.040608,112132096,15530196992,15642329088,-1,-1
instances/ratio_1000/instance_500v0_2.70r22.cnf,all,500,1350,69,69,0.06,1,744,48,24,total,514.235,-1,112132096,15530196992,15642329088,-1,-1
instances/ratio_1000/instance_500v0_2.80r23.cnf,all,500,1400,62,62,0.04,1,732,36,38,read_instance,0.449219,-1,107937792,15534391296,15642329088,-1,-1
instances/ratio_1000/instance_500v0_2.80r23.cnf,all,500,1400,62,62,0.04,1,732,36,38,alloc_graph,0.182617,0.168064,110034944,15532294144,15642329088,-1,-1
instances/ratio_1000/instance_500v0_2.80r23.cnf,all,500,1400,62,62,0.04,1,732,36,38,scc,4.43604,4.43693,112132096,15530196992,15642329088,-1,-1
instances/ratio_1000/instance_500v0_2.80r23.cnf,all,500,1400,62,62,0.04,1,732,36,38,topo_sort,0.847168,0.845984,112132096,15530196992,15642329088,-1,-1
instances/ratio_1000/instance_500v0_2.80r23.cnf,all,500,1400,62,62,0.04,1,732,36,38,backbone,5.07104,5.08038,112132096,15530196992,15642329088,-1,-1
instances/ratio_1000/instance_500v0_2.80r23.cnf,all,500,1400,62,62,0.04,1,732,36,38,wcc,0.233887,0.2336,112132096,15530196992,15642329088,-1,-1
instances/ratio_1000/instance_500v0_2.80r23.cnf,all,500,1400,62,62,0.04,1,732,36,38,wcc_grouped,0.388428,0.388928,112132096,15530196992,15642329088,-1,-1
instances/ratio_1000/instance_500v0_2.80r23.cnf,all,500,1400,62,62,0.04,1,732,36,38,heuristic1,5.59033,5.58906,112132096,15530196992,15642329088,64,80
instances/ratio_1000/instance_500v0_2.80r23.cnf,all,500,1400,62,62,0.04,1,732,36,38,heuristic2,4.71997,4.71898,112132096,15530196992,15642329088,58,74
instances/ratio_1000/instance_500v0_2.80r23.cnf,all,500,1400,62,62,0.04,1,732,36,38,heuristic3,8.49512,8.49408,112132096,15530196992,15642329088,62,78
instances/ratio_1000/instance_500v0_2.80r23.cnf,all,500,1400,62,62,0.04,1,732,36,38,heuristic4,493.173,493.183,112132096,15530196992,15642329088,54,70
instances/ratio_1000/instance_500v0_2.80r23.cnf,all,500,1400,62,62,0.04,1,732,36,38,cleanup_device,0.0976562,0.097888,112132096,15530196992,15642329088,-1,-1
instances/ratio_1000/instance_500v0_2.80r23.cnf,all,500,1400,62,62,0.04,1,732,36,38,total,524.328,-1,112132096,15530196992,15642329088,-1,-1
instances/ratio_1000/instance_500v0_2.90r24.cnf,all,500,1450,72,72,0.04,1,724,66,38,read_instance,0.420166,-1,107937792,15534391296,15642329088,-1,-1
instances/ratio_1000/instance_500v0_2.90r24.cnf,all,500,1450,72,72,0.04,1,724,66,38,alloc_graph,0.182617,0.165696,110034944,15532294144,15642329088,-1,-1
instances/ratio_1000/instance_500v0_2.90r24.cnf,all,500,1450,72,72,0.04,1,724,66,38,scc,4.50537,4.50682,112132096,15530196992,15642329088,-1,-1
instances/ratio_1000/instance_500v0_2.90r24.cnf,all,500,1450,72,72,0.04,1,724,66,38,topo_sort,0.875977,0.87504,112132096,15530196992,15642329088,-1,-1
instances/ratio_1000/instance_500v0_2.90r24.cnf,all,500,1450,72,72,0.04,1,724,66,38,backbone,5.06641,5.07267,112132096,15530196992,15642329088,-1,-1
instances/ratio_1000/instance_500v0_2.90r24.cnf,all,500,1450,72,72,0.04,1,724,66,38,wcc,0.221191,0.220864,112132096,15530196992,15642329088,-1,-1
instances/ratio_1000/instance_500v0_2.90r24.cnf,all,500,1450,72,72,0.04,1,724,66,38,wcc_grouped,0.38623,0.38544,112132096,15530196992,15642329088,-1,-1
instances/ratio_1000/instance_500v0_2.90r24.cnf,all,500,1450,72,72,0.04,1,724,66,38,heuristic1,4.99756,4.99696,112132096,15530196992,15642329088,55,87
instances/ratio_1000/instance_500v0_2.90r24.cnf,all,500,1450,72,72,0.04,1,724,66,38,heuristic2,3.96069,3.9599,112132096,15530196992,15642329088,49,80
instances/ratio_1000/instance_500v0_2.90r24.cnf,all,500,1450,72,72,0.04,1,724,66,38,heuristic3,7.57983,7.57942,112132096,15530196992,15642329088,50,81
instances/ratio_1000/instance_500v0_2.90r24.cnf,all,500,1450,72,72,0.04,1,724,66,38,heuristic4,390.031,390.038,112132096,15530196992,15642329088,45,76
instances/ratio_1000/instance_500v0_2.90r24.cnf,all,500,1450,72,72,0.04,1,724,66,38,cleanup_device,0.0422363,0.041984,112132096,15530196992,15642329088,-1,-1
instances/ratio_1000/instance_500v0_2.90r24.cnf,all,500,1450,72,72,0.04,1,724,66,38,total,418.857,-1,112132096,15530196992,15642329088,-1,-1
instances/ratio_1000/instance_500v0_3.00r25.cnf,all,500,1500,57,57,0.06,1,704,50,41,read_instance,0.420654,-1,107937792,15534391296,15642329088,-1,-1
instances/ratio_1000/instance_500v0_3.00r25.cnf,all,500,1500,57,57,0.06,1,704,50,41,alloc_graph,0.154541,0.14128,110034944,15532294144,15642329088,-1,-1
instances/ratio_1000/instance_500v0_3.00r25.cnf,all,500,1500,57,57,0.06,1,704,50,41,scc,4.65991,4.66125,112132096,15530196992,15642329088,-1,-1
instances/ratio_1000/instance_500v0_3.00r25.cnf,all,500,1500,57,57,0.06,1,704,50,41,topo_sort,0.981689,0.981216,112132096,15530196992,15642329088,-1,-1
instances/ratio_1000/instance_500v0_3.00r25.cnf,all,500,1500,57,57,0.06,1,704,50,41,backbone,5.26855,5.27443,112132096,15530196992,15642329088,-1,-1
instances/ratio_1000/instance_500v0_3.00r25.cnf,all,500,1500,57,57,0.06,1,704,50,41,wcc,0.19873,0.198656,112132096,15530196992,15642329088,-1,-1
instances/ratio_1000/instance_500v0_3.00r25.cnf,all,500,1500,57,57,0.06,1,704,50,41,wcc_grouped,0.358643,0.358304,112132096,15530196992,15642329088,-1,-1
instances/ratio_1000/instance_500v0_3.00r25.cnf,all,500,1500,57,57,0.06,1,704,50,41,heuristic1,5.29565,5.29488,112132096,15530196992,15642329088,58,81
instances/ratio_1000/instance_500v0_3.00r25.cnf,all,500,1500,57,57,0.06,1,704,50,41,heuristic2,3.60156,3.59978,112132096,15530196992,15642329088,43,67
instances/ratio_1000/instance_500v0_3.00r25.cnf,all,500,1500,57,57,0.06,1,704,50,41,heuristic3,7.23779,7.23744,112132096,15530196992,15642329088,41,64
instances/ratio_1000/instance_500v0_3.00r25.cnf,all,500,1500,57,57,0.06,1,704,50,41,heuristic4,336.914,336.92,112132096,15530196992,15642329088,41,64
instances/ratio_1000/instance_500v0_3.00r25.cnf,all,500,1500,57,57,0.06,1,704,50,41,cleanup_device,0.0427246,0.04224,112132096,15530196992,15642329088,-1,-1
instances/ratio_1000/instance_500v0_3.00r25.cnf,all,500,1500,57,57,0.06,1,704,50,41,total,365.715,-1,112132096,15530196992,15642329088,-1,-1
instances/ratio_1000/instance_500v0_3.10r26.cnf,all,500,1550,55,55,0.09,1,782,22,48,read_instance,0.45166,-1,107937792,15534391296,15642329088,-1,-1
instances/ratio_1000/instance_500v0_3.10r26.cnf,all,500,1550,55,55,0.09,1,782,22,48,alloc_graph,0.168457,0.155168,110034944,15532294144,15642329088,-1,-1
instances/ratio_1000/instance_500v0_3.10r26.cnf,all,500,1550,55,55,0.09,1,782,22,48,scc,4.94873,4.94845,112132096,15530196992,15642329088,-1,-1
instances/ratio_1000/instance_500v0_3.10r26.cnf,all,500,1550,55,55,0.09,1,782,22,48,topo_sort,1.04126,1.04026,112132096,15530196992,15642329088,-1,-1
instances/ratio_1000/instance_500v0_3.10r26.cnf,all,500,1550,55,55,0.09,1,782,22,48,backbone,5.34692,5.35322,112132096,15530196992,15642329088,-1,-1
instances/ratio_1000/instance_500v0_3.10r26.cnf,all,500,1550,55,55,0.09,1,782,22,48,wcc,0.230957,0.231168,112132096,15530196992,15642329088,-1,-1
instances/ratio_1000/instance_500v0_3.10r26.cnf,all,500,1550,55,55,0.09,1,782,22,48,wcc_grouped,0.369873,0.36912,112132096,15530196992,15642329088,-1,-1
instances/ratio_1000/instance_500v0_3.10r26.cnf,all,500,1550,55,55,0.09,1,782,22,48,heuristic1,6.01538,6.01462,112132096,15530196992,15642329088,69,78
instances/ratio_1000/instance_500v0_3.10r26.cnf,all,500,1550,55,55,0.09,1,782,22,48,heuristic2,4.62305,4.62198,112132096,15530196992,15642329088,57,66
instances/ratio_1000/instance_500v0_3.10r26.cnf,all,500,1550,55,55,0.09,1,782,22,48,heuristic3,8.88525,8.88432,112132096,15530196992,15642329088,60,69
instances/ratio_1000/instance_500v0_3.10r26.cnf,all,500,1550,55,55,0.09,1,782,22,48,heuristic4,457.5,457.509,112132096,15530196992,15642329088,51,60
instances/ratio_1000/instance_500v0_3.10r26.cnf,all,500,1550,55,55,0.09,1,782,22,48,cleanup_device,0.0437012,0.043136,112132096,15530196992,15642329088,-1,-1
instances/ratio_1000/instance_500v0_3.10r26.cnf,all,500,1550,55,55,0.09,1,782,22,48,total,490.242,-1,112132096,15530196992,15642329088,-1,-1
instances/ratio_1000/instance_500v0_3.20r27.cnf,all,500,1600,58,58,0.03,1,594,62,30,read_instance,0.46582,-1,107937792,15534391296,15642329088,-1,-1
instances/ratio_1000/instance_500v0_3.20r27.cnf,all,500,1600,58,58,0.03,1,594,62,30,alloc_graph,0.190918,0.15744,110034944,15532294144,15642329088,-1,-1
instances/ratio_1000/instance_500v0_3.20r27.cnf,all,500,1600,58,58,0.03,1,594,62,30,scc,4.22314,4.2249,112132096,15530196992,15642329088,-1,-1
instances/ratio_1000/instance_500v0_3.20r27.cnf,all,500,1600,58,58,0.03,1,594,62,30,topo_sort,0.73584,0.735776,112132096,15530196992,15642329088,-1,-1
instances/ratio_1000/instance_500v0_3.20r27.cnf,all,500,1600,58,58,0.03,1,594,62,30,backbone,4.98535,4.9895,112132096,15530196992,15642329088,-1,-1
instances/ratio_1000/instance_500v0_3.20r27.cnf,all,500,1600,58,58,0.03,1,594,62,30,wcc,0.202637,0.2024,112132096,15530196992,15642329088,-1,-1
instances/ratio_1000/instance_500v0_3.20r27.cnf,all,500,1600,58,58,0.03,1,594,62,30,wcc_grouped,0.388428,0.38912,112132096,15530196992,15642329088,-1,-1
instances/ratio_1000/instance_500v0_3.20r27.cnf,all,500,1600,58,58,0.03,1,594,62,30,heuristic1,4.41528,4.41488,112132096,15530196992,15642329088,49,78
instances/ratio_1000/instance_500v0_3.20r27.cnf,all,500,1600,58,58,0.03,1,594,62,30,heuristic2,3.125,3.12374,112132096,15530196992,15642329088,37,67
instances/ratio_1000/instance_500v0_3.20r27.cnf,all,500,1600,58,58,0.03,1,594,62,30,heuristic3,6.67822,6.67779,112132096,15530196992,15642329088,34,63
instances/ratio_1000/instance_500v0_3.20r27.cnf,all,500,1600,58,58,0.03,1,594,62,30,heuristic4,240.926,240.931,112132096,15530196992,15642329088,30,59
instances/ratio_1000/instance_500v0_3.20r27.cnf,all,500,1600,58,58,0.03,1,594,62,30,cleanup_device,0.0446777,0.044416,112132096,15530196992,15642329088,-1,-1
instances/ratio_1000/instance_500v0_3.20r27.cnf,all,500,1600,58,58,0.03,1,594,62,30,total,266.941,-1,112132096,15530196992,15642329088,-1,-1
instances/ratio_1000/instance_500v0_3.30r28.cnf,all,500,1650,42,42,0.09,1,618,18,24,read_instance,0.523682,-1,107937792,15534391296,15642329088,-1,-1
instances/ratio_1000/instance_500v0_3.30r28.cnf,all,500,1650,42,42,0.09,1,618,18,24,alloc_graph,0.193115,0.173632,110034944,15532294144,15642329088,-1,-1
instances/ratio_1000/instance_500v0_3.30r28.cnf,all,500,1650,42,42,0.09,1,618,18,24,scc,4.51904,4.51955,112132096,15530196992,15642329088,-1,-1
instances/ratio_1000/instance_500v0_3.30r28.cnf,all,500,1650,42,42,0.09,1,618,18,24,topo_sort,0.60376,0.603136,112132096,15530196992,15642329088,-1,-1
instances/ratio_1000/instance_500v0_3.30r28.cnf,all,500,1650,42,42,0.09,1,618,18,24,backbone,5.31421,5.32362,112132096,15530196992,15642329088,-1,-1
instances/ratio_1000/instance_500v0_3.30r28.cnf,all,500,1650,42,42,0.09,1,618,18,24,wcc,0.217773,0.217216,112132096,15530196992,15642329088,-1,-1
instances/ratio_1000/instance_500v0_3.30r28.cnf,all,500,1650,42,42,0.09,1,618,18,24,wcc_grouped,0.414307,0.414368,112132096,15530196992,15642329088,-1,-1
instances/ratio_1000/instance_500v0_3.30r28.cnf,all,500,1650,42,42,0.09,1,618,18,24,heuristic1,5.80908,5.80784,112132096,15530196992,15642329088,51,58
instances/ratio_1000/instance_500v0_3.30r28.cnf,all,500,1650,42,42,0.09,1,618,18,24,heuristic2,3.99268,3.99142,112132096,15530196992,15642329088,51,58
instances/ratio_1000/instance_500v0_3.30r28.cnf,all,500,1650,42,42,0.09,1,618,18,24,heuristic3,7.86646,7.86528,112132096,15530196992,15642329088,52,59
instances/ratio_1000/instance_500v0_3.30r28.cnf,all,500,1650,42,42,0.09,1,618,18,24,heuristic4,375.154,375.161,112132096,15530196992,15642329088,44,51
instances/ratio_1000/instance_500v0_3.30r28.cnf,all,500,1650,42,42,0.09,1,618,18,24,cleanup_device,0.043457,0.043232,112132096,15530196992,15642329088,-1,-1
instances/ratio_1000/instance_500v0_3.30r28.cnf,all,500,1650,42,42,0.09,1,618,18,24,total,405.26,-1,112132096,15530196992,15642329088,-1,-1
instances/ratio_1000/instance_500v0_3.40r29.cnf,all,500,1700,55,55,0.03,1,446,87,17,read_instance,0.557129,-1,107937792,15534391296,15642329088,-1,-1
instances/ratio_1000/instance_500v0_3.40r29.cnf,all,500,1700,55,55,0.03,1,446,87,17,alloc_graph,0.179688,0.159744,110034944,15532294144,15642329088,-1,-1
instances/ratio_1000/instance_500v0_3.40r29.cnf,all,500,1700,55,55,0.03,1,446,87,17,scc,4.29663,4.29677,112132096,15530196992,15642329088,-1,-1
instances/ratio_1000/instance_500v0_3.40r29.cnf,all,500,1700,55,55,0.03,1,446,87,17,topo_sort,0.477051,0.476256,112132096,15530196992,15642329088,-1,-1
instances/ratio_1000/instance_500v0_3.40r29.cnf,all,500,1700,55,55,0.03,1,446,87,17,backbone,5.09229,5.09622,112132096,15530196992,15642329088,-1,-1
instances/ratio_1000/instance_500v0_3.40r29.cnf,all,500,1700,55,55,0.03,1,446,87,17,wcc,0.223145,0.223104,112132096,15530196992,15642329088,-1,-1
instances/ratio_1000/instance_500v0_3.40r29.cnf,all,500,1700,55,55,0.03,1,446,87,17,wcc_grouped,0.36377,0.36416,112132096,15530196992,15642329088,-1,-1
instances/ratio_1000/instance_500v0_3.40r29.cnf,all,500,1700,55,55,0.03,1,446,87,17,heuristic1,1.15869,1.15747,112132096,15530196992,15642329088,8,57
instances/ratio_1000/instance_500v0_3.40r29.cnf,all,500,1700,55,55,0.03,1,446,87,17,heuristic2,0.800049,0.798176,112132096,15530196992,15642329088,9,58
instances/ratio_1000/instance_500v0_3.40r29.cnf,all,500,1700,55,55,0.03,1,446,87,17,heuristic3,3.69482,3.69331,112132096,15530196992,15642329088,9,58
instances/ratio_1000/instance_500v0_3.40r29.cnf,all,500,1700,55,55,0.03,1,446,87,17,heuristic4,28.6375,28.6372,112132096,15530196992,15642329088,9,56
instances/ratio_1000/instance_500v0_3.40r29.cnf,all,500,1700,55,55,0.03,1,446,87,17,cleanup_device,0.0375977,0.037536,112132096,15530196992,15642329088,-1,-1
instances/ratio_1000/instance_500v0_3.40r29.cnf,all,500,1700,55,55,0.03,1,446,87,17,total,46.0667,-1,112132096,15530196992,15642329088,-1,-1
instances/ratio_1000/instance_500v0_3.50r30.cnf,all,500,1750,51,51,0.03,1,436,64,22,read_instance,0.474609,-1,107937792,15534391296,15642329088,-1,-1
instances/ratio_1000/instance_500v0_3.50r30.cnf,all,500,1750,51,51,0.03,1,436,64,22,alloc_graph,0.196289,0.182272,110034944,15532294144,15642329088,-1,-1
instances/ratio_1000/instance_500v0_3.50r30.cnf,all,500,1750,51,51,0.03,1,436,64,22,scc,4.24316,4.24355,112132096,15530196992,15642329088,-1,-1
instances/ratio_1000/instance_500v0_3.50r30.cnf,all,500,1750,51,51,0.03,1,436,64,22,topo_sort,0.566895,0.566112,112132096,15530196992,15642329088,-1,-1
instances/ratio_1000/instance_500v0_3.50r30.cnf,all,500,1750,51,51,0.03,1,436,64,22,backbone,5.49585,5.50198,112132096,15530196992,15642329088,-1,-1
instances/ratio_1000/instance_500v0_3.50r30.cnf,all,500,1750,51,51,0.03,1,436,64,22,wcc,0.217285,0.219136,112132096,15530196992,15642329088,-1,-1
instances/ratio_1000/instance_500v0_3.50r30.cnf,all,500,1750,51,51,0.03,1,436,64,22,wcc_grouped,0.382324,0.382464,112132096,15530196992,15642329088,-1,-1
instances/ratio_1000/instance_500v0_3.50r30.cnf,all,500,1750,51,51,0.03,1,436,64,22,heuristic1,3.00757,3.0064,112132096,15530196992,15642329088,35,65
instances/ratio_1000/instance_500v0_3.50r30.cnf,all,500,1750,51,51,0.03,1,436,64,22,heuristic2,2.2854,2.28378,112132096,15530196992,15642329088,27,57
instances/ratio_1000/instance_500v0_3.50r30.cnf,all,500,1750,51,51,0.03,1,436,64,22,heuristic3,5.89722,5.89571,112132096,15530196992,15642329088,24,54
instances/ratio_1000/instance_500v0_3.50r30.cnf,all,500,1750,51,51,0.03,1,436,64,22,heuristic4,218.554,218.558,112132096,15530196992,15642329088,22,52
instances/ratio_1000/instance_500v0_3.50r30.cnf,all,500,1750,51,51,0.03,1,436,64,22,cleanup_device,0.0437012,0.043168,112132096,15530196992,15642329088,-1,-1
instances/ratio_1000/instance_500v0_3.50r30.cnf,all,500,1750,51,51,0.03,1,436,64,22,total,241.956,-1,112132096,15530196992,15642329088,-1,-1
instances/ratio_1000/instance_500v0_3.60r31.cnf,all,500,1800,46,46,0.03,1,498,46,31,read_instance,0.527588,-1,107937792,15534391296,15642329088,-1,-1
instances/ratio_1000/instance_500v0_3.60r31.cnf,all,500,1800,46,46,0.03,1,498,46,31,alloc_graph,0.171631,0.157856,110034944,15532294144,15642329088,-1,-1
instances/ratio_1000/instance_500v0_3.60r31.cnf,all,500,1800,46,46,0.03,1,498,46,31,scc,4.12769,4.12765,112132096,15530196992,15642329088,-1,-1
instances/ratio_1000/instance_500v0_3.60r31.cnf,all,500,1800,46,46,0.03,1,498,46,31,topo_sort,0.76416,0.76384,112132096,15530196992,15642329088,-1,-1
instances/ratio_1000/instance_500v0_3.60r31.cnf,all,500,1800,46,46,0.03,1,498,46,31,backbone,5.09277,5.09651,112132096,15530196992,15642329088,-1,-1
instances/ratio_1000/instance_500v0_3.60r31.cnf,all,500,1800,46,46,0.03,1,498,46,31,wcc,0.222656,0.221728,112132096,15530196992,15642329088,-1,-1
instances/ratio_1000/instance_500v0_3.60r31.cnf,all,500,1800,46,46,0.03,1,498,46,31,wcc_grouped,0.390381,0.391168,112132096,15530196992,15642329088,-1,-1
instances/ratio_1000/instance_500v0_3.60r31.cnf,all,500,1800,46,46,0.03,1,498,46,31,heuristic1,3.05762,3.05699,112132096,15530196992,15642329088,33,54
instances/ratio_1000/instance_500v0_3.60r31.cnf,all,500,1800,46,46,0.03,1,498,46,31,heuristic2,2.81665,2.81619,112132096,15530196992,15642329088,34,55
instances/ratio_1000/instance_500v0_3.60r31.cnf,all,500,1800,46,46,0.03,1,498,46,31,heuristic3,5.79028,5.78912,112132096,15530196992,15642329088,28,49
instances/ratio_1000/instance_500v0_3.60r31.cnf,all,500,1800,46,46,0.03,1,498,46,31,heuristic4,231.802,231.807,112132096,15530196992,15642329088,25,46
instances/ratio_1000/instance_500v0_3.60r31.cnf,all,500,1800,46,46,0.03,1,498,46,31,cleanup_device,0.0632324,0.062272,112132096,15530196992,15642329088,-1,-1
instances/ratio_1000/instance_500v0_3.60r31.cnf,all,500,1800,46,46,0.03,1,498,46,31,total,255.426,-1,112132096,15530196992,15642329088,-1,-1
instances/ratio_1000/instance_500v0_3.70r32.cnf,all,500,1850,49,49,0.03,1,522,52,34,read_instance,0.552979,-1,107937792,15534391296,15642329088,-1,-1
instances/ratio_1000/instance_500v0_3.70r32.cnf,all,500,1850,49,49,0.03,1,522,52,34,alloc_graph,0.170166,0.159744,110034944,15532294144,15642329088,-1,-1
instances/ratio_1000/instance_500v0_3.70r32.cnf,all,500,1850,49,49,0.03,1,522,52,34,scc,5.22119,5.22234,112132096,15530196992,15642329088,-1,-1
instances/ratio_1000/instance_500v0_3.70r32.cnf,all,500,1850,49,49,0.03,1,522,52,34,topo_sort,0.826172,0.825024,112132096,15530196992,15642329088,-1,-1
instances/ratio_1000/instance_500v0_3.70r32.cnf,all,500,1850,49,49,0.03,1,522,52,34,backbone,4.98657,4.99066,112132096,15530196992,15642329088,-1,-1
instances/ratio_1000/instance_500v0_3.70r32.cnf,all,500,1850,49,49,0.03,1,522,52,34,wcc,0.2146,0.215072,112132096,15530196992,15642329088,-1,-1
instances/ratio_1000/instance_500v0_3.70r32.cnf,all,500,1850,49,49,0.03,1,522,52,34,wcc_grouped,0.37085,0.37056,112132096,15530196992,15642329088,-1,-1
instances/ratio_1000/instance_500v0_3.70r32.cnf,all,500,1850,49,49,0.03,1,522,52,34,heuristic1,3.39966,3.39872,112132096,15530196992,15642329088,38,64
instances/ratio_1000/instance_500v0_3.70r32.cnf,all,500,1850,49,49,0.03,1,522,52,34,heuristic2,2.45801,2.45642,112132096,15530196992,15642329088,29,53
instances/ratio_1000/instance_500v0_3.70r32.cnf,all,500,1850,49,49,0.03,1,522,52,34,heuristic3,5.80835,5.80758,112132096,15530196992,15642329088,29,53
instances/ratio_1000/instance_500v0_3.70r32.cnf,all,500,1850,49,49,0.03,1,522,52,34,heuristic4,231.905,231.909,112132096,15530196992,15642329088,27,51
instances/ratio_1000/instance_500v0_3.70r32.cnf,all,500,1850,49,49,0.03,1,522,52,34,cleanup_device,0.0429688,0.04304,112132096,15530196992,15642329088,-1,-1
instances/ratio_1000/instance_500v0_3.70r32.cnf,all,500,1850,49,49,0.03,1,522,52,34,total,256.518,-1,112132096,15530196992,15642329088,-1,-1
instances/ratio_1000/instance_500v0_3.80r33.cnf,all,500,1900,39,39,0.04,1,390,42,17,read_instance,0.52417,-1,107937792,15534391296,15642329088,-1,-1
instances/ratio_1000/instance_500v0_3.80r33.cnf,all,500,1900,39,39,0.04,1,390,42,17,alloc_graph,0.171875,0.15536,110034944,15532294144,15642329088,-1,-1
instances/ratio_1000/instance_500v0_3.80r33.cnf,all,500,1900,39,39,0.04,1,390,42,17,scc,4.44653,4.4479,112132096,15530196992,15642329088,-1,-1
instances/ratio_1000/instance_500v0_3.80r33.cnf,all,500,1900,39,39,0.04,1,390,42,17,topo_sort,0.462402,0.461472,112132096,15530196992,15642329088,-1,-1
instances/ratio_1000/instance_500v0_3.80r33.cnf,all,500,1900,39,39,0.04,1,390,42,17,backbone,5.48999,5.4968,112132096,15530196992,15642329088,-1,-1
instances/ratio_1000/instance_500v0_3.80r33.cnf,all,500,1900,39,39,0.04,1,390,42,17,wcc,0.223145,0.221632,112132096,15530196992,15642329088,-1,-1
instances/ratio_1000/instance_500v0_3.80r33.cnf,all,500,1900,39,39,0.04,1,390,42,17,wcc_grouped,0.375,0.375168,112132096,15530196992,15642329088,-1,-1
instances/ratio_1000/instance_500v0_3.80r33.cnf,all,500,1900,39,39,0.04,1,390,42,17,heuristic1,2.9895,2.98877,112132096,15530196992,15642329088,30,49
instances/ratio_1000/instance_500v0_3.80r33.cnf,all,500,1900,39,39,0.04,1,390,42,17,heuristic2,1.77417,1.77315,112132096,15530196992,15642329088,21,41
instances/ratio_1000/instance_500v0_3.80r33.cnf,all,500,1900,39,39,0.04,1,390,42,17,heuristic3,5.34033,5.34006,112132096,15530196992,15642329088,21,40
instances/ratio_1000/instance_500v0_3.80r33.cnf,all,500,1900,39,39,0.04,1,390,42,17,heuristic4,215.384,215.387,112132096,15530196992,15642329088,20,39
instances/ratio_1000/instance_500v0_3.80r33.cnf,all,500,1900,39,39,0.04,1,390,42,17,cleanup_device,0.0446777,0.044288,112132096,15530196992,15642329088,-1,-1
instances/ratio_1000/instance_500v0_3.80r33.cnf,all,500,1900,39,39,0.04,1,390,42,17,total,237.809,-1,112132096,15530196992,15642329088,-1,-1
instances/ratio_1000/instance_500v0_3.90r34.cnf,all,500,1950,43,43,0.03,1,364,66,20,read_instance,0.572754,-1,107937792,15534391296,15642329088,-1,-1
instances/ratio_1000/instance_500v0_3.90r34.cnf,all,500,1950,43,43,0.03,1,364,66,20,alloc_graph,0.169922,0.15408,110034944,15532294144,15642329088,-1,-1
instances/ratio_1000/instance_500v0_3.90r34.cnf,all,500,1950,43,43,0.03,1,364,66,20,scc,4.14771,4.14915,112132096,15530196992,15642329088,-1,-1
instances/ratio_1000/instance_500v0_3.90r34.cnf,all,500,1950,43,43,0.03,1,364,66,20,topo_sort,0.510986,0.509952,112132096,15530196992,15642329088,-1,-1
instances/ratio_1000/instance_500v0_3.90r34.cnf,all,500,1950,43,43,0.03,1,364,66,20,backbone,5.17676,5.18288,112132096,15530196992,15642329088,-1,-1
instances/ratio_1000/instance_500v0_3.90r34.cnf,all,500,1950,43,43,0.03,1,364,66,20,wcc,0.220703,0.220288,112132096,15530196992,15642329088,-1,-1
instances/ratio_1000/instance_500v0_3.90r34.cnf,all,500,1950,43,43,0.03,1,364,66,20,wcc_grouped,0.362793,0.362496,112132096,15530196992,15642329088,-1,-1
instances/ratio_1000/instance_500v0_3.90r34.cnf,all,500,1950,43,43,0.03,1,364,66,20,heuristic1,2.00757,2.00765,112132096,15530196992,15642329088,19,54
instances/ratio_1000/instance_500v0_3.90r34.cnf,all,500,1950,43,43,0.03,1,364,66,20,heuristic2,1.37231,1.37549,112132096,15530196992,15642329088,15,48
instances/ratio_1000/instance_500v0_3.90r34.cnf,all,500,1950,43,43,0.03,1,364,66,20,heuristic3,4.72485,4.72365,112132096,15530196992,15642329088,12,44
instances/ratio_1000/instance_500v0_3.90r34.cnf,all,500,1950,43,43,0.03,1,364,66,20,heuristic4,37.76,37.7603,112132096,15530196992,15642329088,12,44
instances/ratio_1000/instance_500v0_3.90r34.cnf,all,500,1950,43,43,0.03,1,364,66,20,cleanup_device,0.0407715,0.040608,112132096,15530196992,15642329088,-1,-1
instances/ratio_1000/instance_500v0_3.90r34.cnf,all,500,1950,43,43,0.03,1,364,66,20,total,57.6987,-1,112132096,15530196992,15642329088,-1,-1
instances/ratio_1000/instance_500v0_4.00r35.cnf,all,500,2000,52,52,0.04,1,394,58,19,read_instance,0.517578,-1,107937792,15534391296,15642329088,-1,-1
instances/ratio_1000/instance_500v0_4.00r35.cnf,all,500,2000,52,52,0.04,1,394,58,19,alloc_graph,0.175537,0.166176,110034944,15532294144,15642329088,-1,-1
instances/ratio_1000/instance_500v0_4.00r35.cnf,all,500,2000,52,52,0.04,1,394,58,19,scc,3.92822,3.92848,112132096,15530196992,15642329088,-1,-1
instances/ratio_1000/instance_500v0_4.00r35.cnf,all,500,2000,52,52,0.04,1,394,58,19,topo_sort,0.526611,0.5264,112132096,15530196992,15642329088,-1,-1
instances/ratio_1000/instance_500v0_4.00r35.cnf,all,500,2000,52,52,0.04,1,394,58,19,backbone,5.10986,5.11546,112132096,15530196992,15642329088,-1,-1
instances/ratio_1000/instance_500v0_4.00r35.cnf,all,500,2000,52,52,0.04,1,394,58,19,wcc,0.227539,0.227296,112132096,15530196992,15642329088,-1,-1
instances/ratio_1000/instance_500v0_4.00r35.cnf,all,500,2000,52,52,0.04,1,394,58,19,wcc_grouped,0.397949,0.397312,112132096,15530196992,15642329088,-1,-1
instances/ratio_1000/instance_500v0_4.00r35.cnf,all,500,2000,52,52,0.04,1,394,58,19,heuristic1,4.21362,4.21331,112132096,15530196992,15642329088,33,60
instances/ratio_1000/instance_500v0_4.00r35.cnf,all,500,2000,52,52,0.04,1,394,58,19,heuristic2,2.40015,2.39926,112132096,15530196992,15642329088,29,56
instances/ratio_1000/instance_500v0_4.00r35.cnf,all,500,2000,52,52,0.04,1,394,58,19,heuristic3,5.96484,5.964,112132096,15530196992,15642329088,29,56
instances/ratio_1000/instance_500v0_4.00r35.cnf,all,500,2000,52,52,0.04,1,394,58,19,heuristic4,242.536,242.54,112132096,15530196992,15642329088,29,56
instances/ratio_1000/instance_500v0_4.00r35.cnf,all,500,2000,52,52,0.04,1,394,58,19,cleanup_device,0.057373,0.056832,112132096,15530196992,15642329088,-1,-1
instances/ratio_1000/instance_500v0_4.00r35.cnf,all,500,2000,52,52,0.04,1,394,58,19,total,266.685,-1,112132096,15530196992,15642329088,-1,-1
instances/ratio_1000/instance_500v0_4.10r36.cnf,all,500,2050,42,42,0.04,1,364,44,13,read_instance,0.560791,-1,107937792,15534391296,15642329088,-1,-1
instances/ratio_1000/instance_500v0_4.10r36.cnf,all,500,2050,42,42,0.04,1,364,44,13,alloc_graph,0.177002,0.159424,110034944,15532294144,15642329088,-1,-1
instances/ratio_1000/instance_500v0_4.10r36.cnf,all,500,2050,42,42,0.04,1,364,44,13,scc,4.13745,4.1383,112132096,15530196992,15642329088,-1,-1
instances/ratio_1000/instance_500v0_4.10r36.cnf,all,500,2050,42,42,0.04,1,364,44,13,topo_sort,0.415283,0.414336,112132096,15530196992,15642329088,-1,-1
instances/ratio_1000/instance_500v0_4.10r36.cnf,all,500,2050,42,42,0.04,1,364,44,13,backbone,5.36792,5.37478,112132096,15530196992,15642329088,-1,-1
instances/ratio_1000/instance_500v0_4.10r36.cnf,all,500,2050,42,42,0.04,1,364,44,13,wcc,0.206299,0.206848,112132096,15530196992,15642329088,-1,-1
instances/ratio_1000/instance_500v0_4.10r36.cnf,all,500,2050,42,42,0.04,1,364,44,13,wcc_grouped,0.366211,0.365504,112132096,15530196992,15642329088,-1,-1
instances/ratio_1000/instance_500v0_4.10r36.cnf,all,500,2050,42,42,0.04,1,364,44,13,heuristic1,2.97559,2.97398,112132096,15530196992,15642329088,30,50
instances/ratio_1000/instance_500v0_4.10r36.cnf,all,500,2050,42,42,0.04,1,364,44,13,heuristic2,2.2749,2.27456,112132096,15530196992,15642329088,26,46
instances/ratio_1000/instance_500v0_4.10r36.cnf,all,500,2050,42,42,0.04,1,364,44,13,heuristic3,5.07666,5.07546,112132096,15530196992,15642329088,25,45
instances/ratio_1000/instance_500v0_4.10r36.cnf,all,500,2050,42,42,0.04,1,364,44,13,heuristic4,230.38,230.384,112132096,15530196992,15642329088,24,44
instances/ratio_1000/instance_500v0_4.10r36.cnf,all,500,2050,42,42,0.04,1,364,44,13,cleanup_device,0.0429688,0.04288,112132096,15530196992,15642329088,-1,-1
instances/ratio_1000/instance_500v0_4.10r36.cnf,all,500,2050,42,42,0.04,1,364,44,13,total,252.544,-1,112132096,15530196992,15642329088,-1,-1
instances/ratio_1000/instance_500v0_4.20r37.cnf,all,500,2100,43,43,0.05,1,368,69,21,read_instance,0.616211,-1,107937792,15534391296,15642329088,-1,-1
instances/ratio_1000/instance_500v0_4.20r37.cnf,all,500,2100,43,43,0.05,1,368,69,21,alloc_graph,0.181641,0.169024,110034944,15532294144,15642329088,-1,-1
instances/ratio_1000/instance_500v0_4.20r37.cnf,all,500,2100,43,43,0.05,1,368,69,21,scc,4.3103,4.31226,112132096,15530196992,15642329088,-1,-1
instances/ratio_1000/instance_500v0_4.20r37.cnf,all,500,2100,43,43,0.05,1,368,69,21,topo_sort,0.545166,0.543744,112132096,15530196992,15642329088,-1,-1
instances/ratio_1000/instance_500v0_4.20r37.cnf,all,500,2100,43,43,0.05,1,368,69,21,backbone,5.17896,5.18544,112132096,15530196992,15642329088,-1,-1
instances/ratio_1000/instance_500v0_4.20r37.cnf,all,500,2100,43,43,0.05,1,368,69,21,wcc,0.200928,0.200672,112132096,15530196992,15642329088,-1,-1
instances/ratio_1000/instance_500v0_4.20r37.cnf,all,500,2100,43,43,0.05,1,368,69,21,wcc_grouped,0.364258,0.364544,112132096,15530196992,15642329088,-1,-1
instances/ratio_1000/instance_500v0_4.20r37.cnf,all,500,2100,43,43,0.05,1,368,69,21,heuristic1,1.16846,1.16765,112132096,15530196992,15642329088,9,45
instances/ratio_1000/instance_500v0_4.20r37.cnf,all,500,2100,43,43,0.05,1,368,69,21,heuristic2,0.768555,0.766944,112132096,15530196992,15642329088,8,45
instances/ratio_1000/instance_500v0_4.20r37.cnf,all,500,2100,43,43,0.05,1,368,69,21,heuristic3,3.67114,3.67053,112132096,15530196992,15642329088,9,45
instances/ratio_1000/instance_500v0_4.20r37.cnf,all,500,2100,43,43,0.05,1,368,69,21,heuristic4,25.5288,25.5296,112132096,15530196992,15642329088,8,43
instances/ratio_1000/instance_500v0_4.20r37.cnf,all,500,2100,43,43,0.05,1,368,69,21,cleanup_device,0.0454102,0.045376,112132096,15530196992,15642329088,-1,-1
instances/ratio_1000/instance_500v0_4.20r37.cnf,all,500,2100,43,43,0.05,1,368,69,21,total,43.1211,-1,112132096,15530196992,15642329088,-1,-1
instances/ratio_1000/instance_500v0_4.30r38.cnf,all,500,2150,37,37,0.06,1,326,40,18,read_instance,0.620117,-1,107937792,15534391296,15642329088,-1,-1
instances/ratio_1000/instance_500v0_4.30r38.cnf,all,500,2150,37,37,0.06,1,326,40,18,alloc_graph,0.185059,0.15216,110034944,15532294144,15642329088,-1,-1
instances/ratio_1000/instance_500v0_4.30r38.cnf,all,500,2150,37,37,0.06,1,326,40,18,scc,4.18408,4.18506,112132096,15530196992,15642329088,-1,-1
instances/ratio_1000/instance_500v0_4.30r38.cnf,all,500,2150,37,37,0.06,1,326,40,18,topo_sort,0.478516,0.478592,112132096,15530196992,15642329088,-1,-1
instances/ratio_1000/instance_500v0_4.30r38.cnf,all,500,2150,37,37,0.06,1,326,40,18,backbone,5.11084,5.11728,112132096,15530196992,15642329088,-1,-1
instances/ratio_1000/instance_500v0_4.30r38.cnf,all,500,2150,37,37,0.06,1,326,40,18,wcc,0.20874,0.208896,112132096,15530196992,15642329088,-1,-1
instances/ratio_1000/instance_500v0_4.30r38.cnf,all,500,2150,37,37,0.06,1,326,40,18,wcc_grouped,0.374023,0.374016,112132096,15530196992,15642329088,-1,-1
instances/ratio_1000/instance_500v0_4.30r38.cnf,all,500,2150,37,37,0.06,1,326,40,18,heuristic1,2.5835,2.5831,112132096,15530196992,15642329088,27,46
instances/ratio_1000/instance_500v0_4.30r38.cnf,all,500,2150,37,37,0.06,1,326,40,18,heuristic2,1.74219,1.74058,112132096,15530196992,15642329088,20,39
instances/ratio_1000/instance_500v0_4.30r38.cnf,all,500,2150,37,37,0.06,1,326,40,18,heuristic3,5.54077,5.53939,112132096,15530196992,15642329088,20,39
instances/ratio_1000/instance_500v0_4.30r38.cnf,all,500,2150,37,37,0.06,1,326,40,18,heuristic4,215.651,215.655,112132096,15530196992,15642329088,20,39
instances/ratio_1000/instance_500v0_4.30r38.cnf,all,500,2150,37,37,0.06,1,326,40,18,cleanup_device,0.0422363,0.042176,112132096,15530196992,15642329088,-1,-1
instances/ratio_1000/instance_500v0_4.30r38.cnf,all,500,2150,37,37,0.06,1,326,40,18,total,237.314,-1,112132096,15530196992,15642329088,-1,-1
instances/ratio_1000/instance_500v0_4.40r39.cnf,all,500,2200,35,35,0.05,1,262,69,17,read_instance,0.626953,-1,107937792,15534391296,15642329088,-1,-1
instances/ratio_1000/instance_500v0_4.40r39.cnf,all,500,2200,35,35,0.05,1,262,69,17,alloc_graph,0.180176,0.165376,110034944,15532294144,15642329088,-1,-1
instances/ratio_1000/instance_500v0_4.40r39.cnf,all,500,2200,35,35,0.05,1,262,69,17,scc,4.07373,4.07501,112132096,15530196992,15642329088,-1,-1
instances/ratio_1000/instance_500v0_4.40r39.cnf,all,500,2200,35,35,0.05,1,262,69,17,topo_sort,0.429443,0.42848,112132096,15530196992,15642329088,-1,-1
instances/ratio_1000/instance_500v0_4.40r39.cnf,all,500,2200,35,35,0.05,1,262,69,17,backbone,5.20654,5.20944,112132096,15530196992,15642329088,-1,-1
instances/ratio_1000/instance_500v0_4.40r39.cnf,all,500,2200,35,35,0.05,1,262,69,17,wcc,0.187256,0.18752,112132096,15530196992,15642329088,-1,-1
instances/ratio_1000/instance_500v0_4.40r39.cnf,all,500,2200,35,35,0.05,1,262,69,17,wcc_grouped,0.348389,0.34816,112132096,15530196992,15642329088,-1,-1
instances/ratio_1000/instance_500v0_4.40r39.cnf,all,500,2200,35,35,0.05,1,262,69,17,heuristic1,0.707275,0.706528,112132096,15530196992,15642329088,3,38
instances/ratio_1000/instance_500v0_4.40r39.cnf,all,500,2200,35,35,0.05,1,262,69,17,heuristic2,0.39502,0.39296,112132096,15530196992,15642329088,4,39
instances/ratio_1000/instance_500v0_4.40r39.cnf,all,500,2200,35,35,0.05,1,262,69,17,heuristic3,3.01147,3.01149,112132096,15530196992,15642329088,3,35
instances/ratio_1000/instance_500v0_4.40r39.cnf,all,500,2200,35,35,0.05,1,262,69,17,heuristic4,9.15405,9.15328,112132096,15530196992,15642329088,3,35
instances/ratio_1000/instance_500v0_4.40r39.cnf,all,500,2200,35,35,0.05,1,262,69,17,cleanup_device,0.0410156,0.04064,112132096,15530196992,15642329088,-1,-1
instances/ratio_1000/instance_500v0_4.40r39.cnf,all,500,2200,35,35,0.05,1,262,69,17,total,24.8579,-1,112132096,15530196992,15642329088,-1,-1
instances/ratio_1000/instance_500v0_4.50r40.cnf,all,500,2250,32,32,0.04,1,284,49,17,read_instance,0.614258,-1,107937792,15534391296,15642329088,-1,-1
instances/ratio_1000/instance_500v0_4.50r40.cnf,all,500,2250,32,32,0.04,1,284,49,17,alloc_graph,0.164307,0.149856,110034944,15532294144,15642329088,-1,-1
instances/ratio_1000/instance_500v0_4.50r40.cnf,all,500,2250,32,32,0.04,1,284,49,17,scc,4.25024,4.25136,112132096,15530196992,15642329088,-1,-1
instances/ratio_1000/instance_500v0_4.50r40.cnf,all,500,2250,32,32,0.04,1,284,49,17,topo_sort,0.4375,0.43712,112132096,15530196992,15642329088,-1,-1
instances/ratio_1000/instance_500v0_4.50r40.cnf,all,500,2250,32,32,0.04,1,284,49,17,backbone,5.34302,5.3481,112132096,15530196992,15642329088,-1,-1
instances/ratio_1000/instance_500v0_4.50r40.cnf,all,500,2250,32,32,0.04,1,284,49,17,wcc,0.187988,0.188352,112132096,15530196992,15642329088,-1,-1
instances/ratio_1000/instance_500v0_4.50r40.cnf,all,500,2250,32,32,0.04,1,284,49,17,wcc_grouped,0.3479,0.347968,112132096,15530196992,15642329088,-1,-1
instances/ratio_1000/instance_500v0_4.50r40.cnf,all,500,2250,32,32,0.04,1,284,49,17,heuristic1,1.2417,1.24051,112132096,15530196992,15642329088,9,34
instances/ratio_1000/instance_500v0_4.50r40.cnf,all,500,2250,32,32,0.04,1,284,49,17,heuristic2,0.864014,0.863104,112132096,15530196992,15642329088,9,35
instances/ratio_1000/instance_500v0_4.50r40.cnf,all,500,2250,32,32,0.04,1,284,49,17,heuristic3,3.6394,3.6384,112132096,15530196992,15642329088,8,33
instances/ratio_1000/instance_500v0_4.50r40.cnf,all,500,2250,32,32,0.04,1,284,49,17,heuristic4,25.5129,25.5134,112132096,15530196992,15642329088,8,33
instances/ratio_1000/instance_500v0_4.50r40.cnf,all,500,2250,32,32,0.04,1,284,49,17,cleanup_device,0.0422363,0.04208,112132096,15530196992,15642329088,-1,-1
instances/ratio_1000/instance_500v0_4.50r40.cnf,all,500,2250,32,32,0.04,1,284,49,17,total,43.2324,-1,112132096,15530196992,15642329088,-1,-1
instances/ratio_1000/instance_500v1_0.50r0.cnf,all,500,250,285,285,0.02,1,1000,500,8,read_instance,0.151855,-1,107937792,15534391296,15642329088,-1,-1
instances/ratio_1000/instance_500v1_0.50r0.cnf,all,500,250,285,285,0.02,1,1000,500,8,alloc_graph,0.154053,0.139264,110034944,15532294144,15642329088,-1,-1
instances/ratio_1000/instance_500v1_0.50r0.cnf,all,500,250,285,285,0.02,1,1000,500,8,scc,3.91382,3.9144,112132096,15530196992,15642329088,-1,-1
instances/ratio_1000/instance_500v1_0.50r0.cnf,all,500,250,285,285,0.02,1,1000,500,8,topo_sort,0.214355,0.213184,112132096,15530196992,15642329088,-1,-1
instances/ratio_1000/instance_500v1_0.50r0.cnf,all,500,250,285,285,0.02,1,1000,500,8,backbone,5.37988,5.3857,112132096,15530196992,15642329088,-1,-1
instances/ratio_1000/instance_500v1_0.50r0.cnf,all,500,250,285,285,0.02,1,1000,500,8,wcc,0.283447,0.284224,112132096,15530196992,15642329088,-1,-1
instances/ratio_1000/instance_500v1_0.50r0.cnf,all,500,250,285,285,0.02,1,1000,500,8,wcc_grouped,0.361084,0.361568,112132096,15530196992,15642329088,-1,-1
instances/ratio_1000/instance_500v1_0.50r0.cnf,all,500,250,285,285,0.02,1,1000,500,8,heuristic1,4.40332,4.40221,112132096,15530196992,15642329088,33,317
instances/ratio_1000/instance_500v1_0.50r0.cnf,all,500,250,285,285,0.02,1,1000,500,8,heuristic2,3.19165,3.19056,112132096,15530196992,15642329088,34,305
instances/ratio_1000/instance_500v1_0.50r0.cnf,all,500,250,285,285,0.02,1,1000,500,8,heuristic3,6.0791,6.07792,112132096,15530196992,15642329088,27,286
instances/ratio_1000/instance_500v1_0.50r0.cnf,all,500,250,285,285,0.02,1,1000,500,8,heuristic4,231.81,231.814,112132096,15530196992,15642329088,27,286
instances/ratio_1000/instance_500v1_0.50r0.cnf,all,500,250,285,285,0.02,1,1000,500,8,cleanup_device,0.0412598,0.040832,112132096,15530196992,15642329088,-1,-1
instances/ratio_1000/instance_500v1_0.50r0.cnf,all,500,250,285,285,0.02,1,1000,500,8,total,256.608,-1,112132096,15530196992,15642329088,-1,-1
instances/ratio_1000/instance_500v1_0.60r1.cnf,all,500,300,257,257,0.03,1,1000,402,10,read_instance,0.15332,-1,107937792,15534391296,15642329088,-1,-1
instances/ratio_1000/instance_500v1_0.60r1.cnf,all,500,300,257,257,0.03,1,1000,402,10,alloc_graph,0.153809,0.1408,110034944,15532294144,15642329088,-1,-1
instances/ratio_1000/instance_500v1_0.60r1.cnf,all,500,300,257,257,0.03,1,1000,402,10,scc,3.89502,3.89661,112132096,15530196992,15642329088,-1,-1
instances/ratio_1000/instance_500v1_0.60r1.cnf,all,500,300,257,257,0.03,1,1000,402,10,topo_sort,0.256348,0.255392,112132096,15530196992,15642329088,-1,-1
instances/ratio_1000/instance_500v1_0.60r1.cnf,all,500,300,257,257,0.03,1,1000,402,10,backbone,5.18237,5.18893,112132096,15530196992,15642329088,-1,-1
instances/ratio_1000/instance_500v1_0.60r1.cnf,all,500,300,257,257,0.03,1,1000,402,10,wcc,0.227539,0.226144,112132096,15530196992,15642329088,-1,-1
instances/ratio_1000/instance_500v1_0.60r1.cnf,all,500,300,257,257,0.03,1,1000,402,10,wcc_grouped,0.35083,0.350688,112132096,15530196992,15642329088,-1,-1
instances/ratio_1000/instance_500v1_0.60r1.cnf,all,500,300,257,257,0.03,1,1000,402,10,heuristic1,3.40186,3.40074,112132096,15530196992,15642329088,32,280
instances/ratio_1000/instance_500v1_0.60r1.cnf,all,500,300,257,257,0.03,1,1000,402,10,heuristic2,2.66309,2.66198,112132096,15530196992,15642329088,32,280
instances/ratio_1000/instance_500v1_0.60r1.cnf,all,500,300,257,257,0.03,1,1000,402,10,heuristic3,5.75317,5.75245,112132096,15530196992,15642329088,29,270
instances/ratio_1000/instance_500v1_0.60r1.cnf,all,500,300,257,257,0.03,1,1000,402,10,heuristic4,233.812,233.816,112132096,15530196992,15642329088,28,266
instances/ratio_1000/instance_500v1_0.60r1.cnf,all,500,300,257,257,0.03,1,1000,402,10,cleanup_device,0.0419922,0.041504,112132096,15530196992,15642329088,-1,-1
instances/ratio_1000/instance_500v1_0.60r1.cnf,all,500,300,257,257,0.03,1,1000,402,10,total,256.501,-1,112132096,15530196992,15642329088,-1,-1
instances/ratio_1000/instance_500v1_0.70r2.cnf,all,500,350,234,234,0.03,1,1000,325,6,read_instance,0.175781,-1,107937792,15534391296,15642329088,-1,-1
instances/ratio_1000/instance_500v1_0.70r2.cnf,all,500,350,234,234,0.03,1,1000,325,6,alloc_graph,0.197021,0.162336,110034944,15532294144,15642329088,-1,-1
instances/ratio_1000/instance_500v1_0.70r2.cnf,all,500,350,234,234,0.03,1,1000,325,6,scc,3.70947,3.71066,112132096,15530196992,15642329088,-1,-1
instances/ratio_1000/instance_500v1_0.70r2.cnf,all,500,350,234,234,0.03,1,1000,325,6,topo_sort,0.182861,0.18208,112132096,15530196992,15642329088,-1,-1
instances/ratio_1000/instance_500v1_0.70r2.cnf,all,500,350,234,234,0.03,1,1000,325,6,backbone,5.16431,5.17014,112132096,15530196992,15642329088,-1,-1
instances/ratio_1000/instance_500v1_0.70r2.cnf,all,500,350,234,234,0.03,1,1000,325,6,wcc,0.235107,0.233792,112132096,15530196992,15642329088,-1,-1
instances/ratio_1000/instance_500v1_0.70r2.cnf,all,500,350,234,234,0.03,1,1000,325,6,wcc_grouped,0.382568,0.381792,112132096,15530196992,15642329088,-1,-1
instances/ratio_1000/instance_500v1_0.70r2.cnf,all,500,350,234,234,0.03,1,1000,325,6,heuristic1,7.15552,7.15453,112132096,15530196992,15642329088,84,267
instances/ratio_1000/instance_500v1_0.70r2.cnf,all,500,350,234,234,0.03,1,1000,325,6,heuristic2,5.93433,5.9328,112132096,15530196992,15642329088,72,255
instances/ratio_1000/instance_500v1_0.70r2.cnf,all,500,350,234,234,0.03,1,1000,325,6,heuristic3,9.60034,9.59942,112132096,15530196992,15642329088,72,247
instances/ratio_1000/instance_500v1_0.70r2.cnf,all,500,350,234,234,0.03,1,1000,325,6,heuristic4,668.766,668.778,112132096,15530196992,15642329088,69,243
instances/ratio_1000/instance_500v1_0.70r2.cnf,all,500,350,234,234,0.03,1,1000,325,6,cleanup_device,0.0427246,0.042912,112132096,15530196992,15642329088,-1,-1
instances/ratio_1000/instance_500v1_0.70r2.cnf,all,500,350,234,234,0.03,1,1000,325,6,total,702.189,-1,112132096,15530196992,15642329088,-1,-1
instances/ratio_1000/instance_500v1_0.80r3.cnf,all,500,400,212,212,0.03,1,1000,270,18,read_instance,0.205566,-1,107937792,15534391296,15642329088,-1,-1
instances/ratio_1000/instance_500v1_0.80r3.cnf,all,500,400,212,212,0.03,1,1000,270,18,alloc_graph,0.211914,0.197376,110034944,15532294144,15642329088,-1,-1
instances/ratio_1000/instance_500v1_0.80r3.cnf,all,500,400,212,212,0.03,1,1000,270,18,scc,4.15698,4.15757,112132096,15530196992,15642329088,-1,-1
instances/ratio_1000/instance_500v1_0.80r3.cnf,all,500,400,212,212,0.03,1,1000,270,18,topo_sort,0.408203,0.407392,112132096,15530196992,15642329088,-1,-1
instances/ratio_1000/instance_500v1_0.80r3.cnf,all,500,400,212,212,0.03,1,1000,270,18,backbone,5.07666,5.08157,112132096,15530196992,15642329088,-1,-1
instances/ratio_1000/instance_500v1_0.80r3.cnf,all,500,400,212,212,0.03,1,1000,270,18,wcc,0.231934,0.231424,112132096,15530196992,15642329088,-1,-1
instances/ratio_1000/instance_500v1_0.80r3.cnf,all,500,400,212,212,0.03,1,1000,270,18,wcc_grouped,0.348877,0.349792,112132096,15530196992,15642329088,-1,-1
instances/ratio_1000/instance_500v1_0.80r3.cnf,all,500,400,212,212,0.03,1,1000,270,18,heuristic1,9.7146,9.71322,112132096,15530196992,15642329088,115,259
instances/ratio_1000/instance_500v1_0.80r3.cnf,all,500,400,212,212,0.03,1,1000,270,18,heuristic2,7.40845,7.4073,112132096,15530196992,15642329088,91,231
instances/ratio_1000/instance_500v1_0.80r3.cnf,all,500,400,212,212,0.03,1,1000,270,18,heuristic3,11.4622,11.4613,112132096,15530196992,15642329088,90,227
instances/ratio_1000/instance_500v1_0.80r3.cnf,all,500,400,212,212,0.03,1,1000,270,18,heuristic4,883.754,883.769,112132096,15530196992,15642329088,89,226
instances/ratio_1000/instance_500v1_0.80r3.cnf,all,500,400,212,212,0.03,1,1000,270,18,cleanup_device,0.0424805,0.041856,112132096,15530196992,15642329088,-1,-1
instances/ratio_1000/instance_500v1_0.80r3.cnf,all,500,400,212,212,0.03,1,1000,270,18,total,923.633,-1,112132096,15530196992,15642329088,-1,-1
instances/ratio_1000/instance_500v1_0.90r4.cnf,all,500,450,196,196,0.04,1,1000,203,7,read_instance,0.188232,-1,107937792,15534391296,15642329088,-1,-1
instances/ratio_1000/instance_500v1_0.90r4.cnf,all,500,450,196,196,0.04,1,1000,203,7,alloc_graph,0.159424,0.15072,110034944,15532294144,15642329088,-1,-1
instances/ratio_1000/instance_500v1_0.90r4.cnf,all,500,450,196,196,0.04,1,1000,203,7,scc,3.94824,3.95021,112132096,15530196992,15642329088,-1,-1
instances/ratio_1000/instance_500v1_0.90r4.cnf,all,500,450,196,196,0.04,1,1000,203,7,topo_sort,0.207275,0.206176,112132096,15530196992,15642329088,-1,-1
instances/ratio_1000/instance_500v1_0.90r4.cnf,all,500,450,196,196,0.04,1,1000,203,7,backbone,5.11401,5.11811,112132096,15530196992,15642329088,-1,-1
instances/ratio_1000/instance_500v1_0.90r4.cnf,all,500,450,196,196,0.04,1,1000,203,7,wcc,0.239746,0.239648,112132096,15530196992,15642329088,-1,-1
instances/ratio_1000/instance_500v1_0.90r4.cnf,all,500,450,196,196,0.04,1,1000,203,7,wcc_grouped,0.374268,0.374784,112132096,15530196992,15642329088,-1,-1
instances/ratio_1000/instance_500v1_0.90r4.cnf,all,500,450,196,196,0.04,1,1000,203,7,heuristic1,11.8347,11.8337,112132096,15530196992,15642329088,145,246
instances/ratio_1000/instance_500v1_0.90r4.cnf,all,500,450,196,196,0.04,1,1000,203,7,heuristic2,8.53931,8.53789,112132096,15530196992,15642329088,107,207
instances/ratio_1000/instance_500v1_0.90r4.cnf,all,500,450,196,196,0.04,1,1000,203,7,heuristic3,12.7954,12.7949,112132096,15530196992,15642329088,108,208
instances/ratio_1000/instance_500v1_0.90r4.cnf,all,500,450,196,196,0.04,1,1000,203,7,heuristic4,1013.72,1013.74,112132096,15530196992,15642329088,101,201
instances/ratio_1000/instance_500v1_0.90r4.cnf,all,500,450,196,196,0.04,1,1000,203,7,cleanup_device,0.0415039,0.041344,112132096,15530196992,15642329088,-1,-1
instances/ratio_1000/instance_500v1_0.90r4.cnf,all,500,450,196,196,0.04,1,1000,203,7,total,1057.76,-1,112132096,15530196992,15642329088,-1,-1
instances/ratio_1000/instance_500v1_1.00r5.cnf,all,500,500,170,170,0.16,1,998,151,8,read_instance,0.200195,-1,107937792,15534391296,15642329088,-1,-1
instances/ratio_1000/instance_500v1_1.00r5.cnf,all,500,500,170,170,0.16,1,998,151,8,alloc_graph,0.195801,0.184128,110034944,15532294144,15642329088,-1,-1
instances/ratio_1000/instance_500v1_1.00r5.cnf,all,500,500,170,170,0.16,1,998,151,8,scc,3.80054,3.80109,112132096,15530196992,15642329088,-1,-1
instances/ratio_1000/instance_500v1_1.00r5.cnf,all,500,500,170,170,0.16,1,998,151,8,topo_sort,0.246338,0.245504,112132096,15530196992,15642329088,-1,-1
instances/ratio_1000/instance_500v1_1.00r5.cnf,all,500,500,170,170,0.16,1,998,151,8,backbone,5.09741,5.10358,112132096,15530196992,15642329088,-1,-1
instances/ratio_1000/instance_500v1_1.00r5.cnf,all,500,500,170,170,0.16,1,998,151,8,wcc,0.220703,0.220736,112132096,15530196992,15642329088,-1,-1
instances/ratio_1000/instance_500v1_1.00r5.cnf,all,500,500,170,170,0.16,1,998,151,8,wcc_grouped,0.356201,0.356416,112132096,15530196992,15642329088,-1,-1
instances/ratio_1000/instance_500v1_1.00r5.cnf,all,500,500,170,170,0.16,1,998,151,8,heuristic1,10.9399,10.939,112132096,15530196992,15642329088,130,221
instances/ratio_1000/instance_500v1_1.00r5.cnf,all,500,500,170,170,0.16,1,998,151,8,heuristic2,8.8645,8.86352,112132096,15530196992,15642329088,115,199
instances/ratio_1000/instance_500v1_1.00r5.cnf,all,500,500,170,170,0.16,1,998,151,8,heuristic3,11.9412,11.9401,112132096,15530196992,15642329088,106,189
instances/ratio_1000/instance_500v1_1.00r5.cnf,all,500,500,170,170,0.16,1,998,151,8,heuristic4,989.063,989.081,112132096,15530196992,15642329088,98,183
instances/ratio_1000/instance_500v1_1.00r5.cnf,all,500,500,170,170,0.16,1,998,151,8,cleanup_device,0.0478516,0.047776,112132096,15530196992,15642329088,-1,-1
instances/ratio_1000/instance_500v1_1.00r5.cnf,all,500,500,170,170,0.16,1,998,151,8,total,1031.6,-1,112132096,15530196992,15642329088,-1,-1
instances/ratio_1000/instance_500v1_1.10r6.cnf,all,500,550,159,159,1.12,1,1000,138,9,read_instance,0.21875,-1,107937792,15534391296,15642329088,-1,-1
instances/ratio_1000/instance_500v1_1.10r6.cnf,all,500,550,159,159,1.12,1,1000,138,9,alloc_graph,0.193604,0.179616,110034944,15532294144,15642329088,-1,-1
instances/ratio_1000/instance_500v1_1.10r6.cnf,all,500,550,159,159,1.12,1,1000,138,9,scc,4.07495,4.07555,112132096,15530196992,15642329088,-1,-1
instances/ratio_1000/instance_500v1_1.10r6.cnf,all,500,550,159,159,1.12,1,1000,138,9,topo_sort,0.244629,0.243584,112132096,15530196992,15642329088,-1,-1
instances/ratio_1000/instance_500v1_1.10r6.cnf,all,500,550,159,159,1.12,1,1000,138,9,backbone,5.12305,5.12694,112132096,15530196992,15642329088,-1,-1
instances/ratio_1000/instance_500v1_1.10r6.cnf,all,500,550,159,159,1.12,1,1000,138,9,wcc,0.205811,0.206048,112132096,15530196992,15642329088,-1,-1
instances/ratio_1000/instance_500v1_1.10r6.cnf,all,500,550,159,159,1.12,1,1000,138,9,wcc_grouped,0.405273,0.40528,112132096,15530196992,15642329088,-1,-1
instances/ratio_1000/instance_500v1_1.10r6.cnf,all,500,550,159,159,1.12,1,1000,138,9,heuristic1,12.343,12.3417,112132096,15530196992,15642329088,146,214
instances/ratio_1000/instance_500v1_1.10r6.cnf,all,500,550,159,159,1.12,1,1000,138,9,heuristic2,9.05835,9.05651,112132096,15530196992,15642329088,118,185
instances/ratio_1000/instance_500v1_1.10r6.cnf,all,500,550,159,159,1.12,1,1000,138,9,heuristic3,13.6887,13.688,112132096,15530196992,15642329088,121,188
instances/ratio_1000/instance_500v1_1.10r6.cnf,all,500,550,159,159,1.12,1,1000,138,9,heuristic4,1079.18,1079.2,112132096,15530196992,15642329088,106,173
instances/ratio_1000/instance_500v1_1.10r6.cnf,all,500,550,159,159,1.12,1,1000,138,9,cleanup_device,0.0578613,0.057664,112132096,15530196992,15642329088,-1,-1
instances/ratio_1000/instance_500v1_1.10r6.cnf,all,500,550,159,159,1.12,1,1000,138,9,total,1125.44,-1,112132096,15530196992,15642329088,-1,-1
instances/ratio_1000/instance_500v1_1.20r7.cnf,all,500,600,141,141,18.41,1,1000,104,11,read_instance,0.234375,-1,107937792,15534391296,15642329088,-1,-1
instances/ratio_1000/instance_500v1_1.20r7.cnf,all,500,600,141,141,18.41,1,1000,104,11,alloc_graph,0.157715,0.142688,110034944,15532294144,15642329088,-1,-1
instances/ratio_1000/instance_500v1_1.20r7.cnf,all,500,600,141,141,18.41,1,1000,104,11,scc,4.11084,4.11197,112132096,15530196992,15642329088,-1,-1
instances/ratio_1000/instance_500v1_1.20r7.cnf,all,500,600,141,141,18.41,1,1000,104,11,topo_sort,0.272217,0.27104,112132096,15530196992,15642329088,-1,-1
instances/ratio_1000/instance_500v1_1.20r7.cnf,all,500,600,141,141,18.41,1,1000,104,11,backbone,5.06836,5.07402,112132096,15530196992,15642329088,-1,-1
instances/ratio_1000/instance_500v1_1.20r7.cnf,all,500,600,141,141,18.41,1,1000,104,11,wcc,0.224609,0.22368,112132096,15530196992,15642329088,-1,-1
instances/ratio_1000/instance_500v1_1.20r7.cnf,all,500,600,141,141,18.41,1,1000,104,11,wcc_grouped,0.368652,0.368896,112132096,15530196992,15642329088,-1,-1
instances/ratio_1000/instance_500v1_1.20r7.cnf,all,500,600,141,141,18.41,1,1000,104,11,heuristic1,11.7019,11.7017,112132096,15530196992,15642329088,136,189
instances/ratio_1000/instance_500v1_1.20r7.cnf,all,500,600,141,141,18.41,1,1000,104,11,heuristic2,9.25098,9.24979,112132096,15530196992,15642329088,114,167
instances/ratio_1000/instance_500v1_1.20r7.cnf,all,500,600,141,141,18.41,1,1000,104,11,heuristic3,12.3198,12.3186,112132096,15530196992,15642329088,112,163
instances/ratio_1000/instance_500v1_1.20r7.cnf,all,500,600,141,141,18.41,1,1000,104,11,heuristic4,1071.4,1071.42,112132096,15530196992,15642329088,106,157
instances/ratio_1000/instance_500v1_1.20r7.cnf,all,500,600,141,141,18.41,1,1000,104,11,cleanup_device,0.0388184,0.038624,112132096,15530196992,15642329088,-1,-1
instances/ratio_1000/instance_500v1_1.20r7.cnf,all,500,600,141,141,18.41,1,1000,104,11,total,1115.76,-1,112132096,15530196992,15642329088,-1,-1
instances/ratio_1000/instance_500v1_1.30r8.cnf,all,500,650,132,132,54.51,1,1000,86,12,read_instance,0.240234,-1,107937792,15534391296,15642329088,-1,-1
instances/ratio_1000/instance_500v1_1.30r8.cnf,all,500,650,132,132,54.51,1,1000,86,12,alloc_graph,0.172119,0.155648,110034944,15532294144,15642329088,-1,-1
instances/ratio_1000/instance_500v1_1.30r8.cnf,all,500,650,132,132,54.51,1,1000,86,12,scc,4.04761,4.04742,112132096,15530196992,15642329088,-1,-1
instances/ratio_1000/instance_500v1_1.30r8.cnf,all,500,650,132,132,54.51,1,1000,86,12,topo_sort,0.317139,0.316416,112132096,15530196992,15642329088,-1,-1
instances/ratio_1000/instance_500v1_1.30r8.cnf,all,500,650,132,132,54.51,1,1000,86,12,backbone,5.11157,5.11798,112132096,15530196992,15642329088,-1,-1
instances/ratio_1000/instance_500v1_1.30r8.cnf,all,500,650,132,132,54.51,1,1000,86,12,wcc,0.223877,0.224064,112132096,15530196992,15642329088,-1,-1
instances/ratio_1000/instance_500v1_1.30r8.cnf,all,500,650,132,132,54.51,1,1000,86,12,wcc_grouped,0.375732,0.375264,112132096,15530196992,15642329088,-1,-1
instances/ratio_1000/instance_500v1_1.30r8.cnf,all,500,650,132,132,54.51,1,1000,86,12,heuristic1,11.5493,11.5492,112132096,15530196992,15642329088,134,176
instances/ratio_1000/instance_500v1_1.30r8.cnf,all,500,650,132,132,54.51,1,1000,86,12,heuristic2,9.33569,9.33434,112132096,15530196992,15642329088,115,156
instances/ratio_1000/instance_500v1_1.30r8.cnf,all,500,650,132,132,54.51,1,1000,86,12,heuristic3,12.9614,12.9605,112132096,15530196992,15642329088,119,160
instances/ratio_1000/instance_500v1_1.30r8.cnf,all,500,650,132,132,54.51,1,1000,86,12,heuristic4,1179.05,1179.07,112132096,15530196992,15642329088,115,156
instances/ratio_1000/instance_500v1_1.30r8.cnf,all,500,650,132,132,54.51,1,1000,86,12,cleanup_device,0.0390625,0.038624,112132096,15530196992,15642329088,-1,-1
instances/ratio_1000/instance_500v1_1.30r8.cnf,all,500,650,132,132,54.51,1,1000,86,12,total,1224.05,-1,112132096,15530196992,15642329088,-1,-1
instances/ratio_1000/instance_500v1_1.40r9.cnf,all,500,700,122,122,44.03,1,1000,64,12,read_instance,0.252441,-1,107937792,15534391296,15642329088,-1,-1
instances/ratio_1000/instance_500v1_1.40r9.cnf,all,500,700,122,122,44.03,1,1000,64,12,alloc_graph,0.160156,0.15056,110034944,15532294144,15642329088,-1,-1
instances/ratio_1000/instance_500v1_1.40r9.cnf,all,500,700,122,122,44.03,1,1000,64,12,scc,3.91821,3.91904,112132096,15530196992,15642329088,-1,-1
instances/ratio_1000/instance_500v1_1.40r9.cnf,all,500,700,122,122,44.03,1,1000,64,12,topo_sort,0.298828,0.299136,112132096,15530196992,15642329088,-1,-1
instances/ratio_1000/instance_500v1_1.40r9.cnf,all,500,700,122,122,44.03,1,1000,64,12,backbone,5.24902,5.2551,112132096,15530196992,15642329088,-1,-1
instances/ratio_1000/instance_500v1_1.40r9.cnf,all,500,700,122,122,44.03,1,1000,64,12,wcc,0.244629,0.245344,112132096,15530196992,15642329088,-1,-1
instances/ratio_1000/instance_500v1_1.40r9.cnf,all,500,700,122,122,44.03,1,1000,64,12,wcc_grouped,0.371826,0.372736,112132096,15530196992,15642329088,-1,-1
instances/ratio_1000/instance_500v1_1.40r9.cnf,all,500,700,122,122,44.03,1,1000,64,12,heuristic1,12.6587,12.6585,112132096,15530196992,15642329088,146,176
instances/ratio_1000/instance_500v1_1.40r9.cnf,all,500,700,122,122,44.03,1,1000,64,12,heuristic2,9.58838,9.5871,112132096,15530196992,15642329088,121,151
instances/ratio_1000/instance_500v1_1.40r9.cnf,all,500,700,122,122,44.03,1,1000,64,12,heuristic3,13.926,13.9255,112132096,15530196992,15642329088,124,154
instances/ratio_1000/instance_500v1_1.40r9.cnf,all,500,700,122,122,44.03,1,1000,64,12,heuristic4,1046.4,1046.42,112132096,15530196992,15642329088,103,133
instances/ratio_1000/instance_500v1_1.40r9.cnf,all,500,700,122,122,44.03,1,1000,64,12,cleanup_device,0.0427246,0.04256,112132096,15530196992,15642329088,-1,-1
instances/ratio_1000/instance_500v1_1.40r9.cnf,all,500,700,122,122,44.03,1,1000,64,12,total,1093.76,-1,112132096,15530196992,15642329088,-1,-1
instances/ratio_1000/instance_500v1_1.50r10.cnf,all,500,750,116,116,27.55,1,1000,68,15,read_instance,0.252197,-1,107937792,15534391296,15642329088,-1,-1
instances/ratio_1000/instance_500v1_1.50r10.cnf,all,500,750,116,116,27.55,1,1000,68,15,alloc_graph,0.167236,0.153664,110034944,15532294144,15642329088,-1,-1
instances/ratio_1000/instance_500v1_1.50r10.cnf,all,500,750,116,116,27.55,1,1000,68,15,scc,3.81299,3.81338,112132096,15530196992,15642329088,-1,-1
instances/ratio_1000/instance_500v1_1.50r10.cnf,all,500,750,116,116,27.55,1,1000,68,15,topo_sort,0.342041,0.341376,112132096,15530196992,15642329088,-1,-1
instances/ratio_1000/instance_500v1_1.50r10.cnf,all,500,750,116,116,27.55,1,1000,68,15,backbone,5.01099,5.01584,112132096,15530196992,15642329088,-1,-1
instances/ratio_1000/instance_500v1_1.50r10.cnf,all,500,750,116,116,27.55,1,1000,68,15,wcc,0.213867,0.212992,112132096,15530196992,15642329088,-1,-1
instances/ratio_1000/instance_500v1_1.50r10.cnf,all,500,750,116,116,27.55,1,1000,68,15,wcc_grouped,0.35083,0.350208,112132096,15530196992,15642329088,-1,-1
instances/ratio_1000/instance_500v1_1.50r10.cnf,all,500,750,116,116,27.55,1,1000,68,15,heuristic1,10.4373,10.4374,112132096,15530196992,15642329088,117,150
instances/ratio_1000/instance_500v1_1.50r10.cnf,all,500,750,116,116,27.55,1,1000,68,15,heuristic2,8.02856,8.02717,112132096,15530196992,15642329088,99,132
instances/ratio_1000/instance_500v1_1.50r10.cnf,all,500,750,116,116,27.55,1,1000,68,15,heuristic3,13.0833,13.0825,112132096,15530196992,15642329088,115,148
instances/ratio_1000/instance_500v1_1.50r10.cnf,all,500,750,116,116,27.55,1,1000,68,15,heuristic4,976.598,976.615,112132096,15530196992,15642329088,97,130
instances/ratio_1000/instance_500v1_1.50r10.cnf,all,500,750,116,116,27.55,1,1000,68,15,cleanup_device,0.0397949,0.03984,112132096,15530196992,15642329088,-1,-1
instances/ratio_1000/instance_500v1_1.50r10.cnf,all,500,750,116,116,27.55,1,1000,68,15,total,1018.93,-1,112132096,15530196992,15642329088,-1,-1
instances/ratio_1000/instance_500v1_1.60r11.cnf,all,500,800,112,112,28.81,1,994,66,26,read_instance,0.283203,-1,107937792,15534391296,15642329088,-1,-1
instances/ratio_1000/instance_500v1_1.60r11.cnf,all,500,800,112,112,28.81,1,994,66,26,alloc_graph,0.176025,0.159104,110034944,15532294144,15642329088,-1,-1
instances/ratio_1000/instance_500v1_1.60r11.cnf,all,500,800,112,112,28.81,1,994,66,26,scc,4.07666,4.07754,112132096,15530196992,15642329088,-1,-1
instances/ratio_1000/instance_500v1_1.60r11.cnf,all,500,800,112,112,28.81,1,994,66,26,topo_sort,0.546875,0.546176,112132096,15530196992,15642329088,-1,-1
instances/ratio_1000/instance_500v1_1.60r11.cnf,all,500,800,112,112,28.81,1,994,66,26,backbone,5.05469,5.06186,112132096,15530196992,15642329088,-1,-1
instances/ratio_1000/instance_500v1_1.60r11.cnf,all,500,800,112,112,28.81,1,994,66,26,wcc,0.234863,0.233472,112132096,15530196992,15642329088,-1,-1
instances/ratio_1000/instance_500v1_1.60r11.cnf,all,500,800,112,112,28.81,1,994,66,26,wcc_grouped,0.350342,0.350208,112132096,15530196992,15642329088,-1,-1
instances/ratio_1000/instance_500v1_1.60r11.cnf,all,500,800,112,112,28.81,1,994,66,26,heuristic1,11.5645,11.564,112132096,15530196992,15642329088,137,168
instances/ratio_1000/instance_500v1_1.60r11.cnf,all,500,800,112,112,28.81,1,994,66,26,heuristic2,8.47778,8.47626,112132096,15530196992,15642329088,109,140
instances/ratio_1000/instance_500v1_1.60r11.cnf,all,500,800,112,112,28.81,1,994,66,26,heuristic3,12.7559,12.7556,112132096,15530196992,15642329088,106,137
instances/ratio_1000/instance_500v1_1.60r11.cnf,all,500,800,112,112,28.81,1,994,66,26,heuristic4,932.053,932.069,112132096,15530196992,15642329088,94,125
instances/ratio_1000/instance_500v1_1.60r11.cnf,all,500,800,112,112,28.81,1,994,66,26,cleanup_device,0.0427246,0.042272,112132096,15530196992,15642329088,-1,-1
instances/ratio_1000/instance_500v1_1.60r11.cnf,all,500,800,112,112,28.81,1,994,66,26,total,976.263,-1,112132096,15530196992,15642329088,-1,-1
instances/ratio_1000/instance_500v1_1.70r12.cnf,all,500,850,94,94,13.62,1,1000,52,26,read_instance,0.296631,-1,107937792,15534391296,15642329088,-1,-1
instances/ratio_1000/instance_500v1_1.70r12.cnf,all,500,850,94,94,13.62,1,1000,52,26,alloc_graph,0.168457,0.159744,110034944,15532294144,15642329088,-1,-1
instances/ratio_1000/instance_500v1_1.70r12.cnf,all,500,850,94,94,13.62,1,1000,52,26,scc,3.94556,3.9465,112132096,15530196992,15642329088,-1,-1
instances/ratio_1000/instance_500v1_1.70r12.cnf,all,500,850,94,94,13.62,1,1000,52,26,topo_sort,0.553223,0.552224,112132096,15530196992,15642329088,-1,-1
instances/ratio_1000/instance_500v1_1.70r12.cnf,all,500,850,94,94,13.62,1,1000,52,26,backbone,4.95532,4.95834,112132096,15530196992,15642329088,-1,-1
instances/ratio_1000/instance_500v1_1.70r12.cnf,all,500,850,94,94,13.62,1,1000,52,26,wcc,0.1875,0.187136,112132096,15530196992,15642329088,-1,-1
instances/ratio_1000/instance_500v1_1.70r12.cnf,all,500,850,94,94,13.62,1,1000,52,26,wcc_grouped,0.358154,0.3584,112132096,15530196992,15642329088,-1,-1
instances/ratio_1000/instance_500v1_1.70r12.cnf,all,500,850,94,94,13.62,1,1000,52,26,heuristic1,10.1123,10.1115,112132096,15530196992,15642329088,117,141
instances/ratio_1000/instance_500v1_1.70r12.cnf,all,500,850,94,94,13.62,1,1000,52,26,heuristic2,7.62061,7.61923,112132096,15530196992,15642329088,91,115
instances/ratio_1000/instance_500v1_1.70r12.cnf,all,500,850,94,94,13.62,1,1000,52,26,heuristic3,10.9075,10.9067,112132096,15530196992,15642329088,91,115
instances/ratio_1000/instance_500v1_1.70r12.cnf,all,500,850,94,94,13.62,1,1000,52,26,heuristic4,856.353,856.369,112132096,15530196992,15642329088,87,111
instances/ratio_1000/instance_500v1_1.70r12.cnf,all,500,850,94,94,13.62,1,1000,52,26,cleanup_device,0.0407715,0.040288,112132096,15530196992,15642329088,-1,-1
instances/ratio_1000/instance_500v1_1.70r12.cnf,all,500,850,94,94,13.62,1,1000,52,26,total,896.069,-1,112132096,15530196992,15642329088,-1,-1
instances/ratio_1000/instance_500v1_1.80r13.cnf,all,500,900,88,102,150.04,1,978,44,38,read_instance,0.309082,-1,107937792,15534391296,15642329088,-1,-1
instances/ratio_1000/instance_500v1_1.80r13.cnf,all,500,900,88,102,150.04,1,978,44,38,alloc_graph,0.196533,0.180224,110034944,15532294144,15642329088,-1,-1
instances/ratio_1000/instance_500v1_1.80r13.cnf,all,500,900,88,102,150.04,1,978,44,38,scc,4.0376,4.03862,112132096,15530196992,15642329088,-1,-1
instances/ratio_1000/instance_500v1_1.80r13.cnf,all,500,900,88,102,150.04,1,978,44,38,topo_sort,0.786133,0.785696,112132096,15530196992,15642329088,-1,-1
instances/ratio_1000/instance_500v1_1.80r13.cnf,all,500,900,88,102,150.04,1,978,44,38,backbone,5.28125,5.28678,112132096,15530196992,15642329088,-1,-1
instances/ratio_1000/instance_500v1_1.80r13.cnf,all,500,900,88,102,150.04,1,978,44,38,wcc,0.205078,0.204768,112132096,15530196992,15642329088,-1,-1
instances/ratio_1000/instance_500v1_1.80r13.cnf,all,500,900,88,102,150.04,1,978,44,38,wcc_grouped,0.358154,0.3584,112132096,15530196992,15642329088,-1,-1
instances/ratio_1000/instance_500v1_1.80r13.cnf,all,500,900,88,102,150.04,1,978,44,38,heuristic1,9.23877,9.23808,112132096,15530196992,15642329088,104,124
instances/ratio_1000/instance_500v1_1.80r13.cnf,all,500,900,88,102,150.04,1,978,44,38,heuristic2,8.06079,8.05923,112132096,15530196992,15642329088,96,116
instances/ratio_1000/instance_500v1_1.80r13.cnf,all,500,900,88,102,150.04,1,978,44,38,heuristic3,11.4363,11.4353,112132096,15530196992,15642329088,91,111
instances/ratio_1000/instance_500v1_1.80r13.cnf,all,500,900,88,102,150.04,1,978,44,38,heuristic4,847.758,847.772,112132096,15530196992,15642329088,86,106
instances/ratio_1000/instance_500v1_1.80r13.cnf,all,500,900,88,102,150.04,1,978,44,38,cleanup_device,0.0380859,0.038144,112132096,15530196992,15642329088,-1,-1
instances/ratio_1000/instance_500v1_1.80r13.cnf,all,500,900,88,102,150.04,1,978,44,38,total,888.344,-1,112132096,15530196992,15642329088,-1,-1
instances/ratio_1000/instance_500v1_1.90r14.cnf,all,500,950,81,91,150.04,1,992,32,24,read_instance,0.310059,-1,107937792,15534391296,15642329088,-1,-1
instances/ratio_1000/instance_500v1_1.90r14.cnf,all,500,950,81,91,150.04,1,992,32,24,alloc_graph,0.185791,0.165888,110034944,15532294144,15642329088,-1,-1
instances/ratio_1000/instance_500v1_1.90r14.cnf,all,500,950,81,91,150.04,1,992,32,24,scc,4.09473,4.09597,112132096,15530196992,15642329088,-1,-1
instances/ratio_1000/instance_500v1_1.90r14.cnf,all,500,950,81,91,150.04,1,992,32,24,topo_sort,0.556885,0.556128,112132096,15530196992,15642329088,-1,-1
instances/ratio_1000/instance_500v1_1.90r14.cnf,all,500,950,81,91,150.04,1,992,32,24,backbone,5.21069,5.21443,112132096,15530196992,15642329088,-1,-1
instances/ratio_1000/instance_500v1_1.90r14.cnf,all,500,950,81,91,150.04,1,992,32,24,wcc,0.193359,0.192512,112132096,15530196992,15642329088,-1,-1
instances/ratio_1000/instance_500v1_1.90r14.cnf,all,500,950,81,91,150.04,1,992,32,24,wcc_grouped,0.368164,0.367552,112132096,15530196992,15642329088,-1,-1
instances/ratio_1000/instance_500v1_1.90r14.cnf,all,500,950,81,91,150.04,1,992,32,24,heuristic1,10.5154,10.5148,112132096,15530196992,15642329088,117,132
instances/ratio_1000/instance_500v1_1.90r14.cnf,all,500,950,81,91,150.04,1,992,32,24,heuristic2,7.27002,7.26918,112132096,15530196992,15642329088,88,102
instances/ratio_1000/instance_500v1_1.90r14.cnf,all,500,950,81,91,150.04,1,992,32,24,heuristic3,10.6807,10.6796,112132096,15530196992,15642329088,90,104
instances/ratio_1000/instance_500v1_1.90r14.cnf,all,500,950,81,91,150.04,1,992,32,24,heuristic4,844.925,844.939,112132096,15530196992,15642329088,85,99
instances/ratio_1000/instance_500v1_1.90r14.cnf,all,500,950,81,91,150.04,1,992,32,24,cleanup_device,0.0437012,0.043392,112132096,15530196992,15642329088,-1,-1
instances/ratio_1000/instance_500v1_1.90r14.cnf,all,500,950,81,91,150.04,1,992,32,24,total,884.956,-1,112132096,15530196992,15642329088,-1,-1
instances/ratio_1000/instance_500v1_2.00r15.cnf,all,500,1000,82,82,26.28,1,1000,26,46,read_instance,0.339355,-1,107937792,15534391296,15642329088,-1,-1
instances/ratio_1000/instance_500v1_2.00r15.cnf,all,500,1000,82,82,26.28,1,1000,26,46,alloc_graph,0.224609,0.210048,110034944,15532294144,15642329088,-1,-1
instances/ratio_1000/instance_500v1_2.00r15.cnf,all,500,1000,82,82,26.28,1,1000,26,46,scc,4.39624,4.396,112132096,15530196992,15642329088,-1,-1
instances/ratio_1000/instance_500v1_2.00r15.cnf,all,500,1000,82,82,26.28,1,1000,26,46,topo_sort,0.930908,0.929632,112132096,15530196992,15642329088,-1,-1
instances/ratio_1000/instance_500v1_2.00r15.cnf,all,500,1000,82,82,26.28,1,1000,26,46,backbone,5.52637,5.53216,112132096,15530196992,15642329088,-1,-1
instances/ratio_1000/instance_500v1_2.00r15.cnf,all,500,1000,82,82,26.28,1,1000,26,46,wcc,0.223389,0.223232,112132096,15530196992,15642329088,-1,-1
instances/ratio_1000/instance_500v1_2.00r15.cnf,all,500,1000,82,82,26.28,1,1000,26,46,wcc_grouped,0.398926,0.398848,112132096,15530196992,15642329088,-1,-1
instances/ratio_1000/instance_500v1_2.00r15.cnf,all,500,1000,82,82,26.28,1,1000,26,46,heuristic1,9.08374,9.0839,112132096,15530196992,15642329088,106,117
instances/ratio_1000/instance_500v1_2.00r15.cnf,all,500,1000,82,82,26.28,1,1000,26,46,heuristic2,7.69141,7.69034,112132096,15530196992,15642329088,95,106
instances/ratio_1000/instance_500v1_2.00r15.cnf,all,500,1000,82,82,26.28,1,1000,26,46,heuristic3,10.5906,10.5902,112132096,15530196992,15642329088,87,98
instances/ratio_1000/instance_500v1_2.00r15.cnf,all,500,1000,82,82,26.28,1,1000,26,46,heuristic4,818.782,818.796,112132096,15530196992,15642329088,83,94
instances/ratio_1000/instance_500v1_2.00r15.cnf,all,500,1000,82,82,26.28,1,1000,26,46,cleanup_device,0.041748,0.04144,112132096,15530196992,15642329088,-1,-1
instances/ratio_1000/instance_500v1_2.00r15.cnf,all,500,1000,82,82,26.28,1,1000,26,46,total,858.85,-1,112132096,15530196992,15642329088,-1,-1
instances/ratio_1000/instance_500v1_2.10r16.cnf,all,500,1050,84,94,150.04,1,982,32,35,read_instance,0.365234,-1,107937792,15534391296,15642329088,-1,-1
instances/ratio_1000/instance_500v1_2.10r16.cnf,all,500,1050,84,94,150.04,1,982,32,35,alloc_graph,0.169922,0.155776,110034944,15532294144,15642329088,-1,-1
instances/ratio_1000/instance_500v1_2.10r16.cnf,all,500,1050,84,94,150.04,1,982,32,35,scc,4.37915,4.37997,112132096,15530196992,15642329088,-1,-1
instances/ratio_1000/instance_500v1_2.10r16.cnf,all,500,1050,84,94,150.04,1,982,32,35,topo_sort,0.739502,0.739424,112132096,15530196992,15642329088,-1,-1
instances/ratio_1000/instance_500v1_2.10r16.cnf,all,500,1050,84,94,150.04,1,982,32,35,backbone,5.67871,5.68438,112132096,15530196992,15642329088,-1,-1
instances/ratio_1000/instance_500v1_2.10r16.cnf,all,500,1050,84,94,150.04,1,982,32,35,wcc,0.213867,0.213472,112132096,15530196992,15642329088,-1,-1
instances/ratio_1000/instance_500v1_2.10r16.cnf,all,500,1050,84,94,150.04,1,982,32,35,wcc_grouped,0.431641,0.430816,112132096,15530196992,15642329088,-1,-1
instances/ratio_1000/instance_500v1_2.10r16.cnf,all,500,1050,84,94,150.04,1,982,32,35,heuristic1,11.093,11.093,112132096,15530196992,15642329088,114,128
instances/ratio_1000/instance_500v1_2.10r16.cnf,all,500,1050,84,94,150.04,1,982,32,35,heuristic2,7.40234,7.40211,112132096,15530196992,15642329088,93,107
instances/ratio_1000/instance_500v1_2.10r16.cnf,all,500,1050,84,94,150.04,1,982,32,35,heuristic3,10.9387,10.9382,112132096,15530196992,15642329088,90,104
instances/ratio_1000/instance_500v1_2.10r16.cnf,all,500,1050,84,94,150.04,1,982,32,35,heuristic4,832.227,832.241,112132096,15530196992,15642329088,85,99
instances/ratio_1000/instance_500v1_2.10r16.cnf,all,500,1050,84,94,150.04,1,982,32,35,cleanup_device,0.0412598,0.040896,112132096,15530196992,15642329088,-1,-1
instances/ratio_1000/instance_500v1_2.10r16.cnf,all,500,1050,84,94,150.04,1,982,32,35,total,874.324,-1,112132096,15530196992,15642329088,-1,-1
instances/ratio_1000/instance_500v1_2.20r17.cnf,all,500,1100,77,77,44.88,1,976,34,45,read_instance,0.355225,-1,107937792,15534391296,15642329088,-1,-1
instances/ratio_1000/instance_500v1_2.20r17.cnf,all,500,1100,77,77,44.88,1,976,34,45,alloc_graph,0.169922,0.15632,110034944,15532294144,15642329088,-1,-1
instances/ratio_1000/instance_500v1_2.20r17.cnf,all,500,1100,77,77,44.88,1,976,34,45,scc,4.06128,4.0616,112132096,15530196992,15642329088,-1,-1
instances/ratio_1000/instance_500v1_2.20r17.cnf,all,500,1100,77,77,44.88,1,976,34,45,topo_sort,0.908203,0.90768,112132096,15530196992,15642329088,-1,-1
instances/ratio_1000/instance_500v1_2.20r17.cnf,all,500,1100,77,77,44.88,1,976,34,45,backbone,5.12012,5.12592,112132096,15530196992,15642329088,-1,-1
instances/ratio_1000/instance_500v1_2.20r17.cnf,all,500,1100,77,77,44.88,1,976,34,45,wcc,0.196777,0.196608,112132096,15530196992,15642329088,-1,-1
instances/ratio_1000/instance_500v1_2.20r17.cnf,all,500,1100,77,77,44.88,1,976,34,45,wcc_grouped,0.364746,0.36496,112132096,15530196992,15642329088,-1,-1
instances/ratio_1000/instance_500v1_2.20r17.cnf,all,500,1100,77,77,44.88,1,976,34,45,heuristic1,7.48462,7.48339,112132096,15530196992,15642329088,90,105
instances/ratio_1000/instance_500v1_2.20r17.cnf,all,500,1100,77,77,44.88,1,976,34,45,heuristic2,5.97754,5.97571,112132096,15530196992,15642329088,77,92
instances/ratio_1000/instance_500v1_2.20r17.cnf,all,500,1100,77,77,44.88,1,976,34,45,heuristic3,9.22021,9.21878,112132096,15530196992,15642329088,72,87
instances/ratio_1000/instance_500v1_2.20r17.cnf,all,500,1100,77,77,44.88,1,976,34,45,heuristic4,636.442,636.453,112132096,15530196992,15642329088,67,82
instances/ratio_1000/instance_500v1_2.20r17.cnf,all,500,1100,77,77,44.88,1,976,34,45,cleanup_device,0.0400391,0.039456,112132096,15530196992,15642329088,-1,-1
instances/ratio_1000/instance_500v1_2.20r17.cnf,all,500,1100,77,77,44.88,1,976,34,45,total,670.927,-1,112132096,15530196992,15642329088,-1,-1
instances/ratio_1000/instance_500v1_2.30r18.cnf,all,500,1150,74,74,1.93,1,946,40,58,read_instance,0.351318,-1,107937792,15534391296,15642329088,-1,-1
instances/ratio_1000/instance_500v1_2.30r18.cnf,all,500,1150,74,74,1.93,1,946,40,58,alloc_graph,0.1604,0.145408,110034944,15532294144,15642329088,-1,-1
instances/ratio_1000/instance_500v1_2.30r18.cnf,all,500,1150,74,74,1.93,1,946,40,58,scc,4.16772,4.16778,112132096,15530196992,15642329088,-1,-1
instances/ratio_1000/instance_500v1_2.30r18.cnf,all,500,1150,74,74,1.93,1,946,40,58,topo_sort,1.15527,1.15456,112132096,15530196992,15642329088,-1,-1
instances/ratio_1000/instance_500v1_2.30r18.cnf,all,500,1150,74,74,1.93,1,946,40,58,backbone,5.19629,5.19949,112132096,15530196992,15642329088,-1,-1
instances/ratio_1000/instance_500v1_2.30r18.cnf,all,500,1150,74,74,1.93,1,946,40,58,wcc,0.190674,0.190464,112132096,15530196992,15642329088,-1,-1
instances/ratio_1000/instance_500v1_2.30r18.cnf,all,500,1150,74,74,1.93,1,946,40,58,wcc_grouped,0.356445,0.356128,112132096,15530196992,15642329088,-1,-1
instances/ratio_1000/instance_500v1_2.30r18.cnf,all,500,1150,74,74,1.93,1,946,40,58,heuristic1,7.29419,7.2936,112132096,15530196992,15642329088,83,101
instances/ratio_1000/instance_500v1_2.30r18.cnf,all,500,1150,74,74,1.93,1,946,40,58,heuristic2,6.49902,6.49741,112132096,15530196992,15642329088,79,97
instances/ratio_1000/instance_500v1_2.30r18.cnf,all,500,1150,74,74,1.93,1,946,40,58,heuristic3,9.75732,9.75622,112132096,15530196992,15642329088,70,88
instances/ratio_1000/instance_500v1_2.30r18.cnf,all,500,1150,74,74,1.93,1,946,40,58,heuristic4,569.135,569.144,112132096,15530196992,15642329088,62,80
instances/ratio_1000/instance_500v1_2.30r18.cnf,all,500,1150,74,74,1.93,1,946,40,58,cleanup_device,0.0405273,0.040256,112132096,15530196992,15642329088,-1,-1
instances/ratio_1000/instance_500v1_2.30r18.cnf,all,500,1150,74,74,1.93,1,946,40,58,total,604.886,-1,112132096,15530196992,15642329088,-1,-1
instances/ratio_1000/instance_500v1_2.40r19.cnf,all,500,1200,83,83,2.87,1,856,44,42,read_instance,0.355225,-1,107937792,15534391296,15642329088,-1,-1
instances/ratio_1000/instance_500v1_2.40r19.cnf,all,500,1200,83,83,2.87,1,856,44,42,alloc_graph,0.157715,0.147392,110034944,15532294144,15642329088,-1,-1
instances/ratio_1000/instance_500v1_2.40r19.cnf,all,500,1200,83,83,2.87,1,856,44,42,scc,4.48877,4.48928,112132096,15530196992,15642329088,-1,-1
instances/ratio_1000/instance_500v1_2.40r19.cnf,all,500,1200,83,83,2.87,1,856,44,42,topo_sort,0.891357,0.890848,112132096,15530196992,15642329088,-1,-1
instances/ratio_1000/instance_500v1_2.40r19.cnf,all,500,1200,83,83,2.87,1,856,44,42,backbone,5.09717,5.1031,112132096,15530196992,15642329088,-1,-1
instances/ratio_1000/instance_500v1_2.40r19.cnf,all,500,1200,83,83,2.87,1,856,44,42,wcc,0.279541,0.279648,112132096,15530196992,15642329088,-1,-1
instances/ratio_1000/instance_500v1_2.40r19.cnf,all,500,1200,83,83,2.87,1,856,44,42,wcc_grouped,0.370361,0.369536,112132096,15530196992,15642329088,-1,-1
instances/ratio_1000/instance_500v1_2.40r19.cnf,all,500,1200,83,83,2.87,1,856,44,42,heuristic1,8.89893,8.89811,112132096,15530196992,15642329088,95,115
instances/ratio_1000/instance_500v1_2.40r19.cnf,all,500,1200,83,83,2.87,1,856,44,42,heuristic2,5.49487,5.49443,112132096,15530196992,15642329088,69,89
instances/ratio_1000/instance_500v1_2.40r19.cnf,all,500,1200,83,83,2.87,1,856,44,42,heuristic3,9.39575,9.39446,112132096,15530196992,15642329088,78,98
instances/ratio_1000/instance_500v1_2.40r19.cnf,all,500,1200,83,83,2.87,1,856,44,42,heuristic4,634.142,634.152,112132096,15530196992,15642329088,67,87
instances/ratio_1000/instance_500v1_2.40r19.cnf,all,500,1200,83,83,2.87,1,856,44,42,cleanup_device,0.0419922,0.041472,112132096,15530196992,15642329088,-1,-1
instances/ratio_1000/instance_500v1_2.40r19.cnf,all,500,1200,83,83,2.87,1,856,44,42,total,670.216,-1,112132096,15530196992,15642329088,-1,-1
instances/ratio_1000/instance_500v1_2.50r20.cnf,all,500,1250,80,80,0.66,1,950,36,69,read_instance,0.44458,-1,107937792,15534391296,15642329088,-1,-1
instances/ratio_1000/instance_500v1_2.50r20.cnf,all,500,1250,80,80,0.66,1,950,36,69,alloc_graph,0.177246,0.161792,110034944,15532294144,15642329088,-1,-1
instances/ratio_1000/instance_500v1_2.50r20.cnf,all,500,1250,80,80,0.66,1,950,36,69,scc,4.45654,4.45645,112132096,15530196992,15642329088,-1,-1
instances/ratio_1000/instance_500v1_2.50r20.cnf,all,500,1250,80,80,0.66,1,950,36,69,topo_sort,1.39282,1.39206,112132096,15530196992,15642329088,-1,-1
instances/ratio_1000/instance_500v1_2.50r20.cnf,all,500,1250,80,80,0.66,1,950,36,69,backbone,5.25366,5.25834,112132096,15530196992,15642329088,-1,-1
instances/ratio_1000/instance_500v1_2.50r20.cnf,all,500,1250,80,80,0.66,1,950,36,69,wcc,0.223877,0.223328,112132096,15530196992,15642329088,-1,-1
instances/ratio_1000/instance_500v1_2.50r20.cnf,all,500,1250,80,80,0.66,1,950,36,69,wcc_grouped,0.398193,0.397472,112132096,15530196992,15642329088,-1,-1
instances/ratio_1000/instance_500v1_2.50r20.cnf,all,500,1250,80,80,0.66,1,950,36,69,heuristic1,8.17407,8.17322,112132096,15530196992,15642329088,92,108
instances/ratio_1000/instance_500v1_2.50r20.cnf,all,500,1250,80,80,0.66,1,950,36,69,heuristic2,6.79419,6.7929,112132096,15530196992,15642329088,87,103
instances/ratio_1000/instance_500v1_2.50r20.cnf,all,500,1250,80,80,0.66,1,950,36,69,heuristic3,9.66406,9.66342,112132096,15530196992,15642329088,71,87
instances/ratio_1000/instance_500v1_2.50r20.cnf,all,500,1250,80,80,0.66,1,950,36,69,heuristic4,677.334,677.345,112132096,15530196992,15642329088,71,87
instances/ratio_1000/instance_500v1_2.50r20.cnf,all,500,1250,80,80,0.66,1,950,36,69,cleanup_device,0.043457,0.043168,112132096,15530196992,15642329088,-1,-1
instances/ratio_1000/instance_500v1_2.50r20.cnf,all,500,1250,80,80,0.66,1,950,36,69,total,714.975,-1,112132096,15530196992,15642329088,-1,-1
instances/ratio_1000/instance_500v1_2.60r21.cnf,all,500,1300,73,73,0.62,1,828,46,44,read_instance,0.373047,-1,107937792,15534391296,15642329088,-1,-1
instances/ratio_1000/instance_500v1_2.60r21.cnf,all,500,1300,73,73,0.62,1,828,46,44,alloc_graph,0.192383,0.180224,110034944,15532294144,15642329088,-1,-1
instances/ratio_1000/instance_500v1_2.60r21.cnf,all,500,1300,73,73,0.62,1,828,46,44,scc,4.45264,4.45264,112132096,15530196992,15642329088,-1,-1
instances/ratio_1000/instance_500v1_2.60r21.cnf,all,500,1300,73,73,0.62,1,828,46,44,topo_sort,0.953369,0.952352,112132096,15530196992,15642329088,-1,-1
instances/ratio_1000/instance_500v1_2.60r21.cnf,all,500,1300,73,73,0.62,1,828,46,44,backbone,5.05078,5.05648,112132096,15530196992,15642329088,-1,-1
instances/ratio_1000/instance_500v1_2.60r21.cnf,all,500,1300,73,73,0.62,1,828,46,44,wcc,0.203857,0.203552,112132096,15530196992,15642329088,-1,-1
instances/ratio_1000/instance_500v1_2.60r21.cnf,all,500,1300,73,73,0.62,1,828,46,44,wcc_grouped,0.358887,0.3584,112132096,15530196992,15642329088,-1,-1
instances/ratio_1000/instance_500v1_2.60r21.cnf,all,500,1300,73,73,0.62,1,828,46,44,heuristic1,6.56543,6.5647,112132096,15530196992,15642329088,72,93
instances/ratio_1000/instance_500v1_2.60r21.cnf,all,500,1300,73,73,0.62,1,828,46,44,heuristic2,4.68408,4.68253,112132096,15530196992,15642329088,58,79
instances/ratio_1000/instance_500v1_2.60r21.cnf,all,500,1300,73,73,0.62,1,828,46,44,heuristic3,7.99854,7.99798,112132096,15530196992,15642329088,56,77
instances/ratio_1000/instance_500v1_2.60r21.cnf,all,500,1300,73,73,0.62,1,828,46,44,heuristic4,521.884,521.893,112132096,15530196992,15642329088,57,78
instances/ratio_1000/instance_500v1_2.60r21.cnf,all,500,1300,73,73,0.62,1,828,46,44,cleanup_device,0.0415039,0.040992,112132096,15530196992,15642329088,-1,-1
instances/ratio_1000/instance_500v1_2.60r21.cnf,all,500,1300,73,73,0.62,1,828,46,44,total,553.333,-1,112132096,15530196992,15642329088,-1,-1
instances/ratio_1000/instance_500v1_2.70r22.cnf,all,500,1350,59,59,0.74,1,904,30,47,read_instance,0.424072,-1,107937792,15534391296,15642329088,-1,-1
instances/ratio_1000/instance_500v1_2.70r22.cnf,all,500,1350,59,59,0.74,1,904,30,47,alloc_graph,0.191895,0.174656,110034944,15532294144,15642329088,-1,-1
instances/ratio_1000/instance_500v1_2.70r22.cnf,all,500,1350,59,59,0.74,1,904,30,47,scc,4.30005,4.30109,112132096,15530196992,15642329088,-1,-1
instances/ratio_1000/instance_500v1_2.70r22.cnf,all,500,1350,59,59,0.74,1,904,30,47,topo_sort,1.01099,1.01043,112132096,15530196992,15642329088,-1,-1
instances/ratio_1000/instance_500v1_2.70r22.cnf,all,500,1350,59,59,0.74,1,904,30,47,backbone,5.17798,5.18285,112132096,15530196992,15642329088,-1,-1
instances/ratio_1000/instance_500v1_2.70r22.cnf,all,500,1350,59,59,0.74,1,904,30,47,wcc,0.196045,0.195424,112132096,15530196992,15642329088,-1,-1
instances/ratio_1000/instance_500v1_2.70r22.cnf,all,500,1350,59,59,0.74,1,904,30,47,wcc_grouped,0.374268,0.37376,112132096,15530196992,15642329088,-1,-1
instances/ratio_1000/instance_500v1_2.70r22.cnf,all,500,1350,59,59,0.74,1,904,30,47,heuristic1,6.42944,6.42707,112132096,15530196992,15642329088,70,83
instances/ratio_1000/instance_500v1_2.70r22.cnf,all,500,1350,59,59,0.74,1,904,30,47,heuristic2,5.31396,5.31347,112132096,15530196992,15642329088,65,78
instances/ratio_1000/instance_500v1_2.70r22.cnf,all,500,1350,59,59,0.74,1,904,30,47,heuristic3,10.0044,10.0032,112132096,15530196992,15642329088,72,85
instances/ratio_1000/instance_500v1_2.70r22.cnf,all,500,1350,59,59,0.74,1,904,30,47,heuristic4,601.581,601.591,112132096,15530196992,15642329088,64,77
instances/ratio_1000/instance_500v1_2.70r22.cnf,all,500,1350,59,59,0.74,1,904,30,47,cleanup_device,0.0415039,0.041344,112132096,15530196992,15642329088,-1,-1
instances/ratio_1000/instance_500v1_2.70r22.cnf,all,500,1350,59,59,0.74,1,904,30,47,total,635.689,-1,112132096,15530196992,15642329088,-1,-1
instances/ratio_1000/instance_500v1_2.80r23.cnf,all,500,1400,64,64,0.08,1,682,48,26,read_instance,0.400635,-1,107937792,15534391296,15642329088,-1,-1
instances/ratio_1000/instance_500v1_2.80r23.cnf,all,500,1400,64,64,0.08,1,682,48,26,alloc_graph,0.161865,0.149088,110034944,15532294144,15642329088,-1,-1
instances/ratio_1000/instance_500v1_2.80r23.cnf,all,500,1400,64,64,0.08,1,682,48,26,scc,4.02002,4.02128,112132096,15530196992,15642329088,-1,-1
instances/ratio_1000/instance_500v1_2.80r23.cnf,all,500,1400,64,64,0.08,1,682,48,26,topo_sort,0.643799,0.64288,112132096,15530196992,15642329088,-1,-1
instances/ratio_1000/instance_500v1_2.80r23.cnf,all,500,1400,64,64,0.08,1,682,48,26,backbone,5.02954,5.03466,112132096,15530196992,15642329088,-1,-1
instances/ratio_1000/instance_500v1_2.80r23.cnf,all,500,1400,64,64,0.08,1,682,48,26,wcc,0.193848,0.192928,112132096,15530196992,15642329088,-1,-1
instances/ratio_1000/instance_500v1_2.80r23.cnf,all,500,1400,64,64,0.08,1,682,48,26,wcc_grouped,0.345459,0.346112,112132096,15530196992,15642329088,-1,-1
instances/ratio_1000/instance_500v1_2.80r23.cnf,all,500,1400,64,64,0.08,1,682,48,26,heuristic1,5.89136,5.8905,112132096,15530196992,15642329088,67,89
instances/ratio_1000/instance_500v1_2.80r23.cnf,all,500,1400,64,64,0.08,1,682,48,26,heuristic2,4.56226,4.56061,112132096,15530196992,15642329088,54,76
instances/ratio_1000/instance_500v1_2.80r23.cnf,all,500,1400,64,64,0.08,1,682,48,26,heuristic3,7.27612,7.27485,112132096,15530196992,15642329088,50,72
instances/ratio_1000/instance_500v1_2.80r23.cnf,all,500,1400,64,64,0.08,1,682,48,26,heuristic4,440.411,440.419,112132096,15530196992,15642329088,49,71
instances/ratio_1000/instance_500v1_2.80r23.cnf,all,500,1400,64,64,0.08,1,682,48,26,cleanup_device,0.0437012,0.043392,112132096,15530196992,15642329088,-1,-1
instances/ratio_1000/instance_500v1_2.80r23.cnf,all,500,1400,64,64,0.08,1,682,48,26,total,469.573,-1,112132096,15530196992,15642329088,-1,-1
instances/ratio_1000/instance_500v1_2.90r24.cnf,all,500,1450,56,56,0.05,1,638,42,30,read_instance,0.411133,-1,107937792,15534391296,15642329088,-1,-1
instances/ratio_1000/instance_500v1_2.90r24.cnf,all,500,1450,56,56,0.05,1,638,42,30,alloc_graph,0.208496,0.195968,110034944,15532294144,15642329088,-1,-1
instances/ratio_1000/instance_500v1_2.90r24.cnf,all,500,1450,56,56,0.05,1,638,42,30,scc,4.36353,4.36429,112132096,15530196992,15642329088,-1,-1
instances/ratio_1000/instance_500v1_2.90r24.cnf,all,500,1450,56,56,0.05,1,638,42,30,topo_sort,0.737793,0.737216,112132096,15530196992,15642329088,-1,-1
instances/ratio_1000/instance_500v1_2.90r24.cnf,all,500,1450,56,56,0.05,1,638,42,30,backbone,5.34717,5.35283,112132096,15530196992,15642329088,-1,-1
instances/ratio_1000/instance_500v1_2.90r24.cnf,all,500,1450,56,56,0.05,1,638,42,30,wcc,0.195801,0.195776,112132096,15530196992,15642329088,-1,-1
instances/ratio_1000/instance_500v1_2.90r24.cnf,all,500,1450,56,56,0.05,1,638,42,30,wcc_grouped,0.399414,0.399424,112132096,15530196992,15642329088,-1,-1
instances/ratio_1000/instance_500v1_2.90r24.cnf,all,500,1450,56,56,0.05,1,638,42,30,heuristic1,5.39648,5.39603,112132096,15530196992,15642329088,59,78
instances/ratio_1000/instance_500v1_2.90r24.cnf,all,500,1450,56,56,0.05,1,638,42,30,heuristic2,3.99194,3.98998,112132096,15530196992,15642329088,47,66
instances/ratio_1000/instance_500v1_2.90r24.cnf,all,500,1450,56,56,0.05,1,638,42,30,heuristic3,7.24536,7.24416,112132096,15530196992,15642329088,51,70
instances/ratio_1000/instance_500v1_2.90r24.cnf,all,500,1450,56,56,0.05,1,638,42,30,heuristic4,412.118,412.124,112132096,15530196992,15642329088,46,65
instances/ratio_1000/instance_500v1_2.90r24.cnf,all,500,1450,56,56,0.05,1,638,42,30,cleanup_device,0.043457,0.042944,112132096,15530196992,15642329088,-1,-1
instances/ratio_1000/instance_500v1_2.90r24.cnf,all,500,1450,56,56,0.05,1,638,42,30,total,441.061,-1,112132096,15530196992,15642329088,-1,-1
instances/ratio_1000/instance_500v1_3.00r25.cnf,all,500,1500,54,54,0.12,1,674,34,26,read_instance,0.485352,-1,107937792,15534391296,15642329088,-1,-1
instances/ratio_1000/instance_500v1_3.00r25.cnf,all,500,1500,54,54,0.12,1,674,34,26,alloc_graph,0.178223,0.162752,110034944,15532294144,15642329088,-1,-1
instances/ratio_1000/instance_500v1_3.00r25.cnf,all,500,1500,54,54,0.12,1,674,34,26,scc,4.66943,4.66989,112132096,15530196992,15642329088,-1,-1
instances/ratio_1000/instance_500v1_3.00r25.cnf,all,500,1500,54,54,0.12,1,674,34,26,topo_sort,0.718262,0.717184,112132096,15530196992,15642329088,-1,-1
instances/ratio_1000/instance_500v1_3.00r25.cnf,all,500,1500,54,54,0.12,1,674,34,26,backbone,5.38599,5.39222,112132096,15530196992,15642329088,-1,-1
instances/ratio_1000/instance_500v1_3.00r25.cnf,all,500,1500,54,54,0.12,1,674,34,26,wcc,0.201172,0.200928,112132096,15530196992,15642329088,-1,-1
instances/ratio_1000/instance_500v1_3.00r25.cnf,all,500,1500,54,54,0.12,1,674,34,26,wcc_grouped,0.375,0.374784,112132096,15530196992,15642329088,-1,-1
instances/ratio_1000/instance_500v1_3.00r25.cnf,all,500,1500,54,54,0.12,1,674,34,26,heuristic1,5.03613,5.03664,112132096,15530196992,15642329088,53,68
instances/ratio_1000/instance_500v1_3.00r25.cnf,all,500,1500,54,54,0.12,1,674,34,26,heuristic2,4.51733,4.51664,112132096,15530196992,15642329088,51,66
instances/ratio_1000/instance_500v1_3.00r25.cnf,all,500,1500,54,54,0.12,1,674,34,26,heuristic3,8.92554,8.92445,112132096,15530196992,15642329088,56,71
instances/ratio_1000/instance_500v1_3.00r25.cnf,all,500,1500,54,54,0.12,1,674,34,26,heuristic4,449.068,449.075,112132096,15530196992,15642329088,51,66
instances/ratio_1000/instance_500v1_3.00r25.cnf,all,500,1500,54,54,0.12,1,674,34,26,cleanup_device,0.0410156,0.04112,112132096,15530196992,15642329088,-1,-1
instances/ratio_1000/instance_500v1_3.00r25.cnf,all,500,1500,54,54,0.12,1,674,34,26,total,480.254,-1,112132096,15530196992,15642329088,-1,-1
instances/ratio_1000/instance_500v1_3.10r26.cnf,all,500,1550,61,61,0.24,1,730,32,29,read_instance,0.485107,-1,107937792,15534391296,15642329088,-1,-1
instances/ratio_1000/instance_500v1_3.10r26.cnf,all,500,1550,61,61,0.24,1,730,32,29,alloc_graph,0.200684,0.178432,110034944,15532294144,15642329088,-1,-1
instances/ratio_1000/instance_500v1_3.10r26.cnf,all,500,1550,61,61,0.24,1,730,32,29,scc,4.61597,4.61648,112132096,15530196992,15642329088,-1,-1
instances/ratio_1000/instance_500v1_3.10r26.cnf,all,500,1550,61,61,0.24,1,730,32,29,topo_sort,0.717041,0.71584,112132096,15530196992,15642329088,-1,-1
instances/ratio_1000/instance_500v1_3.10r26.cnf,all,500,1550,61,61,0.24,1,730,32,29,backbone,5.33081,5.33594,112132096,15530196992,15642329088,-1,-1
instances/ratio_1000/instance_500v1_3.10r26.cnf,all,500,1550,61,61,0.24,1,730,32,29,wcc,0.218018,0.218688,112132096,15530196992,15642329088,-1,-1
instances/ratio_1000/instance_500v1_3.10r26.cnf,all,500,1550,61,61,0.24,1,730,32,29,wcc_grouped,0.344727,0.344832,112132096,15530196992,15642329088,-1,-1
instances/ratio_1000/instance_500v1_3.10r26.cnf,all,500,1550,61,61,0.24,1,730,32,29,heuristic1,5.88281,5.88227,112132096,15530196992,15642329088,62,76
instances/ratio_1000/instance_500v1_3.10r26.cnf,all,500,1550,61,61,0.24,1,730,32,29,heuristic2,4.81128,4.81018,112132096,15530196992,15642329088,60,74
instances/ratio_1000/instance_500v1_3.10r26.cnf,all,500,1550,61,61,0.24,1,730,32,29,heuristic3,8.43896,8.43798,112132096,15530196992,15642329088,55,69
instances/ratio_1000/instance_500v1_3.10r26.cnf,all,500,1550,61,61,0.24,1,730,32,29,heuristic4,471.561,471.569,112132096,15530196992,15642329088,53,67
instances/ratio_1000/instance_500v1_3.10r26.cnf,all,500,1550,61,61,0.24,1,730,32,29,cleanup_device,0.0427246,0.042432,112132096,15530196992,15642329088,-1,-1
instances/ratio_1000/instance_500v1_3.10r26.cnf,all,500,1550,61,61,0.24,1,730,32,29,total,503.268,-1,112132096,15530196992,15642329088,-1,-1
instances/ratio_1000/instance_500v1_3.20r27.cnf,all,500,1600,55,55,0.03,1,586,44,23,read_instance,0.439453,-1,107937792,15534391296,15642329088,-1,-1
instances/ratio_1000/instance_500v1_3.20r27.cnf,all,500,1600,55,55,0.03,1,586,44,23,alloc_graph,0.173828,0.16,110034944,15532294144,15642329088,-1,-1
instances/ratio_1000/instance_500v1_3.20r27.cnf,all,500,1600,55,55,0.03,1,586,44,23,scc,4.1687,4.16982,112132096,15530196992,15642329088,-1,-1
instances/ratio_1000/instance_500v1_3.20r27.cnf,all,500,1600,55,55,0.03,1,586,44,23,topo_sort,0.602295,0.601216,112132096,15530196992,15642329088,-1,-1
instances/ratio_1000/instance_500v1_3.20r27.cnf,all,500,1600,55,55,0.03,1,586,44,23,backbone,5.14551,5.14941,112132096,15530196992,15642329088,-1,-1
instances/ratio_1000/instance_500v1_3.20r27.cnf,all,500,1600,55,55,0.03,1,586,44,23,wcc,0.279053,0.278336,112132096,15530196992,15642329088,-1,-1
instances/ratio_1000/instance_500v1_3.20r27.cnf,all,500,1600,55,55,0.03,1,586,44,23,wcc_grouped,0.358887,0.358016,112132096,15530196992,15642329088,-1,-1
instances/ratio_1000/instance_500v1_3.20r27.cnf,all,500,1600,55,55,0.03,1,586,44,23,heuristic1,5.95483,5.95469,112132096,15530196992,15642329088,56,76
instances/ratio_1000/instance_500v1_3.20r27.cnf,all,500,1600,55,55,0.03,1,586,44,23,heuristic2,3.62646,3.62467,112132096,15530196992,15642329088,44,64
instances/ratio_1000/instance_500v1_3.20r27.cnf,all,500,1600,55,55,0.03,1,586,44,23,heuristic3,7.44287,7.44218,112132096,15530196992,15642329088,43,63
instances/ratio_1000/instance_500v1_3.20r27.cnf,all,500,1600,55,55,0.03,1,586,44,23,heuristic4,332.688,332.694,112132096,15530196992,15642329088,41,61
instances/ratio_1000/instance_500v1_3.20r27.cnf,all,500,1600,55,55,0.03,1,586,44,23,cleanup_device,0.0402832,0.040352,112132096,15530196992,15642329088,-1,-1
instances/ratio_1000/instance_500v1_3.20r27.cnf,all,500,1600,55,55,0.03,1,586,44,23,total,361.521,-1,112132096,15530196992,15642329088,-1,-1
instances/ratio_1000/instance_500v1_3.30r28.cnf,all,500,1650,43,43,0.04,1,550,28,28,read_instance,0.535156,-1,107937792,15534391296,15642329088,-1,-1
instances/ratio_1000/instance_500v1_3.30r28.cnf,all,500,1650,43,43,0.04,1,550,28,28,alloc_graph,0.181396,0.161696,110034944,15532294144,15642329088,-1,-1
instances/ratio_1000/instance_500v1_3.30r28.cnf,all,500,1650,43,43,0.04,1,550,28,28,scc,4.25659,4.25747,112132096,15530196992,15642329088,-1,-1
instances/ratio_1000/instance_500v1_3.30r28.cnf,all,500,1650,43,43,0.04,1,550,28,28,topo_sort,0.686768,0.685664,112132096,15530196992,15642329088,-1,-1
instances/ratio_1000/instance_500v1_3.30r28.cnf,all,500,1650,43,43,0.04,1,550,28,28,backbone,5.07886,5.08451,112132096,15530196992,15642329088,-1,-1
instances/ratio_1000/instance_500v1_3.30r28.cnf,all,500,1650,43,43,0.04,1,550,28,28,wcc,0.21582,0.215424,112132096,15530196992,15642329088,-1,-1
instances/ratio_1000/instance_500v1_3.30r28.cnf,all,500,1650,43,43,0.04,1,550,28,28,wcc_grouped,0.392334,0.391648,112132096,15530196992,15642329088,-1,-1
instances/ratio_1000/instance_500v1_3.30r28.cnf,all,500,1650,43,43,0.04,1,550,28,28,heuristic1,4.56201,4.5617,112132096,15530196992,15642329088,48,61
instances/ratio_1000/instance_500v1_3.30r28.cnf,all,500,1650,43,43,0.04,1,550,28,28,heuristic2,3.49829,3.49712,112132096,15530196992,15642329088,41,53
instances/ratio_1000/instance_500v1_3.30r28.cnf,all,500,1650,43,43,0.04,1,550,28,28,heuristic3,6.88379,6.88371,112132096,15530196992,15642329088,44,56
instances/ratio_1000/instance_500v1_3.30r28.cnf,all,500,1650,43,43,0.04,1,550,28,28,heuristic4,280.151,280.156,112132096,15530196992,15642329088,36,48
instances/ratio_1000/instance_500v1_3.30r28.cnf,all,500,1650,43,43,0.04,1,550,28,28,cleanup_device,0.0439453,0.043872,112132096,15530196992,15642329088,-1,-1
instances/ratio_1000/instance_500v1_3.30r28.cnf,all,500,1650,43,43,0.04,1,550,28,28,total,307.08,-1,112132096,15530196992,15642329088,-1,-1
instances/ratio_1000/instance_500v1_3.40r29.cnf,all,500,1700,50,50,0.03,1,530,38,23,read_instance,0.481934,-1,107937792,15534391296,15642329088,-1,-1
instances/ratio_1000/instance_500v1_3.40r29.cnf,all,500,1700,50,50,0.03,1,530,38,23,alloc_graph,0.186279,0.172512,110034944,15532294144,15642329088,-1,-1
instances/ratio_1000/instance_500v1_3.40r29.cnf,all,500,1700,50,50,0.03,1,530,38,23,scc,4.51831,4.51968,112132096,15530196992,15642329088,-1,-1
instances/ratio_1000/instance_500v1_3.40r29.cnf,all,500,1700,50,50,0.03,1,530,38,23,topo_sort,0.616943,0.61648,112132096,15530196992,15642329088,-1,-1
instances/ratio_1000/instance_500v1_3.40r29.cnf,all,500,1700,50,50,0.03,1,530,38,23,backbone,5.0603,5.06595,112132096,15530196992,15642329088,-1,-1
instances/ratio_1000/instance_500v1_3.40r29.cnf,all,500,1700,50,50,0.03,1,530,38,23,wcc,0.22583,0.22528,112132096,15530196992,15642329088,-1,-1
instances/ratio_1000/instance_500v1_3.40r29.cnf,all,500,1700,50,50,0.03,1,530,38,23,wcc_grouped,0.38208,0.3816,112132096,15530196992,15642329088,-1,-1
instances/ratio_1000/instance_500v1_3.40r29.cnf,all,500,1700,50,50,0.03,1,530,38,23,heuristic1,5.57471,5.57366,112132096,15530196992,15642329088,48,66
instances/ratio_1000/instance_500v1_3.40r29.cnf,all,500,1700,50,50,0.03,1,530,38,23,heuristic2,3.44287,3.4408,112132096,15530196992,15642329088,40,57
instances/ratio_1000/instance_500v1_3.40r29.cnf,all,500,1700,50,50,0.03,1,530,38,23,heuristic3,7.08179,7.08205,112132096,15530196992,15642329088,42,59
instances/ratio_1000/instance_500v1_3.40r29.cnf,all,500,1700,50,50,0.03,1,530,38,23,heuristic4,304.518,304.523,112132096,15530196992,15642329088,38,55
instances/ratio_1000/instance_500v1_3.40r29.cnf,all,500,1700,50,50,0.03,1,530,38,23,cleanup_device,0.0441895,0.043936,112132096,15530196992,15642329088,-1,-1
instances/ratio_1000/instance_500v1_3.40r29.cnf,all,500,1700,50,50,0.03,1,530,38,23,total,332.77,-1,112132096,15530196992,15642329088,-1,-1
instances/ratio_1000/instance_500v1_3.50r30.cnf,all,500,1750,53,53,0.03,1,536,40,23,read_instance,0.557617,-1,107937792,15534391296,15642329088,-1,-1
instances/ratio_1000/instance_500v1_3.50r30.cnf,all,500,1750,53,53,0.03,1,536,40,23,alloc_graph,0.198975,0.165888,110034944,15532294144,15642329088,-1,-1
instances/ratio_1000/instance_500v1_3.50r30.cnf,all,500,1750,53,53,0.03,1,536,40,23,scc,4.5874,4.58752,112132096,15530196992,15642329088,-1,-1
instances/ratio_1000/instance_500v1_3.50r30.cnf,all,500,1750,53,53,0.03,1,536,40,23,topo_sort,0.608887,0.60784,112132096,15530196992,15642329088,-1,-1
instances/ratio_1000/instance_500v1_3.50r30.cnf,all,500,1750,53,53,0.03,1,536,40,23,backbone,5.26758,5.2743,112132096,15530196992,15642329088,-1,-1
instances/ratio_1000/instance_500v1_3.50r30.cnf,all,500,1750,53,53,0.03,1,536,40,23,wcc,0.232666,0.231904,112132096,15530196992,15642329088,-1,-1
instances/ratio_1000/instance_500v1_3.50r30.cnf,all,500,1750,53,53,0.03,1,536,40,23,wcc_grouped,0.4021,0.401888,112132096,15530196992,15642329088,-1,-1
instances/ratio_1000/instance_500v1_3.50r30.cnf,all,500,1750,53,53,0.03,1,536,40,23,heuristic1,5.03491,5.0343,112132096,15530196992,15642329088,44,63
instances/ratio_1000/instance_500v1_3.50r30.cnf,all,500,1750,53,53,0.03,1,536,40,23,heuristic2,3.69165,3.69149,112132096,15530196992,15642329088,41,60
instances/ratio_1000/instance_500v1_3.50r30.cnf,all,500,1750,53,53,0.03,1,536,40,23,heuristic3,6.97583,6.97485,112132096,15530196992,15642329088,40,59
instances/ratio_1000/instance_500v1_3.50r30.cnf,all,500,1750,53,53,0.03,1,536,40,23,heuristic4,302.477,302.482,112132096,15530196992,15642329088,37,56
instances/ratio_1000/instance_500v1_3.50r30.cnf,all,500,1750,53,53,0.03,1,536,40,23,cleanup_device,0.0397949,0.039648,112132096,15530196992,15642329088,-1,-1
instances/ratio_1000/instance_500v1_3.50r30.cnf,all,500,1750,53,53,0.03,1,536,40,23,total,330.702,-1,112132096,15530196992,15642329088,-1,-1
instances/ratio_1000/instance_500v1_3.60r31.cnf,all,500,1800,47,47,0.04,1,438,54,20,read_instance,0.483643,-1,107937792,15534391296,15642329088,-1,-1
instances/ratio_1000/instance_500v1_3.60r31.cnf,all,500,1800,47,47,0.04,1,438,54,20,alloc_graph,0.172363,0.157312,110034944,15532294144,15642329088,-1,-1
instances/ratio_1000/instance_500v1_3.60r31.cnf,all,500,1800,47,47,0.04,1,438,54,20,scc,4.12964,4.13072,112132096,15530196992,15642329088,-1,-1
instances/ratio_1000/instance_500v1_3.60r31.cnf,all,500,1800,47,47,0.04,1,438,54,20,topo_sort,0.539795,0.539072,112132096,15530196992,15642329088,-1,-1
instances/ratio_1000/instance_500v1_3.60r31.cnf,all,500,1800,47,47,0.04,1,438,54,20,backbone,5.26172,5.26736,112132096,15530196992,15642329088,-1,-1
instances/ratio_1000/instance_500v1_3.60r31.cnf,all,500,1800,47,47,0.04,1,438,54,20,wcc,0.202637,0.202272,112132096,15530196992,15642329088,-1,-1
instances/ratio_1000/instance_500v1_3.60r31.cnf,all,500,1800,47,47,0.04,1,438,54,20,wcc_grouped,0.361328,0.361536,112132096,15530196992,15642329088,-1,-1
instances/ratio_1000/instance_500v1_3.60r31.cnf,all,500,1800,47,47,0.04,1,438,54,20,heuristic1,3.17163,3.17056,112132096,15530196992,15642329088,35,60
instances/ratio_1000/instance_500v1_3.60r31.cnf,all,500,1800,47,47,0.04,1,438,54,20,heuristic2,2.33325,2.33152,112132096,15530196992,15642329088,29,54
instances/ratio_1000/instance_500v1_3.60r31.cnf,all,500,1800,47,47,0.04,1,438,54,20,heuristic3,5.96094,5.95958,112132096,15530196992,15642329088,28,53
instances/ratio_1000/instance_500v1_3.60r31.cnf,all,500,1800,47,47,0.04,1,438,54,20,heuristic4,236.256,236.26,112132096,15530196992,15642329088,27,52
instances/ratio_1000/instance_500v1_3.60r31.cnf,all,500,1800,47,47,0.04,1,438,54,20,cleanup_device,0.0463867,0.045824,112132096,15530196992,15642329088,-1,-1
instances/ratio_1000/instance_500v1_3.60r31.cnf,all,500,1800,47,47,0.04,1,438,54,20,total,259.501,-1,112132096,15530196992,15642329088,-1,-1
instances/ratio_1000/instance_500v1_3.70r32.cnf,all,500,1850,42,42,0.03,1,456,36,19,read_instance,0.536865,-1,107937792,15534391296,15642329088,-1,-1
instances/ratio_1000/instance_500v1_3.70r32.cnf,all,500,1850,42,42,0.03,1,456,36,19,alloc_graph,0.182617,0.163456,110034944,15532294144,15642329088,-1,-1
instances/ratio_1000/instance_500v1_3.70r32.cnf,all,500,1850,42,42,0.03,1,456,36,19,scc,4.38892,4.39056,112132096,15530196992,15642329088,-1,-1
instances/ratio_1000/instance_500v1_3.70r32.cnf,all,500,1850,42,42,0.03,1,456,36,19,topo_sort,0.512207,0.512416,112132096,15530196992,15642329088,-1,-1
instances/ratio_1000/instance_500v1_3.70r32.cnf,all,500,1850,42,42,0.03,1,456,36,19,backbone,5.01611,5.02198,112132096,15530196992,15642329088,-1,-1
instances/ratio_1000/instance_500v1_3.70r32.cnf,all,500,1850,42,42,0.03,1,456,36,19,wcc,0.205566,0.205408,112132096,15530196992,15642329088,-1,-1
instances/ratio_1000/instance_500v1_3.70r32.cnf,all,500,1850,42,42,0.03,1,456,36,19,wcc_grouped,0.374268,0.374784,112132096,15530196992,15642329088,-1,-1
instances/ratio_1000/instance_500v1_3.70r32.cnf,all,500,1850,42,42,0.03,1,456,36,19,heuristic1,3.04297,3.04237,112132096,15530196992,15642329088,30,46
instances/ratio_1000/instance_500v1_3.70r32.cnf,all,500,1850,42,42,0.03,1,456,36,19,heuristic2,2.61499,2.6136,112132096,15530196992,15642329088,29,45
instances/ratio_1000/instance_500v1_3.70r32.cnf,all,500,1850,42,42,0.03,1,456,36,19,heuristic3,6.00146,6.00051,112132096,15530196992,15642329088,29,45
instances/ratio_1000/instance_500v1_3.70r32.cnf,all,500,1850,42,42,0.03,1,456,36,19,heuristic4,238.209,238.214,112132096,15530196992,15642329088,28,44
instances/ratio_1000/instance_500v1_3.70r32.cnf,all,500,1850,42,42,0.03,1,456,36,19,cleanup_device,0.043457,0.043232,112132096,15530196992,15642329088,-1,-1
instances/ratio_1000/instance_500v1_3.70r32.cnf,all,500,1850,42,42,0.03,1,456,36,19,total,261.691,-1,112132096,15530196992,15642329088,-1,-1
instances/ratio_1000/instance_500v1_3.80r33.cnf,all,500,1900,45,45,0.04,1,386,58,20,read_instance,0.506592,-1,107937792,15534391296,15642329088,-1,-1
instances/ratio_1000/instance_500v1_3.80r33.cnf,all,500,1900,45,45,0.04,1,386,58,20,alloc_graph,0.172607,0.158144,110034944,15532294144,15642329088,-1,-1
instances/ratio_1000/instance_500v1_3.80r33.cnf,all,500,1900,45,45,0.04,1,386,58,20,scc,4.13989,4.14106,112132096,15530196992,15642329088,-1,-1
instances/ratio_1000/instance_500v1_3.80r33.cnf,all,500,1900,45,45,0.04,1,386,58,20,topo_sort,0.523193,0.52192,112132096,15530196992,15642329088,-1,-1
instances/ratio_1000/instance_500v1_3.80r33.cnf,all,500,1900,45,45,0.04,1,386,58,20,backbone,5.2207,5.22694,112132096,15530196992,15642329088,-1,-1
instances/ratio_1000/instance_500v1_3.80r33.cnf,all,500,1900,45,45,0.04,1,386,58,20,wcc,0.224365,0.225024,112132096,15530196992,15642329088,-1,-1
instances/ratio_1000/instance_500v1_3.80r33.cnf,all,500,1900,45,45,0.04,1,386,58,20,wcc_grouped,0.34668,0.346112,112132096,15530196992,15642329088,-1,-1
instances/ratio_1000/instance_500v1_3.80r33.cnf,all,500,1900,45,45,0.04,1,386,58,20,heuristic1,2.56299,2.56141,112132096,15530196992,15642329088,28,55
instances/ratio_1000/instance_500v1_3.80r33.cnf,all,500,1900,45,45,0.04,1,386,58,20,heuristic2,1.90894,1.90861,112132096,15530196992,15642329088,23,51
instances/ratio_1000/instance_500v1_3.80r33.cnf,all,500,1900,45,45,0.04,1,386,58,20,heuristic3,5.3479,5.34653,112132096,15530196992,15642329088,20,47
instances/ratio_1000/instance_500v1_3.80r33.cnf,all,500,1900,45,45,0.04,1,386,58,20,heuristic4,212.642,212.646,112132096,15530196992,15642329088,21,48
instances/ratio_1000/instance_500v1_3.80r33.cnf,all,500,1900,45,45,0.04,1,386,58,20,cleanup_device,0.0444336,0.04384,112132096,15530196992,15642329088,-1,-1
instances/ratio_1000/instance_500v1_3.80r33.cnf,all,500,1900,45,45,0.04,1,386,58,20,total,234.218,-1,112132096,15530196992,15642329088,-1,-1
instances/ratio_1000/instance_500v1_3.90r34.cnf,all,500,1950,40,40,0.04,1,330,48,12,read_instance,0.556396,-1,107937792,15534391296,15642329088,-1,-1
instances/ratio_1000/instance_500v1_3.90r34.cnf,all,500,1950,40,40,0.04,1,330,48,12,alloc_graph,0.165771,0.155648,110034944,15532294144,15642329088,-1,-1
instances/ratio_1000/instance_500v1_3.90r34.cnf,all,500,1950,40,40,0.04,1,330,48,12,scc,4.2644,4.26592,112132096,15530196992,15642329088,-1,-1
instances/ratio_1000/instance_500v1_3.90r34.cnf,all,500,1950,40,40,0.04,1,330,48,12,topo_sort,0.394775,0.393952,112132096,15530196992,15642329088,-1,-1
instances/ratio_1000/instance_500v1_3.90r34.cnf,all,500,1950,40,40,0.04,1,330,48,12,backbone,5.28442,5.28963,112132096,15530196992,15642329088,-1,-1
instances/ratio_1000/instance_500v1_3.90r34.cnf,all,500,1950,40,40,0.04,1,330,48,12,wcc,0.1875,0.187104,112132096,15530196992,15642329088,-1,-1
instances/ratio_1000/instance_500v1_3.90r34.cnf,all,500,1950,40,40,0.04,1,330,48,12,wcc_grouped,0.354248,0.354304,112132096,15530196992,15642329088,-1,-1
instances/ratio_1000/instance_500v1_3.90r34.cnf,all,500,1950,40,40,0.04,1,330,48,12,heuristic1,2.03442,2.03229,112132096,15530196992,15642329088,21,46
instances/ratio_1000/instance_500v1_3.90r34.cnf,all,500,1950,40,40,0.04,1,330,48,12,heuristic2,1.45386,1.45213,112132096,15530196992,15642329088,18,44
instances/ratio_1000/instance_500v1_3.90r34.cnf,all,500,1950,40,40,0.04,1,330,48,12,heuristic3,5.05713,5.05578,112132096,15530196992,15642329088,19,43
instances/ratio_1000/instance_500v1_3.90r34.cnf,all,500,1950,40,40,0.04,1,330,48,12,heuristic4,209.641,209.646,112132096,15530196992,15642329088,18,42
instances/ratio_1000/instance_500v1_3.90r34.cnf,all,500,1950,40,40,0.04,1,330,48,12,cleanup_device,0.0437012,0.043488,112132096,15530196992,15642329088,-1,-1
instances/ratio_1000/instance_500v1_3.90r34.cnf,all,500,1950,40,40,0.04,1,330,48,12,total,229.995,-1,112132096,15530196992,15642329088,-1,-1
instances/ratio_1000/instance_500v1_4.00r35.cnf,all,500,2000,46,46,0.04,1,354,71,15,read_instance,0.546631,-1,107937792,15534391296,15642329088,-1,-1
instances/ratio_1000/instance_500v1_4.00r35.cnf,all,500,2000,46,46,0.04,1,354,71,15,alloc_graph,0.159912,0.146848,110034944,15532294144,15642329088,-1,-1
instances/ratio_1000/instance_500v1_4.00r35.cnf,all,500,2000,46,46,0.04,1,354,71,15,scc,4.03687,4.03696,112132096,15530196992,15642329088,-1,-1
instances/ratio_1000/instance_500v1_4.00r35.cnf,all,500,2000,46,46,0.04,1,354,71,15,topo_sort,0.419434,0.418912,112132096,15530196992,15642329088,-1,-1
instances/ratio_1000/instance_500v1_4.00r35.cnf,all,500,2000,46,46,0.04,1,354,71,15,backbone,5.07983,5.08627,112132096,15530196992,15642329088,-1,-1
instances/ratio_1000/instance_500v1_4.00r35.cnf,all,500,2000,46,46,0.04,1,354,71,15,wcc,0.209229,0.208896,112132096,15530196992,15642329088,-1,-1
instances/ratio_1000/instance_500v1_4.00r35.cnf,all,500,2000,46,46,0.04,1,354,71,15,wcc_grouped,0.344727,0.344064,112132096,15530196992,15642329088,-1,-1
instances/ratio_1000/instance_500v1_4.00r35.cnf,all,500,2000,46,46,0.04,1,354,71,15,heuristic1,2.03076,2.0297,112132096,15530196992,15642329088,19,56
instances/ratio_1000/instance_500v1_4.00r35.cnf,all,500,2000,46,46,0.04,1,354,71,15,heuristic2,1.05127,1.04954,112132096,15530196992,15642329088,12,50
instances/ratio_1000/instance_500v1_4.00r35.cnf,all,500,2000,46,46,0.04,1,354,71,15,heuristic3,4.1062,4.10544,112132096,15530196992,15642329088,13,48
instances/ratio_1000/instance_500v1_4.00r35.cnf,all,500,2000,46,46,0.04,1,354,71,15,heuristic4,194.211,194.214,112132096,15530196992,15642329088,13,48
instances/ratio_1000/instance_500v1_4.00r35.cnf,all,500,2000,46,46,0.04,1,354,71,15,cleanup_device,0.0446777,0.04464,112132096,15530196992,15642329088,-1,-1
instances/ratio_1000/instance_500v1_4.00r35.cnf,all,500,2000,46,46,0.04,1,354,71,15,total,212.789,-1,112132096,15530196992,15642329088,-1,-1
instances/ratio_1000/instance_500v1_4.10r36.cnf,all,500,2050,41,41,0.03,1,358,56,19,read_instance,0.597168,-1,107937792,15534391296,15642329088,-1,-1
instances/ratio_1000/instance_500v1_4.10r36.cnf,all,500,2050,41,41,0.03,1,358,56,19,alloc_graph,0.155518,0.142816,110034944,15532294144,15642329088,-1,-1
instances/ratio_1000/instance_500v1_4.10r36.cnf,all,500,2050,41,41,0.03,1,358,56,19,scc,4.18262,4.18403,112132096,15530196992,15642329088,-1,-1
instances/ratio_1000/instance_500v1_4.10r36.cnf,all,500,2050,41,41,0.03,1,358,56,19,topo_sort,0.494141,0.493568,112132096,15530196992,15642329088,-1,-1
instances/ratio_1000/instance_500v1_4.10r36.cnf,all,500,2050,41,41,0.03,1,358,56,19,backbone,5.17432,5.17939,112132096,15530196992,15642329088,-1,-1
instances/ratio_1000/instance_500v1_4.10r36.cnf,all,500,2050,41,41,0.03,1,358,56,19,wcc,0.208252,0.207968,112132096,15530196992,15642329088,-1,-1
instances/ratio_1000/instance_500v1_4.10r36.cnf,all,500,2050,41,41,0.03,1,358,56,19,wcc_grouped,0.36792,0.36736,112132096,15530196992,15642329088,-1,-1
instances/ratio_1000/instance_500v1_4.10r36.cnf,all,500,2050,41,41,0.03,1,358,56,19,heuristic1,2.5332,2.53258,112132096,15530196992,15642329088,29,57
instances/ratio_1000/instance_500v1_4.10r36.cnf,all,500,2050,41,41,0.03,1,358,56,19,heuristic2,1.4519,1.4511,112132096,15530196992,15642329088,17,44
instances/ratio_1000/instance_500v1_4.10r36.cnf,all,500,2050,41,41,0.03,1,358,56,19,heuristic3,4.44482,4.44317,112132096,15530196992,15642329088,15,41
instances/ratio_1000/instance_500v1_4.10r36.cnf,all,500,2050,41,41,0.03,1,358,56,19,heuristic4,203.42,203.423,112132096,15530196992,15642329088,15,41
instances/ratio_1000/instance_500v1_4.10r36.cnf,all,500,2050,41,41,0.03,1,358,56,19,cleanup_device,0.0422363,0.042144,112132096,15530196992,15642329088,-1,-1
instances/ratio_1000/instance_500v1_4.10r36.cnf,all,500,2050,41,41,0.03,1,358,56,19,total,223.631,-1,112132096,15530196992,15642329088,-1,-1
instances/ratio_1000/instance_500v1_4.20r37.cnf,all,500,2100,40,40,0.03,1,322,64,16,read_instance,0.568848,-1,107937792,15534391296,15642329088,-1,-1
instances/ratio_1000/instance_500v1_4.20r37.cnf,all,500,2100,40,40,0.03,1,322,64,16,alloc_graph,0.218262,0.2104,110034944,15532294144,15642329088,-1,-1
instances/ratio_1000/instance_500v1_4.20r37.cnf,all,500,2100,40,40,0.03,1,322,64,16,scc,4.10718,4.10755,112132096,15530196992,15642329088,-1,-1
instances/ratio_1000/instance_500v1_4.20r37.cnf,all,500,2100,40,40,0.03,1,322,64,16,topo_sort,0.436768,0.435936,112132096,15530196992,15642329088,-1,-1
instances/ratio_1000/instance_500v1_4.20r37.cnf,all,500,2100,40,40,0.03,1,322,64,16,backbone,5.03662,5.04195,112132096,15530196992,15642329088,-1,-1
instances/ratio_1000/instance_500v1_4.20r37.cnf,all,500,2100,40,40,0.03,1,322,64,16,wcc,0.201904,0.201152,112132096,15530196992,15642329088,-1,-1
instances/ratio_1000/instance_500v1_4.20r37.cnf,all,500,2100,40,40,0.03,1,322,64,16,wcc_grouped,0.360352,0.360064,112132096,15530196992,15642329088,-1,-1
instances/ratio_1000/instance_500v1_4.20r37.cnf,all,500,2100,40,40,0.03,1,322,64,16,heuristic1,1.20679,1.20563,112132096,15530196992,15642329088,9,46
instances/ratio_1000/instance_500v1_4.20r37.cnf,all,500,2100,40,40,0.03,1,322,64,16,heuristic2,0.647705,0.646624,112132096,15530196992,15642329088,7,42
instances/ratio_1000/instance_500v1_4.20r37.cnf,all,500,2100,40,40,0.03,1,322,64,16,heuristic3,3.77515,3.77498,112132096,15530196992,15642329088,9,42
instances/ratio_1000/instance_500v1_4.20r37.cnf,all,500,2100,40,40,0.03,1,322,64,16,heuristic4,22.4385,22.4389,112132096,15530196992,15642329088,7,40
instances/ratio_1000/instance_500v1_4.20r37.cnf,all,500,2100,40,40,0.03,1,322,64,16,cleanup_device,0.0576172,0.057568,112132096,15530196992,15642329088,-1,-1
instances/ratio_1000/instance_500v1_4.20r37.cnf,all,500,2100,40,40,0.03,1,322,64,16,total,39.6155,-1,112132096,15530196992,15642329088,-1,-1
instances/ratio_1000/instance_500v1_4.30r38.cnf,all,500,2150,37,37,0.03,1,366,38,19,read_instance,0.622314,-1,107937792,15534391296,15642329088,-1,-1
instances/ratio_1000/instance_500v1_4.30r38.cnf,all,500,2150,37,37,0.03,1,366,38,19,alloc_graph,0.172363,0.157632,110034944,15532294144,15642329088,-1,-1
instances/ratio_1000/instance_500v1_4.30r38.cnf,all,500,2150,37,37,0.03,1,366,38,19,scc,4.03589,4.03706,112132096,15530196992,15642329088,-1,-1
instances/ratio_1000/instance_500v1_4.30r38.cnf,all,500,2150,37,37,0.03,1,366,38,19,topo_sort,0.523926,0.523456,112132096,15530196992,15642329088,-1,-1
instances/ratio_1000/instance_500v1_4.30r38.cnf,all,500,2150,37,37,0.03,1,366,38,19,backbone,5.36987,5.37533,112132096,15530196992,15642329088,-1,-1
instances/ratio_1000/instance_500v1_4.30r38.cnf,all,500,2150,37,37,0.03,1,366,38,19,wcc,0.200928,0.2008,112132096,15530196992,15642329088,-1,-1
instances/ratio_1000/instance_500v1_4.30r38.cnf,all,500,2150,37,37,0.03,1,366,38,19,wcc_grouped,0.356689,0.356576,112132096,15530196992,15642329088,-1,-1
instances/ratio_1000/instance_500v1_4.30r38.cnf,all,500,2150,37,37,0.03,1,366,38,19,heuristic1,2.46289,2.46205,112132096,15530196992,15642329088,25,42
instances/ratio_1000/instance_500v1_4.30r38.cnf,all,500,2150,37,37,0.03,1,366,38,19,heuristic2,1.76001,1.75814,112132096,15530196992,15642329088,21,38
instances/ratio_1000/instance_500v1_4.30r38.cnf,all,500,2150,37,37,0.03,1,366,38,19,heuristic3,4.74463,4.74349,112132096,15530196992,15642329088,22,39
instances/ratio_1000/instance_500v1_4.30r38.cnf,all,500,2150,37,37,0.03,1,366,38,19,heuristic4,215.597,215.6,112132096,15530196992,15642329088,20,37
instances/ratio_1000/instance_500v1_4.30r38.cnf,all,500,2150,37,37,0.03,1,366,38,19,cleanup_device,0.0427246,0.042592,112132096,15530196992,15642329088,-1,-1
instances/ratio_1000/instance_500v1_4.30r38.cnf,all,500,2150,37,37,0.03,1,366,38,19,total,236.474,-1,112132096,15530196992,15642329088,-1,-1
instances/ratio_1000/instance_500v1_4.40r39.cnf,all,500,2200,37,37,0.04,1,260,63,12,read_instance,0.599365,-1,107937792,15534391296,15642329088,-1,-1
instances/ratio_1000/instance_500v1_4.40r39.cnf,all,500,2200,37,37,0.04,1,260,63,12,alloc_graph,0.177979,0.16384,110034944,15532294144,15642329088,-1,-1
instances/ratio_1000/instance_500v1_4.40r39.cnf,all,500,2200,37,37,0.04,1,260,63,12,scc,4.33667,4.33872,112132096,15530196992,15642329088,-1,-1
instances/ratio_1000/instance_500v1_4.40r39.cnf,all,500,2200,37,37,0.04,1,260,63,12,topo_sort,0.36084,0.360672,112132096,15530196992,15642329088,-1,-1
instances/ratio_1000/instance_500v1_4.40r39.cnf,all,500,2200,37,37,0.04,1,260,63,12,backbone,5.25171,5.25667,112132096,15530196992,15642329088,-1,-1
instances/ratio_1000/instance_500v1_4.40r39.cnf,all,500,2200,37,37,0.04,1,260,63,12,wcc,0.208008,0.20848,112132096,15530196992,15642329088,-1,-1
instances/ratio_1000/instance_500v1_4.40r39.cnf,all,500,2200,37,37,0.04,1,260,63,12,wcc_grouped,0.365723,0.36544,112132096,15530196992,15642329088,-1,-1
instances/ratio_1000/instance_500v1_4.40r39.cnf,all,500,2200,37,37,0.04,1,260,63,12,heuristic1,1.20605,1.20486,112132096,15530196992,15642329088,10,43
instances/ratio_1000/instance_500v1_4.40r39.cnf,all,500,2200,37,37,0.04,1,260,63,12,heuristic2,0.852539,0.850368,112132096,15530196992,15642329088,10,41
instances/ratio_1000/instance_500v1_4.40r39.cnf,all,500,2200,37,37,0.04,1,260,63,12,heuristic3,3.60205,3.60131,112132096,15530196992,15642329088,10,40
instances/ratio_1000/instance_500v1_4.40r39.cnf,all,500,2200,37,37,0.04,1,260,63,12,heuristic4,31.8447,31.8449,112132096,15530196992,15642329088,10,40
instances/ratio_1000/instance_500v1_4.40r39.cnf,all,500,2200,37,37,0.04,1,260,63,12,cleanup_device,0.0410156,0.0408,112132096,15530196992,15642329088,-1,-1
instances/ratio_1000/instance_500v1_4.40r39.cnf,all,500,2200,37,37,0.04,1,260,63,12,total,49.3987,-1,112132096,15530196992,15642329088,-1,-1
instances/ratio_1000/instance_500v1_4.50r40.cnf,all,500,2250,36,36,0.03,1,298,58,25,read_instance,0.659912,-1,107937792,15534391296,15642329088,-1,-1
instances/ratio_1000/instance_500v1_4.50r40.cnf,all,500,2250,36,36,0.03,1,298,58,25,alloc_graph,0.179443,0.16576,110034944,15532294144,15642329088,-1,-1
instances/ratio_1000/instance_500v1_4.50r40.cnf,all,500,2250,36,36,0.03,1,298,58,25,scc,4.21118,4.21258,112132096,15530196992,15642329088,-1,-1
instances/ratio_1000/instance_500v1_4.50r40.cnf,all,500,2250,36,36,0.03,1,298,58,25,topo_sort,0.597168,0.596,112132096,15530196992,15642329088,-1,-1
instances/ratio_1000/instance_500v1_4.50r40.cnf,all,500,2250,36,36,0.03,1,298,58,25,backbone,5.08374,5.08976,112132096,15530196992,15642329088,-1,-1
instances/ratio_1000/instance_500v1_4.50r40.cnf,all,500,2250,36,36,0.03,1,298,58,25,wcc,0.205322,0.204864,112132096,15530196992,15642329088,-1,-1
instances/ratio_1000/instance_500v1_4.50r40.cnf,all,500,2250,36,36,0.03,1,298,58,25,wcc_grouped,0.357178,0.356416,112132096,15530196992,15642329088,-1,-1
instances/ratio_1000/instance_500v1_4.50r40.cnf,all,500,2250,36,36,0.03,1,298,58,25,heuristic1,1.14526,1.14406,112132096,15530196992,15642329088,8,39
instances/ratio_1000/instance_500v1_4.50r40.cnf,all,500,2250,36,36,0.03,1,298,58,25,heuristic2,0.751709,0.749952,112132096,15530196992,15642329088,8,36
instances/ratio_1000/instance_500v1_4.50r40.cnf,all,500,2250,36,36,0.03,1,298,58,25,heuristic3,3.74121,3.74022,112132096,15530196992,15642329088,8,37
instances/ratio_1000/instance_500v1_4.50r40.cnf,all,500,2250,36,36,0.03,1,298,58,25,heuristic4,25.5317,25.5308,112132096,15530196992,15642329088,8,37
instances/ratio_1000/instance_500v1_4.50r40.cnf,all,500,2250,36,36,0.03,1,298,58,25,cleanup_device,0.0378418,0.037888,112132096,15530196992,15642329088,-1,-1
instances/ratio_1000/instance_500v1_4.50r40.cnf,all,500,2250,36,36,0.03,1,298,58,25,total,43.0203,-1,112132096,15530196992,15642329088,-1,-1
instances/ratio_1000/instance_500v2_0.50r0.cnf,all,500,250,292,292,0.02,1,1000,502,6,read_instance,0.188477,-1,107937792,15534391296,15642329088,-1,-1
instances/ratio_1000/instance_500v2_0.50r0.cnf,all,500,250,292,292,0.02,1,1000,502,6,alloc_graph,0.171875,0.1536,110034944,15532294144,15642329088,-1,-1
instances/ratio_1000/instance_500v2_0.50r0.cnf,all,500,250,292,292,0.02,1,1000,502,6,scc,3.72656,3.72739,112132096,15530196992,15642329088,-1,-1
instances/ratio_1000/instance_500v2_0.50r0.cnf,all,500,250,292,292,0.02,1,1000,502,6,topo_sort,0.178955,0.177888,112132096,15530196992,15642329088,-1,-1
instances/ratio_1000/instance_500v2_0.50r0.cnf,all,500,250,292,292,0.02,1,1000,502,6,backbone,5.19971,5.20611,112132096,15530196992,15642329088,-1,-1
instances/ratio_1000/instance_500v2_0.50r0.cnf,all,500,250,292,292,0.02,1,1000,502,6,wcc,0.196045,0.196608,112132096,15530196992,15642329088,-1,-1
instances/ratio_1000/instance_500v2_0.50r0.cnf,all,500,250,292,292,0.02,1,1000,502,6,wcc_grouped,0.366943,0.366592,112132096,15530196992,15642329088,-1,-1
instances/ratio_1000/instance_500v2_0.50r0.cnf,all,500,250,292,292,0.02,1,1000,502,6,heuristic1,1.13306,1.13194,112132096,15530196992,15642329088,7,307
instances/ratio_1000/instance_500v2_0.50r0.cnf,all,500,250,292,292,0.02,1,1000,502,6,heuristic2,0.749512,0.748128,112132096,15530196992,15642329088,8,307
instances/ratio_1000/instance_500v2_0.50r0.cnf,all,500,250,292,292,0.02,1,1000,502,6,heuristic3,3.74951,3.74896,112132096,15530196992,15642329088,8,295
instances/ratio_1000/instance_500v2_0.50r0.cnf,all,500,250,292,292,0.02,1,1000,502,6,heuristic4,22.2805,22.2792,112132096,15530196992,15642329088,7,294
instances/ratio_1000/instance_500v2_0.50r0.cnf,all,500,250,292,292,0.02,1,1000,502,6,cleanup_device,0.0383301,0.038176,112132096,15530196992,15642329088,-1,-1
instances/ratio_1000/instance_500v2_0.50r0.cnf,all,500,250,292,292,0.02,1,1000,502,6,total,38.6025,-1,112132096,15530196992,15642329088,-1,-1
instances/ratio_1000/instance_500v2_0.60r1.cnf,all,500,300,263,263,0.02,1,1000,402,5,read_instance,0.159424,-1,107937792,15534391296,15642329088,-1,-1
instances/ratio_1000/instance_500v2_0.60r1.cnf,all,500,300,263,263,0.02,1,1000,402,5,alloc_graph,0.171143,0.157888,110034944,15532294144,15642329088,-1,-1
instances/ratio_1000/instance_500v2_0.60r1.cnf,all,500,300,263,263,0.02,1,1000,402,5,scc,3.65356,3.65363,112132096,15530196992,15642329088,-1,-1
instances/ratio_1000/instance_500v2_0.60r1.cnf,all,500,300,263,263,0.02,1,1000,402,5,topo_sort,0.157959,0.157024,112132096,15530196992,15642329088,-1,-1
instances/ratio_1000/instance_500v2_0.60r1.cnf,all,500,300,263,263,0.02,1,1000,402,5,backbone,4.90723,4.91171,112132096,15530196992,15642329088,-1,-1
instances/ratio_1000/instance_500v2_0.60r1.cnf,all,500,300,263,263,0.02,1,1000,402,5,wcc,0.222168,0.22144,112132096,15530196992,15642329088,-1,-1
instances/ratio_1000/instance_500v2_0.60r1.cnf,all,500,300,263,263,0.02,1,1000,402,5,wcc_grouped,0.367432,0.367264,112132096,15530196992,15642329088,-1,-1
instances/ratio_1000/instance_500v2_0.60r1.cnf,all,500,300,263,263,0.02,1,1000,402,5,heuristic1,3.46851,3.46749,112132096,15530196992,15642329088,36,292
instances/ratio_1000/instance_500v2_0.60r1.cnf,all,500,300,263,263,0.02,1,1000,402,5,heuristic2,2.47144,2.47005,112132096,15530196992,15642329088,29,276
instances/ratio_1000/instance_500v2_0.60r1.cnf,all,500,300,263,263,0.02,1,1000,402,5,heuristic3,5.68066,5.67946,112132096,15530196992,15642329088,30,265
instances/ratio_1000/instance_500v2_0.60r1.cnf,all,500,300,263,263,0.02,1,1000,402,5,heuristic4,237.148,237.152,112132096,15530196992,15642329088,29,264
instances/ratio_1000/instance_500v2_0.60r1.cnf,all,500,300,263,263,0.02,1,1000,402,5,cleanup_device,0.0422363,0.04192,112132096,15530196992,15642329088,-1,-1
instances/ratio_1000/instance_500v2_0.60r1.cnf,all,500,300,263,263,0.02,1,1000,402,5,total,259.07,-1,112132096,15530196992,15642329088,-1,-1
instances/ratio_1000/instance_500v2_0.70r2.cnf,all,500,350,232,232,0.02,1,1000,338,7,read_instance,0.176758,-1,107937792,15534391296,15642329088,-1,-1
instances/ratio_1000/instance_500v2_0.70r2.cnf,all,500,350,232,232,0.02,1,1000,338,7,alloc_graph,0.161865,0.147488,110034944,15532294144,15642329088,-1,-1
instances/ratio_1000/instance_500v2_0.70r2.cnf,all,500,350,232,232,0.02,1,1000,338,7,scc,4.0188,4.02016,112132096,15530196992,15642329088,-1,-1
instances/ratio_1000/instance_500v2_0.70r2.cnf,all,500,350,232,232,0.02,1,1000,338,7,topo_sort,0.198242,0.197088,112132096,15530196992,15642329088,-1,-1
instances/ratio_1000/instance_500v2_0.70r2.cnf,all,500,350,232,232,0.02,1,1000,338,7,backbone,5.35059,5.35555,112132096,15530196992,15642329088,-1,-1
instances/ratio_1000/instance_500v2_0.70r2.cnf,all,500,350,232,232,0.02,1,1000,338,7,wcc,0.274414,0.274432,112132096,15530196992,15642329088,-1,-1
instances/ratio_1000/instance_500v2_0.70r2.cnf,all,500,350,232,232,0.02,1,1000,338,7,wcc_grouped,0.360596,0.360512,112132096,15530196992,15642329088,-1,-1
instances/ratio_1000/instance_500v2_0.70r2.cnf,all,500,350,232,232,0.02,1,1000,338,7,heuristic1,8.44702,8.4463,112132096,15530196992,15642329088,94,275
instances/ratio_1000/instance_500v2_0.70r2.cnf,all,500,350,232,232,0.02,1,1000,338,7,heuristic2,6.00342,6.00291,112132096,15530196992,15642329088,74,247
instances/ratio_1000/instance_500v2_0.70r2.cnf,all,500,350,232,232,0.02,1,1000,338,7,heuristic3,9.08252,9.08282,112132096,15530196992,15642329088,70,242
instances/ratio_1000/instance_500v2_0.70r2.cnf,all,500,350,232,232,0.02,1,1000,338,7,heuristic4,650.08,650.089,112132096,15530196992,15642329088,68,240
instances/ratio_1000/instance_500v2_0.70r2.cnf,all,500,350,232,232,0.02,1,1000,338,7,cleanup_device,0.0405273,0.040096,112132096,15530196992,15642329088,-1,-1
instances/ratio_1000/instance_500v2_0.70r2.cnf,all,500,350,232,232,0.02,1,1000,338,7,total,684.833,-1,112132096,15530196992,15642329088,-1,-1
instances/ratio_1000/instance_500v2_0.80r3.cnf,all,500,400,208,208,0.02,1,1000,247,8,read_instance,0.1875,-1,107937792,15534391296,15642329088,-1,-1
instances/ratio_1000/instance_500v2_0.80r3.cnf,all,500,400,208,208,0.02,1,1000,247,8,alloc_graph,0.177246,0.159232,110034944,15532294144,15642329088,-1,-1
instances/ratio_1000/instance_500v2_0.80r3.cnf,all,500,400,208,208,0.02,1,1000,247,8,scc,3.78296,3.78336,112132096,15530196992,15642329088,-1,-1
instances/ratio_1000/instance_500v2_0.80r3.cnf,all,500,400,208,208,0.02,1,1000,247,8,topo_sort,0.233887,0.232864,112132096,15530196992,15642329088,-1,-1
instances/ratio_1000/instance_500v2_0.80r3.cnf,all,500,400,208,208,0.02,1,1000,247,8,backbone,5.35107,5.35818,112132096,15530196992,15642329088,-1,-1
instances/ratio_1000/instance_500v2_0.80r3.cnf,all,500,400,208,208,0.02,1,1000,247,8,wcc,0.21875,0.218048,112132096,15530196992,15642329088,-1,-1
instances/ratio_1000/instance_500v2_0.80r3.cnf,all,500,400,208,208,0.02,1,1000,247,8,wcc_grouped,0.394531,0.394496,112132096,15530196992,15642329088,-1,-1
instances/ratio_1000/instance_500v2_0.80r3.cnf,all,500,400,208,208,0.02,1,1000,247,8,heuristic1,9.88916,9.88851,112132096,15530196992,15642329088,118,247
instances/ratio_1000/instance_500v2_0.80r3.cnf,all,500,400,208,208,0.02,1,1000,247,8,heuristic2,7.99121,7.99005,112132096,15530196992,15642329088,101,226
instances/ratio_1000/instance_500v2_0.80r3.cnf,all,500,400,208,208,0.02,1,1000,247,8,heuristic3,14.5615,14.5613,112132096,15530196992,15642329088,102,228
instances/ratio_1000/instance_500v2_0.80r3.cnf,all,500,400,208,208,0.02,1,1000,247,8,heuristic4,984.801,984.816,112132096,15530196992,15642329088,97,222
instances/ratio_1000/instance_500v2_0.80r3.cnf,all,500,400,208,208,0.02,1,1000,247,8,cleanup_device,0.0405273,0.040288,112132096,15530196992,15642329088,-1,-1
instances/ratio_1000/instance_500v2_0.80r3.cnf,all,500,400,208,208,0.02,1,1000,247,8,total,1028.34,-1,112132096,15530196992,15642329088,-1,-1
instances/ratio_1000/instance_500v2_0.90r4.cnf,all,500,450,202,202,0.02,1,1000,214,11,read_instance,0.196777,-1,107937792,15534391296,15642329088,-1,-1
instances/ratio_1000/instance_500v2_0.90r4.cnf,all,500,450,202,202,0.02,1,1000,214,11,alloc_graph,0.202148,0.18432,110034944,15532294144,15642329088,-1,-1
instances/ratio_1000/instance_500v2_0.90r4.cnf,all,500,450,202,202,0.02,1,1000,214,11,scc,3.79419,3.79494,112132096,15530196992,15642329088,-1,-1
instances/ratio_1000/instance_500v2_0.90r4.cnf,all,500,450,202,202,0.02,1,1000,214,11,topo_sort,0.265869,0.265824,112132096,15530196992,15642329088,-1,-1
instances/ratio_1000/instance_500v2_0.90r4.cnf,all,500,450,202,202,0.02,1,1000,214,11,backbone,5.47827,5.4855,112132096,15530196992,15642329088,-1,-1
instances/ratio_1000/instance_500v2_0.90r4.cnf,all,500,450,202,202,0.02,1,1000,214,11,wcc,0.236572,0.237024,112132096,15530196992,15642329088,-1,-1
instances/ratio_1000/instance_500v2_0.90r4.cnf,all,500,450,202,202,0.02,1,1000,214,11,wcc_grouped,0.401611,0.401408,112132096,15530196992,15642329088,-1,-1
instances/ratio_1000/instance_500v2_0.90r4.cnf,all,500,450,202,202,0.02,1,1000,214,11,heuristic1,12.6707,12.6703,112132096,15530196992,15642329088,133,239
instances/ratio_1000/instance_500v2_0.90r4.cnf,all,500,450,202,202,0.02,1,1000,214,11,heuristic2,9.84741,9.84656,112132096,15530196992,15642329088,127,234
instances/ratio_1000/instance_500v2_0.90r4.cnf,all,500,450,202,202,0.02,1,1000,214,11,heuristic3,13.1931,13.1927,112132096,15530196992,15642329088,114,219
instances/ratio_1000/instance_500v2_0.90r4.cnf,all,500,450,202,202,0.02,1,1000,214,11,heuristic4,1131.95,1131.97,112132096,15530196992,15642329088,110,215
instances/ratio_1000/instance_500v2_0.90r4.cnf,all,500,450,202,202,0.02,1,1000,214,11,cleanup_device,0.0510254,0.050976,112132096,15530196992,15642329088,-1,-1
instances/ratio_1000/instance_500v2_0.90r4.cnf,all,500,450,202,202,0.02,1,1000,214,11,total,1178.97,-1,112132096,15530196992,15642329088,-1,-1
instances/ratio_1000/instance_500v2_1.00r5.cnf,all,500,500,180,180,0.07,1,986,188,12,read_instance,0.207764,-1,107937792,15534391296,15642329088,-1,-1
instances/ratio_1000/instance_500v2_1.00r5.cnf,all,500,500,180,180,0.07,1,986,188,12,alloc_graph,0.169678,0.155232,110034944,15532294144,15642329088,-1,-1
instances/ratio_1000/instance_500v2_1.00r5.cnf,all,500,500,180,180,0.07,1,986,188,12,scc,3.99316,3.99414,112132096,15530196992,15642329088,-1,-1
instances/ratio_1000/instance_500v2_1.00r5.cnf,all,500,500,180,180,0.07,1,986,188,12,topo_sort,0.321533,0.320512,112132096,15530196992,15642329088,-1,-1
instances/ratio_1000/instance_500v2_1.00r5.cnf,all,500,500,180,180,0.07,1,986,188,12,backbone,5.18237,5.18893,112132096,15530196992,15642329088,-1,-1
instances/ratio_1000/instance_500v2_1.00r5.cnf,all,500,500,180,180,0.07,1,986,188,12,wcc,0.215332,0.21504,112132096,15530196992,15642329088,-1,-1
instances/ratio_1000/instance_500v2_1.00r5.cnf,all,500,500,180,180,0.07,1,986,188,12,wcc_grouped,0.379639,0.37952,112132096,15530196992,15642329088,-1,-1
instances/ratio_1000/instance_500v2_1.00r5.cnf,all,500,500,180,180,0.07,1,986,188,12,heuristic1,11.7258,11.7258,112132096,15530196992,15642329088,137,230
instances/ratio_1000/instance_500v2_1.00r5.cnf,all,500,500,180,180,0.07,1,986,188,12,heuristic2,9.11841,9.11712,112132096,15530196992,15642329088,108,201
instances/ratio_1000/instance_500v2_1.00r5.cnf,all,500,500,180,180,0.07,1,986,188,12,heuristic3,12.1956,12.1946,112132096,15530196992,15642329088,106,199
instances/ratio_1000/instance_500v2_1.00r5.cnf,all,500,500,180,180,0.07,1,986,188,12,heuristic4,1030.58,1030.6,112132096,15530196992,15642329088,101,194
instances/ratio_1000/instance_500v2_1.00r5.cnf,all,500,500,180,180,0.07,1,986,188,12,cleanup_device,0.0500488,0.049568,112132096,15530196992,15642329088,-1,-1
instances/ratio_1000/instance_500v2_1.00r5.cnf,all,500,500,180,180,0.07,1,986,188,12,total,1074.77,-1,112132096,15530196992,15642329088,-1,-1
instances/ratio_1000/instance_500v2_1.10r6.cnf,all,500,550,158,158,0.12,1,998,142,11,read_instance,0.213135,-1,107937792,15534391296,15642329088,-1,-1
instances/ratio_1000/instance_500v2_1.10r6.cnf,all,500,550,158,158,0.12,1,998,142,11,alloc_graph,0.158936,0.14928,110034944,15532294144,15642329088,-1,-1
instances/ratio_1000/instance_500v2_1.10r6.cnf,all,500,550,158,158,0.12,1,998,142,11,scc,3.93799,3.93936,112132096,15530196992,15642329088,-1,-1
instances/ratio_1000/instance_500v2_1.10r6.cnf,all,500,550,158,158,0.12,1,998,142,11,topo_sort,0.296387,0.295104,112132096,15530196992,15642329088,-1,-1
instances/ratio_1000/instance_500v2_1.10r6.cnf,all,500,550,158,158,0.12,1,998,142,11,backbone,5.0437,5.0497,112132096,15530196992,15642329088,-1,-1
instances/ratio_1000/instance_500v2_1.10r6.cnf,all,500,550,158,158,0.12,1,998,142,11,wcc,0.214355,0.213408,112132096,15530196992,15642329088,-1,-1
instances/ratio_1000/instance_500v2_1.10r6.cnf,all,500,550,158,158,0.12,1,998,142,11,wcc_grouped,0.369873,0.369664,112132096,15530196992,15642329088,-1,-1
instances/ratio_1000/instance_500v2_1.10r6.cnf,all,500,550,158,158,0.12,1,998,142,11,heuristic1,10.8713,10.8705,112132096,15530196992,15642329088,125,194
instances/ratio_1000/instance_500v2_1.10r6.cnf,all,500,550,158,158,0.12,1,998,142,11,heuristic2,8.27979,8.27834,112132096,15530196992,15642329088,101,170
instances/ratio_1000/instance_500v2_1.10r6.cnf,all,500,550,158,158,0.12,1,998,142,11,heuristic3,13.1033,13.103,112132096,15530196992,15642329088,113,182
instances/ratio_1000/instance_500v2_1.10r6.cnf,all,500,550,158,158,0.12,1,998,142,11,heuristic4,1109.25,1109.27,112132096,15530196992,15642329088,109,178
instances/ratio_1000/instance_500v2_1.10r6.cnf,all,500,550,158,158,0.12,1,998,142,11,cleanup_device,0.045166,0.044832,112132096,15530196992,15642329088,-1,-1
instances/ratio_1000/instance_500v2_1.10r6.cnf,all,500,550,158,158,0.12,1,998,142,11,total,1152.44,-1,112132096,15530196992,15642329088,-1,-1
instances/ratio_1000/instance_500v2_1.20r7.cnf,all,500,600,145,145,0.47,1,1000,110,15,read_instance,0.24707,-1,107937792,15534391296,15642329088,-1,-1
instances/ratio_1000/instance_500v2_1.20r7.cnf,all,500,600,145,145,0.47,1,1000,110,15,alloc_graph,0.176758,0.162208,110034944,15532294144,15642329088,-1,-1
instances/ratio_1000/instance_500v2_1.20r7.cnf,all,500,600,145,145,0.47,1,1000,110,15,scc,4.24048,4.24141,112132096,15530196992,15642329088,-1,-1
instances/ratio_1000/instance_500v2_1.20r7.cnf,all,500,600,145,145,0.47,1,1000,110,15,topo_sort,0.36084,0.360544,112132096,15530196992,15642329088,-1,-1
instances/ratio_1000/instance_500v2_1.20r7.cnf,all,500,600,145,145,0.47,1,1000,110,15,backbone,5.38086,5.38608,112132096,15530196992,15642329088,-1,-1
instances/ratio_1000/instance_500v2_1.20r7.cnf,all,500,600,145,145,0.47,1,1000,110,15,wcc,0.220215,0.219456,112132096,15530196992,15642329088,-1,-1
instances/ratio_1000/instance_500v2_1.20r7.cnf,all,500,600,145,145,0.47,1,1000,110,15,wcc_grouped,0.359619,0.359232,112132096,15530196992,15642329088,-1,-1
instances/ratio_1000/instance_500v2_1.20r7.cnf,all,500,600,145,145,0.47,1,1000,110,15,heuristic1,10.9885,10.9876,112132096,15530196992,15642329088,128,182
instances/ratio_1000/instance_500v2_1.20r7.cnf,all,500,600,145,145,0.47,1,1000,110,15,heuristic2,9.32471,9.32426,112132096,15530196992,15642329088,118,171
instances/ratio_1000/instance_500v2_1.20r7.cnf,all,500,600,145,145,0.47,1,1000,110,15,heuristic3,13.8132,13.8132,112132096,15530196992,15642329088,120,173
instances/ratio_1000/instance_500v2_1.20r7.cnf,all,500,600,145,145,0.47,1,1000,110,15,heuristic4,1130.46,1130.47,112132096,15530196992,15642329088,111,164
instances/ratio_1000/instance_500v2_1.20r7.cnf,all,500,600,145,145,0.47,1,1000,110,15,cleanup_device,0.0393066,0.039168,112132096,15530196992,15642329088,-1,-1
instances/ratio_1000/instance_500v2_1.20r7.cnf,all,500,600,145,145,0.47,1,1000,110,15,total,1176.23,-1,112132096,15530196992,15642329088,-1,-1
instances/ratio_1000/instance_500v2_1.30r8.cnf,all,500,650,137,137,9.06,1,982,106,19,read_instance,0.261719,-1,107937792,15534391296,15642329088,-1,-1
instances/ratio_1000/instance_500v2_1.30r8.cnf,all,500,650,137,137,9.06,1,982,106,19,alloc_graph,0.181396,0.163648,110034944,15532294144,15642329088,-1,-1
instances/ratio_1000/instance_500v2_1.30r8.cnf,all,500,650,137,137,9.06,1,982,106,19,scc,3.83521,3.83725,112132096,15530196992,15642329088,-1,-1
instances/ratio_1000/instance_500v2_1.30r8.cnf,all,500,650,137,137,9.06,1,982,106,19,topo_sort,0.41626,0.414944,112132096,15530196992,15642329088,-1,-1
instances/ratio_1000/instance_500v2_1.30r8.cnf,all,500,650,137,137,9.06,1,982,106,19,backbone,5.25928,5.26525,112132096,15530196992,15642329088,-1,-1
instances/ratio_1000/instance_500v2_1.30r8.cnf,all,500,650,137,137,9.06,1,982,106,19,wcc,0.204834,0.204544,112132096,15530196992,15642329088,-1,-1
instances/ratio_1000/instance_500v2_1.30r8.cnf,all,500,650,137,137,9.06,1,982,106,19,wcc_grouped,0.370605,0.370624,112132096,15530196992,15642329088,-1,-1
instances/ratio_1000/instance_500v2_1.30r8.cnf,all,500,650,137,137,9.06,1,982,106,19,heuristic1,10.8079,10.8077,112132096,15530196992,15642329088,125,176
instances/ratio_1000/instance_500v2_1.30r8.cnf,all,500,650,137,137,9.06,1,982,106,19,heuristic2,8.40625,8.40611,112132096,15530196992,15642329088,106,158
instances/ratio_1000/instance_500v2_1.30r8.cnf,all,500,650,137,137,9.06,1,982,106,19,heuristic3,12.5696,12.5697,112132096,15530196992,15642329088,102,153
instances/ratio_1000/instance_500v2_1.30r8.cnf,all,500,650,137,137,9.06,1,982,106,19,heuristic4,1004.57,1004.58,112132096,15530196992,15642329088,99,150
instances/ratio_1000/instance_500v2_1.30r8.cnf,all,500,650,137,137,9.06,1,982,106,19,cleanup_device,0.043457,0.043328,112132096,15530196992,15642329088,-1,-1
instances/ratio_1000/instance_500v2_1.30r8.cnf,all,500,650,137,137,9.06,1,982,106,19,total,1047.59,-1,112132096,15530196992,15642329088,-1,-1
instances/ratio_1000/instance_500v2_1.40r9.cnf,all,500,700,123,123,81.75,1,998,70,19,read_instance,0.241699,-1,107937792,15534391296,15642329088,-1,-1
instances/ratio_1000/instance_500v2_1.40r9.cnf,all,500,700,123,123,81.75,1,998,70,19,alloc_graph,0.155518,0.141504,110034944,15532294144,15642329088,-1,-1
instances/ratio_1000/instance_500v2_1.40r9.cnf,all,500,700,123,123,81.75,1,998,70,19,scc,3.97046,3.97107,112132096,15530196992,15642329088,-1,-1
instances/ratio_1000/instance_500v2_1.40r9.cnf,all,500,700,123,123,81.75,1,998,70,19,topo_sort,0.437988,0.437792,112132096,15530196992,15642329088,-1,-1
instances/ratio_1000/instance_500v2_1.40r9.cnf,all,500,700,123,123,81.75,1,998,70,19,backbone,5.0769,5.08262,112132096,15530196992,15642329088,-1,-1
instances/ratio_1000/instance_500v2_1.40r9.cnf,all,500,700,123,123,81.75,1,998,70,19,wcc,0.210938,0.210752,112132096,15530196992,15642329088,-1,-1
instances/ratio_1000/instance_500v2_1.40r9.cnf,all,500,700,123,123,81.75,1,998,70,19,wcc_grouped,0.362549,0.362432,112132096,15530196992,15642329088,-1,-1
instances/ratio_1000/instance_500v2_1.40r9.cnf,all,500,700,123,123,81.75,1,998,70,19,heuristic1,11.2158,11.2156,112132096,15530196992,15642329088,131,165
instances/ratio_1000/instance_500v2_1.40r9.cnf,all,500,700,123,123,81.75,1,998,70,19,heuristic2,9.67798,9.6769,112132096,15530196992,15642329088,122,155
instances/ratio_1000/instance_500v2_1.40r9.cnf,all,500,700,123,123,81.75,1,998,70,19,heuristic3,13.2012,13.2011,112132096,15530196992,15642329088,117,150
instances/ratio_1000/instance_500v2_1.40r9.cnf,all,500,700,123,123,81.75,1,998,70,19,heuristic4,1034.86,1034.88,112132096,15530196992,15642329088,102,135
instances/ratio_1000/instance_500v2_1.40r9.cnf,all,500,700,123,123,81.75,1,998,70,19,cleanup_device,0.0441895,0.04384,112132096,15530196992,15642329088,-1,-1
instances/ratio_1000/instance_500v2_1.40r9.cnf,all,500,700,123,123,81.75,1,998,70,19,total,1080.07,-1,112132096,15530196992,15642329088,-1,-1
instances/ratio_1000/instance_500v2_1.50r10.cnf,all,500,750,110,127,150.04,1,1000,56,19,read_instance,0.261963,-1,107937792,15534391296,15642329088,-1,-1
instances/ratio_1000/instance_500v2_1.50r10.cnf,all,500,750,110,127,150.04,1,1000,56,19,alloc_graph,0.161377,0.147456,110034944,15532294144,15642329088,-1,-1
instances/ratio_1000/instance_500v2_1.50r10.cnf,all,500,750,110,127,150.04,1,1000,56,19,scc,3.93018,3.93171,112132096,15530196992,15642329088,-1,-1
instances/ratio_1000/instance_500v2_1.50r10.cnf,all,500,750,110,127,150.04,1,1000,56,19,topo_sort,0.424561,0.424064,112132096,15530196992,15642329088,-1,-1
instances/ratio_1000/instance_500v2_1.50r10.cnf,all,500,750,110,127,150.04,1,1000,56,19,backbone,5.60376,5.60915,112132096,15530196992,15642329088,-1,-1
instances/ratio_1000/instance_500v2_1.50r10.cnf,all,500,750,110,127,150.04,1,1000,56,19,wcc,0.204834,0.204736,112132096,15530196992,15642329088,-1,-1
instances/ratio_1000/instance_500v2_1.50r10.cnf,all,500,750,110,127,150.04,1,1000,56,19,wcc_grouped,0.398926,0.398752,112132096,15530196992,15642329088,-1,-1
instances/ratio_1000/instance_500v2_1.50r10.cnf,all,500,750,110,127,150.04,1,1000,56,19,heuristic1,11.958,11.958,112132096,15530196992,15642329088,136,162
instances/ratio_1000/instance_500v2_1.50r10.cnf,all,500,750,110,127,150.04,1,1000,56,19,heuristic2,8.56177,8.56061,112132096,15530196992,15642329088,103,129
instances/ratio_1000/instance_500v2_1.50r10.cnf,all,500,750,110,127,150.04,1,1000,56,19,heuristic3,12.302,12.3014,112132096,15530196992,15642329088,100,126
instances/ratio_1000/instance_500v2_1.50r10.cnf,all,500,750,110,127,150.04,1,1000,56,19,heuristic4,933.036,933.051,112132096,15530196992,15642329088,93,119
instances/ratio_1000/instance_500v2_1.50r10.cnf,all,500,750,110,127,150.04,1,1000,56,19,cleanup_device,0.0407715,0.040352,112132096,15530196992,15642329088,-1,-1
instances/ratio_1000/instance_500v2_1.50r10.cnf,all,500,750,110,127,150.04,1,1000,56,19,total,977.508,-1,112132096,15530196992,15642329088,-1,-1
instances/ratio_1000/instance_500v2_1.60r11.cnf,all,500,800,101,115,150.04,1,994,54,17,read_instance,0.272949,-1,107937792,15534391296,15642329088,-1,-1
instances/ratio_1000/instance_500v2_1.60r11.cnf,all,500,800,101,115,150.04,1,994,54,17,alloc_graph,0.176758,0.16384,110034944,15532294144,15642329088,-1,-1
instances/ratio_1000/instance_500v2_1.60r11.cnf,all,500,800,101,115,150.04,1,994,54,17,scc,3.92505,3.92595,112132096,15530196992,15642329088,-1,-1
instances/ratio_1000/instance_500v2_1.60r11.cnf,all,500,800,101,115,150.04,1,994,54,17,topo_sort,0.38916,0.38896,112132096,15530196992,15642329088,-1,-1
instances/ratio_1000/instance_500v2_1.60r11.cnf,all,500,800,101,115,150.04,1,994,54,17,backbone,5.2561,5.26154,112132096,15530196992,15642329088,-1,-1
instances/ratio_1000/instance_500v2_1.60r11.cnf,all,500,800,101,115,150.04,1,994,54,17,wcc,0.197998,0.198016,112132096,15530196992,15642329088,-1,-1
instances/ratio_1000/instance_500v2_1.60r11.cnf,all,500,800,101,115,150.04,1,994,54,17,wcc_grouped,0.361328,0.362272,112132096,15530196992,15642329088,-1,-1
instances/ratio_1000/instance_500v2_1.60r11.cnf,all,500,800,101,115,150.04,1,994,54,17,heuristic1,10.3872,10.3863,112132096,15530196992,15642329088,119,144
instances/ratio_1000/instance_500v2_1.60r11.cnf,all,500,800,101,115,150.04,1,994,54,17,heuristic2,8.36914,8.36909,112132096,15530196992,15642329088,103,129
instances/ratio_1000/instance_500v2_1.60r11.cnf,all,500,800,101,115,150.04,1,994,54,17,heuristic3,11.665,11.664,112132096,15530196992,15642329088,100,125
instances/ratio_1000/instance_500v2_1.60r11.cnf,all,500,800,101,115,150.04,1,994,54,17,heuristic4,890.32,890.334,112132096,15530196992,15642329088,90,115
instances/ratio_1000/instance_500v2_1.60r11.cnf,all,500,800,101,115,150.04,1,994,54,17,cleanup_device,0.041748,0.041344,112132096,15530196992,15642329088,-1,-1
instances/ratio_1000/instance_500v2_1.60r11.cnf,all,500,800,101,115,150.04,1,994,54,17,total,931.969,-1,112132096,15530196992,15642329088,-1,-1
instances/ratio_1000/instance_500v2_1.70r12.cnf,all,500,850,102,121,150.04,1,998,58,15,read_instance,0.274414,-1,107937792,15534391296,15642329088,-1,-1
instances/ratio_1000/instance_500v2_1.70r12.cnf,all,500,850,102,121,150.04,1,998,58,15,alloc_graph,0.225098,0.207072,110034944,15532294144,15642329088,-1,-1
instances/ratio_1000/instance_500v2_1.70r12.cnf,all,500,850,102,121,150.04,1,998,58,15,scc,4.37207,4.37248,112132096,15530196992,15642329088,-1,-1
instances/ratio_1000/instance_500v2_1.70r12.cnf,all,500,850,102,121,150.04,1,998,58,15,topo_sort,0.358887,0.35792,112132096,15530196992,15642329088,-1,-1
instances/ratio_1000/instance_500v2_1.70r12.cnf,all,500,850,102,121,150.04,1,998,58,15,backbone,5.14526,5.15085,112132096,15530196992,15642329088,-1,-1
instances/ratio_1000/instance_500v2_1.70r12.cnf,all,500,850,102,121,150.04,1,998,58,15,wcc,0.203857,0.20288,112132096,15530196992,15642329088,-1,-1
instances/ratio_1000/instance_500v2_1.70r12.cnf,all,500,850,102,121,150.04,1,998,58,15,wcc_grouped,0.347168,0.347584,112132096,15530196992,15642329088,-1,-1
instances/ratio_1000/instance_500v2_1.70r12.cnf,all,500,850,102,121,150.04,1,998,58,15,heuristic1,10.4856,10.485,112132096,15530196992,15642329088,126,153
instances/ratio_1000/instance_500v2_1.70r12.cnf,all,500,850,102,121,150.04,1,998,58,15,heuristic2,8.33105,8.33046,112132096,15530196992,15642329088,100,127
instances/ratio_1000/instance_500v2_1.70r12.cnf,all,500,850,102,121,150.04,1,998,58,15,heuristic3,11.6228,11.6224,112132096,15530196992,15642329088,103,130
instances/ratio_1000/instance_500v2_1.70r12.cnf,all,500,850,102,121,150.04,1,998,58,15,heuristic4,871.36,871.373,112132096,15530196992,15642329088,88,115
instances/ratio_1000/instance_500v2_1.70r12.cnf,all,500,850,102,121,150.04,1,998,58,15,cleanup_device,0.0678711,0.067904,112132096,15530196992,15642329088,-1,-1
instances/ratio_1000/instance_500v2_1.70r12.cnf,all,500,850,102,121,150.04,1,998,58,15,total,913.419,-1,112132096,15530196992,15642329088,-1,-1
instances/ratio_1000/instance_500v2_1.80r13.cnf,all,500,900,83,102,150.05,1,1000,40,30,read_instance,0.327393,-1,107937792,15534391296,15642329088,-1,-1
instances/ratio_1000/instance_500v2_1.80r13.cnf,all,500,900,83,102,150.05,1,1000,40,30,alloc_graph,0.174316,0.159808,110034944,15532294144,15642329088,-1,-1
instances/ratio_1000/instance_500v2_1.80r13.cnf,all,500,900,83,102,150.05,1,1000,40,30,scc,4.06201,4.06317,112132096,15530196992,15642329088,-1,-1
instances/ratio_1000/instance_500v2_1.80r13.cnf,all,500,900,83,102,150.05,1,1000,40,30,topo_sort,0.635986,0.6352,112132096,15530196992,15642329088,-1,-1
instances/ratio_1000/instance_500v2_1.80r13.cnf,all,500,900,83,102,150.05,1,1000,40,30,backbone,5.42358,5.42934,112132096,15530196992,15642329088,-1,-1
instances/ratio_1000/instance_500v2_1.80r13.cnf,all,500,900,83,102,150.05,1,1000,40,30,wcc,0.220703,0.220768,112132096,15530196992,15642329088,-1,-1
instances/ratio_1000/instance_500v2_1.80r13.cnf,all,500,900,83,102,150.05,1,1000,40,30,wcc_grouped,0.369141,0.369024,112132096,15530196992,15642329088,-1,-1
instances/ratio_1000/instance_500v2_1.80r13.cnf,all,500,900,83,102,150.05,1,1000,40,30,heuristic1,10.0925,10.0925,112132096,15530196992,15642329088,107,125
instances/ratio_1000/instance_500v2_1.80r13.cnf,all,500,900,83,102,150.05,1,1000,40,30,heuristic2,7.90967,7.90819,112132096,15530196992,15642329088,97,115
instances/ratio_1000/instance_500v2_1.80r13.cnf,all,500,900,83,102,150.05,1,1000,40,30,heuristic3,12.2144,12.2138,112132096,15530196992,15642329088,98,116
instances/ratio_1000/instance_500v2_1.80r13.cnf,all,500,900,83,102,150.05,1,1000,40,30,heuristic4,830.538,830.55,112132096,15530196992,15642329088,84,102
instances/ratio_1000/instance_500v2_1.80r13.cnf,all,500,900,83,102,150.05,1,1000,40,30,cleanup_device,0.0388184,0.038752,112132096,15530196992,15642329088,-1,-1
instances/ratio_1000/instance_500v2_1.80r13.cnf,all,500,900,83,102,150.05,1,1000,40,30,total,872.627,-1,112132096,15530196992,15642329088,-1,-1
instances/ratio_1000/instance_500v2_1.90r14.cnf,all,500,950,94,94,57.38,1,996,56,52,read_instance,0.332764,-1,107937792,15534391296,15642329088,-1,-1
instances/ratio_1000/instance_500v2_1.90r14.cnf,all,500,950,94,94,57.38,1,996,56,52,alloc_graph,0.161621,0.14704,110034944,15532294144,15642329088,-1,-1
instances/ratio_1000/instance_500v2_1.90r14.cnf,all,500,950,94,94,57.38,1,996,56,52,scc,3.89453,3.8953,112132096,15530196992,15642329088,-1,-1
instances/ratio_1000/instance_500v2_1.90r14.cnf,all,500,950,94,94,57.38,1,996,56,52,topo_sort,1.00488,1.00576,112132096,15530196992,15642329088,-1,-1
instances/ratio_1000/instance_500v2_1.90r14.cnf,all,500,950,94,94,57.38,1,996,56,52,backbone,5.25488,5.26051,112132096,15530196992,15642329088,-1,-1
instances/ratio_1000/instance_500v2_1.90r14.cnf,all,500,950,94,94,57.38,1,996,56,52,wcc,0.195068,0.195072,112132096,15530196992,15642329088,-1,-1
instances/ratio_1000/instance_500v2_1.90r14.cnf,all,500,950,94,94,57.38,1,996,56,52,wcc_grouped,0.359131,0.35984,112132096,15530196992,15642329088,-1,-1
instances/ratio_1000/instance_500v2_1.90r14.cnf,all,500,950,94,94,57.38,1,996,56,52,heuristic1,9.40088,9.40032,112132096,15530196992,15642329088,108,134
instances/ratio_1000/instance_500v2_1.90r14.cnf,all,500,950,94,94,57.38,1,996,56,52,heuristic2,6.88232,6.8815,112132096,15530196992,15642329088,84,110
instances/ratio_1000/instance_500v2_1.90r14.cnf,all,500,950,94,94,57.38,1,996,56,52,heuristic3,11.5962,11.5952,112132096,15530196992,15642329088,95,121
instances/ratio_1000/instance_500v2_1.90r14.cnf,all,500,950,94,94,57.38,1,996,56,52,heuristic4,857.155,857.167,112132096,15530196992,15642329088,87,113
instances/ratio_1000/instance_500v2_1.90r14.cnf,all,500,950,94,94,57.38,1,996,56,52,cleanup_device,0.0427246,0.0424,112132096,15530196992,15642329088,-1,-1
instances/ratio_1000/instance_500v2_1.90r14.cnf,all,500,950,94,94,57.38,1,996,56,52,total,896.918,-1,112132096,15530196992,15642329088,-1,-1
instances/ratio_1000/instance_500v2_2.00r15.cnf,all,500,1000,88,95,150.04,1,990,32,26,read_instance,0.302002,-1,107937792,15534391296,15642329088,-1,-1
instances/ratio_1000/instance_500v2_2.00r15.cnf,all,500,1000,88,95,150.04,1,990,32,26,alloc_graph,0.165039,0.15152,110034944,15532294144,15642329088,-1,-1
instances/ratio_1000/instance_500v2_2.00r15.cnf,all,500,1000,88,95,150.04,1,990,32,26,scc,4.07031,4.07142,112132096,15530196992,15642329088,-1,-1
instances/ratio_1000/instance_500v2_2.00r15.cnf,all,500,1000,88,95,150.04,1,990,32,26,topo_sort,0.548828,0.547392,112132096,15530196992,15642329088,-1,-1
instances/ratio_1000/instance_500v2_2.00r15.cnf,all,500,1000,88,95,150.04,1,990,32,26,backbone,5.20239,5.20842,112132096,15530196992,15642329088,-1,-1
instances/ratio_1000/instance_500v2_2.00r15.cnf,all,500,1000,88,95,150.04,1,990,32,26,wcc,0.260742,0.261792,112132096,15530196992,15642329088,-1,-1
instances/ratio_1000/instance_500v2_2.00r15.cnf,all,500,1000,88,95,150.04,1,990,32,26,wcc_grouped,0.368408,0.36752,112132096,15530196992,15642329088,-1,-1
instances/ratio_1000/instance_500v2_2.00r15.cnf,all,500,1000,88,95,150.04,1,990,32,26,heuristic1,11.6606,11.6606,112132096,15530196992,15642329088,119,133
instances/ratio_1000/instance_500v2_2.00r15.cnf,all,500,1000,88,95,150.04,1,990,32,26,heuristic2,7.73804,7.73738,112132096,15530196992,15642329088,96,110
instances/ratio_1000/instance_500v2_2.00r15.cnf,all,500,1000,88,95,150.04,1,990,32,26,heuristic3,11.1533,11.1536,112132096,15530196992,15642329088,90,104
instances/ratio_1000/instance_500v2_2.00r15.cnf,all,500,1000,88,95,150.04,1,990,32,26,heuristic4,856.376,856.389,112132096,15530196992,15642329088,87,101
instances/ratio_1000/instance_500v2_2.00r15.cnf,all,500,1000,88,95,150.04,1,990,32,26,cleanup_device,0.0412598,0.041088,112132096,15530196992,15642329088,-1,-1
instances/ratio_1000/instance_500v2_2.00r15.cnf,all,500,1000,88,95,150.04,1,990,32,26,total,898.565,-1,112132096,15530196992,15642329088,-1,-1
instances/ratio_1000/instance_500v2_2.10r16.cnf,all,500,1050,73,91,150.05,1,998,38,41,read_instance,0.363281,-1,107937792,15534391296,15642329088,-1,-1
instances/ratio_1000/instance_500v2_2.10r16.cnf,all,500,1050,73,91,150.05,1,998,38,41,alloc_graph,0.172852,0.159072,110034944,15532294144,15642329088,-1,-1
instances/ratio_1000/instance_500v2_2.10r16.cnf,all,500,1050,73,91,150.05,1,998,38,41,scc,4.22705,4.22813,112132096,15530196992,15642329088,-1,-1
instances/ratio_1000/instance_500v2_2.10r16.cnf,all,500,1050,73,91,150.05,1,998,38,41,topo_sort,0.811035,0.81072,112132096,15530196992,15642329088,-1,-1
instances/ratio_1000/instance_500v2_2.10r16.cnf,all,500,1050,73,91,150.05,1,998,38,41,backbone,5.26123,5.26442,112132096,15530196992,15642329088,-1,-1
instances/ratio_1000/instance_500v2_2.10r16.cnf,all,500,1050,73,91,150.05,1,998,38,41,wcc,0.189209,0.188896,112132096,15530196992,15642329088,-1,-1
instances/ratio_1000/instance_500v2_2.10r16.cnf,all,500,1050,73,91,150.05,1,998,38,41,wcc_grouped,0.358398,0.3584,112132096,15530196992,15642329088,-1,-1
instances/ratio_1000/instance_500v2_2.10r16.cnf,all,500,1050,73,91,150.05,1,998,38,41,heuristic1,9.24048,9.24026,112132096,15530196992,15642329088,105,123
instances/ratio_1000/instance_500v2_2.10r16.cnf,all,500,1050,73,91,150.05,1,998,38,41,heuristic2,7.87134,7.8696,112132096,15530196992,15642329088,92,109
instances/ratio_1000/instance_500v2_2.10r16.cnf,all,500,1050,73,91,150.05,1,998,38,41,heuristic3,10.9058,10.9051,112132096,15530196992,15642329088,82,99
instances/ratio_1000/instance_500v2_2.10r16.cnf,all,500,1050,73,91,150.05,1,998,38,41,heuristic4,698.176,698.187,112132096,15530196992,15642329088,73,90
instances/ratio_1000/instance_500v2_2.10r16.cnf,all,500,1050,73,91,150.05,1,998,38,41,cleanup_device,0.0422363,0.042176,112132096,15530196992,15642329088,-1,-1
instances/ratio_1000/instance_500v2_2.10r16.cnf,all,500,1050,73,91,150.05,1,998,38,41,total,738.266,-1,112132096,15530196992,15642329088,-1,-1
instances/ratio_1000/instance_500v2_2.20r17.cnf,all,500,1100,68,68,0.82,1,978,38,56,read_instance,0.380859,-1,107937792,15534391296,15642329088,-1,-1
instances/ratio_1000/instance_500v2_2.20r17.cnf,all,500,1100,68,68,0.82,1,978,38,56,alloc_graph,0.232178,0.217536,110034944,15532294144,15642329088,-1,-1
instances/ratio_1000/instance_500v2_2.20r17.cnf,all,500,1100,68,68,0.82,1,978,38,56,scc,4.70117,4.70202,112132096,15530196992,15642329088,-1,-1
instances/ratio_1000/instance_500v2_2.20r17.cnf,all,500,1100,68,68,0.82,1,978,38,56,topo_sort,1.11353,1.11187,112132096,15530196992,15642329088,-1,-1
instances/ratio_1000/instance_500v2_2.20r17.cnf,all,500,1100,68,68,0.82,1,978,38,56,backbone,5.95728,5.96371,112132096,15530196992,15642329088,-1,-1
instances/ratio_1000/instance_500v2_2.20r17.cnf,all,500,1100,68,68,0.82,1,978,38,56,wcc,0.226318,0.225024,112132096,15530196992,15642329088,-1,-1
instances/ratio_1000/instance_500v2_2.20r17.cnf,all,500,1100,68,68,0.82,1,978,38,56,wcc_grouped,0.39502,0.395168,112132096,15530196992,15642329088,-1,-1
instances/ratio_1000/instance_500v2_2.20r17.cnf,all,500,1100,68,68,0.82,1,978,38,56,heuristic1,9.09106,9.08989,112132096,15530196992,15642329088,91,108
instances/ratio_1000/instance_500v2_2.20r17.cnf,all,500,1100,68,68,0.82,1,978,38,56,heuristic2,6.0105,6.00938,112132096,15530196992,15642329088,71,88
instances/ratio_1000/instance_500v2_2.20r17.cnf,all,500,1100,68,68,0.82,1,978,38,56,heuristic3,9.51514,9.5143,112132096,15530196992,15642329088,69,86
instances/ratio_1000/instance_500v2_2.20r17.cnf,all,500,1100,68,68,0.82,1,978,38,56,heuristic4,608.901,608.91,112132096,15530196992,15642329088,65,82
instances/ratio_1000/instance_500v2_2.20r17.cnf,all,500,1100,68,68,0.82,1,978,38,56,cleanup_device,0.0402832,0.040288,112132096,15530196992,15642329088,-1,-1
instances/ratio_1000/instance_500v2_2.20r17.cnf,all,500,1100,68,68,0.82,1,978,38,56,total,647.265,-1,112132096,15530196992,15642329088,-1,-1
instances/ratio_1000/instance_500v2_2.30r18.cnf,all,500,1150,75,75,1.04,1,886,30,26,read_instance,0.399902,-1,107937792,15534391296,15642329088,-1,-1
instances/ratio_1000/instance_500v2_2.30r18.cnf,all,500,1150,75,75,1.04,1,886,30,26,alloc_graph,0.168457,0.15264,110034944,15532294144,15642329088,-1,-1
instances/ratio_1000/instance_500v2_2.30r18.cnf,all,500,1150,75,75,1.04,1,886,30,26,scc,4.61792,4.61824,112132096,15530196992,15642329088,-1,-1
instances/ratio_1000/instance_500v2_2.30r18.cnf,all,500,1150,75,75,1.04,1,886,30,26,topo_sort,0.601562,0.600448,112132096,15530196992,15642329088,-1,-1
instances/ratio_1000/instance_500v2_2.30r18.cnf,all,500,1150,75,75,1.04,1,886,30,26,backbone,5.15332,5.1585,112132096,15530196992,15642329088,-1,-1
instances/ratio_1000/instance_500v2_2.30r18.cnf,all,500,1150,75,75,1.04,1,886,30,26,wcc,0.21582,0.215584,112132096,15530196992,15642329088,-1,-1
instances/ratio_1000/instance_500v2_2.30r18.cnf,all,500,1150,75,75,1.04,1,886,30,26,wcc_grouped,0.352539,0.352256,112132096,15530196992,15642329088,-1,-1
instances/ratio_1000/instance_500v2_2.30r18.cnf,all,500,1150,75,75,1.04,1,886,30,26,heuristic1,8.00171,8.00099,112132096,15530196992,15642329088,87,100
instances/ratio_1000/instance_500v2_2.30r18.cnf,all,500,1150,75,75,1.04,1,886,30,26,heuristic2,6.42285,6.42237,112132096,15530196992,15642329088,78,91
instances/ratio_1000/instance_500v2_2.30r18.cnf,all,500,1150,75,75,1.04,1,886,30,26,heuristic3,9.67847,9.67779,112132096,15530196992,15642329088,75,88
instances/ratio_1000/instance_500v2_2.30r18.cnf,all,500,1150,75,75,1.04,1,886,30,26,heuristic4,711.595,711.606,112132096,15530196992,15642329088,73,86
instances/ratio_1000/instance_500v2_2.30r18.cnf,all,500,1150,75,75,1.04,1,886,30,26,cleanup_device,0.0415039,0.041344,112132096,15530196992,15642329088,-1,-1
instances/ratio_1000/instance_500v2_2.30r18.cnf,all,500,1150,75,75,1.04,1,886,30,26,total,747.827,-1,112132096,15530196992,15642329088,-1,-1
instances/ratio_1000/instance_500v2_2.40r19.cnf,all,500,1200,74,74,0.09,1,886,42,50,read_instance,0.356689,-1,107937792,15534391296,15642329088,-1,-1
instances/ratio_1000/instance_500v2_2.40r19.cnf,all,500,1200,74,74,0.09,1,886,42,50,alloc_graph,0.186035,0.17408,110034944,15532294144,15642329088,-1,-1
instances/ratio_1000/instance_500v2_2.40r19.cnf,all,500,1200,74,74,0.09,1,886,42,50,scc,4.53735,4.53834,112132096,15530196992,15642329088,-1,-1
instances/ratio_1000/instance_500v2_2.40r19.cnf,all,500,1200,74,74,0.09,1,886,42,50,topo_sort,1.04736,1.04694,112132096,15530196992,15642329088,-1,-1
instances/ratio_1000/instance_500v2_2.40r19.cnf,all,500,1200,74,74,0.09,1,886,42,50,backbone,5.16211,5.1687,112132096,15530196992,15642329088,-1,-1
instances/ratio_1000/instance_500v2_2.40r19.cnf,all,500,1200,74,74,0.09,1,886,42,50,wcc,0.218018,0.21712,112132096,15530196992,15642329088,-1,-1
instances/ratio_1000/instance_500v2_2.40r19.cnf,all,500,1200,74,74,0.09,1,886,42,50,wcc_grouped,0.369385,0.370208,112132096,15530196992,15642329088,-1,-1
instances/ratio_1000/instance_500v2_2.40r19.cnf,all,500,1200,74,74,0.09,1,886,42,50,heuristic1,7.10864,7.10736,112132096,15530196992,15642329088,81,101
instances/ratio_1000/instance_500v2_2.40r19.cnf,all,500,1200,74,74,0.09,1,886,42,50,heuristic2,5.85376,5.8528,112132096,15530196992,15642329088,71,90
instances/ratio_1000/instance_500v2_2.40r19.cnf,all,500,1200,74,74,0.09,1,886,42,50,heuristic3,9.77197,9.77142,112132096,15530196992,15642329088,70,89
instances/ratio_1000/instance_500v2_2.40r19.cnf,all,500,1200,74,74,0.09,1,886,42,50,heuristic4,584.616,584.625,112132096,15530196992,15642329088,63,82
instances/ratio_1000/instance_500v2_2.40r19.cnf,all,500,1200,74,74,0.09,1,886,42,50,cleanup_device,0.0427246,0.043072,112132096,15530196992,15642329088,-1,-1
instances/ratio_1000/instance_500v2_2.40r19.cnf,all,500,1200,74,74,0.09,1,886,42,50,total,619.974,-1,112132096,15530196992,15642329088,-1,-1
instances/ratio_1000/instance_500v2_2.50r20.cnf,all,500,1250,69,69,0.29,1,910,34,60,read_instance,0.377197,-1,107937792,15534391296,15642329088,-1,-1
instances/ratio_1000/instance_500v2_2.50r20.cnf,all,500,1250,69,69,0.29,1,910,34,60,alloc_graph,0.196777,0.18432,110034944,15532294144,15642329088,-1,-1
instances/ratio_1000/instance_500v2_2.50r20.cnf,all,500,1250,69,69,0.29,1,910,34,60,scc,4.68506,4.68582,112132096,15530196992,15642329088,-1,-1
instances/ratio_1000/instance_500v2_2.50r20.cnf,all,500,1250,69,69,0.29,1,910,34,60,topo_sort,1.24683,1.2457,112132096,15530196992,15642329088,-1,-1
instances/ratio_1000/instance_500v2_2.50r20.cnf,all,500,1250,69,69,0.29,1,910,34,60,backbone,5.4231,5.42922,112132096,15530196992,15642329088,-1,-1
instances/ratio_1000/instance_500v2_2.50r20.cnf,all,500,1250,69,69,0.29,1,910,34,60,wcc,0.230225,0.230976,112132096,15530196992,15642329088,-1,-1
instances/ratio_1000/instance_500v2_2.50r20.cnf,all,500,1250,69,69,0.29,1,910,34,60,wcc_grouped,0.378662,0.377536,112132096,15530196992,15642329088,-1,-1
instances/ratio_1000/instance_500v2_2.50r20.cnf,all,500,1250,69,69,0.29,1,910,34,60,heuristic1,6.89258,6.89299,112132096,15530196992,15642329088,73,88
instances/ratio_1000/instance_500v2_2.50r20.cnf,all,500,1250,69,69,0.29,1,910,34,60,heuristic2,5.91528,5.91478,112132096,15530196992,15642329088,73,88
instances/ratio_1000/instance_500v2_2.50r20.cnf,all,500,1250,69,69,0.29,1,910,34,60,heuristic3,9.8064,9.80598,112132096,15530196992,15642329088,68,83
instances/ratio_1000/instance_500v2_2.50r20.cnf,all,500,1250,69,69,0.29,1,910,34,60,heuristic4,632.077,632.086,112132096,15530196992,15642329088,66,81
instances/ratio_1000/instance_500v2_2.50r20.cnf,all,500,1250,69,69,0.29,1,910,34,60,cleanup_device,0.0422363,0.042048,112132096,15530196992,15642329088,-1,-1
instances/ratio_1000/instance_500v2_2.50r20.cnf,all,500,1250,69,69,0.29,1,910,34,60,total,667.885,-1,112132096,15530196992,15642329088,-1,-1
instances/ratio_1000/instance_500v2_2.60r21.cnf,all,500,1300,73,73,6.5,1,890,24,45,read_instance,0.378174,-1,107937792,15534391296,15642329088,-1,-1
instances/ratio_1000/instance_500v2_2.60r21.cnf,all,500,1300,73,73,6.5,1,890,24,45,alloc_graph,0.179199,0.164928,110034944,15532294144,15642329088,-1,-1
instances/ratio_1000/instance_500v2_2.60r21.cnf,all,500,1300,73,73,6.5,1,890,24,45,scc,4.52393,4.52515,112132096,15530196992,15642329088,-1,-1
instances/ratio_1000/instance_500v2_2.60r21.cnf,all,500,1300,73,73,6.5,1,890,24,45,topo_sort,0.99585,0.995968,112132096,15530196992,15642329088,-1,-1
instances/ratio_1000/instance_500v2_2.60r21.cnf,all,500,1300,73,73,6.5,1,890,24,45,backbone,5.16357,5.16829,112132096,15530196992,15642329088,-1,-1
instances/ratio_1000/instance_500v2_2.60r21.cnf,all,500,1300,73,73,6.5,1,890,24,45,wcc,0.203125,0.20272,112132096,15530196992,15642329088,-1,-1
instances/ratio_1000/instance_500v2_2.60r21.cnf,all,500,1300,73,73,6.5,1,890,24,45,wcc_grouped,0.35083,0.35136,112132096,15530196992,15642329088,-1,-1
instances/ratio_1000/instance_500v2_2.60r21.cnf,all,500,1300,73,73,6.5,1,890,24,45,heuristic1,7.08472,7.08419,112132096,15530196992,15642329088,79,89
instances/ratio_1000/instance_500v2_2.60r21.cnf,all,500,1300,73,73,6.5,1,890,24,45,heuristic2,5.82861,5.8273,112132096,15530196992,15642329088,72,82
instances/ratio_1000/instance_500v2_2.60r21.cnf,all,500,1300,73,73,6.5,1,890,24,45,heuristic3,9.6626,9.6615,112132096,15530196992,15642329088,70,80
instances/ratio_1000/instance_500v2_2.60r21.cnf,all,500,1300,73,73,6.5,1,890,24,45,heuristic4,653.173,653.183,112132096,15530196992,15642329088,69,79
instances/ratio_1000/instance_500v2_2.60r21.cnf,all,500,1300,73,73,6.5,1,890,24,45,cleanup_device,0.0446777,0.044032,112132096,15530196992,15642329088,-1,-1
instances/ratio_1000/instance_500v2_2.60r21.cnf,all,500,1300,73,73,6.5,1,890,24,45,total,688.2,-1,112132096,15530196992,15642329088,-1,-1
instances/ratio_1000/instance_500v2_2.70r22.cnf,all,500,1350,59,59,0.98,1,818,24,39,read_instance,0.422119,-1,107937792,15534391296,15642329088,-1,-1
instances/ratio_1000/instance_500v2_2.70r22.cnf,all,500,1350,59,59,0.98,1,818,24,39,alloc_graph,0.167969,0.158112,110034944,15532294144,15642329088,-1,-1
instances/ratio_1000/instance_500v2_2.70r22.cnf,all,500,1350,59,59,0.98,1,818,24,39,scc,4.73389,4.73606,112132096,15530196992,15642329088,-1,-1
instances/ratio_1000/instance_500v2_2.70r22.cnf,all,500,1350,59,59,0.98,1,818,24,39,topo_sort,0.854492,0.853632,112132096,15530196992,15642329088,-1,-1
instances/ratio_1000/instance_500v2_2.70r22.cnf,all,500,1350,59,59,0.98,1,818,24,39,backbone,5.20874,5.21354,112132096,15530196992,15642329088,-1,-1
instances/ratio_1000/instance_500v2_2.70r22.cnf,all,500,1350,59,59,0.98,1,818,24,39,wcc,0.191406,0.19056,112132096,15530196992,15642329088,-1,-1
instances/ratio_1000/instance_500v2_2.70r22.cnf,all,500,1350,59,59,0.98,1,818,24,39,wcc_grouped,0.422852,0.423936,112132096,15530196992,15642329088,-1,-1
instances/ratio_1000/instance_500v2_2.70r22.cnf,all,500,1350,59,59,0.98,1,818,24,39,heuristic1,7.26587,7.26525,112132096,15530196992,15642329088,69,79
instances/ratio_1000/instance_500v2_2.70r22.cnf,all,500,1350,59,59,0.98,1,818,24,39,heuristic2,5.03076,5.02957,112132096,15530196992,15642329088,59,69
instances/ratio_1000/instance_500v2_2.70r22.cnf,all,500,1350,59,59,0.98,1,818,24,39,heuristic3,8.85596,8.85475,112132096,15530196992,15642329088,66,76
instances/ratio_1000/instance_500v2_2.70r22.cnf,all,500,1350,59,59,0.98,1,818,24,39,heuristic4,605.09,605.099,112132096,15530196992,15642329088,64,74
instances/ratio_1000/instance_500v2_2.70r22.cnf,all,500,1350,59,59,0.98,1,818,24,39,cleanup_device,0.0410156,0.041024,112132096,15530196992,15642329088,-1,-1
instances/ratio_1000/instance_500v2_2.70r22.cnf,all,500,1350,59,59,0.98,1,818,24,39,total,638.897,-1,112132096,15530196992,15642329088,-1,-1
instances/ratio_1000/instance_500v2_2.80r23.cnf,all,500,1400,64,64,0.09,1,718,46,38,read_instance,0.547607,-1,107937792,15534391296,15642329088,-1,-1
instances/ratio_1000/instance_500v2_2.80r23.cnf,all,500,1400,64,64,0.09,1,718,46,38,alloc_graph,0.199463,0.186528,110034944,15532294144,15642329088,-1,-1
instances/ratio_1000/instance_500v2_2.80r23.cnf,all,500,1400,64,64,0.09,1,718,46,38,scc,4.32983,4.32947,112132096,15530196992,15642329088,-1,-1
instances/ratio_1000/instance_500v2_2.80r23.cnf,all,500,1400,64,64,0.09,1,718,46,38,topo_sort,0.85791,0.856576,112132096,15530196992,15642329088,-1,-1
instances/ratio_1000/instance_500v2_2.80r23.cnf,all,500,1400,64,64,0.09,1,718,46,38,backbone,5.46118,5.46432,112132096,15530196992,15642329088,-1,-1
instances/ratio_1000/instance_500v2_2.80r23.cnf,all,500,1400,64,64,0.09,1,718,46,38,wcc,0.218262,0.21744,112132096,15530196992,15642329088,-1,-1
instances/ratio_1000/instance_500v2_2.80r23.cnf,all,500,1400,64,64,0.09,1,718,46,38,wcc_grouped,0.3479,0.348064,112132096,15530196992,15642329088,-1,-1
instances/ratio_1000/instance_500v2_2.80r23.cnf,all,500,1400,64,64,0.09,1,718,46,38,heuristic1,5.74194,5.7416,112132096,15530196992,15642329088,64,85
instances/ratio_1000/instance_500v2_2.80r23.cnf,all,500,1400,64,64,0.09,1,718,46,38,heuristic2,4.39404,4.39254,112132096,15530196992,15642329088,53,75
instances/ratio_1000/instance_500v2_2.80r23.cnf,all,500,1400,64,64,0.09,1,718,46,38,heuristic3,8.0293,8.02918,112132096,15530196992,15642329088,53,74
instances/ratio_1000/instance_500v2_2.80r23.cnf,all,500,1400,64,64,0.09,1,718,46,38,heuristic4,487.32,487.327,112132096,15530196992,15642329088,53,74
instances/ratio_1000/instance_500v2_2.80r23.cnf,all,500,1400,64,64,0.09,1,718,46,38,cleanup_device,0.0429688,0.042752,112132096,15530196992,15642329088,-1,-1
instances/ratio_1000/instance_500v2_2.80r23.cnf,all,500,1400,64,64,0.09,1,718,46,38,total,518.097,-1,112132096,15530196992,15642329088,-1,-1
instances/ratio_1000/instance_500v2_2.90r24.cnf,all,500,1450,51,51,0.05,1,684,32,30,read_instance,0.422119,-1,107937792,15534391296,15642329088,-1,-1
instances/ratio_1000/instance_500v2_2.90r24.cnf,all,500,1450,51,51,0.05,1,684,32,30,alloc_graph,0.172607,0.15392,110034944,15532294144,15642329088,-1,-1
instances/ratio_1000/instance_500v2_2.90r24.cnf,all,500,1450,51,51,0.05,1,684,32,30,scc,4.49805,4.49882,112132096,15530196992,15642329088,-1,-1
instances/ratio_1000/instance_500v2_2.90r24.cnf,all,500,1450,51,51,0.05,1,684,32,30,topo_sort,0.717285,0.717504,112132096,15530196992,15642329088,-1,-1
instances/ratio_1000/instance_500v2_2.90r24.cnf,all,500,1450,51,51,0.05,1,684,32,30,backbone,5.31787,5.32378,112132096,15530196992,15642329088,-1,-1
instances/ratio_1000/instance_500v2_2.90r24.cnf,all,500,1450,51,51,0.05,1,684,32,30,wcc,0.198975,0.198816,112132096,15530196992,15642329088,-1,-1
instances/ratio_1000/instance_500v2_2.90r24.cnf,all,500,1450,51,51,0.05,1,684,32,30,wcc_grouped,0.343506,0.343488,112132096,15530196992,15642329088,-1,-1
instances/ratio_1000/instance_500v2_2.90r24.cnf,all,500,1450,51,51,0.05,1,684,32,30,heuristic1,4.85205,4.85216,112132096,15530196992,15642329088,52,66
instances/ratio_1000/instance_500v2_2.90r24.cnf,all,500,1450,51,51,0.05,1,684,32,30,heuristic2,4.06543,4.06454,112132096,15530196992,15642329088,50,64
instances/ratio_1000/instance_500v2_2.90r24.cnf,all,500,1450,51,51,0.05,1,684,32,30,heuristic3,7.42676,7.42573,112132096,15530196992,15642329088,46,60
instances/ratio_1000/instance_500v2_2.90r24.cnf,all,500,1450,51,51,0.05,1,684,32,30,heuristic4,362.112,362.117,112132096,15530196992,15642329088,43,57
instances/ratio_1000/instance_500v2_2.90r24.cnf,all,500,1450,51,51,0.05,1,684,32,30,cleanup_device,0.0429688,0.042592,112132096,15530196992,15642329088,-1,-1
instances/ratio_1000/instance_500v2_2.90r24.cnf,all,500,1450,51,51,0.05,1,684,32,30,total,390.766,-1,112132096,15530196992,15642329088,-1,-1
instances/ratio_1000/instance_500v2_3.00r25.cnf,all,500,1500,56,56,0.03,1,632,50,25,read_instance,0.468262,-1,107937792,15534391296,15642329088,-1,-1
instances/ratio_1000/instance_500v2_3.00r25.cnf,all,500,1500,56,56,0.03,1,632,50,25,alloc_graph,0.168945,0.1536,110034944,15532294144,15642329088,-1,-1
instances/ratio_1000/instance_500v2_3.00r25.cnf,all,500,1500,56,56,0.03,1,632,50,25,scc,4.55273,4.55312,112132096,15530196992,15642329088,-1,-1
instances/ratio_1000/instance_500v2_3.00r25.cnf,all,500,1500,56,56,0.03,1,632,50,25,topo_sort,0.655273,0.653728,112132096,15530196992,15642329088,-1,-1
instances/ratio_1000/instance_500v2_3.00r25.cnf,all,500,1500,56,56,0.03,1,632,50,25,backbone,5.08521,5.0905,112132096,15530196992,15642329088,-1,-1
instances/ratio_1000/instance_500v2_3.00r25.cnf,all,500,1500,56,56,0.03,1,632,50,25,wcc,0.208252,0.20864,112132096,15530196992,15642329088,-1,-1
instances/ratio_1000/instance_500v2_3.00r25.cnf,all,500,1500,56,56,0.03,1,632,50,25,wcc_grouped,0.361572,0.361472,112132096,15530196992,15642329088,-1,-1
instances/ratio_1000/instance_500v2_3.00r25.cnf,all,500,1500,56,56,0.03,1,632,50,25,heuristic1,4.6145,4.62771,112132096,15530196992,15642329088,51,75
instances/ratio_1000/instance_500v2_3.00r25.cnf,all,500,1500,56,56,0.03,1,632,50,25,heuristic2,3.50464,3.50323,112132096,15530196992,15642329088,44,67
instances/ratio_1000/instance_500v2_3.00r25.cnf,all,500,1500,56,56,0.03,1,632,50,25,heuristic3,6.73389,6.73274,112132096,15530196992,15642329088,42,65
instances/ratio_1000/instance_500v2_3.00r25.cnf,all,500,1500,56,56,0.03,1,632,50,25,heuristic4,312.887,312.892,112132096,15530196992,15642329088,38,61
instances/ratio_1000/instance_500v2_3.00r25.cnf,all,500,1500,56,56,0.03,1,632,50,25,cleanup_device,0.0532227,0.053088,112132096,15530196992,15642329088,-1,-1
instances/ratio_1000/instance_500v2_3.00r25.cnf,all,500,1500,56,56,0.03,1,632,50,25,total,339.942,-1,112132096,15530196992,15642329088,-1,-1
instances/ratio_1000/instance_500v2_3.10r26.cnf,all,500,1550,61,61,0.04,1,574,52,21,read_instance,0.42334,-1,107937792,15534391296,15642329088,-1,-1
instances/ratio_1000/instance_500v2_3.10r26.cnf,all,500,1550,61,61,0.04,1,574,52,21,alloc_graph,0.161865,0.1536,110034944,15532294144,15642329088,-1,-1
instances/ratio_1000/instance_500v2_3.10r26.cnf,all,500,1550,61,61,0.04,1,574,52,21,scc,4.57178,4.5721,112132096,15530196992,15642329088,-1,-1
instances/ratio_1000/instance_500v2_3.10r26.cnf,all,500,1550,61,61,0.04,1,574,52,21,topo_sort,0.578857,0.577792,112132096,15530196992,15642329088,-1,-1
instances/ratio_1000/instance_500v2_3.10r26.cnf,all,500,1550,61,61,0.04,1,574,52,21,backbone,5.26245,5.26778,112132096,15530196992,15642329088,-1,-1
instances/ratio_1000/instance_500v2_3.10r26.cnf,all,500,1550,61,61,0.04,1,574,52,21,wcc,0.217773,0.217088,112132096,15530196992,15642329088,-1,-1
instances/ratio_1000/instance_500v2_3.10r26.cnf,all,500,1550,61,61,0.04,1,574,52,21,wcc_grouped,0.365723,0.364992,112132096,15530196992,15642329088,-1,-1
instances/ratio_1000/instance_500v2_3.10r26.cnf,all,500,1550,61,61,0.04,1,574,52,21,heuristic1,4.83691,4.83622,112132096,15530196992,15642329088,52,76
instances/ratio_1000/instance_500v2_3.10r26.cnf,all,500,1550,61,61,0.04,1,574,52,21,heuristic2,3.59302,3.59165,112132096,15530196992,15642329088,42,66
instances/ratio_1000/instance_500v2_3.10r26.cnf,all,500,1550,61,61,0.04,1,574,52,21,heuristic3,7.83936,7.83923,112132096,15530196992,15642329088,46,70
instances/ratio_1000/instance_500v2_3.10r26.cnf,all,500,1550,61,61,0.04,1,574,52,21,heuristic4,327.366,327.372,112132096,15530196992,15642329088,40,64
instances/ratio_1000/instance_500v2_3.10r26.cnf,all,500,1550,61,61,0.04,1,574,52,21,cleanup_device,0.0454102,0.044736,112132096,15530196992,15642329088,-1,-1
instances/ratio_1000/instance_500v2_3.10r26.cnf,all,500,1550,61,61,0.04,1,574,52,21,total,355.92,-1,112132096,15530196992,15642329088,-1,-1
instances/ratio_1000/instance_500v2_3.20r27.cnf,all,500,1600,50,50,0.04,1,564,36,26,read_instance,0.484375,-1,107937792,15534391296,15642329088,-1,-1
instances/ratio_1000/instance_500v2_3.20r27.cnf,all,500,1600,50,50,0.04,1,564,36,26,alloc_graph,0.161621,0.147648,110034944,15532294144,15642329088,-1,-1
instances/ratio_1000/instance_500v2_3.20r27.cnf,all,500,1600,50,50,0.04,1,564,36,26,scc,4.73145,4.73264,112132096,15530196992,15642329088,-1,-1
instances/ratio_1000/instance_500v2_3.20r27.cnf,all,500,1600,50,50,0.04,1,564,36,26,topo_sort,0.664795,0.663776,112132096,15530196992,15642329088,-1,-1
instances/ratio_1000/instance_500v2_3.20r27.cnf,all,500,1600,50,50,0.04,1,564,36,26,backbone,5.0603,5.06592,112132096,15530196992,15642329088,-1,-1
instances/ratio_1000/instance_500v2_3.20r27.cnf,all,500,1600,50,50,0.04,1,564,36,26,wcc,0.194824,0.19456,112132096,15530196992,15642329088,-1,-1
instances/ratio_1000/instance_500v2_3.20r27.cnf,all,500,1600,50,50,0.04,1,564,36,26,wcc_grouped,0.371826,0.37232,112132096,15530196992,15642329088,-1,-1
instances/ratio_1000/instance_500v2_3.20r27.cnf,all,500,1600,50,50,0.04,1,564,36,26,heuristic1,4.35156,4.3513,112132096,15530196992,15642329088,45,61
instances/ratio_1000/instance_500v2_3.20r27.cnf,all,500,1600,50,50,0.04,1,564,36,26,heuristic2,3.73779,3.73533,112132096,15530196992,15642329088,47,64
instances/ratio_1000/instance_500v2_3.20r27.cnf,all,500,1600,50,50,0.04,1,564,36,26,heuristic3,6.7207,6.72003,112132096,15530196992,15642329088,41,57
instances/ratio_1000/instance_500v2_3.20r27.cnf,all,500,1600,50,50,0.04,1,564,36,26,heuristic4,337.139,337.144,112132096,15530196992,15642329088,41,57
instances/ratio_1000/instance_500v2_3.20r27.cnf,all,500,1600,50,50,0.04,1,564,36,26,cleanup_device,0.0439453,0.043392,112132096,15530196992,15642329088,-1,-1
instances/ratio_1000/instance_500v2_3.20r27.cnf,all,500,1600,50,50,0.04,1,564,36,26,total,364.25,-1,112132096,15530196992,15642329088,-1,-1
instances/ratio_1000/instance_500v2_3.30r28.cnf,all,500,1650,48,48,0.04,1,482,42,16,read_instance,0.564697,-1,107937792,15534391296,15642329088,-1,-1
instances/ratio_1000/instance_500v2_3.30r28.cnf,all,500,1650,48,48,0.04,1,482,42,16,alloc_graph,0.168213,0.15216,110034944,15532294144,15642329088,-1,-1
instances/ratio_1000/instance_500v2_3.30r28.cnf,all,500,1650,48,48,0.04,1,482,42,16,scc,4.18188,4.18237,112132096,15530196992,15642329088,-1,-1
instances/ratio_1000/instance_500v2_3.30r28.cnf,all,500,1650,48,48,0.04,1,482,42,16,topo_sort,0.467773,0.466912,112132096,15530196992,15642329088,-1,-1
instances/ratio_1000/instance_500v2_3.30r28.cnf,all,500,1650,48,48,0.04,1,482,42,16,backbone,5.29468,5.29997,112132096,15530196992,15642329088,-1,-1
instances/ratio_1000/instance_500v2_3.30r28.cnf,all,500,1650,48,48,0.04,1,482,42,16,wcc,0.212646,0.212992,112132096,15530196992,15642329088,-1,-1
instances/ratio_1000/instance_500v2_3.30r28.cnf,all,500,1650,48,48,0.04,1,482,42,16,wcc_grouped,0.374512,0.374048,112132096,15530196992,15642329088,-1,-1
instances/ratio_1000/instance_500v2_3.30r28.cnf,all,500,1650,48,48,0.04,1,482,42,16,heuristic1,3.51245,3.51114,112132096,15530196992,15642329088,39,60
instances/ratio_1000/instance_500v2_3.30r28.cnf,all,500,1650,48,48,0.04,1,482,42,16,heuristic2,2.85547,2.85446,112132096,15530196992,15642329088,34,57
instances/ratio_1000/instance_500v2_3.30r28.cnf,all,500,1650,48,48,0.04,1,482,42,16,heuristic3,6.57666,6.5761,112132096,15530196992,15642329088,32,53
instances/ratio_1000/instance_500v2_3.30r28.cnf,all,500,1650,48,48,0.04,1,482,42,16,heuristic4,246.379,246.382,112132096,15530196992,15642329088,32,53
instances/ratio_1000/instance_500v2_3.30r28.cnf,all,500,1650,48,48,0.04,1,482,42,16,cleanup_device,0.0437012,0.0432,112132096,15530196992,15642329088,-1,-1
instances/ratio_1000/instance_500v2_3.30r28.cnf,all,500,1650,48,48,0.04,1,482,42,16,total,271.212,-1,112132096,15530196992,15642329088,-1,-1
instances/ratio_1000/instance_500v2_3.40r29.cnf,all,500,1700,48,48,0.04,1,452,54,19,read_instance,0.556641,-1,107937792,15534391296,15642329088,-1,-1
instances/ratio_1000/instance_500v2_3.40r29.cnf,all,500,1700,48,48,0.04,1,452,54,19,alloc_graph,0.172363,0.1536,110034944,15532294144,15642329088,-1,-1
instances/ratio_1000/instance_500v2_3.40r29.cnf,all,500,1700,48,48,0.04,1,452,54,19,scc,4.15283,4.15462,112132096,15530196992,15642329088,-1,-1
instances/ratio_1000/instance_500v2_3.40r29.cnf,all,500,1700,48,48,0.04,1,452,54,19,topo_sort,0.520752,0.519808,112132096,15530196992,15642329088,-1,-1
instances/ratio_1000/instance_500v2_3.40r29.cnf,all,500,1700,48,48,0.04,1,452,54,19,backbone,5.01709,5.0232,112132096,15530196992,15642329088,-1,-1
instances/ratio_1000/instance_500v2_3.40r29.cnf,all,500,1700,48,48,0.04,1,452,54,19,wcc,0.219727,0.219136,112132096,15530196992,15642329088,-1,-1
instances/ratio_1000/instance_500v2_3.40r29.cnf,all,500,1700,48,48,0.04,1,452,54,19,wcc_grouped,0.401123,0.401408,112132096,15530196992,15642329088,-1,-1
instances/ratio_1000/instance_500v2_3.40r29.cnf,all,500,1700,48,48,0.04,1,452,54,19,heuristic1,2.80249,2.8016,112132096,15530196992,15642329088,28,55
instances/ratio_1000/instance_500v2_3.40r29.cnf,all,500,1700,48,48,0.04,1,452,54,19,heuristic2,2.16528,2.1639,112132096,15530196992,15642329088,26,52
instances/ratio_1000/instance_500v2_3.40r29.cnf,all,500,1700,48,48,0.04,1,452,54,19,heuristic3,5.3396,5.33942,112132096,15530196992,15642329088,26,52
instances/ratio_1000/instance_500v2_3.40r29.cnf,all,500,1700,48,48,0.04,1,452,54,19,heuristic4,225.762,225.765,112132096,15530196992,15642329088,25,51
instances/ratio_1000/instance_500v2_3.40r29.cnf,all,500,1700,48,48,0.04,1,452,54,19,cleanup_device,0.0432129,0.042912,112132096,15530196992,15642329088,-1,-1
instances/ratio_1000/instance_500v2_3.40r29.cnf,all,500,1700,48,48,0.04,1,452,54,19,total,247.723,-1,112132096,15530196992,15642329088,-1,-1
instances/ratio_1000/instance_500v2_3.50r30.cnf,all,500,1750,57,57,0.04,1,502,54,19,read_instance,0.511963,-1,107937792,15534391296,15642329088,-1,-1
instances/ratio_1000/instance_500v2_3.50r30.cnf,all,500,1750,57,57,0.04,1,502,54,19,alloc_graph,0.181641,0.167264,110034944,15532294144,15642329088,-1,-1
instances/ratio_1000/instance_500v2_3.50r30.cnf,all,500,1750,57,57,0.04,1,502,54,19,scc,4.25293,4.25482,112132096,15530196992,15642329088,-1,-1
instances/ratio_1000/instance_500v2_3.50r30.cnf,all,500,1750,57,57,0.04,1,502,54,19,topo_sort,0.523438,0.523072,112132096,15530196992,15642329088,-1,-1
instances/ratio_1000/instance_500v2_3.50r30.cnf,all,500,1750,57,57,0.04,1,502,54,19,backbone,5.09644,5.10141,112132096,15530196992,15642329088,-1,-1
instances/ratio_1000/instance_500v2_3.50r30.cnf,all,500,1750,57,57,0.04,1,502,54,19,wcc,0.224609,0.22528,112132096,15530196992,15642329088,-1,-1
instances/ratio_1000/instance_500v2_3.50r30.cnf,all,500,1750,57,57,0.04,1,502,54,19,wcc_grouped,0.367676,0.368576,112132096,15530196992,15642329088,-1,-1
instances/ratio_1000/instance_500v2_3.50r30.cnf,all,500,1750,57,57,0.04,1,502,54,19,heuristic1,3.94604,3.94515,112132096,15530196992,15642329088,45,70
instances/ratio_1000/instance_500v2_3.50r30.cnf,all,500,1750,57,57,0.04,1,502,54,19,heuristic2,3.42993,3.42963,112132096,15530196992,15642329088,44,70
instances/ratio_1000/instance_500v2_3.50r30.cnf,all,500,1750,57,57,0.04,1,502,54,19,heuristic3,6.03052,6.02883,112132096,15530196992,15642329088,37,62
instances/ratio_1000/instance_500v2_3.50r30.cnf,all,500,1750,57,57,0.04,1,502,54,19,heuristic4,285.946,285.95,112132096,15530196992,15642329088,37,62
instances/ratio_1000/instance_500v2_3.50r30.cnf,all,500,1750,57,57,0.04,1,502,54,19,cleanup_device,0.043457,0.043488,112132096,15530196992,15642329088,-1,-1
instances/ratio_1000/instance_500v2_3.50r30.cnf,all,500,1750,57,57,0.04,1,502,54,19,total,311.131,-1,112132096,15530196992,15642329088,-1,-1
instances/ratio_1000/instance_500v2_3.60r31.cnf,all,500,1800,46,46,0.04,1,440,46,26,read_instance,0.526367,-1,107937792,15534391296,15642329088,-1,-1
instances/ratio_1000/instance_500v2_3.60r31.cnf,all,500,1800,46,46,0.04,1,440,46,26,alloc_graph,0.170898,0.157312,110034944,15532294144,15642329088,-1,-1
instances/ratio_1000/instance_500v2_3.60r31.cnf,all,500,1800,46,46,0.04,1,440,46,26,scc,4.2229,4.22458,112132096,15530196992,15642329088,-1,-1
instances/ratio_1000/instance_500v2_3.60r31.cnf,all,500,1800,46,46,0.04,1,440,46,26,topo_sort,0.643799,0.642848,112132096,15530196992,15642329088,-1,-1
instances/ratio_1000/instance_500v2_3.60r31.cnf,all,500,1800,46,46,0.04,1,440,46,26,backbone,5.16064,5.16723,112132096,15530196992,15642329088,-1,-1
instances/ratio_1000/instance_500v2_3.60r31.cnf,all,500,1800,46,46,0.04,1,440,46,26,wcc,0.19873,0.197504,112132096,15530196992,15642329088,-1,-1
instances/ratio_1000/instance_500v2_3.60r31.cnf,all,500,1800,46,46,0.04,1,440,46,26,wcc_grouped,0.36499,0.365088,112132096,15530196992,15642329088,-1,-1
instances/ratio_1000/instance_500v2_3.60r31.cnf,all,500,1800,46,46,0.04,1,440,46,26,heuristic1,3.3042,3.30336,112132096,15530196992,15642329088,35,56
instances/ratio_1000/instance_500v2_3.60r31.cnf,all,500,1800,46,46,0.04,1,440,46,26,heuristic2,2.36035,2.35885,112132096,15530196992,15642329088,28,49
instances/ratio_1000/instance_500v2_3.60r31.cnf,all,500,1800,46,46,0.04,1,440,46,26,heuristic3,5.85303,5.85194,112132096,15530196992,15642329088,28,49
instances/ratio_1000/instance_500v2_3.60r31.cnf,all,500,1800,46,46,0.04,1,440,46,26,heuristic4,234.094,234.098,112132096,15530196992,15642329088,26,47
instances/ratio_1000/instance_500v2_3.60r31.cnf,all,500,1800,46,46,0.04,1,440,46,26,cleanup_device,0.0437012,0.04368,112132096,15530196992,15642329088,-1,-1
instances/ratio_1000/instance_500v2_3.60r31.cnf,all,500,1800,46,46,0.04,1,440,46,26,total,257.495,-1,112132096,15530196992,15642329088,-1,-1
instances/ratio_1000/instance_500v2_3.70r32.cnf,all,500,1850,53,53,0.05,1,362,73,13,read_instance,0.571533,-1,107937792,15534391296,15642329088,-1,-1
instances/ratio_1000/instance_500v2_3.70r32.cnf,all,500,1850,53,53,0.05,1,362,73,13,alloc_graph,0.171631,0.1536,110034944,15532294144,15642329088,-1,-1
instances/ratio_1000/instance_500v2_3.70r32.cnf,all,500,1850,53,53,0.05,1,362,73,13,scc,4.29883,4.29888,112132096,15530196992,15642329088,-1,-1
instances/ratio_1000/instance_500v2_3.70r32.cnf,all,500,1850,53,53,0.05,1,362,73,13,topo_sort,0.403076,0.402048,112132096,15530196992,15642329088,-1,-1
instances/ratio_1000/instance_500v2_3.70r32.cnf,all,500,1850,53,53,0.05,1,362,73,13,backbone,5.18262,5.18941,112132096,15530196992,15642329088,-1,-1
instances/ratio_1000/instance_500v2_3.70r32.cnf,all,500,1850,53,53,0.05,1,362,73,13,wcc,0.195557,0.19456,112132096,15530196992,15642329088,-1,-1
instances/ratio_1000/instance_500v2_3.70r32.cnf,all,500,1850,53,53,0.05,1,362,73,13,wcc_grouped,0.356934,0.356608,112132096,15530196992,15642329088,-1,-1
instances/ratio_1000/instance_500v2_3.70r32.cnf,all,500,1850,53,53,0.05,1,362,73,13,heuristic1,1.43018,1.42842,112132096,15530196992,15642329088,12,58
instances/ratio_1000/instance_500v2_3.70r32.cnf,all,500,1850,53,53,0.05,1,362,73,13,heuristic2,1.15723,1.15555,112132096,15530196992,15642329088,14,56
instances/ratio_1000/instance_500v2_3.70r32.cnf,all,500,1850,53,53,0.05,1,362,73,13,heuristic3,4.42505,4.42461,112132096,15530196992,15642329088,12,55
instances/ratio_1000/instance_500v2_3.70r32.cnf,all,500,1850,53,53,0.05,1,362,73,13,heuristic4,37.8699,37.8706,112132096,15530196992,15642329088,12,55
instances/ratio_1000/instance_500v2_3.70r32.cnf,all,500,1850,53,53,0.05,1,362,73,13,cleanup_device,0.0412598,0.041216,112132096,15530196992,15642329088,-1,-1
instances/ratio_1000/instance_500v2_3.70r32.cnf,all,500,1850,53,53,0.05,1,362,73,13,total,56.6558,-1,112132096,15530196992,15642329088,-1,-1
instances/ratio_1000/instance_500v2_3.80r33.cnf,all,500,1900,49,49,0.04,1,456,58,20,read_instance,0.532715,-1,107937792,15534391296,15642329088,-1,-1
instances/ratio_1000/instance_500v2_3.80r33.cnf,all,500,1900,49,49,0.04,1,456,58,20,alloc_graph,0.172119,0.157696,110034944,15532294144,15642329088,-1,-1
instances/ratio_1000/instance_500v2_3.80r33.cnf,all,500,1900,49,49,0.04,1,456,58,20,scc,4.22461,4.22694,112132096,15530196992,15642329088,-1,-1
instances/ratio_1000/instance_500v2_3.80r33.cnf,all,500,1900,49,49,0.04,1,456,58,20,topo_sort,0.529053,0.528832,112132096,15530196992,15642329088,-1,-1
instances/ratio_1000/instance_500v2_3.80r33.cnf,all,500,1900,49,49,0.04,1,456,58,20,backbone,4.96704,4.97242,112132096,15530196992,15642329088,-1,-1
instances/ratio_1000/instance_500v2_3.80r33.cnf,all,500,1900,49,49,0.04,1,456,58,20,wcc,0.212891,0.212608,112132096,15530196992,15642329088,-1,-1
instances/ratio_1000/instance_500v2_3.80r33.cnf,all,500,1900,49,49,0.04,1,456,58,20,wcc_grouped,0.388184,0.388352,112132096,15530196992,15642329088,-1,-1
instances/ratio_1000/instance_500v2_3.80r33.cnf,all,500,1900,49,49,0.04,1,456,58,20,heuristic1,2.61548,2.61632,112132096,15530196992,15642329088,25,59
instances/ratio_1000/instance_500v2_3.80r33.cnf,all,500,1900,49,49,0.04,1,456,58,20,heuristic2,1.63281,1.63117,112132096,15530196992,15642329088,18,53
instances/ratio_1000/instance_500v2_3.80r33.cnf,all,500,1900,49,49,0.04,1,456,58,20,heuristic3,5.27783,5.2776,112132096,15530196992,15642329088,17,50
instances/ratio_1000/instance_500v2_3.80r33.cnf,all,500,1900,49,49,0.04,1,456,58,20,heuristic4,207.804,207.808,112132096,15530196992,15642329088,17,49
instances/ratio_1000/instance_500v2_3.80r33.cnf,all,500,1900,49,49,0.04,1,456,58,20,cleanup_device,0.050293,0.050272,112132096,15530196992,15642329088,-1,-1
instances/ratio_1000/instance_500v2_3.80r33.cnf,all,500,1900,49,49,0.04,1,456,58,20,total,228.986,-1,112132096,15530196992,15642329088,-1,-1
instances/ratio_1000/instance_500v2_3.90r34.cnf,all,500,1950,42,42,0.04,1,432,56,25,read_instance,0.54834,-1,107937792,15534391296,15642329088,-1,-1
instances/ratio_1000/instance_500v2_3.90r34.cnf,all,500,1950,42,42,0.04,1,432,56,25,alloc_graph,0.201904,0.192512,110034944,15532294144,15642329088,-1,-1
instances/ratio_1000/instance_500v2_3.90r34.cnf,all,500,1950,42,42,0.04,1,432,56,25,scc,4.25732,4.2583,112132096,15530196992,15642329088,-1,-1
instances/ratio_1000/instance_500v2_3.90r34.cnf,all,500,1950,42,42,0.04,1,432,56,25,topo_sort,0.698486,0.697376,112132096,15530196992,15642329088,-1,-1
instances/ratio_1000/instance_500v2_3.90r34.cnf,all,500,1950,42,42,0.04,1,432,56,25,backbone,5.09741,5.10118,112132096,15530196992,15642329088,-1,-1
instances/ratio_1000/instance_500v2_3.90r34.cnf,all,500,1950,42,42,0.04,1,432,56,25,wcc,0.212646,0.211456,112132096,15530196992,15642329088,-1,-1
instances/ratio_1000/instance_500v2_3.90r34.cnf,all,500,1950,42,42,0.04,1,432,56,25,wcc_grouped,0.358398,0.3584,112132096,15530196992,15642329088,-1,-1
instances/ratio_1000/instance_500v2_3.90r34.cnf,all,500,1950,42,42,0.04,1,432,56,25,heuristic1,2.354,2.35203,112132096,15530196992,15642329088,24,51
instances/ratio_1000/instance_500v2_3.90r34.cnf,all,500,1950,42,42,0.04,1,432,56,25,heuristic2,1.53687,1.53501,112132096,15530196992,15642329088,19,47
instances/ratio_1000/instance_500v2_3.90r34.cnf,all,500,1950,42,42,0.04,1,432,56,25,heuristic3,4.53784,4.53702,112132096,15530196992,15642329088,17,44
instances/ratio_1000/instance_500v2_3.90r34.cnf,all,500,1950,42,42,0.04,1,432,56,25,heuristic4,207.839,207.842,112132096,15530196992,15642329088,17,44
instances/ratio_1000/instance_500v2_3.90r34.cnf,all,500,1950,42,42,0.04,1,432,56,25,cleanup_device,0.0412598,0.041088,112132096,15530196992,15642329088,-1,-1
instances/ratio_1000/instance_500v2_3.90r34.cnf,all,500,1950,42,42,0.04,1,432,56,25,total,228.235,-1,112132096,15530196992,15642329088,-1,-1
instances/ratio_1000/instance_500v2_4.00r35.cnf,all,500,2000,40,40,0.04,1,358,73,20,read_instance,0.512207,-1,107937792,15534391296,15642329088,-1,-1
instances/ratio_1000/instance_500v2_4.00r35.cnf,all,500,2000,40,40,0.04,1,358,73,20,alloc_graph,0.168213,0.15104,110034944,15532294144,15642329088,-1,-1
instances/ratio_1000/instance_500v2_4.00r35.cnf,all,500,2000,40,40,0.04,1,358,73,20,scc,3.90674,3.90554,112132096,15530196992,15642329088,-1,-1
instances/ratio_1000/instance_500v2_4.00r35.cnf,all,500,2000,40,40,0.04,1,358,73,20,topo_sort,0.559814,0.559072,112132096,15530196992,15642329088,-1,-1
instances/ratio_1000/instance_500v2_4.00r35.cnf,all,500,2000,40,40,0.04,1,358,73,20,backbone,5.08008,5.08605,112132096,15530196992,15642329088,-1,-1
instances/ratio_1000/instance_500v2_4.00r35.cnf,all,500,2000,40,40,0.04,1,358,73,20,wcc,0.166016,0.165824,112132096,15530196992,15642329088,-1,-1
instances/ratio_1000/instance_500v2_4.00r35.cnf,all,500,2000,40,40,0.04,1,358,73,20,wcc_grouped,0.363281,0.364224,112132096,15530196992,15642329088,-1,-1
instances/ratio_1000/instance_500v2_4.00r35.cnf,all,500,2000,40,40,0.04,1,358,73,20,heuristic1,0.814209,0.813696,112132096,15530196992,15642329088,4,44
instances/ratio_1000/instance_500v2_4.00r35.cnf,all,500,2000,40,40,0.04,1,358,73,20,heuristic2,0.426025,0.424672,112132096,15530196992,15642329088,4,41
instances/ratio_1000/instance_500v2_4.00r35.cnf,all,500,2000,40,40,0.04,1,358,73,20,heuristic3,3.99902,3.99744,112132096,15530196992,15642329088,4,40
instances/ratio_1000/instance_500v2_4.00r35.cnf,all,500,2000,40,40,0.04,1,358,73,20,heuristic4,12.1924,12.1922,112132096,15530196992,15642329088,4,40
instances/ratio_1000/instance_500v2_4.00r35.cnf,all,500,2000,40,40,0.04,1,358,73,20,cleanup_device,0.0373535,0.037248,112132096,15530196992,15642329088,-1,-1
instances/ratio_1000/instance_500v2_4.00r35.cnf,all,500,2000,40,40,0.04,1,358,73,20,total,28.7825,-1,112132096,15530196992,15642329088,-1,-1
instances/ratio_1000/instance_500v2_4.10r36.cnf,all,500,2050,42,42,0.04,1,284,62,13,read_instance,0.588379,-1,107937792,15534391296,15642329088,-1,-1
instances/ratio_1000/instance_500v2_4.10r36.cnf,all,500,2050,42,42,0.04,1,284,62,13,alloc_graph,0.15918,0.149504,110034944,15532294144,15642329088,-1,-1
instances/ratio_1000/instance_500v2_4.10r36.cnf,all,500,2050,42,42,0.04,1,284,62,13,scc,3.95825,3.95779,112132096,15530196992,15642329088,-1,-1
instances/ratio_1000/instance_500v2_4.10r36.cnf,all,500,2050,42,42,0.04,1,284,62,13,topo_sort,0.375244,0.374496,112132096,15530196992,15642329088,-1,-1
instances/ratio_1000/instance_500v2_4.10r36.cnf,all,500,2050,42,42,0.04,1,284,62,13,backbone,4.99487,4.99846,112132096,15530196992,15642329088,-1,-1
instances/ratio_1000/instance_500v2_4.10r36.cnf,all,500,2050,42,42,0.04,1,284,62,13,wcc,0.215576,0.215168,112132096,15530196992,15642329088,-1,-1
instances/ratio_1000/instance_500v2_4.10r36.cnf,all,500,2050,42,42,0.04,1,284,62,13,wcc_grouped,0.341797,0.341696,112132096,15530196992,15642329088,-1,-1
instances/ratio_1000/instance_500v2_4.10r36.cnf,all,500,2050,42,42,0.04,1,284,62,13,heuristic1,1.93945,1.93824,112132096,15530196992,15642329088,21,51
instances/ratio_1000/instance_500v2_4.10r36.cnf,all,500,2050,42,42,0.04,1,284,62,13,heuristic2,1.20508,1.20333,112132096,15530196992,15642329088,14,46
instances/ratio_1000/instance_500v2_4.10r36.cnf,all,500,2050,42,42,0.04,1,284,62,13,heuristic3,3.91675,3.91603,112132096,15530196992,15642329088,13,43
instances/ratio_1000/instance_500v2_4.10r36.cnf,all,500,2050,42,42,0.04,1,284,62,13,heuristic4,193.355,193.358,112132096,15530196992,15642329088,13,43
instances/ratio_1000/instance_500v2_4.10r36.cnf,all,500,2050,42,42,0.04,1,284,62,13,cleanup_device,0.0454102,0.045504,112132096,15530196992,15642329088,-1,-1
instances/ratio_1000/instance_500v2_4.10r36.cnf,all,500,2050,42,42,0.04,1,284,62,13,total,211.639,-1,112132096,15530196992,15642329088,-1,-1
instances/ratio_1000/instance_500v2_4.20r37.cnf,all,500,2100,33,33,0.04,1,292,42,16,read_instance,0.65625,-1,107937792,15534391296,15642329088,-1,-1
instances/ratio_1000/instance_500v2_4.20r37.cnf,all,500,2100,33,33,0.04,1,292,42,16,alloc_graph,0.189697,0.17728,110034944,15532294144,15642329088,-1,-1
instances/ratio_1000/instance_500v2_4.20r37.cnf,all,500,2100,33,33,0.04,1,292,42,16,scc,4.28906,4.28966,112132096,15530196992,15642329088,-1,-1
instances/ratio_1000/instance_500v2_4.20r37.cnf,all,500,2100,33,33,0.04,1,292,42,16,topo_sort,0.443359,0.442624,112132096,15530196992,15642329088,-1,-1
instances/ratio_1000/instance_500v2_4.20r37.cnf,all,500,2100,33,33,0.04,1,292,42,16,backbone,5.17163,5.17824,112132096,15530196992,15642329088,-1,-1
instances/ratio_1000/instance_500v2_4.20r37.cnf,all,500,2100,33,33,0.04,1,292,42,16,wcc,0.217041,0.2168,112132096,15530196992,15642329088,-1,-1
instances/ratio_1000/instance_500v2_4.20r37.cnf,all,500,2100,33,33,0.04,1,292,42,16,wcc_grouped,0.354492,0.354944,112132096,15530196992,15642329088,-1,-1
instances/ratio_1000/instance_500v2_4.20r37.cnf,all,500,2100,33,33,0.04,1,292,42,16,heuristic1,2.22412,2.22378,112132096,15530196992,15642329088,23,42
instances/ratio_1000/instance_500v2_4.20r37.cnf,all,500,2100,33,33,0.04,1,292,42,16,heuristic2,1.64893,1.64752,112132096,15530196992,15642329088,20,40
instances/ratio_1000/instance_500v2_4.20r37.cnf,all,500,2100,33,33,0.04,1,292,42,16,heuristic3,4.45239,4.45197,112132096,15530196992,15642329088,14,33
instances/ratio_1000/instance_500v2_4.20r37.cnf,all,500,2100,33,33,0.04,1,292,42,16,heuristic4,197.388,197.391,112132096,15530196992,15642329088,14,33
instances/ratio_1000/instance_500v2_4.20r37.cnf,all,500,2100,33,33,0.04,1,292,42,16,cleanup_device,0.0422363,0.042208,112132096,15530196992,15642329088,-1,-1
instances/ratio_1000/instance_500v2_4.20r37.cnf,all,500,2100,33,33,0.04,1,292,42,16,total,217.622,-1,112132096,15530196992,15642329088,-1,-1
instances/ratio_1000/instance_500v2_4.30r38.cnf,all,500,2150,31,31,0.03,1,364,35,19,read_instance,0.620361,-1,107937792,15534391296,15642329088,-1,-1
instances/ratio_1000/instance_500v2_4.30r38.cnf,all,500,2150,31,31,0.03,1,364,35,19,alloc_graph,0.171631,0.156928,110034944,15532294144,15642329088,-1,-1
instances/ratio_1000/instance_500v2_4.30r38.cnf,all,500,2150,31,31,0.03,1,364,35,19,scc,4.03735,4.03866,112132096,15530196992,15642329088,-1,-1
instances/ratio_1000/instance_500v2_4.30r38.cnf,all,500,2150,31,31,0.03,1,364,35,19,topo_sort,0.487793,0.48592,112132096,15530196992,15642329088,-1,-1
instances/ratio_1000/instance_500v2_4.30r38.cnf,all,500,2150,31,31,0.03,1,364,35,19,backbone,5.05151,5.05501,112132096,15530196992,15642329088,-1,-1
instances/ratio_1000/instance_500v2_4.30r38.cnf,all,500,2150,31,31,0.03,1,364,35,19,wcc,0.207764,0.207072,112132096,15530196992,15642329088,-1,-1
instances/ratio_1000/instance_500v2_4.30r38.cnf,all,500,2150,31,31,0.03,1,364,35,19,wcc_grouped,0.339111,0.339968,112132096,15530196992,15642329088,-1,-1
instances/ratio_1000/instance_500v2_4.30r38.cnf,all,500,2150,31,31,0.03,1,364,35,19,heuristic1,2.15234,2.15178,112132096,15530196992,15642329088,20,36
instances/ratio_1000/instance_500v2_4.30r38.cnf,all,500,2150,31,31,0.03,1,364,35,19,heuristic2,1.64478,1.6431,112132096,15530196992,15642329088,18,35
instances/ratio_1000/instance_500v2_4.30r38.cnf,all,500,2150,31,31,0.03,1,364,35,19,heuristic3,4.94336,4.94294,112132096,15530196992,15642329088,18,34
instances/ratio_1000/instance_500v2_4.30r38.cnf,all,500,2150,31,31,0.03,1,364,35,19,heuristic4,209.558,209.562,112132096,15530196992,15642329088,18,34
instances/ratio_1000/instance_500v2_4.30r38.cnf,all,500,2150,31,31,0.03,1,364,35,19,cleanup_device,0.0454102,0.04512,112132096,15530196992,15642329088,-1,-1
instances/ratio_1000/instance_500v2_4.30r38.cnf,all,500,2150,31,31,0.03,1,364,35,19,total,229.794,-1,112132096,15530196992,15642329088,-1,-1
instances/ratio_1000/instance_500v2_4.40r39.cnf,all,500,2200,40,40,0.03,1,340,56,23,read_instance,0.585449,-1,107937792,15534391296,15642329088,-1,-1
instances/ratio_1000/instance_500v2_4.40r39.cnf,all,500,2200,40,40,0.03,1,340,56,23,alloc_graph,0.172607,0.159648,110034944,15532294144,15642329088,-1,-1
instances/ratio_1000/instance_500v2_4.40r39.cnf,all,500,2200,40,40,0.03,1,340,56,23,scc,4.1001,4.10157,112132096,15530196992,15642329088,-1,-1
instances/ratio_1000/instance_500v2_4.40r39.cnf,all,500,2200,40,40,0.03,1,340,56,23,topo_sort,0.578125,0.577856,112132096,15530196992,15642329088,-1,-1
instances/ratio_1000/instance_500v2_4.40r39.cnf,all,500,2200,40,40,0.03,1,340,56,23,backbone,5.05151,5.05686,112132096,15530196992,15642329088,-1,-1
instances/ratio_1000/instance_500v2_4.40r39.cnf,all,500,2200,40,40,0.03,1,340,56,23,wcc,0.195312,0.194976,112132096,15530196992,15642329088,-1,-1
instances/ratio_1000/instance_500v2_4.40r39.cnf,all,500,2200,40,40,0.03,1,340,56,23,wcc_grouped,0.388916,0.3904,112132096,15530196992,15642329088,-1,-1
instances/ratio_1000/instance_500v2_4.40r39.cnf,all,500,2200,40,40,0.03,1,340,56,23,heuristic1,2.10889,2.10752,112132096,15530196992,15642329088,19,46
instances/ratio_1000/instance_500v2_4.40r39.cnf,all,500,2200,40,40,0.03,1,340,56,23,heuristic2,1.78076,1.77974,112132096,15530196992,15642329088,22,48
instances/ratio_1000/instance_500v2_4.40r39.cnf,all,500,2200,40,40,0.03,1,340,56,23,heuristic3,4.42065,4.41933,112132096,15530196992,15642329088,15,41
instances/ratio_1000/instance_500v2_4.40r39.cnf,all,500,2200,40,40,0.03,1,340,56,23,heuristic4,197.349,197.352,112132096,15530196992,15642329088,14,40
instances/ratio_1000/instance_500v2_4.40r39.cnf,all,500,2200,40,40,0.03,1,340,56,23,cleanup_device,0.0454102,0.045312,112132096,15530196992,15642329088,-1,-1
instances/ratio_1000/instance_500v2_4.40r39.cnf,all,500,2200,40,40,0.03,1,340,56,23,total,217.395,-1,112132096,15530196992,15642329088,-1,-1
instances/ratio_1000/instance_500v2_4.50r40.cnf,all,500,2250,35,35,0.03,1,292,51,20,read_instance,0.609863,-1,107937792,15534391296,15642329088,-1,-1
instances/ratio_1000/instance_500v2_4.50r40.cnf,all,500,2250,35,35,0.03,1,292,51,20,alloc_graph,0.165771,0.151264,110034944,15532294144,15642329088,-1,-1
instances/ratio_1000/instance_500v2_4.50r40.cnf,all,500,2250,35,35,0.03,1,292,51,20,scc,4.07104,4.0719,112132096,15530196992,15642329088,-1,-1
instances/ratio_1000/instance_500v2_4.50r40.cnf,all,500,2250,35,35,0.03,1,292,51,20,topo_sort,0.517334,0.51744,112132096,15530196992,15642329088,-1,-1
instances/ratio_1000/instance_500v2_4.50r40.cnf,all,500,2250,35,35,0.03,1,292,51,20,backbone,5.0083,5.01245,112132096,15530196992,15642329088,-1,-1
instances/ratio_1000/instance_500v2_4.50r40.cnf,all,500,2250,35,35,0.03,1,292,51,20,wcc,0.180908,0.182272,112132096,15530196992,15642329088,-1,-1
instances/ratio_1000/instance_500v2_4.50r40.cnf,all,500,2250,35,35,0.03,1,292,51,20,wcc_grouped,0.351074,0.35168,112132096,15530196992,15642329088,-1,-1
instances/ratio_1000/instance_500v2_4.50r40.cnf,all,500,2250,35,35,0.03,1,292,51,20,heuristic1,1.72949,1.72976,112132096,15530196992,15642329088,15,40
instances/ratio_1000/instance_500v2_4.50r40.cnf,all,500,2250,35,35,0.03,1,292,51,20,heuristic2,1.05176,1.05088,112132096,15530196992,15642329088,12,39
instances/ratio_1000/instance_500v2_4.50r40.cnf,all,500,2250,35,35,0.03,1,292,51,20,heuristic3,4.23608,4.23437,112132096,15530196992,15642329088,11,37
instances/ratio_1000/instance_500v2_4.50r40.cnf,all,500,2250,35,35,0.03,1,292,51,20,heuristic4,31.5554,31.5561,112132096,15530196992,15642329088,10,36
instances/ratio_1000/instance_500v2_4.50r40.cnf,all,500,2250,35,35,0.03,1,292,51,20,cleanup_device,0.0422363,0.042336,112132096,15530196992,15642329088,-1,-1
instances/ratio_1000/instance_500v2_4.50r40.cnf,all,500,2250,35,35,0.03,1,292,51,20,total,50.0576,-1,112132096,15530196992,15642329088,-1,-1
instances/ratio_1000/instance_500v3_0.50r0.cnf,all,500,250,291,291,0.02,1,1000,503,6,read_instance,0.16333,-1,107937792,15534391296,15642329088,-1,-1
instances/ratio_1000/instance_500v3_0.50r0.cnf,all,500,250,291,291,0.02,1,1000,503,6,alloc_graph,0.184082,0.16592,110034944,15532294144,15642329088,-1,-1
instances/ratio_1000/instance_500v3_0.50r0.cnf,all,500,250,291,291,0.02,1,1000,503,6,scc,3.71802,3.71917,112132096,15530196992,15642329088,-1,-1
instances/ratio_1000/instance_500v3_0.50r0.cnf,all,500,250,291,291,0.02,1,1000,503,6,topo_sort,0.178955,0.178464,112132096,15530196992,15642329088,-1,-1
instances/ratio_1000/instance_500v3_0.50r0.cnf,all,500,250,291,291,0.02,1,1000,503,6,backbone,4.93066,4.93539,112132096,15530196992,15642329088,-1,-1
instances/ratio_1000/instance_500v3_0.50r0.cnf,all,500,250,291,291,0.02,1,1000,503,6,wcc,0.206299,0.205856,112132096,15530196992,15642329088,-1,-1
instances/ratio_1000/instance_500v3_0.50r0.cnf,all,500,250,291,291,0.02,1,1000,503,6,wcc_grouped,0.364014,0.364544,112132096,15530196992,15642329088,-1,-1
instances/ratio_1000/instance_500v3_0.50r0.cnf,all,500,250,291,291,0.02,1,1000,503,6,heuristic1,1.91992,1.91923,112132096,15530196992,15642329088,16,313
instances/ratio_1000/instance_500v3_0.50r0.cnf,all,500,250,291,291,0.02,1,1000,503,6,heuristic2,1.2561,1.25427,112132096,15530196992,15642329088,14,305
instances/ratio_1000/instance_500v3_0.50r0.cnf,all,500,250,291,291,0.02,1,1000,503,6,heuristic3,4.05713,4.05539,112132096,15530196992,15642329088,14,297
instances/ratio_1000/instance_500v3_0.50r0.cnf,all,500,250,291,291,0.02,1,1000,503,6,heuristic4,195.168,195.172,112132096,15530196992,15642329088,13,293
instances/ratio_1000/instance_500v3_0.50r0.cnf,all,500,250,291,291,0.02,1,1000,503,6,cleanup_device,0.0444336,0.044032,112132096,15530196992,15642329088,-1,-1
instances/ratio_1000/instance_500v3_0.50r0.cnf,all,500,250,291,291,0.02,1,1000,503,6,total,212.796,-1,112132096,15530196992,15642329088,-1,-1
instances/ratio_1000/instance_500v3_0.60r1.cnf,all,500,300,261,261,0.02,1,1000,403,5,read_instance,0.162354,-1,107937792,15534391296,15642329088,-1,-1
instances/ratio_1000/instance_500v3_0.60r1.cnf,all,500,300,261,261,0.02,1,1000,403,5,alloc_graph,0.194336,0.174976,110034944,15532294144,15642329088,-1,-1
instances/ratio_1000/instance_500v3_0.60r1.cnf,all,500,300,261,261,0.02,1,1000,403,5,scc,3.80518,3.80643,112132096,15530196992,15642329088,-1,-1
instances/ratio_1000/instance_500v3_0.60r1.cnf,all,500,300,261,261,0.02,1,1000,403,5,topo_sort,0.174072,0.1736,112132096,15530196992,15642329088,-1,-1
instances/ratio_1000/instance_500v3_0.60r1.cnf,all,500,300,261,261,0.02,1,1000,403,5,backbone,5.09644,5.10234,112132096,15530196992,15642329088,-1,-1
instances/ratio_1000/instance_500v3_0.60r1.cnf,all,500,300,261,261,0.02,1,1000,403,5,wcc,0.264893,0.26464,112132096,15530196992,15642329088,-1,-1
instances/ratio_1000/instance_500v3_0.60r1.cnf,all,500,300,261,261,0.02,1,1000,403,5,wcc_grouped,0.379883,0.379744,112132096,15530196992,15642329088,-1,-1
instances/ratio_1000/instance_500v3_0.60r1.cnf,all,500,300,261,261,0.02,1,1000,403,5,heuristic1,6.7583,6.75814,112132096,15530196992,15642329088,67,291
instances/ratio_1000/instance_500v3_0.60r1.cnf,all,500,300,261,261,0.02,1,1000,403,5,heuristic2,5.27246,5.27123,112132096,15530196992,15642329088,60,283
instances/ratio_1000/instance_500v3_0.60r1.cnf,all,500,300,261,261,0.02,1,1000,403,5,heuristic3,7.92212,7.92144,112132096,15530196992,15642329088,50,265
instances/ratio_1000/instance_500v3_0.60r1.cnf,all,500,300,261,261,0.02,1,1000,403,5,heuristic4,460.167,460.173,112132096,15530196992,15642329088,51,265
instances/ratio_1000/instance_500v3_0.60r1.cnf,all,500,300,261,261,0.02,1,1000,403,5,cleanup_device,0.0437012,0.04288,112132096,15530196992,15642329088,-1,-1
instances/ratio_1000/instance_500v3_0.60r1.cnf,all,500,300,261,261,0.02,1,1000,403,5,total,490.941,-1,112132096,15530196992,15642329088,-1,-1
instances/ratio_1000/instance_500v3_0.70r2.cnf,all,500,350,232,232,0.02,1,1000,324,7,read_instance,0.175049,-1,107937792,15534391296,15642329088,-1,-1
instances/ratio_1000/instance_500v3_0.70r2.cnf,all,500,350,232,232,0.02,1,1000,324,7,alloc_graph,0.202637,0.188736,110034944,15532294144,15642329088,-1,-1
instances/ratio_1000/instance_500v3_0.70r2.cnf,all,500,350,232,232,0.02,1,1000,324,7,scc,4.01929,4.02022,112132096,15530196992,15642329088,-1,-1
instances/ratio_1000/instance_500v3_0.70r2.cnf,all,500,350,232,232,0.02,1,1000,324,7,topo_sort,0.200928,0.199744,112132096,15530196992,15642329088,-1,-1
instances/ratio_1000/instance_500v3_0.70r2.cnf,all,500,350,232,232,0.02,1,1000,324,7,backbone,5.36035,5.36387,112132096,15530196992,15642329088,-1,-1
instances/ratio_1000/instance_500v3_0.70r2.cnf,all,500,350,232,232,0.02,1,1000,324,7,wcc,0.237061,0.237184,112132096,15530196992,15642329088,-1,-1
instances/ratio_1000/instance_500v3_0.70r2.cnf,all,500,350,232,232,0.02,1,1000,324,7,wcc_grouped,0.388672,0.388352,112132096,15530196992,15642329088,-1,-1
instances/ratio_1000/instance_500v3_0.70r2.cnf,all,500,350,232,232,0.02,1,1000,324,7,heuristic1,8.94214,8.94125,112132096,15530196992,15642329088,95,276
instances/ratio_1000/instance_500v3_0.70r2.cnf,all,500,350,232,232,0.02,1,1000,324,7,heuristic2,6.11621,6.11558,112132096,15530196992,15642329088,78,258
instances/ratio_1000/instance_500v3_0.70r2.cnf,all,500,350,232,232,0.02,1,1000,324,7,heuristic3,9.50879,9.50797,112132096,15530196992,15642329088,69,243
instances/ratio_1000/instance_500v3_0.70r2.cnf,all,500,350,232,232,0.02,1,1000,324,7,heuristic4,589.243,589.252,112132096,15530196992,15642329088,63,237
instances/ratio_1000/instance_500v3_0.70r2.cnf,all,500,350,232,232,0.02,1,1000,324,7,cleanup_device,0.0429688,0.042976,112132096,15530196992,15642329088,-1,-1
instances/ratio_1000/instance_500v3_0.70r2.cnf,all,500,350,232,232,0.02,1,1000,324,7,total,625.083,-1,112132096,15530196992,15642329088,-1,-1
instances/ratio_1000/instance_500v3_0.80r3.cnf,all,500,400,217,217,0.02,1,1000,257,9,read_instance,0.185791,-1,107937792,15534391296,15642329088,-1,-1
instances/ratio_1000/instance_500v3_0.80r3.cnf,all,500,400,217,217,0.02,1,1000,257,9,alloc_graph,0.15625,0.14176,110034944,15532294144,15642329088,-1,-1
instances/ratio_1000/instance_500v3_0.80r3.cnf,all,500,400,217,217,0.02,1,1000,257,9,scc,3.88672,3.8871,112132096,15530196992,15642329088,-1,-1
instances/ratio_1000/instance_500v3_0.80r3.cnf,all,500,400,217,217,0.02,1,1000,257,9,topo_sort,0.239502,0.238752,112132096,15530196992,15642329088,-1,-1
instances/ratio_1000/instance_500v3_0.80r3.cnf,all,500,400,217,217,0.02,1,1000,257,9,backbone,5.07129,5.0743,112132096,15530196992,15642329088,-1,-1
instances/ratio_1000/instance_500v3_0.80r3.cnf,all,500,400,217,217,0.02,1,1000,257,9,wcc,0.214111,0.213024,112132096,15530196992,15642329088,-1,-1
instances/ratio_1000/instance_500v3_0.80r3.cnf,all,500,400,217,217,0.02,1,1000,257,9,wcc_grouped,0.374023,0.374528,112132096,15530196992,15642329088,-1,-1
instances/ratio_1000/instance_500v3_0.80r3.cnf,all,500,400,217,217,0.02,1,1000,257,9,heuristic1,10.2168,10.2173,112132096,15530196992,15642329088,124,254
instances/ratio_1000/instance_500v3_0.80r3.cnf,all,500,400,217,217,0.02,1,1000,257,9,heuristic2,8.15503,8.15402,112132096,15530196992,15642329088,103,233
instances/ratio_1000/instance_500v3_0.80r3.cnf,all,500,400,217,217,0.02,1,1000,257,9,heuristic3,12.2056,12.2045,112132096,15530196992,15642329088,105,234
instances/ratio_1000/instance_500v3_0.80r3.cnf,all,500,400,217,217,0.02,1,1000,257,9,heuristic4,1044.64,1044.66,112132096,15530196992,15642329088,102,231
instances/ratio_1000/instance_500v3_0.80r3.cnf,all,500,400,217,217,0.02,1,1000,257,9,cleanup_device,0.0427246,0.042464,112132096,15530196992,15642329088,-1,-1
instances/ratio_1000/instance_500v3_0.80r3.cnf,all,500,400,217,217,0.02,1,1000,257,9,total,1086.01,-1,112132096,15530196992,15642329088,-1,-1
instances/ratio_1000/instance_500v3_0.90r4.cnf,all,500,450,188,188,0.02,1,1000,202,9,read_instance,0.193115,-1,107937792,15534391296,15642329088,-1,-1
instances/ratio_1000/instance_500v3_0.90r4.cnf,all,500,450,188,188,0.02,1,1000,202,9,alloc_graph,0.214844,0.20272,110034944,15532294144,15642329088,-1,-1
instances/ratio_1000/instance_500v3_0.90r4.cnf,all,500,450,188,188,0.02,1,1000,202,9,scc,3.62915,3.62922,112132096,15530196992,15642329088,-1,-1
instances/ratio_1000/instance_500v3_0.90r4.cnf,all,500,450,188,188,0.02,1,1000,202,9,topo_sort,0.236084,0.23488,112132096,15530196992,15642329088,-1,-1
instances/ratio_1000/instance_500v3_0.90r4.cnf,all,500,450,188,188,0.02,1,1000,202,9,backbone,5.20654,5.21094,112132096,15530196992,15642329088,-1,-1
instances/ratio_1000/instance_500v3_0.90r4.cnf,all,500,450,188,188,0.02,1,1000,202,9,wcc,0.289062,0.288576,112132096,15530196992,15642329088,-1,-1
instances/ratio_1000/instance_500v3_0.90r4.cnf,all,500,450,188,188,0.02,1,1000,202,9,wcc_grouped,0.377686,0.377152,112132096,15530196992,15642329088,-1,-1
instances/ratio_1000/instance_500v3_0.90r4.cnf,all,500,450,188,188,0.02,1,1000,202,9,heuristic1,12.1572,12.1569,112132096,15530196992,15642329088,135,240
instances/ratio_1000/instance_500v3_0.90r4.cnf,all,500,450,188,188,0.02,1,1000,202,9,heuristic2,8.82153,8.82064,112132096,15530196992,15642329088,112,215
instances/ratio_1000/instance_500v3_0.90r4.cnf,all,500,450,188,188,0.02,1,1000,202,9,heuristic3,12.7478,12.7468,112132096,15530196992,15642329088,103,205
instances/ratio_1000/instance_500v3_0.90r4.cnf,all,500,450,188,188,0.02,1,1000,202,9,heuristic4,1003.57,1003.58,112132096,15530196992,15642329088,99,201
instances/ratio_1000/instance_500v3_0.90r4.cnf,all,500,450,188,188,0.02,1,1000,202,9,cleanup_device,0.0415039,0.041216,112132096,15530196992,15642329088,-1,-1
instances/ratio_1000/instance_500v3_0.90r4.cnf,all,500,450,188,188,0.02,1,1000,202,9,total,1048.11,-1,112132096,15530196992,15642329088,-1,-1
instances/ratio_1000/instance_500v3_1.00r5.cnf,all,500,500,169,169,0.06,1,1000,149,15,read_instance,0.217529,-1,107937792,15534391296,15642329088,-1,-1
instances/ratio_1000/instance_500v3_1.00r5.cnf,all,500,500,169,169,0.06,1,1000,149,15,alloc_graph,0.199219,0.185056,110034944,15532294144,15642329088,-1,-1
instances/ratio_1000/instance_500v3_1.00r5.cnf,all,500,500,169,169,0.06,1,1000,149,15,scc,4.12305,4.12358,112132096,15530196992,15642329088,-1,-1
instances/ratio_1000/instance_500v3_1.00r5.cnf,all,500,500,169,169,0.06,1,1000,149,15,topo_sort,0.36377,0.363328,112132096,15530196992,15642329088,-1,-1
instances/ratio_1000/instance_500v3_1.00r5.cnf,all,500,500,169,169,0.06,1,1000,149,15,backbone,5.22559,5.23219,112132096,15530196992,15642329088,-1,-1
instances/ratio_1000/instance_500v3_1.00r5.cnf,all,500,500,169,169,0.06,1,1000,149,15,wcc,0.233398,0.23328,112132096,15530196992,15642329088,-1,-1
instances/ratio_1000/instance_500v3_1.00r5.cnf,all,500,500,169,169,0.06,1,1000,149,15,wcc_grouped,0.397705,0.397888,112132096,15530196992,15642329088,-1,-1
instances/ratio_1000/instance_500v3_1.00r5.cnf,all,500,500,169,169,0.06,1,1000,149,15,heuristic1,11.9233,11.9229,112132096,15530196992,15642329088,141,216
instances/ratio_1000/instance_500v3_1.00r5.cnf,all,500,500,169,169,0.06,1,1000,149,15,heuristic2,9.07031,9.06902,112132096,15530196992,15642329088,114,187
instances/ratio_1000/instance_500v3_1.00r5.cnf,all,500,500,169,169,0.06,1,1000,149,15,heuristic3,13.427,13.4272,112132096,15530196992,15642329088,111,184
instances/ratio_1000/instance_500v3_1.00r5.cnf,all,500,500,169,169,0.06,1,1000,149,15,heuristic4,1084.91,1084.92,112132096,15530196992,15642329088,106,179
instances/ratio_1000/instance_500v3_1.00r5.cnf,all,500,500,169,169,0.06,1,1000,149,15,cleanup_device,0.0422363,0.041728,112132096,15530196992,15642329088,-1,-1
instances/ratio_1000/instance_500v3_1.00r5.cnf,all,500,500,169,169,0.06,1,1000,149,15,total,1130.79,-1,112132096,15530196992,15642329088,-1,-1
instances/ratio_1000/instance_500v3_1.10r6.cnf,all,500,550,164,164,0.68,1,996,136,9,read_instance,0.2146,-1,107937792,15534391296,15642329088,-1,-1
instances/ratio_1000/instance_500v3_1.10r6.cnf,all,500,550,164,164,0.68,1,996,136,9,alloc_graph,0.17627,0.162848,110034944,15532294144,15642329088,-1,-1
instances/ratio_1000/instance_500v3_1.10r6.cnf,all,500,550,164,164,0.68,1,996,136,9,scc,3.93799,3.93914,112132096,15530196992,15642329088,-1,-1
instances/ratio_1000/instance_500v3_1.10r6.cnf,all,500,550,164,164,0.68,1,996,136,9,topo_sort,0.242432,0.241504,112132096,15530196992,15642329088,-1,-1
instances/ratio_1000/instance_500v3_1.10r6.cnf,all,500,550,164,164,0.68,1,996,136,9,backbone,5.3186,5.32397,112132096,15530196992,15642329088,-1,-1
instances/ratio_1000/instance_500v3_1.10r6.cnf,all,500,550,164,164,0.68,1,996,136,9,wcc,0.219482,0.220224,112132096,15530196992,15642329088,-1,-1
instances/ratio_1000/instance_500v3_1.10r6.cnf,all,500,550,164,164,0.68,1,996,136,9,wcc_grouped,0.352051,0.351904,112132096,15530196992,15642329088,-1,-1
instances/ratio_1000/instance_500v3_1.10r6.cnf,all,500,550,164,164,0.68,1,996,136,9,heuristic1,12.3376,12.3369,112132096,15530196992,15642329088,149,215
instances/ratio_1000/instance_500v3_1.10r6.cnf,all,500,550,164,164,0.68,1,996,136,9,heuristic2,9.59448,9.59312,112132096,15530196992,15642329088,124,191
instances/ratio_1000/instance_500v3_1.10r6.cnf,all,500,550,164,164,0.68,1,996,136,9,heuristic3,13.0613,13.0603,112132096,15530196992,15642329088,120,186
instances/ratio_1000/instance_500v3_1.10r6.cnf,all,500,550,164,164,0.68,1,996,136,9,heuristic4,1118.05,1118.06,112132096,15530196992,15642329088,110,176
instances/ratio_1000/instance_500v3_1.10r6.cnf,all,500,550,164,164,0.68,1,996,136,9,cleanup_device,0.0461426,0.046048,112132096,15530196992,15642329088,-1,-1
instances/ratio_1000/instance_500v3_1.10r6.cnf,all,500,550,164,164,0.68,1,996,136,9,total,1164.17,-1,112132096,15530196992,15642329088,-1,-1
instances/ratio_1000/instance_500v3_1.20r7.cnf,all,500,600,143,143,4.09,1,1000,104,10,read_instance,0.252686,-1,107937792,15534391296,15642329088,-1,-1
instances/ratio_1000/instance_500v3_1.20r7.cnf,all,500,600,143,143,4.09,1,1000,104,10,alloc_graph,0.152588,0.139264,110034944,15532294144,15642329088,-1,-1
instances/ratio_1000/instance_500v3_1.20r7.cnf,all,500,600,143,143,4.09,1,1000,104,10,scc,3.87256,3.87322,112132096,15530196992,15642329088,-1,-1
instances/ratio_1000/instance_500v3_1.20r7.cnf,all,500,600,143,143,4.09,1,1000,104,10,topo_sort,0.260986,0.259584,112132096,15530196992,15642329088,-1,-1
instances/ratio_1000/instance_500v3_1.20r7.cnf,all,500,600,143,143,4.09,1,1000,104,10,backbone,5.052,5.05722,112132096,15530196992,15642329088,-1,-1
instances/ratio_1000/instance_500v3_1.20r7.cnf,all,500,600,143,143,4.09,1,1000,104,10,wcc,0.219238,0.219136,112132096,15530196992,15642329088,-1,-1
instances/ratio_1000/instance_500v3_1.20r7.cnf,all,500,600,143,143,4.09,1,1000,104,10,wcc_grouped,0.34668,0.347392,112132096,15530196992,15642329088,-1,-1
instances/ratio_1000/instance_500v3_1.20r7.cnf,all,500,600,143,143,4.09,1,1000,104,10,heuristic1,11.564,11.5644,112132096,15530196992,15642329088,137,187
instances/ratio_1000/instance_500v3_1.20r7.cnf,all,500,600,143,143,4.09,1,1000,104,10,heuristic2,8.8374,8.836,112132096,15530196992,15642329088,112,162
instances/ratio_1000/instance_500v3_1.20r7.cnf,all,500,600,143,143,4.09,1,1000,104,10,heuristic3,12.7256,12.7247,112132096,15530196992,15642329088,104,154
instances/ratio_1000/instance_500v3_1.20r7.cnf,all,500,600,143,143,4.09,1,1000,104,10,heuristic4,1063.1,1063.12,112132096,15530196992,15642329088,104,154
instances/ratio_1000/instance_500v3_1.20r7.cnf,all,500,600,143,143,4.09,1,1000,104,10,cleanup_device,0.0541992,0.054752,112132096,15530196992,15642329088,-1,-1
instances/ratio_1000/instance_500v3_1.20r7.cnf,all,500,600,143,143,4.09,1,1000,104,10,total,1107.08,-1,112132096,15530196992,15642329088,-1,-1
instances/ratio_1000/instance_500v3_1.30r8.cnf,all,500,650,137,137,36.47,1,992,88,16,read_instance,0.247314,-1,107937792,15534391296,15642329088,-1,-1
instances/ratio_1000/instance_500v3_1.30r8.cnf,all,500,650,137,137,36.47,1,992,88,16,alloc_graph,0.160156,0.145728,110034944,15532294144,15642329088,-1,-1
instances/ratio_1000/instance_500v3_1.30r8.cnf,all,500,650,137,137,36.47,1,992,88,16,scc,3.97266,3.97318,112132096,15530196992,15642329088,-1,-1
instances/ratio_1000/instance_500v3_1.30r8.cnf,all,500,650,137,137,36.47,1,992,88,16,topo_sort,0.362061,0.360992,112132096,15530196992,15642329088,-1,-1
instances/ratio_1000/instance_500v3_1.30r8.cnf,all,500,650,137,137,36.47,1,992,88,16,backbone,5.21704,5.22307,112132096,15530196992,15642329088,-1,-1
instances/ratio_1000/instance_500v3_1.30r8.cnf,all,500,650,137,137,36.47,1,992,88,16,wcc,0.19751,0.196448,112132096,15530196992,15642329088,-1,-1
instances/ratio_1000/instance_500v3_1.30r8.cnf,all,500,650,137,137,36.47,1,992,88,16,wcc_grouped,0.351807,0.351712,112132096,15530196992,15642329088,-1,-1
instances/ratio_1000/instance_500v3_1.30r8.cnf,all,500,650,137,137,36.47,1,992,88,16,heuristic1,11.4993,11.4977,112132096,15530196992,15642329088,136,178
instances/ratio_1000/instance_500v3_1.30r8.cnf,all,500,650,137,137,36.47,1,992,88,16,heuristic2,9.43652,9.4352,112132096,15530196992,15642329088,118,160
instances/ratio_1000/instance_500v3_1.30r8.cnf,all,500,650,137,137,36.47,1,992,88,16,heuristic3,13.2041,13.2032,112132096,15530196992,15642329088,118,160
instances/ratio_1000/instance_500v3_1.30r8.cnf,all,500,650,137,137,36.47,1,992,88,16,heuristic4,1156.72,1156.73,112132096,15530196992,15642329088,112,154
instances/ratio_1000/instance_500v3_1.30r8.cnf,all,500,650,137,137,36.47,1,992,88,16,cleanup_device,0.0393066,0.03936,112132096,15530196992,15642329088,-1,-1
instances/ratio_1000/instance_500v3_1.30r8.cnf,all,500,650,137,137,36.47,1,992,88,16,total,1202.01,-1,112132096,15530196992,15642329088,-1,-1
instances/ratio_1000/instance_500v3_1.40r9.cnf,all,500,700,132,132,92.38,1,998,100,16,read_instance,0.245605,-1,107937792,15534391296,15642329088,-1,-1
instances/ratio_1000/instance_500v3_1.40r9.cnf,all,500,700,132,132,92.38,1,998,100,16,alloc_graph,0.185791,0.16688,110034944,15532294144,15642329088,-1,-1
instances/ratio_1000/instance_500v3_1.40r9.cnf,all,500,700,132,132,92.38,1,998,100,16,scc,3.95654,3.95683,112132096,15530196992,15642329088,-1,-1
instances/ratio_1000/instance_500v3_1.40r9.cnf,all,500,700,132,132,92.38,1,998,100,16,topo_sort,0.348389,0.347584,112132096,15530196992,15642329088,-1,-1
instances/ratio_1000/instance_500v3_1.40r9.cnf,all,500,700,132,132,92.38,1,998,100,16,backbone,4.96265,4.96883,112132096,15530196992,15642329088,-1,-1
instances/ratio_1000/instance_500v3_1.40r9.cnf,all,500,700,132,132,92.38,1,998,100,16,wcc,0.220947,0.220512,112132096,15530196992,15642329088,-1,-1
instances/ratio_1000/instance_500v3_1.40r9.cnf,all,500,700,132,132,92.38,1,998,100,16,wcc_grouped,0.359375,0.359168,112132096,15530196992,15642329088,-1,-1
instances/ratio_1000/instance_500v3_1.40r9.cnf,all,500,700,132,132,92.38,1,998,100,16,heuristic1,10.6887,10.6885,112132096,15530196992,15642329088,123,171
instances/ratio_1000/instance_500v3_1.40r9.cnf,all,500,700,132,132,92.38,1,998,100,16,heuristic2,8.2334,8.23248,112132096,15530196992,15642329088,102,153
instances/ratio_1000/instance_500v3_1.40r9.cnf,all,500,700,132,132,92.38,1,998,100,16,heuristic3,13.3855,13.3845,112132096,15530196992,15642329088,111,159
instances/ratio_1000/instance_500v3_1.40r9.cnf,all,500,700,132,132,92.38,1,998,100,16,heuristic4,1020.83,1020.84,112132096,15530196992,15642329088,101,149
instances/ratio_1000/instance_500v3_1.40r9.cnf,all,500,700,132,132,92.38,1,998,100,16,cleanup_device,0.0412598,0.040768,112132096,15530196992,15642329088,-1,-1
instances/ratio_1000/instance_500v3_1.40r9.cnf,all,500,700,132,132,92.38,1,998,100,16,total,1064.08,-1,112132096,15530196992,15642329088,-1,-1
instances/ratio_1000/instance_500v3_1.50r10.cnf,all,500,750,109,130,150.04,1,1000,70,26,read_instance,0.278076,-1,107937792,15534391296,15642329088,-1,-1
instances/ratio_1000/instance_500v3_1.50r10.cnf,all,500,750,109,130,150.04,1,1000,70,26,alloc_graph,0.164062,0.149504,110034944,15532294144,15642329088,-1,-1
instances/ratio_1000/instance_500v3_1.50r10.cnf,all,500,750,109,130,150.04,1,1000,70,26,scc,4.09229,4.09309,112132096,15530196992,15642329088,-1,-1
instances/ratio_1000/instance_500v3_1.50r10.cnf,all,500,750,109,130,150.04,1,1000,70,26,topo_sort,0.567139,0.566304,112132096,15530196992,15642329088,-1,-1
instances/ratio_1000/instance_500v3_1.50r10.cnf,all,500,750,109,130,150.04,1,1000,70,26,backbone,5.18604,5.19114,112132096,15530196992,15642329088,-1,-1
instances/ratio_1000/instance_500v3_1.50r10.cnf,all,500,750,109,130,150.04,1,1000,70,26,wcc,0.229492,0.229152,112132096,15530196992,15642329088,-1,-1
instances/ratio_1000/instance_500v3_1.50r10.cnf,all,500,750,109,130,150.04,1,1000,70,26,wcc_grouped,0.379639,0.37952,112132096,15530196992,15642329088,-1,-1
instances/ratio_1000/instance_500v3_1.50r10.cnf,all,500,750,109,130,150.04,1,1000,70,26,heuristic1,11.1348,11.1341,112132096,15530196992,15642329088,125,158
instances/ratio_1000/instance_500v3_1.50r10.cnf,all,500,750,109,130,150.04,1,1000,70,26,heuristic2,8.61963,8.61827,112132096,15530196992,15642329088,104,137
instances/ratio_1000/instance_500v3_1.50r10.cnf,all,500,750,109,130,150.04,1,1000,70,26,heuristic3,12.439,12.4386,112132096,15530196992,15642329088,111,144
instances/ratio_1000/instance_500v3_1.50r10.cnf,all,500,750,109,130,150.04,1,1000,70,26,heuristic4,1049.36,1049.38,112132096,15530196992,15642329088,103,136
instances/ratio_1000/instance_500v3_1.50r10.cnf,all,500,750,109,130,150.04,1,1000,70,26,cleanup_device,0.0419922,0.041792,112132096,15530196992,15642329088,-1,-1
instances/ratio_1000/instance_500v3_1.50r10.cnf,all,500,750,109,130,150.04,1,1000,70,26,total,1093.1,-1,112132096,15530196992,15642329088,-1,-1
instances/ratio_1000/instance_500v3_1.60r11.cnf,all,500,800,102,119,150.04,1,1000,40,14,read_instance,0.295166,-1,107937792,15534391296,15642329088,-1,-1
instances/ratio_1000/instance_500v3_1.60r11.cnf,all,500,800,102,119,150.04,1,1000,40,14,alloc_graph,0.162354,0.147104,110034944,15532294144,15642329088,-1,-1
instances/ratio_1000/instance_500v3_1.60r11.cnf,all,500,800,102,119,150.04,1,1000,40,14,scc,3.98535,3.98541,112132096,15530196992,15642329088,-1,-1
instances/ratio_1000/instance_500v3_1.60r11.cnf,all,500,800,102,119,150.04,1,1000,40,14,topo_sort,0.338867,0.337856,112132096,15530196992,15642329088,-1,-1
instances/ratio_1000/instance_500v3_1.60r11.cnf,all,500,800,102,119,150.04,1,1000,40,14,backbone,4.97656,4.98272,112132096,15530196992,15642329088,-1,-1
instances/ratio_1000/instance_500v3_1.60r11.cnf,all,500,800,102,119,150.04,1,1000,40,14,wcc,0.238525,0.239616,112132096,15530196992,15642329088,-1,-1
instances/ratio_1000/instance_500v3_1.60r11.cnf,all,500,800,102,119,150.04,1,1000,40,14,wcc_grouped,0.365234,0.365792,112132096,15530196992,15642329088,-1,-1
instances/ratio_1000/instance_500v3_1.60r11.cnf,all,500,800,102,119,150.04,1,1000,40,14,heuristic1,12.0762,12.0755,112132096,15530196992,15642329088,141,159
instances/ratio_1000/instance_500v3_1.60r11.cnf,all,500,800,102,119,150.04,1,1000,40,14,heuristic2,9.41895,9.41834,112132096,15530196992,15642329088,119,137
instances/ratio_1000/instance_500v3_1.60r11.cnf,all,500,800,102,119,150.04,1,1000,40,14,heuristic3,12.6343,12.6336,112132096,15530196992,15642329088,109,127
instances/ratio_1000/instance_500v3_1.60r11.cnf,all,500,800,102,119,150.04,1,1000,40,14,heuristic4,995.906,995.921,112132096,15530196992,15642329088,98,116
instances/ratio_1000/instance_500v3_1.60r11.cnf,all,500,800,102,119,150.04,1,1000,40,14,cleanup_device,0.0424805,0.042176,112132096,15530196992,15642329088,-1,-1
instances/ratio_1000/instance_500v3_1.60r11.cnf,all,500,800,102,119,150.04,1,1000,40,14,total,1041.1,-1,112132096,15530196992,15642329088,-1,-1
instances/ratio_1000/instance_500v3_1.70r12.cnf,all,500,850,103,117,150.05,1,994,48,27,read_instance,0.284668,-1,107937792,15534391296,15642329088,-1,-1
instances/ratio_1000/instance_500v3_1.70r12.cnf,all,500,850,103,117,150.05,1,994,48,27,alloc_graph,0.180908,0.16208,110034944,15532294144,15642329088,-1,-1
instances/ratio_1000/instance_500v3_1.70r12.cnf,all,500,850,103,117,150.05,1,994,48,27,scc,4.0603,4.06115,112132096,15530196992,15642329088,-1,-1
instances/ratio_1000/instance_500v3_1.70r12.cnf,all,500,850,103,117,150.05,1,994,48,27,topo_sort,0.563232,0.562272,112132096,15530196992,15642329088,-1,-1
instances/ratio_1000/instance_500v3_1.70r12.cnf,all,500,850,103,117,150.05,1,994,48,27,backbone,5.21582,5.22045,112132096,15530196992,15642329088,-1,-1
instances/ratio_1000/instance_500v3_1.70r12.cnf,all,500,850,103,117,150.05,1,994,48,27,wcc,0.266602,0.26624,112132096,15530196992,15642329088,-1,-1
instances/ratio_1000/instance_500v3_1.70r12.cnf,all,500,850,103,117,150.05,1,994,48,27,wcc_grouped,0.385254,0.385472,112132096,15530196992,15642329088,-1,-1
instances/ratio_1000/instance_500v3_1.70r12.cnf,all,500,850,103,117,150.05,1,994,48,27,heuristic1,10.7488,10.7495,112132096,15530196992,15642329088,119,141
instances/ratio_1000/instance_500v3_1.70r12.cnf,all,500,850,103,117,150.05,1,994,48,27,heuristic2,8.21753,8.21562,112132096,15530196992,15642329088,103,125
instances/ratio_1000/instance_500v3_1.70r12.cnf,all,500,850,103,117,150.05,1,994,48,27,heuristic3,12.3997,12.3994,112132096,15530196992,15642329088,103,125
instances/ratio_1000/instance_500v3_1.70r12.cnf,all,500,850,103,117,150.05,1,994,48,27,heuristic4,887.102,887.114,112132096,15530196992,15642329088,89,111
instances/ratio_1000/instance_500v3_1.70r12.cnf,all,500,850,103,117,150.05,1,994,48,27,cleanup_device,0.0412598,0.040864,112132096,15530196992,15642329088,-1,-1
instances/ratio_1000/instance_500v3_1.70r12.cnf,all,500,850,103,117,150.05,1,994,48,27,total,930.133,-1,112132096,15530196992,15642329088,-1,-1
instances/ratio_1000/instance_500v3_1.80r13.cnf,all,500,900,102,102,128.77,1,978,48,19,read_instance,0.341309,-1,107937792,15534391296,15642329088,-1,-1
instances/ratio_1000/instance_500v3_1.80r13.cnf,all,500,900,102,102,128.77,1,978,48,19,alloc_graph,0.219727,0.200704,110034944,15532294144,15642329088,-1,-1
instances/ratio_1000/instance_500v3_1.80r13.cnf,all,500,900,102,102,128.77,1,978,48,19,scc,4.23389,4.23462,112132096,15530196992,15642329088,-1,-1
instances/ratio_1000/instance_500v3_1.80r13.cnf,all,500,900,102,102,128.77,1,978,48,19,topo_sort,0.450928,0.450688,112132096,15530196992,15642329088,-1,-1
instances/ratio_1000/instance_500v3_1.80r13.cnf,all,500,900,102,102,128.77,1,978,48,19,backbone,5.55542,5.56208,112132096,15530196992,15642329088,-1,-1
instances/ratio_1000/instance_500v3_1.80r13.cnf,all,500,900,102,102,128.77,1,978,48,19,wcc,0.210205,0.210656,112132096,15530196992,15642329088,-1,-1
instances/ratio_1000/instance_500v3_1.80r13.cnf,all,500,900,102,102,128.77,1,978,48,19,wcc_grouped,0.382568,0.382912,112132096,15530196992,15642329088,-1,-1
instances/ratio_1000/instance_500v3_1.80r13.cnf,all,500,900,102,102,128.77,1,978,48,19,heuristic1,10.7688,10.7693,112132096,15530196992,15642329088,125,147
instances/ratio_1000/instance_500v3_1.80r13.cnf,all,500,900,102,102,128.77,1,978,48,19,heuristic2,8.14233,8.14128,112132096,15530196992,15642329088,102,124
instances/ratio_1000/instance_500v3_1.80r13.cnf,all,500,900,102,102,128.77,1,978,48,19,heuristic3,12.6863,12.6856,112132096,15530196992,15642329088,104,126
instances/ratio_1000/instance_500v3_1.80r13.cnf,all,500,900,102,102,128.77,1,978,48,19,heuristic4,1043.68,1043.69,112132096,15530196992,15642329088,103,125
instances/ratio_1000/instance_500v3_1.80r13.cnf,all,500,900,102,102,128.77,1,978,48,19,cleanup_device,0.0603027,0.058368,112132096,15530196992,15642329088,-1,-1
instances/ratio_1000/instance_500v3_1.80r13.cnf,all,500,900,102,102,128.77,1,978,48,19,total,1087.45,-1,112132096,15530196992,15642329088,-1,-1
instances/ratio_1000/instance_500v3_1.90r14.cnf,all,500,950,82,82,6.59,1,978,30,22,read_instance,0.316162,-1,107937792,15534391296,15642329088,-1,-1
instances/ratio_1000/instance_500v3_1.90r14.cnf,all,500,950,82,82,6.59,1,978,30,22,alloc_graph,0.231689,0.214496,110034944,15532294144,15642329088,-1,-1
instances/ratio_1000/instance_500v3_1.90r14.cnf,all,500,950,82,82,6.59,1,978,30,22,scc,4.19458,4.19456,112132096,15530196992,15642329088,-1,-1
instances/ratio_1000/instance_500v3_1.90r14.cnf,all,500,950,82,82,6.59,1,978,30,22,topo_sort,0.5,0.499168,112132096,15530196992,15642329088,-1,-1
instances/ratio_1000/instance_500v3_1.90r14.cnf,all,500,950,82,82,6.59,1,978,30,22,backbone,5.32324,5.32941,112132096,15530196992,15642329088,-1,-1
instances/ratio_1000/instance_500v3_1.90r14.cnf,all,500,950,82,82,6.59,1,978,30,22,wcc,0.206543,0.206848,112132096,15530196992,15642329088,-1,-1
instances/ratio_1000/instance_500v3_1.90r14.cnf,all,500,950,82,82,6.59,1,978,30,22,wcc_grouped,0.369629,0.370368,112132096,15530196992,15642329088,-1,-1
instances/ratio_1000/instance_500v3_1.90r14.cnf,all,500,950,82,82,6.59,1,978,30,22,heuristic1,8.84253,8.84317,112132096,15530196992,15642329088,102,115
instances/ratio_1000/instance_500v3_1.90r14.cnf,all,500,950,82,82,6.59,1,978,30,22,heuristic2,7.84521,7.84432,112132096,15530196992,15642329088,94,107
instances/ratio_1000/instance_500v3_1.90r14.cnf,all,500,950,82,82,6.59,1,978,30,22,heuristic3,10.554,10.5534,112132096,15530196992,15642329088,88,101
instances/ratio_1000/instance_500v3_1.90r14.cnf,all,500,950,82,82,6.59,1,978,30,22,heuristic4,793.606,793.618,112132096,15530196992,15642329088,80,93
instances/ratio_1000/instance_500v3_1.90r14.cnf,all,500,950,82,82,6.59,1,978,30,22,cleanup_device,0.043457,0.042592,112132096,15530196992,15642329088,-1,-1
instances/ratio_1000/instance_500v3_1.90r14.cnf,all,500,950,82,82,6.59,1,978,30,22,total,832.688,-1,112132096,15530196992,15642329088,-1,-1
instances/ratio_1000/instance_500v3_2.00r15.cnf,all,500,1000,77,92,150.04,1,988,22,20,read_instance,0.325439,-1,107937792,15534391296,15642329088,-1,-1
instances/ratio_1000/instance_500v3_2.00r15.cnf,all,500,1000,77,92,150.04,1,988,22,20,alloc_graph,0.177002,0.16384,110034944,15532294144,15642329088,-1,-1
instances/ratio_1000/instance_500v3_2.00r15.cnf,all,500,1000,77,92,150.04,1,988,22,20,scc,3.98999,3.9904,112132096,15530196992,15642329088,-1,-1
instances/ratio_1000/instance_500v3_2.00r15.cnf,all,500,1000,77,92,150.04,1,988,22,20,topo_sort,0.45752,0.45776,112132096,15530196992,15642329088,-1,-1
instances/ratio_1000/instance_500v3_2.00r15.cnf,all,500,1000,77,92,150.04,1,988,22,20,backbone,5.25342,5.25677,112132096,15530196992,15642329088,-1,-1
instances/ratio_1000/instance_500v3_2.00r15.cnf,all,500,1000,77,92,150.04,1,988,22,20,wcc,0.199707,0.198656,112132096,15530196992,15642329088,-1,-1
instances/ratio_1000/instance_500v3_2.00r15.cnf,all,500,1000,77,92,150.04,1,988,22,20,wcc_grouped,0.365967,0.366112,112132096,15530196992,15642329088,-1,-1
instances/ratio_1000/instance_500v3_2.00r15.cnf,all,500,1000,77,92,150.04,1,988,22,20,heuristic1,9.30688,9.30582,112132096,15530196992,15642329088,104,113
instances/ratio_1000/instance_500v3_2.00r15.cnf,all,500,1000,77,92,150.04,1,988,22,20,heuristic2,8.06689,8.06662,112132096,15530196992,15642329088,99,108
instances/ratio_1000/instance_500v3_2.00r15.cnf,all,500,1000,77,92,150.04,1,988,22,20,heuristic3,11.624,11.6229,112132096,15530196992,15642329088,96,105
instances/ratio_1000/instance_500v3_2.00r15.cnf,all,500,1000,77,92,150.04,1,988,22,20,heuristic4,847.577,847.596,112132096,15530196992,15642329088,86,95
instances/ratio_1000/instance_500v3_2.00r15.cnf,all,500,1000,77,92,150.04,1,988,22,20,cleanup_device,0.041748,0.041376,112132096,15530196992,15642329088,-1,-1
instances/ratio_1000/instance_500v3_2.00r15.cnf,all,500,1000,77,92,150.04,1,988,22,20,total,887.987,-1,112132096,15530196992,15642329088,-1,-1
instances/ratio_1000/instance_500v3_2.10r16.cnf,all,500,1050,79,79,60.49,1,1000,36,54,read_instance,0.36792,-1,107937792,15534391296,15642329088,-1,-1
instances/ratio_1000/instance_500v3_2.10r16.cnf,all,500,1050,79,79,60.49,1,1000,36,54,alloc_graph,0.163086,0.149504,110034944,15532294144,15642329088,-1,-1
instances/ratio_1000/instance_500v3_2.10r16.cnf,all,500,1050,79,79,60.49,1,1000,36,54,scc,4.33154,4.33315,112132096,15530196992,15642329088,-1,-1
instances/ratio_1000/instance_500v3_2.10r16.cnf,all,500,1050,79,79,60.49,1,1000,36,54,topo_sort,1.07104,1.07085,112132096,15530196992,15642329088,-1,-1
instances/ratio_1000/instance_500v3_2.10r16.cnf,all,500,1050,79,79,60.49,1,1000,36,54,backbone,5.30518,5.30986,112132096,15530196992,15642329088,-1,-1
instances/ratio_1000/instance_500v3_2.10r16.cnf,all,500,1050,79,79,60.49,1,1000,36,54,wcc,0.205078,0.205056,112132096,15530196992,15642329088,-1,-1
instances/ratio_1000/instance_500v3_2.10r16.cnf,all,500,1050,79,79,60.49,1,1000,36,54,wcc_grouped,0.378662,0.37888,112132096,15530196992,15642329088,-1,-1
instances/ratio_1000/instance_500v3_2.10r16.cnf,all,500,1050,79,79,60.49,1,1000,36,54,heuristic1,8.6543,8.65414,112132096,15530196992,15642329088,97,113
instances/ratio_1000/instance_500v3_2.10r16.cnf,all,500,1050,79,79,60.49,1,1000,36,54,heuristic2,6.76416,6.76278,112132096,15530196992,15642329088,83,99
instances/ratio_1000/instance_500v3_2.10r16.cnf,all,500,1050,79,79,60.49,1,1000,36,54,heuristic3,10.3457,10.3443,112132096,15530196992,15642329088,85,101
instances/ratio_1000/instance_500v3_2.10r16.cnf,all,500,1050,79,79,60.49,1,1000,36,54,heuristic4,715.284,715.295,112132096,15530196992,15642329088,74,90
instances/ratio_1000/instance_500v3_2.10r16.cnf,all,500,1050,79,79,60.49,1,1000,36,54,cleanup_device,0.0422363,0.041696,112132096,15530196992,15642329088,-1,-1
instances/ratio_1000/instance_500v3_2.10r16.cnf,all,500,1050,79,79,60.49,1,1000,36,54,total,753.523,-1,112132096,15530196992,15642329088,-1,-1
instances/ratio_1000/instance_500v3_2.20r17.cnf,all,500,1100,76,76,0.8,1,982,34,71,read_instance,0.351318,-1,107937792,15534391296,15642329088,-1,-1
instances/ratio_1000/instance_500v3_2.20r17.cnf,all,500,1100,76,76,0.8,1,982,34,71,alloc_graph,0.183838,0.169984,110034944,15532294144,15642329088,-1,-1
instances/ratio_1000/instance_500v3_2.20r17.cnf,all,500,1100,76,76,0.8,1,982,34,71,scc,4.29688,4.29786,112132096,15530196992,15642329088,-1,-1
instances/ratio_1000/instance_500v3_2.20r17.cnf,all,500,1100,76,76,0.8,1,982,34,71,topo_sort,1.38672,1.38602,112132096,15530196992,15642329088,-1,-1
instances/ratio_1000/instance_500v3_2.20r17.cnf,all,500,1100,76,76,0.8,1,982,34,71,backbone,5.32031,5.32694,112132096,15530196992,15642329088,-1,-1
instances/ratio_1000/instance_500v3_2.20r17.cnf,all,500,1100,76,76,0.8,1,982,34,71,wcc,0.209717,0.209696,112132096,15530196992,15642329088,-1,-1
instances/ratio_1000/instance_500v3_2.20r17.cnf,all,500,1100,76,76,0.8,1,982,34,71,wcc_grouped,0.355957,0.355936,112132096,15530196992,15642329088,-1,-1
instances/ratio_1000/instance_500v3_2.20r17.cnf,all,500,1100,76,76,0.8,1,982,34,71,heuristic1,8.70654,8.70502,112132096,15530196992,15642329088,96,111
instances/ratio_1000/instance_500v3_2.20r17.cnf,all,500,1100,76,76,0.8,1,982,34,71,heuristic2,6.02905,6.02806,112132096,15530196992,15642329088,70,85
instances/ratio_1000/instance_500v3_2.20r17.cnf,all,500,1100,76,76,0.8,1,982,34,71,heuristic3,9.67993,9.67978,112132096,15530196992,15642329088,77,92
instances/ratio_1000/instance_500v3_2.20r17.cnf,all,500,1100,76,76,0.8,1,982,34,71,heuristic4,722.827,722.836,112132096,15530196992,15642329088,75,90
instances/ratio_1000/instance_500v3_2.20r17.cnf,all,500,1100,76,76,0.8,1,982,34,71,cleanup_device,0.0429688,0.042208,112132096,15530196992,15642329088,-1,-1
instances/ratio_1000/instance_500v3_2.20r17.cnf,all,500,1100,76,76,0.8,1,982,34,71,total,760.023,-1,112132096,15530196992,15642329088,-1,-1
instances/ratio_1000/instance_500v3_2.30r18.cnf,all,500,1150,80,80,22.45,1,908,32,38,read_instance,0.364014,-1,107937792,15534391296,15642329088,-1,-1
instances/ratio_1000/instance_500v3_2.30r18.cnf,all,500,1150,80,80,22.45,1,908,32,38,alloc_graph,0.172607,0.154816,110034944,15532294144,15642329088,-1,-1
instances/ratio_1000/instance_500v3_2.30r18.cnf,all,500,1150,80,80,22.45,1,908,32,38,scc,4.58936,4.58995,112132096,15530196992,15642329088,-1,-1
instances/ratio_1000/instance_500v3_2.30r18.cnf,all,500,1150,80,80,22.45,1,908,32,38,topo_sort,0.807129,0.80608,112132096,15530196992,15642329088,-1,-1
instances/ratio_1000/instance_500v3_2.30r18.cnf,all,500,1150,80,80,22.45,1,908,32,38,backbone,5.28906,5.29485,112132096,15530196992,15642329088,-1,-1
instances/ratio_1000/instance_500v3_2.30r18.cnf,all,500,1150,80,80,22.45,1,908,32,38,wcc,0.22876,0.228832,112132096,15530196992,15642329088,-1,-1
instances/ratio_1000/instance_500v3_2.30r18.cnf,all,500,1150,80,80,22.45,1,908,32,38,wcc_grouped,0.396729,0.3968,112132096,15530196992,15642329088,-1,-1
instances/ratio_1000/instance_500v3_2.30r18.cnf,all,500,1150,80,80,22.45,1,908,32,38,heuristic1,8.67456,8.67357,112132096,15530196992,15642329088,92,106
instances/ratio_1000/instance_500v3_2.30r18.cnf,all,500,1150,80,80,22.45,1,908,32,38,heuristic2,7.08057,7.07878,112132096,15530196992,15642329088,81,95
instances/ratio_1000/instance_500v3_2.30r18.cnf,all,500,1150,80,80,22.45,1,908,32,38,heuristic3,11.0581,11.057,112132096,15530196992,15642329088,86,100
instances/ratio_1000/instance_500v3_2.30r18.cnf,all,500,1150,80,80,22.45,1,908,32,38,heuristic4,775.989,776,112132096,15530196992,15642329088,79,93
instances/ratio_1000/instance_500v3_2.30r18.cnf,all,500,1150,80,80,22.45,1,908,32,38,cleanup_device,0.0419922,0.041504,112132096,15530196992,15642329088,-1,-1
instances/ratio_1000/instance_500v3_2.30r18.cnf,all,500,1150,80,80,22.45,1,908,32,38,total,815.361,-1,112132096,15530196992,15642329088,-1,-1
instances/ratio_1000/instance_500v3_2.40r19.cnf,all,500,1200,74,74,21.32,1,956,30,35,read_instance,0.38501,-1,107937792,15534391296,15642329088,-1,-1
instances/ratio_1000/instance_500v3_2.40r19.cnf,all,500,1200,74,74,21.32,1,956,30,35,alloc_graph,0.172119,0.161536,110034944,15532294144,15642329088,-1,-1
instances/ratio_1000/instance_500v3_2.40r19.cnf,all,500,1200,74,74,21.32,1,956,30,35,scc,4.11279,4.1135,112132096,15530196992,15642329088,-1,-1
instances/ratio_1000/instance_500v3_2.40r19.cnf,all,500,1200,74,74,21.32,1,956,30,35,topo_sort,0.75,0.749536,112132096,15530196992,15642329088,-1,-1
instances/ratio_1000/instance_500v3_2.40r19.cnf,all,500,1200,74,74,21.32,1,956,30,35,backbone,5.1665,5.17002,112132096,15530196992,15642329088,-1,-1
instances/ratio_1000/instance_500v3_2.40r19.cnf,all,500,1200,74,74,21.32,1,956,30,35,wcc,0.228027,0.22768,112132096,15530196992,15642329088,-1,-1
instances/ratio_1000/instance_500v3_2.40r19.cnf,all,500,1200,74,74,21.32,1,956,30,35,wcc_grouped,0.365723,0.365824,112132096,15530196992,15642329088,-1,-1
instances/ratio_1000/instance_500v3_2.40r19.cnf,all,500,1200,74,74,21.32,1,956,30,35,heuristic1,7.93311,7.93206,112132096,15530196992,15642329088,88,101
instances/ratio_1000/instance_500v3_2.40r19.cnf,all,500,1200,74,74,21.32,1,956,30,35,heuristic2,6.31982,6.31786,112132096,15530196992,15642329088,76,89
instances/ratio_1000/instance_500v3_2.40r19.cnf,all,500,1200,74,74,21.32,1,956,30,35,heuristic3,9.72168,9.72058,112132096,15530196992,15642329088,74,87
instances/ratio_1000/instance_500v3_2.40r19.cnf,all,500,1200,74,74,21.32,1,956,30,35,heuristic4,691.684,691.693,112132096,15530196992,15642329088,72,85
instances/ratio_1000/instance_500v3_2.40r19.cnf,all,500,1200,74,74,21.32,1,956,30,35,cleanup_device,0.0412598,0.041024,112132096,15530196992,15642329088,-1,-1
instances/ratio_1000/instance_500v3_2.40r19.cnf,all,500,1200,74,74,21.32,1,956,30,35,total,727.473,-1,112132096,15530196992,15642329088,-1,-1
instances/ratio_1000/instance_500v3_2.50r20.cnf,all,500,1250,74,74,0.26,1,808,54,28,read_instance,0.397217,-1,107937792,15534391296,15642329088,-1,-1
instances/ratio_1000/instance_500v3_2.50r20.cnf,all,500,1250,74,74,0.26,1,808,54,28,alloc_graph,0.178467,0.161632,110034944,15532294144,15642329088,-1,-1
instances/ratio_1000/instance_500v3_2.50r20.cnf,all,500,1250,74,74,0.26,1,808,54,28,scc,4.70142,4.70237,112132096,15530196992,15642329088,-1,-1
instances/ratio_1000/instance_500v3_2.50r20.cnf,all,500,1250,74,74,0.26,1,808,54,28,topo_sort,0.666748,0.665984,112132096,15530196992,15642329088,-1,-1
instances/ratio_1000/instance_500v3_2.50r20.cnf,all,500,1250,74,74,0.26,1,808,54,28,backbone,5.19702,5.20333,112132096,15530196992,15642329088,-1,-1
instances/ratio_1000/instance_500v3_2.50r20.cnf,all,500,1250,74,74,0.26,1,808,54,28,wcc,0.207031,0.206848,112132096,15530196992,15642329088,-1,-1
instances/ratio_1000/instance_500v3_2.50r20.cnf,all,500,1250,74,74,0.26,1,808,54,28,wcc_grouped,0.380127,0.380768,112132096,15530196992,15642329088,-1,-1
instances/ratio_1000/instance_500v3_2.50r20.cnf,all,500,1250,74,74,0.26,1,808,54,28,heuristic1,6.97754,6.96618,112132096,15530196992,15642329088,79,104
instances/ratio_1000/instance_500v3_2.50r20.cnf,all,500,1250,74,74,0.26,1,808,54,28,heuristic2,5.2439,5.24243,112132096,15530196992,15642329088,63,88
instances/ratio_1000/instance_500v3_2.50r20.cnf,all,500,1250,74,74,0.26,1,808,54,28,heuristic3,9.05176,9.05155,112132096,15530196992,15642329088,64,89
instances/ratio_1000/instance_500v3_2.50r20.cnf,all,500,1250,74,74,0.26,1,808,54,28,heuristic4,552.431,552.438,112132096,15530196992,15642329088,59,84
instances/ratio_1000/instance_500v3_2.50r20.cnf,all,500,1250,74,74,0.26,1,808,54,28,cleanup_device,0.0424805,0.042272,112132096,15530196992,15642329088,-1,-1
instances/ratio_1000/instance_500v3_2.50r20.cnf,all,500,1250,74,74,0.26,1,808,54,28,total,586.064,-1,112132096,15530196992,15642329088,-1,-1
instances/ratio_1000/instance_500v3_2.60r21.cnf,all,500,1300,63,63,0.54,1,814,22,31,read_instance,0.38208,-1,107937792,15534391296,15642329088,-1,-1
instances/ratio_1000/instance_500v3_2.60r21.cnf,all,500,1300,63,63,0.54,1,814,22,31,alloc_graph,0.171631,0.158176,110034944,15532294144,15642329088,-1,-1
instances/ratio_1000/instance_500v3_2.60r21.cnf,all,500,1300,63,63,0.54,1,814,22,31,scc,4.39478,4.39632,112132096,15530196992,15642329088,-1,-1
instances/ratio_1000/instance_500v3_2.60r21.cnf,all,500,1300,63,63,0.54,1,814,22,31,topo_sort,0.754395,0.753824,112132096,15530196992,15642329088,-1,-1
instances/ratio_1000/instance_500v3_2.60r21.cnf,all,500,1300,63,63,0.54,1,814,22,31,backbone,5.06177,5.06502,112132096,15530196992,15642329088,-1,-1
instances/ratio_1000/instance_500v3_2.60r21.cnf,all,500,1300,63,63,0.54,1,814,22,31,wcc,0.187012,0.186368,112132096,15530196992,15642329088,-1,-1
instances/ratio_1000/instance_500v3_2.60r21.cnf,all,500,1300,63,63,0.54,1,814,22,31,wcc_grouped,0.344727,0.345792,112132096,15530196992,15642329088,-1,-1
instances/ratio_1000/instance_500v3_2.60r21.cnf,all,500,1300,63,63,0.54,1,814,22,31,heuristic1,7.35352,7.35312,112132096,15530196992,15642329088,84,93
instances/ratio_1000/instance_500v3_2.60r21.cnf,all,500,1300,63,63,0.54,1,814,22,31,heuristic2,5.17798,5.17712,112132096,15530196992,15642329088,66,76
instances/ratio_1000/instance_500v3_2.60r21.cnf,all,500,1300,63,63,0.54,1,814,22,31,heuristic3,8.64575,8.64378,112132096,15530196992,15642329088,64,73
instances/ratio_1000/instance_500v3_2.60r21.cnf,all,500,1300,63,63,0.54,1,814,22,31,heuristic4,557.941,557.949,112132096,15530196992,15642329088,60,69
instances/ratio_1000/instance_500v3_2.60r21.cnf,all,500,1300,63,63,0.54,1,814,22,31,cleanup_device,0.0419922,0.04208,112132096,15530196992,15642329088,-1,-1
instances/ratio_1000/instance_500v3_2.60r21.cnf,all,500,1300,63,63,0.54,1,814,22,31,total,591.01,-1,112132096,15530196992,15642329088,-1,-1
instances/ratio_1000/instance_500v3_2.70r22.cnf,all,500,1350,62,62,0.39,1,856,32,46,read_instance,0.388672,-1,107937792,15534391296,15642329088,-1,-1
instances/ratio_1000/instance_500v3_2.70r22.cnf,all,500,1350,62,62,0.39,1,856,32,46,alloc_graph,0.165771,0.152416,110034944,15532294144,15642329088,-1,-1
instances/ratio_1000/instance_500v3_2.70r22.cnf,all,500,1350,62,62,0.39,1,856,32,46,scc,4.67651,4.6767,112132096,15530196992,15642329088,-1,-1
instances/ratio_1000/instance_500v3_2.70r22.cnf,all,500,1350,62,62,0.39,1,856,32,46,topo_sort,1.03711,1.03616,112132096,15530196992,15642329088,-1,-1
instances/ratio_1000/instance_500v3_2.70r22.cnf,all,500,1350,62,62,0.39,1,856,32,46,backbone,5.20435,5.21018,112132096,15530196992,15642329088,-1,-1
instances/ratio_1000/instance_500v3_2.70r22.cnf,all,500,1350,62,62,0.39,1,856,32,46,wcc,0.221924,0.221184,112132096,15530196992,15642329088,-1,-1
instances/ratio_1000/instance_500v3_2.70r22.cnf,all,500,1350,62,62,0.39,1,856,32,46,wcc_grouped,0.350586,0.350496,112132096,15530196992,15642329088,-1,-1
instances/ratio_1000/instance_500v3_2.70r22.cnf,all,500,1350,62,62,0.39,1,856,32,46,heuristic1,7.06323,7.06278,112132096,15530196992,15642329088,77,91
instances/ratio_1000/instance_500v3_2.70r22.cnf,all,500,1350,62,62,0.39,1,856,32,46,heuristic2,5.42871,5.43094,112132096,15530196992,15642329088,68,82
instances/ratio_1000/instance_500v3_2.70r22.cnf,all,500,1350,62,62,0.39,1,856,32,46,heuristic3,8.49048,8.48934,112132096,15530196992,15642329088,63,77
instances/ratio_1000/instance_500v3_2.70r22.cnf,all,500,1350,62,62,0.39,1,856,32,46,heuristic4,527.537,527.544,112132096,15530196992,15642329088,58,72
instances/ratio_1000/instance_500v3_2.70r22.cnf,all,500,1350,62,62,0.39,1,856,32,46,cleanup_device,0.0478516,0.04784,112132096,15530196992,15642329088,-1,-1
instances/ratio_1000/instance_500v3_2.70r22.cnf,all,500,1350,62,62,0.39,1,856,32,46,total,561.221,-1,112132096,15530196992,15642329088,-1,-1
instances/ratio_1000/instance_500v3_2.80r23.cnf,all,500,1400,62,62,0.14,1,778,36,37,read_instance,0.429932,-1,107937792,15534391296,15642329088,-1,-1
instances/ratio_1000/instance_500v3_2.80r23.cnf,all,500,1400,62,62,0.14,1,778,36,37,alloc_graph,0.183838,0.174304,110034944,15532294144,15642329088,-1,-1
instances/ratio_1000/instance_500v3_2.80r23.cnf,all,500,1400,62,62,0.14,1,778,36,37,scc,4.72168,4.72234,112132096,15530196992,15642329088,-1,-1
instances/ratio_1000/instance_500v3_2.80r23.cnf,all,500,1400,62,62,0.14,1,778,36,37,topo_sort,0.859863,0.858976,112132096,15530196992,15642329088,-1,-1
instances/ratio_1000/instance_500v3_2.80r23.cnf,all,500,1400,62,62,0.14,1,778,36,37,backbone,5.60767,5.61411,112132096,15530196992,15642329088,-1,-1
instances/ratio_1000/instance_500v3_2.80r23.cnf,all,500,1400,62,62,0.14,1,778,36,37,wcc,0.22998,0.229376,112132096,15530196992,15642329088,-1,-1
instances/ratio_1000/instance_500v3_2.80r23.cnf,all,500,1400,62,62,0.14,1,778,36,37,wcc_grouped,0.371826,0.372384,112132096,15530196992,15642329088,-1,-1
instances/ratio_1000/instance_500v3_2.80r23.cnf,all,500,1400,62,62,0.14,1,778,36,37,heuristic1,6.79712,6.79606,112132096,15530196992,15642329088,61,77
instances/ratio_1000/instance_500v3_2.80r23.cnf,all,500,1400,62,62,0.14,1,778,36,37,heuristic2,4.7439,4.74301,112132096,15530196992,15642329088,56,72
instances/ratio_1000/instance_500v3_2.80r23.cnf,all,500,1400,62,62,0.14,1,778,36,37,heuristic3,8.96948,8.96838,112132096,15530196992,15642329088,58,74
instances/ratio_1000/instance_500v3_2.80r23.cnf,all,500,1400,62,62,0.14,1,778,36,37,heuristic4,472.231,472.237,112132096,15530196992,15642329088,53,69
instances/ratio_1000/instance_500v3_2.80r23.cnf,all,500,1400,62,62,0.14,1,778,36,37,cleanup_device,0.0424805,0.042272,112132096,15530196992,15642329088,-1,-1
instances/ratio_1000/instance_500v3_2.80r23.cnf,all,500,1400,62,62,0.14,1,778,36,37,total,505.81,-1,112132096,15530196992,15642329088,-1,-1
instances/ratio_1000/instance_500v3_2.90r24.cnf,all,500,1450,62,62,0.04,1,640,56,28,read_instance,0.414551,-1,107937792,15534391296,15642329088,-1,-1
instances/ratio_1000/instance_500v3_2.90r24.cnf,all,500,1450,62,62,0.04,1,640,56,28,alloc_graph,0.188721,0.171328,110034944,15532294144,15642329088,-1,-1
instances/ratio_1000/instance_500v3_2.90r24.cnf,all,500,1450,62,62,0.04,1,640,56,28,scc,4.76782,4.768,112132096,15530196992,15642329088,-1,-1
instances/ratio_1000/instance_500v3_2.90r24.cnf,all,500,1450,62,62,0.04,1,640,56,28,topo_sort,0.70874,0.708224,112132096,15530196992,15642329088,-1,-1
instances/ratio_1000/instance_500v3_2.90r24.cnf,all,500,1450,62,62,0.04,1,640,56,28,backbone,4.94702,4.95302,112132096,15530196992,15642329088,-1,-1
instances/ratio_1000/instance_500v3_2.90r24.cnf,all,500,1450,62,62,0.04,1,640,56,28,wcc,0.218994,0.219136,112132096,15530196992,15642329088,-1,-1
instances/ratio_1000/instance_500v3_2.90r24.cnf,all,500,1450,62,62,0.04,1,640,56,28,wcc_grouped,0.336914,0.337408,112132096,15530196992,15642329088,-1,-1
instances/ratio_1000/instance_500v3_2.90r24.cnf,all,500,1450,62,62,0.04,1,640,56,28,heuristic1,4.90283,4.9016,112132096,15530196992,15642329088,56,83
instances/ratio_1000/instance_500v3_2.90r24.cnf,all,500,1450,62,62,0.04,1,640,56,28,heuristic2,3.57983,3.57882,112132096,15530196992,15642329088,47,74
instances/ratio_1000/instance_500v3_2.90r24.cnf,all,500,1450,62,62,0.04,1,640,56,28,heuristic3,6.00122,6.00026,112132096,15530196992,15642329088,40,67
instances/ratio_1000/instance_500v3_2.90r24.cnf,all,500,1450,62,62,0.04,1,640,56,28,heuristic4,279.648,279.652,112132096,15530196992,15642329088,35,62
instances/ratio_1000/instance_500v3_2.90r24.cnf,all,500,1450,62,62,0.04,1,640,56,28,cleanup_device,0.0383301,0.038432,112132096,15530196992,15642329088,-1,-1
instances/ratio_1000/instance_500v3_2.90r24.cnf,all,500,1450,62,62,0.04,1,640,56,28,total,306.299,-1,112132096,15530196992,15642329088,-1,-1
instances/ratio_1000/instance_500v3_3.00r25.cnf,all,500,1500,65,65,0.05,1,660,62,24,read_instance,0.412842,-1,107937792,15534391296,15642329088,-1,-1
instances/ratio_1000/instance_500v3_3.00r25.cnf,all,500,1500,65,65,0.05,1,660,62,24,alloc_graph,0.180176,0.163648,110034944,15532294144,15642329088,-1,-1
instances/ratio_1000/instance_500v3_3.00r25.cnf,all,500,1500,65,65,0.05,1,660,62,24,scc,4.36206,4.36378,112132096,15530196992,15642329088,-1,-1
instances/ratio_1000/instance_500v3_3.00r25.cnf,all,500,1500,65,65,0.05,1,660,62,24,topo_sort,0.626709,0.625952,112132096,15530196992,15642329088,-1,-1
instances/ratio_1000/instance_500v3_3.00r25.cnf,all,500,1500,65,65,0.05,1,660,62,24,backbone,5.01538,5.0241,112132096,15530196992,15642329088,-1,-1
instances/ratio_1000/instance_500v3_3.00r25.cnf,all,500,1500,65,65,0.05,1,660,62,24,wcc,0.233643,0.23216,112132096,15530196992,15642329088,-1,-1
instances/ratio_1000/instance_500v3_3.00r25.cnf,all,500,1500,65,65,0.05,1,660,62,24,wcc_grouped,0.370605,0.370432,112132096,15530196992,15642329088,-1,-1
instances/ratio_1000/instance_500v3_3.00r25.cnf,all,500,1500,65,65,0.05,1,660,62,24,heuristic1,4.80078,4.80006,112132096,15530196992,15642329088,50,80
instances/ratio_1000/instance_500v3_3.00r25.cnf,all,500,1500,65,65,0.05,1,660,62,24,heuristic2,3.68359,3.68192,112132096,15530196992,15642329088,47,76
instances/ratio_1000/instance_500v3_3.00r25.cnf,all,500,1500,65,65,0.05,1,660,62,24,heuristic3,6.96924,6.96803,112132096,15530196992,15642329088,39,68
instances/ratio_1000/instance_500v3_3.00r25.cnf,all,500,1500,65,65,0.05,1,660,62,24,heuristic4,311.177,311.182,112132096,15530196992,15642329088,38,67
instances/ratio_1000/instance_500v3_3.00r25.cnf,all,500,1500,65,65,0.05,1,660,62,24,cleanup_device,0.0427246,0.042432,112132096,15530196992,15642329088,-1,-1
instances/ratio_1000/instance_500v3_3.00r25.cnf,all,500,1500,65,65,0.05,1,660,62,24,total,338.463,-1,112132096,15530196992,15642329088,-1,-1
instances/ratio_1000/instance_500v3_3.10r26.cnf,all,500,1550,57,57,0.04,1,768,28,36,read_instance,0.462891,-1,107937792,15534391296,15642329088,-1,-1
instances/ratio_1000/instance_500v3_3.10r26.cnf,all,500,1550,57,57,0.04,1,768,28,36,alloc_graph,0.192871,0.163392,110034944,15532294144,15642329088,-1,-1
instances/ratio_1000/instance_500v3_3.10r26.cnf,all,500,1550,57,57,0.04,1,768,28,36,scc,4.58618,4.58554,112132096,15530196992,15642329088,-1,-1
instances/ratio_1000/instance_500v3_3.10r26.cnf,all,500,1550,57,57,0.04,1,768,28,36,topo_sort,0.833252,0.83296,112132096,15530196992,15642329088,-1,-1
instances/ratio_1000/instance_500v3_3.10r26.cnf,all,500,1550,57,57,0.04,1,768,28,36,backbone,5.33691,5.34272,112132096,15530196992,15642329088,-1,-1
instances/ratio_1000/instance_500v3_3.10r26.cnf,all,500,1550,57,57,0.04,1,768,28,36,wcc,0.196289,0.196608,112132096,15530196992,15642329088,-1,-1
instances/ratio_1000/instance_500v3_3.10r26.cnf,all,500,1550,57,57,0.04,1,768,28,36,wcc_grouped,0.352539,0.352608,112132096,15530196992,15642329088,-1,-1
instances/ratio_1000/instance_500v3_3.10r26.cnf,all,500,1550,57,57,0.04,1,768,28,36,heuristic1,5.95825,5.95747,112132096,15530196992,15642329088,67,79
instances/ratio_1000/instance_500v3_3.10r26.cnf,all,500,1550,57,57,0.04,1,768,28,36,heuristic2,4.77881,4.77731,112132096,15530196992,15642329088,61,73
instances/ratio_1000/instance_500v3_3.10r26.cnf,all,500,1550,57,57,0.04,1,768,28,36,heuristic3,8.48438,8.4831,112132096,15530196992,15642329088,55,67
instances/ratio_1000/instance_500v3_3.10r26.cnf,all,500,1550,57,57,0.04,1,768,28,36,heuristic4,464.326,464.334,112132096,15530196992,15642329088,52,64
instances/ratio_1000/instance_500v3_3.10r26.cnf,all,500,1550,57,57,0.04,1,768,28,36,cleanup_device,0.0385742,0.038496,112132096,15530196992,15642329088,-1,-1
instances/ratio_1000/instance_500v3_3.10r26.cnf,all,500,1550,57,57,0.04,1,768,28,36,total,496.163,-1,112132096,15530196992,15642329088,-1,-1
instances/ratio_1000/instance_500v3_3.20r27.cnf,all,500,1600,65,65,0.04,1,608,52,28,read_instance,0.445312,-1,107937792,15534391296,15642329088,-1,-1
instances/ratio_1000/instance_500v3_3.20r27.cnf,all,500,1600,65,65,0.04,1,608,52,28,alloc_graph,0.181396,0.168128,110034944,15532294144,15642329088,-1,-1
instances/ratio_1000/instance_500v3_3.20r27.cnf,all,500,1600,65,65,0.04,1,608,52,28,scc,4.33301,4.33382,112132096,15530196992,15642329088,-1,-1
instances/ratio_1000/instance_500v3_3.20r27.cnf,all,500,1600,65,65,0.04,1,608,52,28,topo_sort,0.672852,0.673088,112132096,15530196992,15642329088,-1,-1
instances/ratio_1000/instance_500v3_3.20r27.cnf,all,500,1600,65,65,0.04,1,608,52,28,backbone,5.04932,5.05501,112132096,15530196992,15642329088,-1,-1
instances/ratio_1000/instance_500v3_3.20r27.cnf,all,500,1600,65,65,0.04,1,608,52,28,wcc,0.195068,0.201792,112132096,15530196992,15642329088,-1,-1
instances/ratio_1000/instance_500v3_3.20r27.cnf,all,500,1600,65,65,0.04,1,608,52,28,wcc_grouped,0.343994,0.34384,112132096,15530196992,15642329088,-1,-1
instances/ratio_1000/instance_500v3_3.20r27.cnf,all,500,1600,65,65,0.04,1,608,52,28,heuristic1,5.47168,5.47062,112132096,15530196992,15642329088,62,86
instances/ratio_1000/instance_500v3_3.20r27.cnf,all,500,1600,65,65,0.04,1,608,52,28,heuristic2,4.71118,4.71014,112132096,15530196992,15642329088,60,84
instances/ratio_1000/instance_500v3_3.20r27.cnf,all,500,1600,65,65,0.04,1,608,52,28,heuristic3,7.427,7.42579,112132096,15530196992,15642329088,48,72
instances/ratio_1000/instance_500v3_3.20r27.cnf,all,500,1600,65,65,0.04,1,608,52,28,heuristic4,448.985,448.991,112132096,15530196992,15642329088,50,74
instances/ratio_1000/instance_500v3_3.20r27.cnf,all,500,1600,65,65,0.04,1,608,52,28,cleanup_device,0.0407715,0.0408,112132096,15530196992,15642329088,-1,-1
instances/ratio_1000/instance_500v3_3.20r27.cnf,all,500,1600,65,65,0.04,1,608,52,28,total,478.448,-1,112132096,15530196992,15642329088,-1,-1
instances/ratio_1000/instance_500v3_3.30r28.cnf,all,500,1650,56,56,0.03,1,538,62,24,read_instance,0.547363,-1,107937792,15534391296,15642329088,-1,-1
instances/ratio_1000/instance_500v3_3.30r28.cnf,all,500,1650,56,56,0.03,1,538,62,24,alloc_graph,0.169678,0.155168,110034944,15532294144,15642329088,-1,-1
instances/ratio_1000/instance_500v3_3.30r28.cnf,all,500,1650,56,56,0.03,1,538,62,24,scc,4.84937,4.84982,112132096,15530196992,15642329088,-1,-1
instances/ratio_1000/instance_500v3_3.30r28.cnf,all,500,1650,56,56,0.03,1,538,62,24,topo_sort,0.610107,0.609088,112132096,15530196992,15642329088,-1,-1
instances/ratio_1000/instance_500v3_3.30r28.cnf,all,500,1650,56,56,0.03,1,538,62,24,backbone,5.50708,5.51306,112132096,15530196992,15642329088,-1,-1
instances/ratio_1000/instance_500v3_3.30r28.cnf,all,500,1650,56,56,0.03,1,538,62,24,wcc,0.193604,0.193888,112132096,15530196992,15642329088,-1,-1
instances/ratio_1000/instance_500v3_3.30r28.cnf,all,500,1650,56,56,0.03,1,538,62,24,wcc_grouped,0.368408,0.368512,112132096,15530196992,15642329088,-1,-1
instances/ratio_1000/instance_500v3_3.30r28.cnf,all,500,1650,56,56,0.03,1,538,62,24,heuristic1,3.7312,3.73066,112132096,15530196992,15642329088,41,72
instances/ratio_1000/instance_500v3_3.30r28.cnf,all,500,1650,56,56,0.03,1,538,62,24,heuristic2,2.57324,2.57197,112132096,15530196992,15642329088,31,63
instances/ratio_1000/instance_500v3_3.30r28.cnf,all,500,1650,56,56,0.03,1,538,62,24,heuristic3,5.31421,5.31299,112132096,15530196992,15642329088,28,59
instances/ratio_1000/instance_500v3_3.30r28.cnf,all,500,1650,56,56,0.03,1,538,62,24,heuristic4,237.138,237.143,112132096,15530196992,15642329088,27,58
instances/ratio_1000/instance_500v3_3.30r28.cnf,all,500,1650,56,56,0.03,1,538,62,24,cleanup_device,0.0422363,0.041952,112132096,15530196992,15642329088,-1,-1
instances/ratio_1000/instance_500v3_3.30r28.cnf,all,500,1650,56,56,0.03,1,538,62,24,total,261.633,-1,112132096,15530196992,15642329088,-1,-1
instances/ratio_1000/instance_500v3_3.40r29.cnf,all,500,1700,57,57,0.43,1,620,36,28,read_instance,0.505371,-1,107937792,15534391296,15642329088,-1,-1
instances/ratio_1000/instance_500v3_3.40r29.cnf,all,500,1700,57,57,0.43,1,620,36,28,alloc_graph,0.187256,0.173184,110034944,15532294144,15642329088,-1,-1
instances/ratio_1000/instance_500v3_3.40r29.cnf,all,500,1700,57,57,0.43,1,620,36,28,scc,4.19165,4.19226,112132096,15530196992,15642329088,-1,-1
instances/ratio_1000/instance_500v3_3.40r29.cnf,all,500,1700,57,57,0.43,1,620,36,28,topo_sort,0.684326,0.683072,112132096,15530196992,15642329088,-1,-1
instances/ratio_1000/instance_500v3_3.40r29.cnf,all,500,1700,57,57,0.43,1,620,36,28,backbone,5.02905,5.03318,112132096,15530196992,15642329088,-1,-1
instances/ratio_1000/instance_500v3_3.40r29.cnf,all,500,1700,57,57,0.43,1,620,36,28,wcc,0.188721,0.188416,112132096,15530196992,15642329088,-1,-1
instances/ratio_1000/instance_500v3_3.40r29.cnf,all,500,1700,57,57,0.43,1,620,36,28,wcc_grouped,0.351807,0.352352,112132096,15530196992,15642329088,-1,-1
instances/ratio_1000/instance_500v3_3.40r29.cnf,all,500,1700,57,57,0.43,1,620,36,28,heuristic1,5.4939,5.49133,112132096,15530196992,15642329088,60,76
instances/ratio_1000/instance_500v3_3.40r29.cnf,all,500,1700,57,57,0.43,1,620,36,28,heuristic2,4.5144,4.51366,112132096,15530196992,15642329088,53,69
instances/ratio_1000/instance_500v3_3.40r29.cnf,all,500,1700,57,57,0.43,1,620,36,28,heuristic3,8.25024,8.24896,112132096,15530196992,15642329088,57,73
instances/ratio_1000/instance_500v3_3.40r29.cnf,all,500,1700,57,57,0.43,1,620,36,28,heuristic4,426.319,426.327,112132096,15530196992,15642329088,48,64
instances/ratio_1000/instance_500v3_3.40r29.cnf,all,500,1700,57,57,0.43,1,620,36,28,cleanup_device,0.052002,0.052544,112132096,15530196992,15642329088,-1,-1
instances/ratio_1000/instance_500v3_3.40r29.cnf,all,500,1700,57,57,0.43,1,620,36,28,total,456.396,-1,112132096,15530196992,15642329088,-1,-1
instances/ratio_1000/instance_500v3_3.50r30.cnf,all,500,1750,51,51,0.05,1,622,34,47,read_instance,0.508057,-1,107937792,15534391296,15642329088,-1,-1
instances/ratio_1000/instance_500v3_3.50r30.cnf,all,500,1750,51,51,0.05,1,622,34,47,alloc_graph,0.170166,0.154048,110034944,15532294144,15642329088,-1,-1
instances/ratio_1000/instance_500v3_3.50r30.cnf,all,500,1750,51,51,0.05,1,622,34,47,scc,4.31616,4.31616,112132096,15530196992,15642329088,-1,-1
instances/ratio_1000/instance_500v3_3.50r30.cnf,all,500,1750,51,51,0.05,1,622,34,47,topo_sort,1.0271,1.02566,112132096,15530196992,15642329088,-1,-1
instances/ratio_1000/instance_500v3_3.50r30.cnf,all,500,1750,51,51,0.05,1,622,34,47,backbone,5.16333,5.16858,112132096,15530196992,15642329088,-1,-1
instances/ratio_1000/instance_500v3_3.50r30.cnf,all,500,1750,51,51,0.05,1,622,34,47,wcc,0.222168,0.222208,112132096,15530196992,15642329088,-1,-1
instances/ratio_1000/instance_500v3_3.50r30.cnf,all,500,1750,51,51,0.05,1,622,34,47,wcc_grouped,0.354736,0.3544,112132096,15530196992,15642329088,-1,-1
instances/ratio_1000/instance_500v3_3.50r30.cnf,all,500,1750,51,51,0.05,1,622,34,47,heuristic1,4.22168,4.22122,112132096,15530196992,15642329088,46,61
instances/ratio_1000/instance_500v3_3.50r30.cnf,all,500,1750,51,51,0.05,1,622,34,47,heuristic2,3.74536,3.74387,112132096,15530196992,15642329088,46,61
instances/ratio_1000/instance_500v3_3.50r30.cnf,all,500,1750,51,51,0.05,1,622,34,47,heuristic3,6.72192,6.7207,112132096,15530196992,15642329088,39,54
instances/ratio_1000/instance_500v3_3.50r30.cnf,all,500,1750,51,51,0.05,1,622,34,47,heuristic4,287.843,287.847,112132096,15530196992,15642329088,37,52
instances/ratio_1000/instance_500v3_3.50r30.cnf,all,500,1750,51,51,0.05,1,622,34,47,cleanup_device,0.0415039,0.040896,112132096,15530196992,15642329088,-1,-1
instances/ratio_1000/instance_500v3_3.50r30.cnf,all,500,1750,51,51,0.05,1,622,34,47,total,314.916,-1,112132096,15530196992,15642329088,-1,-1
instances/ratio_1000/instance_500v3_3.60r31.cnf,all,500,1800,47,47,0.05,1,410,64,19,read_instance,0.549316,-1,107937792,15534391296,15642329088,-1,-1
instances/ratio_1000/instance_500v3_3.60r31.cnf,all,500,1800,47,47,0.05,1,410,64,19,alloc_graph,0.169434,0.155904,110034944,15532294144,15642329088,-1,-1
instances/ratio_1000/instance_500v3_3.60r31.cnf,all,500,1800,47,47,0.05,1,410,64,19,scc,4.78784,4.78966,112132096,15530196992,15642329088,-1,-1
instances/ratio_1000/instance_500v3_3.60r31.cnf,all,500,1800,47,47,0.05,1,410,64,19,topo_sort,0.506592,0.505408,112132096,15530196992,15642329088,-1,-1
instances/ratio_1000/instance_500v3_3.60r31.cnf,all,500,1800,47,47,0.05,1,410,64,19,backbone,5.01587,5.01901,112132096,15530196992,15642329088,-1,-1
instances/ratio_1000/instance_500v3_3.60r31.cnf,all,500,1800,47,47,0.05,1,410,64,19,wcc,0.202881,0.202816,112132096,15530196992,15642329088,-1,-1
instances/ratio_1000/instance_500v3_3.60r31.cnf,all,500,1800,47,47,0.05,1,410,64,19,wcc_grouped,0.351318,0.350208,112132096,15530196992,15642329088,-1,-1
instances/ratio_1000/instance_500v3_3.60r31.cnf,all,500,1800,47,47,0.05,1,410,64,19,heuristic1,2.51318,2.512,112132096,15530196992,15642329088,25,56
instances/ratio_1000/instance_500v3_3.60r31.cnf,all,500,1800,47,47,0.05,1,410,64,19,heuristic2,1.47266,1.47078,112132096,15530196992,15642329088,17,48
instances/ratio_1000/instance_500v3_3.60r31.cnf,all,500,1800,47,47,0.05,1,410,64,19,heuristic3,4.65479,4.65322,112132096,15530196992,15642329088,18,49
instances/ratio_1000/instance_500v3_3.60r31.cnf,all,500,1800,47,47,0.05,1,410,64,19,heuristic4,202.202,202.204,112132096,15530196992,15642329088,17,48
instances/ratio_1000/instance_500v3_3.60r31.cnf,all,500,1800,47,47,0.05,1,410,64,19,cleanup_device,0.0415039,0.0416,112132096,15530196992,15642329088,-1,-1
instances/ratio_1000/instance_500v3_3.60r31.cnf,all,500,1800,47,47,0.05,1,410,64,19,total,222.998,-1,112132096,15530196992,15642329088,-1,-1
instances/ratio_1000/instance_500v3_3.70r32.cnf,all,500,1850,46,46,0.05,1,420,36,18,read_instance,0.550781,-1,107937792,15534391296,15642329088,-1,-1
instances/ratio_1000/instance_500v3_3.70r32.cnf,all,500,1850,46,46,0.05,1,420,36,18,alloc_graph,0.173828,0.159264,110034944,15532294144,15642329088,-1,-1
instances/ratio_1000/instance_500v3_3.70r32.cnf,all,500,1850,46,46,0.05,1,420,36,18,scc,4.18115,4.18202,112132096,15530196992,15642329088,-1,-1
instances/ratio_1000/instance_500v3_3.70r32.cnf,all,500,1850,46,46,0.05,1,420,36,18,topo_sort,0.504639,0.503968,112132096,15530196992,15642329088,-1,-1
instances/ratio_1000/instance_500v3_3.70r32.cnf,all,500,1850,46,46,0.05,1,420,36,18,backbone,5.0271,5.03312,112132096,15530196992,15642329088,-1,-1
instances/ratio_1000/instance_500v3_3.70r32.cnf,all,500,1850,46,46,0.05,1,420,36,18,wcc,0.20752,0.206848,112132096,15530196992,15642329088,-1,-1
instances/ratio_1000/instance_500v3_3.70r32.cnf,all,500,1850,46,46,0.05,1,420,36,18,wcc_grouped,0.357422,0.357312,112132096,15530196992,15642329088,-1,-1
instances/ratio_1000/instance_500v3_3.70r32.cnf,all,500,1850,46,46,0.05,1,420,36,18,heuristic1,3.42578,3.42496,112132096,15530196992,15642329088,38,55
instances/ratio_1000/instance_500v3_3.70r32.cnf,all,500,1850,46,46,0.05,1,420,36,18,heuristic2,2.85669,2.85622,112132096,15530196992,15642329088,35,52
instances/ratio_1000/instance_500v3_3.70r32.cnf,all,500,1850,46,46,0.05,1,420,36,18,heuristic3,6.05762,6.05616,112132096,15530196992,15642329088,37,54
instances/ratio_1000/instance_500v3_3.70r32.cnf,all,500,1850,46,46,0.05,1,420,36,18,heuristic4,243.919,243.923,112132096,15530196992,15642329088,31,48
instances/ratio_1000/instance_500v3_3.70r32.cnf,all,500,1850,46,46,0.05,1,420,36,18,cleanup_device,0.041748,0.041568,112132096,15530196992,15642329088,-1,-1
instances/ratio_1000/instance_500v3_3.70r32.cnf,all,500,1850,46,46,0.05,1,420,36,18,total,267.872,-1,112132096,15530196992,15642329088,-1,-1
instances/ratio_1000/instance_500v3_3.80r33.cnf,all,500,1900,44,44,0.04,1,394,54,22,read_instance,0.549805,-1,107937792,15534391296,15642329088,-1,-1
instances/ratio_1000/instance_500v3_3.80r33.cnf,all,500,1900,44,44,0.04,1,394,54,22,alloc_graph,0.170654,0.152864,110034944,15532294144,15642329088,-1,-1
instances/ratio_1000/instance_500v3_3.80r33.cnf,all,500,1900,44,44,0.04,1,394,54,22,scc,4.09326,4.09398,112132096,15530196992,15642329088,-1,-1
instances/ratio_1000/instance_500v3_3.80r33.cnf,all,500,1900,44,44,0.04,1,394,54,22,topo_sort,0.550781,0.549824,112132096,15530196992,15642329088,-1,-1
instances/ratio_1000/instance_500v3_3.80r33.cnf,all,500,1900,44,44,0.04,1,394,54,22,backbone,5.16309,5.16931,112132096,15530196992,15642329088,-1,-1
instances/ratio_1000/instance_500v3_3.80r33.cnf,all,500,1900,44,44,0.04,1,394,54,22,wcc,0.204834,0.204608,112132096,15530196992,15642329088,-1,-1
instances/ratio_1000/instance_500v3_3.80r33.cnf,all,500,1900,44,44,0.04,1,394,54,22,wcc_grouped,0.352295,0.352352,112132096,15530196992,15642329088,-1,-1
instances/ratio_1000/instance_500v3_3.80r33.cnf,all,500,1900,44,44,0.04,1,394,54,22,heuristic1,2.50854,2.50819,112132096,15530196992,15642329088,26,53
instances/ratio_1000/instance_500v3_3.80r33.cnf,all,500,1900,44,44,0.04,1,394,54,22,heuristic2,2.10425,2.10275,112132096,15530196992,15642329088,27,54
instances/ratio_1000/instance_500v3_3.80r33.cnf,all,500,1900,44,44,0.04,1,394,54,22,heuristic3,5.32153,5.32051,112132096,15530196992,15642329088,20,46
instances/ratio_1000/instance_500v3_3.80r33.cnf,all,500,1900,44,44,0.04,1,394,54,22,heuristic4,211.448,211.452,112132096,15530196992,15642329088,19,45
instances/ratio_1000/instance_500v3_3.80r33.cnf,all,500,1900,44,44,0.04,1,394,54,22,cleanup_device,0.043457,0.043008,112132096,15530196992,15642329088,-1,-1
instances/ratio_1000/instance_500v3_3.80r33.cnf,all,500,1900,44,44,0.04,1,394,54,22,total,233.062,-1,112132096,15530196992,15642329088,-1,-1
instances/ratio_1000/instance_500v3_3.90r34.cnf,all,500,1950,41,41,0.05,1,374,52,18,read_instance,0.552246,-1,107937792,15534391296,15642329088,-1,-1
instances/ratio_1000/instance_500v3_3.90r34.cnf,all,500,1950,41,41,0.05,1,374,52,18,alloc_graph,0.178955,0.164224,110034944,15532294144,15642329088,-1,-1
instances/ratio_1000/instance_500v3_3.90r34.cnf,all,500,1950,41,41,0.05,1,374,52,18,scc,4.50513,4.50682,112132096,15530196992,15642329088,-1,-1
instances/ratio_1000/instance_500v3_3.90r34.cnf,all,500,1950,41,41,0.05,1,374,52,18,topo_sort,0.492188,0.491168,112132096,15530196992,15642329088,-1,-1
instances/ratio_1000/instance_500v3_3.90r34.cnf,all,500,1950,41,41,0.05,1,374,52,18,backbone,5.24902,5.25469,112132096,15530196992,15642329088,-1,-1
instances/ratio_1000/instance_500v3_3.90r34.cnf,all,500,1950,41,41,0.05,1,374,52,18,wcc,0.220459,0.220096,112132096,15530196992,15642329088,-1,-1
instances/ratio_1000/instance_500v3_3.90r34.cnf,all,500,1950,41,41,0.05,1,374,52,18,wcc_grouped,0.375244,0.374784,112132096,15530196992,15642329088,-1,-1
instances/ratio_1000/instance_500v3_3.90r34.cnf,all,500,1950,41,41,0.05,1,374,52,18,heuristic1,2.48901,2.48723,112132096,15530196992,15642329088,24,48
instances/ratio_1000/instance_500v3_3.90r34.cnf,all,500,1950,41,41,0.05,1,374,52,18,heuristic2,2.04028,2.03853,112132096,15530196992,15642329088,24,48
instances/ratio_1000/instance_500v3_3.90r34.cnf,all,500,1950,41,41,0.05,1,374,52,18,heuristic3,5.2688,5.2672,112132096,15530196992,15642329088,19,43
instances/ratio_1000/instance_500v3_3.90r34.cnf,all,500,1950,41,41,0.05,1,374,52,18,heuristic4,216.788,216.791,112132096,15530196992,15642329088,20,44
instances/ratio_1000/instance_500v3_3.90r34.cnf,all,500,1950,41,41,0.05,1,374,52,18,cleanup_device,0.0432129,0.043072,112132096,15530196992,15642329088,-1,-1
instances/ratio_1000/instance_500v3_3.90r34.cnf,all,500,1950,41,41,0.05,1,374,52,18,total,238.786,-1,112132096,15530196992,15642329088,-1,-1
instances/ratio_1000/instance_500v3_4.00r35.cnf,all,500,2000,41,41,0.04,1,362,52,27,read_instance,0.526855,-1,107937792,15534391296,15642329088,-1,-1
instances/ratio_1000/instance_500v3_4.00r35.cnf,all,500,2000,41,41,0.04,1,362,52,27,alloc_graph,0.164551,0.152416,110034944,15532294144,15642329088,-1,-1
instances/ratio_1000/instance_500v3_4.00r35.cnf,all,500,2000,41,41,0.04,1,362,52,27,scc,4.13379,4.13491,112132096,15530196992,15642329088,-1,-1
instances/ratio_1000/instance_500v3_4.00r35.cnf,all,500,2000,41,41,0.04,1,362,52,27,topo_sort,0.660156,0.659232,112132096,15530196992,15642329088,-1,-1
instances/ratio_1000/instance_500v3_4.00r35.cnf,all,500,2000,41,41,0.04,1,362,52,27,backbone,5.08569,5.09178,112132096,15530196992,15642329088,-1,-1
instances/ratio_1000/instance_500v3_4.00r35.cnf,all,500,2000,41,41,0.04,1,362,52,27,wcc,0.203369,0.203072,112132096,15530196992,15642329088,-1,-1
instances/ratio_1000/instance_500v3_4.00r35.cnf,all,500,2000,41,41,0.04,1,362,52,27,wcc_grouped,0.3479,0.34816,112132096,15530196992,15642329088,-1,-1
instances/ratio_1000/instance_500v3_4.00r35.cnf,all,500,2000,41,41,0.04,1,362,52,27,heuristic1,2.12769,2.1264,112132096,15530196992,15642329088,20,47
instances/ratio_1000/instance_500v3_4.00r35.cnf,all,500,2000,41,41,0.04,1,362,52,27,heuristic2,1.30054,1.29926,112132096,15530196992,15642329088,15,42
instances/ratio_1000/instance_500v3_4.00r35.cnf,all,500,2000,41,41,0.04,1,362,52,27,heuristic3,4.94019,4.93984,112132096,15530196992,15642329088,16,43
instances/ratio_1000/instance_500v3_4.00r35.cnf,all,500,2000,41,41,0.04,1,362,52,27,heuristic4,199.318,199.322,112132096,15530196992,15642329088,15,42
instances/ratio_1000/instance_500v3_4.00r35.cnf,all,500,2000,41,41,0.04,1,362,52,27,cleanup_device,0.0439453,0.043712,112132096,15530196992,15642329088,-1,-1
instances/ratio_1000/instance_500v3_4.00r35.cnf,all,500,2000,41,41,0.04,1,362,52,27,total,219.391,-1,112132096,15530196992,15642329088,-1,-1
instances/ratio_1000/instance_500v3_4.10r36.cnf,all,500,2050,37,37,0.04,1,362,46,25,read_instance,0.563232,-1,107937792,15534391296,15642329088,-1,-1
instances/ratio_1000/instance_500v3_4.10r36.cnf,all,500,2050,37,37,0.04,1,362,46,25,alloc_graph,0.170898,0.157696,110034944,15532294144,15642329088,-1,-1
instances/ratio_1000/instance_500v3_4.10r36.cnf,all,500,2050,37,37,0.04,1,362,46,25,scc,4.34058,4.34128,112132096,15530196992,15642329088,-1,-1
instances/ratio_1000/instance_500v3_4.10r36.cnf,all,500,2050,37,37,0.04,1,362,46,25,topo_sort,0.613281,0.61248,112132096,15530196992,15642329088,-1,-1
instances/ratio_1000/instance_500v3_4.10r36.cnf,all,500,2050,37,37,0.04,1,362,46,25,backbone,5.2373,5.2423,112132096,15530196992,15642329088,-1,-1
instances/ratio_1000/instance_500v3_4.10r36.cnf,all,500,2050,37,37,0.04,1,362,46,25,wcc,0.217285,0.217088,112132096,15530196992,15642329088,-1,-1
instances/ratio_1000/instance_500v3_4.10r36.cnf,all,500,2050,37,37,0.04,1,362,46,25,wcc_grouped,0.401611,0.401408,112132096,15530196992,15642329088,-1,-1
instances/ratio_1000/instance_500v3_4.10r36.cnf,all,500,2050,37,37,0.04,1,362,46,25,heuristic1,2.22949,2.22819,112132096,15530196992,15642329088,23,45
instances/ratio_1000/instance_500v3_4.10r36.cnf,all,500,2050,37,37,0.04,1,362,46,25,heuristic2,1.64819,1.64627,112132096,15530196992,15642329088,20,41
instances/ratio_1000/instance_500v3_4.10r36.cnf,all,500,2050,37,37,0.04,1,362,46,25,heuristic3,4.72046,4.71939,112132096,15530196992,15642329088,20,41
instances/ratio_1000/instance_500v3_4.10r36.cnf,all,500,2050,37,37,0.04,1,362,46,25,heuristic4,218.129,218.133,112132096,15530196992,15642329088,20,41
instances/ratio_1000/instance_500v3_4.10r36.cnf,all,500,2050,37,37,0.04,1,362,46,25,cleanup_device,0.0444336,0.044448,112132096,15530196992,15642329088,-1,-1
instances/ratio_1000/instance_500v3_4.10r36.cnf,all,500,2050,37,37,0.04,1,362,46,25,total,238.916,-1,112132096,15530196992,15642329088,-1,-1
instances/ratio_1000/instance_500v3_4.20r37.cnf,all,500,2100,52,52,0.04,1,318,86,11,read_instance,0.627441,-1,107937792,15534391296,15642329088,-1,-1
instances/ratio_1000/instance_500v3_4.20r37.cnf,all,500,2100,52,52,0.04,1,318,86,11,alloc_graph,0.16333,0.146784,110034944,15532294144,15642329088,-1,-1
instances/ratio_1000/instance_500v3_4.20r37.cnf,all,500,2100,52,52,0.04,1,318,86,11,scc,4.21924,4.22067,112132096,15530196992,15642329088,-1,-1
instances/ratio_1000/instance_500v3_4.20r37.cnf,all,500,2100,52,52,0.04,1,318,86,11,topo_sort,0.342529,0.341536,112132096,15530196992,15642329088,-1,-1
instances/ratio_1000/instance_500v3_4.20r37.cnf,all,500,2100,52,52,0.04,1,318,86,11,backbone,5.09229,5.09709,112132096,15530196992,15642329088,-1,-1
instances/ratio_1000/instance_500v3_4.20r37.cnf,all,500,2100,52,52,0.04,1,318,86,11,wcc,0.186768,0.186368,112132096,15530196992,15642329088,-1,-1
instances/ratio_1000/instance_500v3_4.20r37.cnf,all,500,2100,52,52,0.04,1,318,86,11,wcc_grouped,0.364746,0.364544,112132096,15530196992,15642329088,-1,-1
instances/ratio_1000/instance_500v3_4.20r37.cnf,all,500,2100,52,52,0.04,1,318,86,11,heuristic1,1.68506,1.68378,112132096,15530196992,15642329088,16,61
instances/ratio_1000/instance_500v3_4.20r37.cnf,all,500,2100,52,52,0.04,1,318,86,11,heuristic2,0.967041,0.965216,112132096,15530196992,15642329088,12,56
instances/ratio_1000/instance_500v3_4.20r37.cnf,all,500,2100,52,52,0.04,1,318,86,11,heuristic3,4.21069,4.21021,112132096,15530196992,15642329088,11,54
instances/ratio_1000/instance_500v3_4.20r37.cnf,all,500,2100,52,52,0.04,1,318,86,11,heuristic4,34.8931,34.8932,112132096,15530196992,15642329088,11,53
instances/ratio_1000/instance_500v3_4.20r37.cnf,all,500,2100,52,52,0.04,1,318,86,11,cleanup_device,0.0400391,0.04,112132096,15530196992,15642329088,-1,-1
instances/ratio_1000/instance_500v3_4.20r37.cnf,all,500,2100,52,52,0.04,1,318,86,11,total,53.312,-1,112132096,15530196992,15642329088,-1,-1
instances/ratio_1000/instance_500v3_4.30r38.cnf,all,500,2150,35,35,0.04,1,306,48,15,read_instance,0.653564,-1,107937792,15534391296,15642329088,-1,-1
instances/ratio_1000/instance_500v3_4.30r38.cnf,all,500,2150,35,35,0.04,1,306,48,15,alloc_graph,0.199219,0.18432,110034944,15532294144,15642329088,-1,-1
instances/ratio_1000/instance_500v3_4.30r38.cnf,all,500,2150,35,35,0.04,1,306,48,15,scc,4.05347,4.05501,112132096,15530196992,15642329088,-1,-1
instances/ratio_1000/instance_500v3_4.30r38.cnf,all,500,2150,35,35,0.04,1,306,48,15,topo_sort,0.459473,0.459232,112132096,15530196992,15642329088,-1,-1
instances/ratio_1000/instance_500v3_4.30r38.cnf,all,500,2150,35,35,0.04,1,306,48,15,backbone,5.2583,5.26429,112132096,15530196992,15642329088,-1,-1
instances/ratio_1000/instance_500v3_4.30r38.cnf,all,500,2150,35,35,0.04,1,306,48,15,wcc,0.19458,0.19456,112132096,15530196992,15642329088,-1,-1
instances/ratio_1000/instance_500v3_4.30r38.cnf,all,500,2150,35,35,0.04,1,306,48,15,wcc_grouped,0.356201,0.356352,112132096,15530196992,15642329088,-1,-1
instances/ratio_1000/instance_500v3_4.30r38.cnf,all,500,2150,35,35,0.04,1,306,48,15,heuristic1,1.67456,1.67376,112132096,15530196992,15642329088,14,36
instances/ratio_1000/instance_500v3_4.30r38.cnf,all,500,2150,35,35,0.04,1,306,48,15,heuristic2,1.29663,1.29494,112132096,15530196992,15642329088,14,36
instances/ratio_1000/instance_500v3_4.30r38.cnf,all,500,2150,35,35,0.04,1,306,48,15,heuristic3,4.1189,4.1175,112132096,15530196992,15642329088,13,35
instances/ratio_1000/instance_500v3_4.30r38.cnf,all,500,2150,35,35,0.04,1,306,48,15,heuristic4,196.614,196.617,112132096,15530196992,15642329088,13,35
instances/ratio_1000/instance_500v3_4.30r38.cnf,all,500,2150,35,35,0.04,1,306,48,15,cleanup_device,0.0466309,0.04624,112132096,15530196992,15642329088,-1,-1
instances/ratio_1000/instance_500v3_4.30r38.cnf,all,500,2150,35,35,0.04,1,306,48,15,total,215.499,-1,112132096,15530196992,15642329088,-1,-1
instances/ratio_1000/instance_500v3_4.40r39.cnf,all,500,2200,35,35,0.04,1,310,42,21,read_instance,0.605713,-1,107937792,15534391296,15642329088,-1,-1
instances/ratio_1000/instance_500v3_4.40r39.cnf,all,500,2200,35,35,0.04,1,310,42,21,alloc_graph,0.168457,0.155712,110034944,15532294144,15642329088,-1,-1
instances/ratio_1000/instance_500v3_4.40r39.cnf,all,500,2200,35,35,0.04,1,310,42,21,scc,4.02661,4.02758,112132096,15530196992,15642329088,-1,-1
instances/ratio_1000/instance_500v3_4.40r39.cnf,all,500,2200,35,35,0.04,1,310,42,21,topo_sort,0.535156,0.534688,112132096,15530196992,15642329088,-1,-1
instances/ratio_1000/instance_500v3_4.40r39.cnf,all,500,2200,35,35,0.04,1,310,42,21,backbone,5.03687,5.04138,112132096,15530196992,15642329088,-1,-1
instances/ratio_1000/instance_500v3_4.40r39.cnf,all,500,2200,35,35,0.04,1,310,42,21,wcc,0.204346,0.204224,112132096,15530196992,15642329088,-1,-1
instances/ratio_1000/instance_500v3_4.40r39.cnf,all,500,2200,35,35,0.04,1,310,42,21,wcc_grouped,0.35083,0.35024,112132096,15530196992,15642329088,-1,-1
instances/ratio_1000/instance_500v3_4.40r39.cnf,all,500,2200,35,35,0.04,1,310,42,21,heuristic1,2.1897,2.18803,112132096,15530196992,15642329088,22,41
instances/ratio_1000/instance_500v3_4.40r39.cnf,all,500,2200,35,35,0.04,1,310,42,21,heuristic2,1.48438,1.48298,112132096,15530196992,15642329088,18,37
instances/ratio_1000/instance_500v3_4.40r39.cnf,all,500,2200,35,35,0.04,1,310,42,21,heuristic3,4.9729,4.97254,112132096,15530196992,15642329088,18,37
instances/ratio_1000/instance_500v3_4.40r39.cnf,all,500,2200,35,35,0.04,1,310,42,21,heuristic4,209.541,209.543,112132096,15530196992,15642329088,18,37
instances/ratio_1000/instance_500v3_4.40r39.cnf,all,500,2200,35,35,0.04,1,310,42,21,cleanup_device,0.0419922,0.04192,112132096,15530196992,15642329088,-1,-1
instances/ratio_1000/instance_500v3_4.40r39.cnf,all,500,2200,35,35,0.04,1,310,42,21,total,229.704,-1,112132096,15530196992,15642329088,-1,-1
instances/ratio_1000/instance_500v3_4.50r40.cnf,all,500,2250,36,36,0.04,1,298,44,15,read_instance,0.633057,-1,107937792,15534391296,15642329088,-1,-1
instances/ratio_1000/instance_500v3_4.50r40.cnf,all,500,2250,36,36,0.04,1,298,44,15,alloc_graph,0.177246,0.164096,110034944,15532294144,15642329088,-1,-1
instances/ratio_1000/instance_500v3_4.50r40.cnf,all,500,2250,36,36,0.04,1,298,44,15,scc,3.94067,3.94038,112132096,15530196992,15642329088,-1,-1
instances/ratio_1000/instance_500v3_4.50r40.cnf,all,500,2250,36,36,0.04,1,298,44,15,topo_sort,0.407959,0.407552,112132096,15530196992,15642329088,-1,-1
instances/ratio_1000/instance_500v3_4.50r40.cnf,all,500,2250,36,36,0.04,1,298,44,15,backbone,4.9436,4.94803,112132096,15530196992,15642329088,-1,-1
instances/ratio_1000/instance_500v3_4.50r40.cnf,all,500,2250,36,36,0.04,1,298,44,15,wcc,0.247314,0.247936,112132096,15530196992,15642329088,-1,-1
instances/ratio_1000/instance_500v3_4.50r40.cnf,all,500,2250,36,36,0.04,1,298,44,15,wcc_grouped,0.340088,0.340192,112132096,15530196992,15642329088,-1,-1
instances/ratio_1000/instance_500v3_4.50r40.cnf,all,500,2250,36,36,0.04,1,298,44,15,heuristic1,1.72412,1.72307,112132096,15530196992,15642329088,16,40
instances/ratio_1000/instance_500v3_4.50r40.cnf,all,500,2250,36,36,0.04,1,298,44,15,heuristic2,1.22583,1.22387,112132096,15530196992,15642329088,14,38
instances/ratio_1000/instance_500v3_4.50r40.cnf,all,500,2250,36,36,0.04,1,298,44,15,heuristic3,4.38037,4.3791,112132096,15530196992,15642329088,15,38
instances/ratio_1000/instance_500v3_4.50r40.cnf,all,500,2250,36,36,0.04,1,298,44,15,heuristic4,194,194.003,112132096,15530196992,15642329088,14,37
instances/ratio_1000/instance_500v3_4.50r40.cnf,all,500,2250,36,36,0.04,1,298,44,15,cleanup_device,0.0429688,0.042752,112132096,15530196992,15642329088,-1,-1
instances/ratio_1000/instance_500v3_4.50r40.cnf,all,500,2250,36,36,0.04,1,298,44,15,total,212.608,-1,112132096,15530196992,15642329088,-1,-1
instances/ratio_1000/instance_500v4_0.50r0.cnf,all,500,250,301,301,0.02,1,1000,509,7,read_instance,0.141357,-1,107937792,15534391296,15642329088,-1,-1
instances/ratio_1000/instance_500v4_0.50r0.cnf,all,500,250,301,301,0.02,1,1000,509,7,alloc_graph,0.196533,0.17968,110034944,15532294144,15642329088,-1,-1
instances/ratio_1000/instance_500v4_0.50r0.cnf,all,500,250,301,301,0.02,1,1000,509,7,scc,3.81177,3.81146,112132096,15530196992,15642329088,-1,-1
instances/ratio_1000/instance_500v4_0.50r0.cnf,all,500,250,301,301,0.02,1,1000,509,7,topo_sort,0.21875,0.218016,112132096,15530196992,15642329088,-1,-1
instances/ratio_1000/instance_500v4_0.50r0.cnf,all,500,250,301,301,0.02,1,1000,509,7,backbone,5.11841,5.12394,112132096,15530196992,15642329088,-1,-1
instances/ratio_1000/instance_500v4_0.50r0.cnf,all,500,250,301,301,0.02,1,1000,509,7,wcc,0.241943,0.241664,112132096,15530196992,15642329088,-1,-1
instances/ratio_1000/instance_500v4_0.50r0.cnf,all,500,250,301,301,0.02,1,1000,509,7,wcc_grouped,0.362793,0.363712,112132096,15530196992,15642329088,-1,-1
instances/ratio_1000/instance_500v4_0.50r0.cnf,all,500,250,301,301,0.02,1,1000,509,7,heuristic1,5.10107,5.10122,112132096,15530196992,15642329088,44,321
instances/ratio_1000/instance_500v4_0.50r0.cnf,all,500,250,301,301,0.02,1,1000,509,7,heuristic2,3.57715,3.57654,112132096,15530196992,15642329088,45,313
instances/ratio_1000/instance_500v4_0.50r0.cnf,all,500,250,301,301,0.02,1,1000,509,7,heuristic3,7.16333,7.16237,112132096,15530196992,15642329088,44,310
instances/ratio_1000/instance_500v4_0.50r0.cnf,all,500,250,301,301,0.02,1,1000,509,7,heuristic4,351.999,352.004,112132096,15530196992,15642329088,42,308
instances/ratio_1000/instance_500v4_0.50r0.cnf,all,500,250,301,301,0.02,1,1000,509,7,cleanup_device,0.0610352,0.060704,112132096,15530196992,15642329088,-1,-1
instances/ratio_1000/instance_500v4_0.50r0.cnf,all,500,250,301,301,0.02,1,1000,509,7,total,378.657,-1,112132096,15530196992,15642329088,-1,-1
instances/ratio_1000/instance_500v4_0.60r1.cnf,all,500,300,259,259,0.03,1,1000,401,5,read_instance,0.153809,-1,107937792,15534391296,15642329088,-1,-1
instances/ratio_1000/instance_500v4_0.60r1.cnf,all,500,300,259,259,0.03,1,1000,401,5,alloc_graph,0.17041,0.1536,110034944,15532294144,15642329088,-1,-1
instances/ratio_1000/instance_500v4_0.60r1.cnf,all,500,300,259,259,0.03,1,1000,401,5,scc,3.79004,3.79062,112132096,15530196992,15642329088,-1,-1
instances/ratio_1000/instance_500v4_0.60r1.cnf,all,500,300,259,259,0.03,1,1000,401,5,topo_sort,0.170654,0.169984,112132096,15530196992,15642329088,-1,-1
instances/ratio_1000/instance_500v4_0.60r1.cnf,all,500,300,259,259,0.03,1,1000,401,5,backbone,5.1897,5.19206,112132096,15530196992,15642329088,-1,-1
instances/ratio_1000/instance_500v4_0.60r1.cnf,all,500,300,259,259,0.03,1,1000,401,5,wcc,0.230225,0.229408,112132096,15530196992,15642329088,-1,-1
instances/ratio_1000/instance_500v4_0.60r1.cnf,all,500,300,259,259,0.03,1,1000,401,5,wcc_grouped,0.344727,0.345376,112132096,15530196992,15642329088,-1,-1
instances/ratio_1000/instance_500v4_0.60r1.cnf,all,500,300,259,259,0.03,1,1000,401,5,heuristic1,3.43408,3.4335,112132096,15530196992,15642329088,35,281
instances/ratio_1000/instance_500v4_0.60r1.cnf,all,500,300,259,259,0.03,1,1000,401,5,heuristic2,2.7644,2.7639,112132096,15530196992,15642329088,34,278
instances/ratio_1000/instance_500v4_0.60r1.cnf,all,500,300,259,259,0.03,1,1000,401,5,heuristic3,5.67407,5.67373,112132096,15530196992,15642329088,31,264
instances/ratio_1000/instance_500v4_0.60r1.cnf,all,500,300,259,259,0.03,1,1000,401,5,heuristic4,238.02,238.025,112132096,15530196992,15642329088,29,262
instances/ratio_1000/instance_500v4_0.60r1.cnf,all,500,300,259,259,0.03,1,1000,401,5,cleanup_device,0.0397949,0.039488,112132096,15530196992,15642329088,-1,-1
instances/ratio_1000/instance_500v4_0.60r1.cnf,all,500,300,259,259,0.03,1,1000,401,5,total,260.595,-1,112132096,15530196992,15642329088,-1,-1
instances/ratio_1000/instance_500v4_0.70r2.cnf,all,500,350,245,245,0.02,1,1000,348,9,read_instance,0.16748,-1,107937792,15534391296,15642329088,-1,-1
instances/ratio_1000/instance_500v4_0.70r2.cnf,all,500,350,245,245,0.02,1,1000,348,9,alloc_graph,0.184326,0.149856,110034944,15532294144,15642329088,-1,-1
instances/ratio_1000/instance_500v4_0.70r2.cnf,all,500,350,245,245,0.02,1,1000,348,9,scc,3.80762,3.80749,112132096,15530196992,15642329088,-1,-1
instances/ratio_1000/instance_500v4_0.70r2.cnf,all,500,350,245,245,0.02,1,1000,348,9,topo_sort,0.229736,0.228416,112132096,15530196992,15642329088,-1,-1
instances/ratio_1000/instance_500v4_0.70r2.cnf,all,500,350,245,245,0.02,1,1000,348,9,backbone,5.14429,5.14954,112132096,15530196992,15642329088,-1,-1
instances/ratio_1000/instance_500v4_0.70r2.cnf,all,500,350,245,245,0.02,1,1000,348,9,wcc,0.226074,0.225824,112132096,15530196992,15642329088,-1,-1
instances/ratio_1000/instance_500v4_0.70r2.cnf,all,500,350,245,245,0.02,1,1000,348,9,wcc_grouped,0.361816,0.361472,112132096,15530196992,15642329088,-1,-1
instances/ratio_1000/instance_500v4_0.70r2.cnf,all,500,350,245,245,0.02,1,1000,348,9,heuristic1,8.57959,8.57856,112132096,15530196992,15642329088,105,284
instances/ratio_1000/instance_500v4_0.70r2.cnf,all,500,350,245,245,0.02,1,1000,348,9,heuristic2,6.79077,6.78986,112132096,15530196992,15642329088,87,271
instances/ratio_1000/instance_500v4_0.70r2.cnf,all,500,350,245,245,0.02,1,1000,348,9,heuristic3,10.1663,10.1649,112132096,15530196992,15642329088,76,253
instances/ratio_1000/instance_500v4_0.70r2.cnf,all,500,350,245,245,0.02,1,1000,348,9,heuristic4,768.937,768.947,112132096,15530196992,15642329088,78,255
instances/ratio_1000/instance_500v4_0.70r2.cnf,all,500,350,245,245,0.02,1,1000,348,9,cleanup_device,0.041748,0.041408,112132096,15530196992,15642329088,-1,-1
instances/ratio_1000/instance_500v4_0.70r2.cnf,all,500,350,245,245,0.02,1,1000,348,9,total,805.293,-1,112132096,15530196992,15642329088,-1,-1
instances/ratio_1000/instance_500v4_0.80r3.cnf,all,500,400,215,215,0.03,1,1000,280,14,read_instance,0.175293,-1,107937792,15534391296,15642329088,-1,-1
instances/ratio_1000/instance_500v4_0.80r3.cnf,all,500,400,215,215,0.03,1,1000,280,14,alloc_graph,0.161865,0.14432,110034944,15532294144,15642329088,-1,-1
instances/ratio_1000/instance_500v4_0.80r3.cnf,all,500,400,215,215,0.03,1,1000,280,14,scc,3.70703,3.708,112132096,15530196992,15642329088,-1,-1
instances/ratio_1000/instance_500v4_0.80r3.cnf,all,500,400,215,215,0.03,1,1000,280,14,topo_sort,0.332275,0.332448,112132096,15530196992,15642329088,-1,-1
instances/ratio_1000/instance_500v4_0.80r3.cnf,all,500,400,215,215,0.03,1,1000,280,14,backbone,4.9353,4.94019,112132096,15530196992,15642329088,-1,-1
instances/ratio_1000/instance_500v4_0.80r3.cnf,all,500,400,215,215,0.03,1,1000,280,14,wcc,0.244141,0.243648,112132096,15530196992,15642329088,-1,-1
instances/ratio_1000/instance_500v4_0.80r3.cnf,all,500,400,215,215,0.03,1,1000,280,14,wcc_grouped,0.35083,0.35024,112132096,15530196992,15642329088,-1,-1
instances/ratio_1000/instance_500v4_0.80r3.cnf,all,500,400,215,215,0.03,1,1000,280,14,heuristic1,9.45776,9.45702,112132096,15530196992,15642329088,109,254
instances/ratio_1000/instance_500v4_0.80r3.cnf,all,500,400,215,215,0.03,1,1000,280,14,heuristic2,7.32617,7.32605,112132096,15530196992,15642329088,90,233
instances/ratio_1000/instance_500v4_0.80r3.cnf,all,500,400,215,215,0.03,1,1000,280,14,heuristic3,10.6558,10.6555,112132096,15530196992,15642329088,89,230
instances/ratio_1000/instance_500v4_0.80r3.cnf,all,500,400,215,215,0.03,1,1000,280,14,heuristic4,825.888,825.899,112132096,15530196992,15642329088,83,224
instances/ratio_1000/instance_500v4_0.80r3.cnf,all,500,400,215,215,0.03,1,1000,280,14,cleanup_device,0.0585938,0.058368,112132096,15530196992,15642329088,-1,-1
instances/ratio_1000/instance_500v4_0.80r3.cnf,all,500,400,215,215,0.03,1,1000,280,14,total,863.913,-1,112132096,15530196992,15642329088,-1,-1
instances/ratio_1000/instance_500v4_0.90r4.cnf,all,500,450,185,185,0.03,1,1000,188,12,read_instance,0.202881,-1,107937792,15534391296,15642329088,-1,-1
instances/ratio_1000/instance_500v4_0.90r4.cnf,all,500,450,185,185,0.03,1,1000,188,12,alloc_graph,0.169434,0.151968,110034944,15532294144,15642329088,-1,-1
instances/ratio_1000/instance_500v4_0.90r4.cnf,all,500,450,185,185,0.03,1,1000,188,12,scc,3.85352,3.8545,112132096,15530196992,15642329088,-1,-1
instances/ratio_1000/instance_500v4_0.90r4.cnf,all,500,450,185,185,0.03,1,1000,188,12,topo_sort,0.295166,0.29424,112132096,15530196992,15642329088,-1,-1
instances/ratio_1000/instance_500v4_0.90r4.cnf,all,500,450,185,185,0.03,1,1000,188,12,backbone,5.02051,5.0263,112132096,15530196992,15642329088,-1,-1
instances/ratio_1000/instance_500v4_0.90r4.cnf,all,500,450,185,185,0.03,1,1000,188,12,wcc,0.215576,0.216064,112132096,15530196992,15642329088,-1,-1
instances/ratio_1000/instance_500v4_0.90r4.cnf,all,500,450,185,185,0.03,1,1000,188,12,wcc_grouped,0.398926,0.400544,112132096,15530196992,15642329088,-1,-1
instances/ratio_1000/instance_500v4_0.90r4.cnf,all,500,450,185,185,0.03,1,1000,188,12,heuristic1,11.5645,11.5643,112132096,15530196992,15642329088,139,234
instances/ratio_1000/instance_500v4_0.90r4.cnf,all,500,450,185,185,0.03,1,1000,188,12,heuristic2,8.91504,8.91405,112132096,15530196992,15642329088,115,209
instances/ratio_1000/instance_500v4_0.90r4.cnf,all,500,450,185,185,0.03,1,1000,188,12,heuristic3,12.5498,12.5491,112132096,15530196992,15642329088,111,204
instances/ratio_1000/instance_500v4_0.90r4.cnf,all,500,450,185,185,0.03,1,1000,188,12,heuristic4,1113.64,1113.66,112132096,15530196992,15642329088,109,202
instances/ratio_1000/instance_500v4_0.90r4.cnf,all,500,450,185,185,0.03,1,1000,188,12,cleanup_device,0.0444336,0.043744,112132096,15530196992,15642329088,-1,-1
instances/ratio_1000/instance_500v4_0.90r4.cnf,all,500,450,185,185,0.03,1,1000,188,12,total,1157.55,-1,112132096,15530196992,15642329088,-1,-1
instances/ratio_1000/instance_500v4_1.00r5.cnf,all,500,500,174,174,0.06,1,1000,166,9,read_instance,0.220703,-1,107937792,15534391296,15642329088,-1,-1
instances/ratio_1000/instance_500v4_1.00r5.cnf,all,500,500,174,174,0.06,1,1000,166,9,alloc_graph,0.197266,0.180928,110034944,15532294144,15642329088,-1,-1
instances/ratio_1000/instance_500v4_1.00r5.cnf,all,500,500,174,174,0.06,1,1000,166,9,scc,4.0459,4.0481,112132096,15530196992,15642329088,-1,-1
instances/ratio_1000/instance_500v4_1.00r5.cnf,all,500,500,174,174,0.06,1,1000,166,9,topo_sort,0.236816,0.235712,112132096,15530196992,15642329088,-1,-1
instances/ratio_1000/instance_500v4_1.00r5.cnf,all,500,500,174,174,0.06,1,1000,166,9,backbone,5.17896,5.18541,112132096,15530196992,15642329088,-1,-1
instances/ratio_1000/instance_500v4_1.00r5.cnf,all,500,500,174,174,0.06,1,1000,166,9,wcc,0.239746,0.23952,112132096,15530196992,15642329088,-1,-1
instances/ratio_1000/instance_500v4_1.00r5.cnf,all,500,500,174,174,0.06,1,1000,166,9,wcc_grouped,0.380371,0.380928,112132096,15530196992,15642329088,-1,-1
instances/ratio_1000/instance_500v4_1.00r5.cnf,all,500,500,174,174,0.06,1,1000,166,9,heuristic1,11.1514,11.1509,112132096,15530196992,15642329088,135,220
instances/ratio_1000/instance_500v4_1.00r5.cnf,all,500,500,174,174,0.06,1,1000,166,9,heuristic2,9.16724,9.16554,112132096,15530196992,15642329088,116,200
instances/ratio_1000/instance_500v4_1.00r5.cnf,all,500,500,174,174,0.06,1,1000,166,9,heuristic3,12.9912,12.9905,112132096,15530196992,15642329088,109,192
instances/ratio_1000/instance_500v4_1.00r5.cnf,all,500,500,174,174,0.06,1,1000,166,9,heuristic4,1062.93,1062.95,112132096,15530196992,15642329088,104,187
instances/ratio_1000/instance_500v4_1.00r5.cnf,all,500,500,174,174,0.06,1,1000,166,9,cleanup_device,0.0419922,0.041376,112132096,15530196992,15642329088,-1,-1
instances/ratio_1000/instance_500v4_1.00r5.cnf,all,500,500,174,174,0.06,1,1000,166,9,total,1107.43,-1,112132096,15530196992,15642329088,-1,-1
instances/ratio_1000/instance_500v4_1.10r6.cnf,all,500,550,156,156,0.11,1,1000,128,11,read_instance,0.223877,-1,107937792,15534391296,15642329088,-1,-1
instances/ratio_1000/instance_500v4_1.10r6.cnf,all,500,550,156,156,0.11,1,1000,128,11,alloc_graph,0.179688,0.15984,110034944,15532294144,15642329088,-1,-1
instances/ratio_1000/instance_500v4_1.10r6.cnf,all,500,550,156,156,0.11,1,1000,128,11,scc,3.92236,3.92234,112132096,15530196992,15642329088,-1,-1
instances/ratio_1000/instance_500v4_1.10r6.cnf,all,500,550,156,156,0.11,1,1000,128,11,topo_sort,0.288818,0.287616,112132096,15530196992,15642329088,-1,-1
instances/ratio_1000/instance_500v4_1.10r6.cnf,all,500,550,156,156,0.11,1,1000,128,11,backbone,5.07031,5.0737,112132096,15530196992,15642329088,-1,-1
instances/ratio_1000/instance_500v4_1.10r6.cnf,all,500,550,156,156,0.11,1,1000,128,11,wcc,0.19458,0.194368,112132096,15530196992,15642329088,-1,-1
instances/ratio_1000/instance_500v4_1.10r6.cnf,all,500,550,156,156,0.11,1,1000,128,11,wcc_grouped,0.375488,0.37584,112132096,15530196992,15642329088,-1,-1
instances/ratio_1000/instance_500v4_1.10r6.cnf,all,500,550,156,156,0.11,1,1000,128,11,heuristic1,11.7661,11.7657,112132096,15530196992,15642329088,145,207
instances/ratio_1000/instance_500v4_1.10r6.cnf,all,500,550,156,156,0.11,1,1000,128,11,heuristic2,9.75854,9.75862,112132096,15530196992,15642329088,122,184
instances/ratio_1000/instance_500v4_1.10r6.cnf,all,500,550,156,156,0.11,1,1000,128,11,heuristic3,13.3362,13.3349,112132096,15530196992,15642329088,119,181
instances/ratio_1000/instance_500v4_1.10r6.cnf,all,500,550,156,156,0.11,1,1000,128,11,heuristic4,1066.8,1066.82,112132096,15530196992,15642329088,105,167
instances/ratio_1000/instance_500v4_1.10r6.cnf,all,500,550,156,156,0.11,1,1000,128,11,cleanup_device,0.0419922,0.0416,112132096,15530196992,15642329088,-1,-1
instances/ratio_1000/instance_500v4_1.10r6.cnf,all,500,550,156,156,0.11,1,1000,128,11,total,1112.64,-1,112132096,15530196992,15642329088,-1,-1
instances/ratio_1000/instance_500v4_1.20r7.cnf,all,500,600,141,141,0.39,1,1000,108,13,read_instance,0.22876,-1,107937792,15534391296,15642329088,-1,-1
instances/ratio_1000/instance_500v4_1.20r7.cnf,all,500,600,141,141,0.39,1,1000,108,13,alloc_graph,0.183838,0.16944,110034944,15532294144,15642329088,-1,-1
instances/ratio_1000/instance_500v4_1.20r7.cnf,all,500,600,141,141,0.39,1,1000,108,13,scc,3.84741,3.84832,112132096,15530196992,15642329088,-1,-1
instances/ratio_1000/instance_500v4_1.20r7.cnf,all,500,600,141,141,0.39,1,1000,108,13,topo_sort,0.30835,0.307456,112132096,15530196992,15642329088,-1,-1
instances/ratio_1000/instance_500v4_1.20r7.cnf,all,500,600,141,141,0.39,1,1000,108,13,backbone,5.14795,5.1543,112132096,15530196992,15642329088,-1,-1
instances/ratio_1000/instance_500v4_1.20r7.cnf,all,500,600,141,141,0.39,1,1000,108,13,wcc,0.234375,0.233472,112132096,15530196992,15642329088,-1,-1
instances/ratio_1000/instance_500v4_1.20r7.cnf,all,500,600,141,141,0.39,1,1000,108,13,wcc_grouped,0.421631,0.421568,112132096,15530196992,15642329088,-1,-1
instances/ratio_1000/instance_500v4_1.20r7.cnf,all,500,600,141,141,0.39,1,1000,108,13,heuristic1,13.3801,13.3796,112132096,15530196992,15642329088,146,198
instances/ratio_1000/instance_500v4_1.20r7.cnf,all,500,600,141,141,0.39,1,1000,108,13,heuristic2,9.2998,9.29853,112132096,15530196992,15642329088,115,168
instances/ratio_1000/instance_500v4_1.20r7.cnf,all,500,600,141,141,0.39,1,1000,108,13,heuristic3,13.3115,13.3106,112132096,15530196992,15642329088,115,167
instances/ratio_1000/instance_500v4_1.20r7.cnf,all,500,600,141,141,0.39,1,1000,108,13,heuristic4,1090.69,1090.71,112132096,15530196992,15642329088,107,159
instances/ratio_1000/instance_500v4_1.20r7.cnf,all,500,600,141,141,0.39,1,1000,108,13,cleanup_device,0.0383301,0.03808,112132096,15530196992,15642329088,-1,-1
instances/ratio_1000/instance_500v4_1.20r7.cnf,all,500,600,141,141,0.39,1,1000,108,13,total,1137.72,-1,112132096,15530196992,15642329088,-1,-1
instances/ratio_1000/instance_500v4_1.30r8.cnf,all,500,650,132,132,16.84,1,998,72,14,read_instance,0.262451,-1,107937792,15534391296,15642329088,-1,-1
instances/ratio_1000/instance_500v4_1.30r8.cnf,all,500,650,132,132,16.84,1,998,72,14,alloc_graph,0.184326,0.165408,110034944,15532294144,15642329088,-1,-1
instances/ratio_1000/instance_500v4_1.30r8.cnf,all,500,650,132,132,16.84,1,998,72,14,scc,4.16455,4.16448,112132096,15530196992,15642329088,-1,-1
instances/ratio_1000/instance_500v4_1.30r8.cnf,all,500,650,132,132,16.84,1,998,72,14,topo_sort,0.341797,0.340928,112132096,15530196992,15642329088,-1,-1
instances/ratio_1000/instance_500v4_1.30r8.cnf,all,500,650,132,132,16.84,1,998,72,14,backbone,5.84375,5.84899,112132096,15530196992,15642329088,-1,-1
instances/ratio_1000/instance_500v4_1.30r8.cnf,all,500,650,132,132,16.84,1,998,72,14,wcc,0.239746,0.239424,112132096,15530196992,15642329088,-1,-1
instances/ratio_1000/instance_500v4_1.30r8.cnf,all,500,650,132,132,16.84,1,998,72,14,wcc_grouped,0.388916,0.38912,112132096,15530196992,15642329088,-1,-1
instances/ratio_1000/instance_500v4_1.30r8.cnf,all,500,650,132,132,16.84,1,998,72,14,heuristic1,13.7664,13.766,112132096,15530196992,15642329088,148,182
instances/ratio_1000/instance_500v4_1.30r8.cnf,all,500,650,132,132,16.84,1,998,72,14,heuristic2,9.92676,9.92566,112132096,15530196992,15642329088,122,156
instances/ratio_1000/instance_500v4_1.30r8.cnf,all,500,650,132,132,16.84,1,998,72,14,heuristic3,14.6016,14.6014,112132096,15530196992,15642329088,132,166
instances/ratio_1000/instance_500v4_1.30r8.cnf,all,500,650,132,132,16.84,1,998,72,14,heuristic4,1231.36,1231.38,112132096,15530196992,15642329088,119,153
instances/ratio_1000/instance_500v4_1.30r8.cnf,all,500,650,132,132,16.84,1,998,72,14,cleanup_device,0.0415039,0.041184,112132096,15530196992,15642329088,-1,-1
instances/ratio_1000/instance_500v4_1.30r8.cnf,all,500,650,132,132,16.84,1,998,72,14,total,1281.82,-1,112132096,15530196992,15642329088,-1,-1
instances/ratio_1000/instance_500v4_1.40r9.cnf,all,500,700,117,117,19.82,1,1000,66,16,read_instance,0.24292,-1,107937792,15534391296,15642329088,-1,-1
instances/ratio_1000/instance_500v4_1.40r9.cnf,all,500,700,117,117,19.82,1,1000,66,16,alloc_graph,0.156006,0.141312,110034944,15532294144,15642329088,-1,-1
instances/ratio_1000/instance_500v4_1.40r9.cnf,all,500,700,117,117,19.82,1,1000,66,16,scc,3.81836,3.81952,112132096,15530196992,15642329088,-1,-1
instances/ratio_1000/instance_500v4_1.40r9.cnf,all,500,700,117,117,19.82,1,1000,66,16,topo_sort,0.378174,0.37696,112132096,15530196992,15642329088,-1,-1
instances/ratio_1000/instance_500v4_1.40r9.cnf,all,500,700,117,117,19.82,1,1000,66,16,backbone,5.11523,5.11965,112132096,15530196992,15642329088,-1,-1
instances/ratio_1000/instance_500v4_1.40r9.cnf,all,500,700,117,117,19.82,1,1000,66,16,wcc,0.197754,0.1968,112132096,15530196992,15642329088,-1,-1
instances/ratio_1000/instance_500v4_1.40r9.cnf,all,500,700,117,117,19.82,1,1000,66,16,wcc_grouped,0.355957,0.356352,112132096,15530196992,15642329088,-1,-1
instances/ratio_1000/instance_500v4_1.40r9.cnf,all,500,700,117,117,19.82,1,1000,66,16,heuristic1,11.8796,11.8782,112132096,15530196992,15642329088,138,169
instances/ratio_1000/instance_500v4_1.40r9.cnf,all,500,700,117,117,19.82,1,1000,66,16,heuristic2,8.78857,8.78694,112132096,15530196992,15642329088,109,140
instances/ratio_1000/instance_500v4_1.40r9.cnf,all,500,700,117,117,19.82,1,1000,66,16,heuristic3,13.4233,13.4214,112132096,15530196992,15642329088,120,151
instances/ratio_1000/instance_500v4_1.40r9.cnf,all,500,700,117,117,19.82,1,1000,66,16,heuristic4,1073.79,1073.81,112132096,15530196992,15642329088,106,137
instances/ratio_1000/instance_500v4_1.40r9.cnf,all,500,700,117,117,19.82,1,1000,66,16,cleanup_device,0.0429688,0.042496,112132096,15530196992,15642329088,-1,-1
instances/ratio_1000/instance_500v4_1.40r9.cnf,all,500,700,117,117,19.82,1,1000,66,16,total,1118.84,-1,112132096,15530196992,15642329088,-1,-1
instances/ratio_1000/instance_500v4_1.50r10.cnf,all,500,750,116,132,150.03,1,988,68,15,read_instance,0.252197,-1,107937792,15534391296,15642329088,-1,-1
instances/ratio_1000/instance_500v4_1.50r10.cnf,all,500,750,116,132,150.03,1,988,68,15,alloc_graph,0.164307,0.151232,110034944,15532294144,15642329088,-1,-1
instances/ratio_1000/instance_500v4_1.50r10.cnf,all,500,750,116,132,150.03,1,988,68,15,scc,3.927,3.92806,112132096,15530196992,15642329088,-1,-1
instances/ratio_1000/instance_500v4_1.50r10.cnf,all,500,750,116,132,150.03,1,988,68,15,topo_sort,0.354004,0.352608,112132096,15530196992,15642329088,-1,-1
instances/ratio_1000/instance_500v4_1.50r10.cnf,all,500,750,116,132,150.03,1,988,68,15,backbone,5.30884,5.31776,112132096,15530196992,15642329088,-1,-1
instances/ratio_1000/instance_500v4_1.50r10.cnf,all,500,750,116,132,150.03,1,988,68,15,wcc,0.244141,0.243776,112132096,15530196992,15642329088,-1,-1
instances/ratio_1000/instance_500v4_1.50r10.cnf,all,500,750,116,132,150.03,1,988,68,15,wcc_grouped,0.349121,0.348352,112132096,15530196992,15642329088,-1,-1
instances/ratio_1000/instance_500v4_1.50r10.cnf,all,500,750,116,132,150.03,1,988,68,15,heuristic1,11.563,11.5629,112132096,15530196992,15642329088,135,167
instances/ratio_1000/instance_500v4_1.50r10.cnf,all,500,750,116,132,150.03,1,988,68,15,heuristic2,8.42139,8.41978,112132096,15530196992,15642329088,106,138
instances/ratio_1000/instance_500v4_1.50r10.cnf,all,500,750,116,132,150.03,1,988,68,15,heuristic3,12.666,12.6648,112132096,15530196992,15642329088,102,134
instances/ratio_1000/instance_500v4_1.50r10.cnf,all,500,750,116,132,150.03,1,988,68,15,heuristic4,942.723,942.737,112132096,15530196992,15642329088,94,126
instances/ratio_1000/instance_500v4_1.50r10.cnf,all,500,750,116,132,150.03,1,988,68,15,cleanup_device,0.0444336,0.044192,112132096,15530196992,15642329088,-1,-1
instances/ratio_1000/instance_500v4_1.50r10.cnf,all,500,750,116,132,150.03,1,988,68,15,total,986.65,-1,112132096,15530196992,15642329088,-1,-1
instances/ratio_1000/instance_500v4_1.60r11.cnf,all,500,800,103,103,13.08,1,986,54,16,read_instance,0.281006,-1,107937792,15534391296,15642329088,-1,-1
instances/ratio_1000/instance_500v4_1.60r11.cnf,all,500,800,103,103,13.08,1,986,54,16,alloc_graph,0.155762,0.141312,110034944,15532294144,15642329088,-1,-1
instances/ratio_1000/instance_500v4_1.60r11.cnf,all,500,800,103,103,13.08,1,986,54,16,scc,3.88867,3.8903,112132096,15530196992,15642329088,-1,-1
instances/ratio_1000/instance_500v4_1.60r11.cnf,all,500,800,103,103,13.08,1,986,54,16,topo_sort,0.359375,0.358304,112132096,15530196992,15642329088,-1,-1
instances/ratio_1000/instance_500v4_1.60r11.cnf,all,500,800,103,103,13.08,1,986,54,16,backbone,5.06128,5.06794,112132096,15530196992,15642329088,-1,-1
instances/ratio_1000/instance_500v4_1.60r11.cnf,all,500,800,103,103,13.08,1,986,54,16,wcc,0.249268,0.24928,112132096,15530196992,15642329088,-1,-1
instances/ratio_1000/instance_500v4_1.60r11.cnf,all,500,800,103,103,13.08,1,986,54,16,wcc_grouped,0.376465,0.37632,112132096,15530196992,15642329088,-1,-1
instances/ratio_1000/instance_500v4_1.60r11.cnf,all,500,800,103,103,13.08,1,986,54,16,heuristic1,10.969,10.9686,112132096,15530196992,15642329088,126,153
instances/ratio_1000/instance_500v4_1.60r11.cnf,all,500,800,103,103,13.08,1,986,54,16,heuristic2,8.30347,8.3017,112132096,15530196992,15642329088,102,127
instances/ratio_1000/instance_500v4_1.60r11.cnf,all,500,800,103,103,13.08,1,986,54,16,heuristic3,12.6077,12.6065,112132096,15530196992,15642329088,106,131
instances/ratio_1000/instance_500v4_1.60r11.cnf,all,500,800,103,103,13.08,1,986,54,16,heuristic4,1018.04,1018.06,112132096,15530196992,15642329088,101,126
instances/ratio_1000/instance_500v4_1.60r11.cnf,all,500,800,103,103,13.08,1,986,54,16,cleanup_device,0.0402832,0.039936,112132096,15530196992,15642329088,-1,-1
instances/ratio_1000/instance_500v4_1.60r11.cnf,all,500,800,103,103,13.08,1,986,54,16,total,1060.92,-1,112132096,15530196992,15642329088,-1,-1
instances/ratio_1000/instance_500v4_1.70r12.cnf,all,500,850,94,109,150.04,1,990,38,20,read_instance,0.292725,-1,107937792,15534391296,15642329088,-1,-1
instances/ratio_1000/instance_500v4_1.70r12.cnf,all,500,850,94,109,150.04,1,990,38,20,alloc_graph,0.17334,0.159744,110034944,15532294144,15642329088,-1,-1
instances/ratio_1000/instance_500v4_1.70r12.cnf,all,500,850,94,109,150.04,1,990,38,20,scc,3.9939,3.99443,112132096,15530196992,15642329088,-1,-1
instances/ratio_1000/instance_500v4_1.70r12.cnf,all,500,850,94,109,150.04,1,990,38,20,topo_sort,0.435547,0.435296,112132096,15530196992,15642329088,-1,-1
instances/ratio_1000/instance_500v4_1.70r12.cnf,all,500,850,94,109,150.04,1,990,38,20,backbone,5.50122,5.50826,112132096,15530196992,15642329088,-1,-1
instances/ratio_1000/instance_500v4_1.70r12.cnf,all,500,850,94,109,150.04,1,990,38,20,wcc,0.234375,0.233536,112132096,15530196992,15642329088,-1,-1
instances/ratio_1000/instance_500v4_1.70r12.cnf,all,500,850,94,109,150.04,1,990,38,20,wcc_grouped,0.408936,0.40896,112132096,15530196992,15642329088,-1,-1
instances/ratio_1000/instance_500v4_1.70r12.cnf,all,500,850,94,109,150.04,1,990,38,20,heuristic1,12.1067,12.1066,112132096,15530196992,15642329088,131,148
instances/ratio_1000/instance_500v4_1.70r12.cnf,all,500,850,94,109,150.04,1,990,38,20,heuristic2,8.69678,8.69469,112132096,15530196992,15642329088,111,128
instances/ratio_1000/instance_500v4_1.70r12.cnf,all,500,850,94,109,150.04,1,990,38,20,heuristic3,12.1582,12.1571,112132096,15530196992,15642329088,107,124
instances/ratio_1000/instance_500v4_1.70r12.cnf,all,500,850,94,109,150.04,1,990,38,20,heuristic4,1019.05,1019.06,112132096,15530196992,15642329088,101,118
instances/ratio_1000/instance_500v4_1.70r12.cnf,all,500,850,94,109,150.04,1,990,38,20,cleanup_device,0.0388184,0.038624,112132096,15530196992,15642329088,-1,-1
instances/ratio_1000/instance_500v4_1.70r12.cnf,all,500,850,94,109,150.04,1,990,38,20,total,1063.71,-1,112132096,15530196992,15642329088,-1,-1
instances/ratio_1000/instance_500v4_1.80r13.cnf,all,500,900,95,111,150.04,1,996,40,30,read_instance,0.305908,-1,107937792,15534391296,15642329088,-1,-1
instances/ratio_1000/instance_500v4_1.80r13.cnf,all,500,900,95,111,150.04,1,996,40,30,alloc_graph,0.169678,0.154752,110034944,15532294144,15642329088,-1,-1
instances/ratio_1000/instance_500v4_1.80r13.cnf,all,500,900,95,111,150.04,1,996,40,30,scc,4.07544,4.07619,112132096,15530196992,15642329088,-1,-1
instances/ratio_1000/instance_500v4_1.80r13.cnf,all,500,900,95,111,150.04,1,996,40,30,topo_sort,0.64209,0.642208,112132096,15530196992,15642329088,-1,-1
instances/ratio_1000/instance_500v4_1.80r13.cnf,all,500,900,95,111,150.04,1,996,40,30,backbone,5.14819,5.15213,112132096,15530196992,15642329088,-1,-1
instances/ratio_1000/instance_500v4_1.80r13.cnf,all,500,900,95,111,150.04,1,996,40,30,wcc,0.189941,0.189728,112132096,15530196992,15642329088,-1,-1
instances/ratio_1000/instance_500v4_1.80r13.cnf,all,500,900,95,111,150.04,1,996,40,30,wcc_grouped,0.353271,0.353344,112132096,15530196992,15642329088,-1,-1
instances/ratio_1000/instance_500v4_1.80r13.cnf,all,500,900,95,111,150.04,1,996,40,30,heuristic1,10.2539,10.2531,112132096,15530196992,15642329088,115,133
instances/ratio_1000/instance_500v4_1.80r13.cnf,all,500,900,95,111,150.04,1,996,40,30,heuristic2,8.19189,8.19094,112132096,15530196992,15642329088,103,121
instances/ratio_1000/instance_500v4_1.80r13.cnf,all,500,900,95,111,150.04,1,996,40,30,heuristic3,12.1577,12.1566,112132096,15530196992,15642329088,107,125
instances/ratio_1000/instance_500v4_1.80r13.cnf,all,500,900,95,111,150.04,1,996,40,30,heuristic4,877.491,877.503,112132096,15530196992,15642329088,89,107
instances/ratio_1000/instance_500v4_1.80r13.cnf,all,500,900,95,111,150.04,1,996,40,30,cleanup_device,0.0402832,0.040256,112132096,15530196992,15642329088,-1,-1
instances/ratio_1000/instance_500v4_1.80r13.cnf,all,500,900,95,111,150.04,1,996,40,30,total,919.608,-1,112132096,15530196992,15642329088,-1,-1
instances/ratio_1000/instance_500v4_1.90r14.cnf,all,500,950,96,96,18.94,1,990,44,37,read_instance,0.310791,-1,107937792,15534391296,15642329088,-1,-1
instances/ratio_1000/instance_500v4_1.90r14.cnf,all,500,950,96,96,18.94,1,990,44,37,alloc_graph,0.175781,0.158848,110034944,15532294144,15642329088,-1,-1
instances/ratio_1000/instance_500v4_1.90r14.cnf,all,500,950,96,96,18.94,1,990,44,37,scc,4.06689,4.06733,112132096,15530196992,15642329088,-1,-1
instances/ratio_1000/instance_500v4_1.90r14.cnf,all,500,950,96,96,18.94,1,990,44,37,topo_sort,0.764893,0.763744,112132096,15530196992,15642329088,-1,-1
instances/ratio_1000/instance_500v4_1.90r14.cnf,all,500,950,96,96,18.94,1,990,44,37,backbone,5.54224,5.55104,112132096,15530196992,15642329088,-1,-1
instances/ratio_1000/instance_500v4_1.90r14.cnf,all,500,950,96,96,18.94,1,990,44,37,wcc,0.213867,0.212992,112132096,15530196992,15642329088,-1,-1
instances/ratio_1000/instance_500v4_1.90r14.cnf,all,500,950,96,96,18.94,1,990,44,37,wcc_grouped,0.432129,0.434176,112132096,15530196992,15642329088,-1,-1
instances/ratio_1000/instance_500v4_1.90r14.cnf,all,500,950,96,96,18.94,1,990,44,37,heuristic1,10.2395,10.2382,112132096,15530196992,15642329088,104,125
instances/ratio_1000/instance_500v4_1.90r14.cnf,all,500,950,96,96,18.94,1,990,44,37,heuristic2,8.08447,8.08314,112132096,15530196992,15642329088,101,121
instances/ratio_1000/instance_500v4_1.90r14.cnf,all,500,950,96,96,18.94,1,990,44,37,heuristic3,11.7622,11.7621,112132096,15530196992,15642329088,102,122
instances/ratio_1000/instance_500v4_1.90r14.cnf,all,500,950,96,96,18.94,1,990,44,37,heuristic4,899.885,899.898,112132096,15530196992,15642329088,91,111
instances/ratio_1000/instance_500v4_1.90r14.cnf,all,500,950,96,96,18.94,1,990,44,37,cleanup_device,0.0397949,0.03952,112132096,15530196992,15642329088,-1,-1
instances/ratio_1000/instance_500v4_1.90r14.cnf,all,500,950,96,96,18.94,1,990,44,37,total,942.193,-1,112132096,15530196992,15642329088,-1,-1
instances/ratio_1000/instance_500v4_2.00r15.cnf,all,500,1000,83,83,13.97,1,958,40,36,read_instance,0.328613,-1,107937792,15534391296,15642329088,-1,-1
instances/ratio_1000/instance_500v4_2.00r15.cnf,all,500,1000,83,83,13.97,1,958,40,36,alloc_graph,0.155518,0.1456,110034944,15532294144,15642329088,-1,-1
instances/ratio_1000/instance_500v4_2.00r15.cnf,all,500,1000,83,83,13.97,1,958,40,36,scc,4.29077,4.29206,112132096,15530196992,15642329088,-1,-1
instances/ratio_1000/instance_500v4_2.00r15.cnf,all,500,1000,83,83,13.97,1,958,40,36,topo_sort,0.770752,0.770496,112132096,15530196992,15642329088,-1,-1
instances/ratio_1000/instance_500v4_2.00r15.cnf,all,500,1000,83,83,13.97,1,958,40,36,backbone,5.01294,5.01661,112132096,15530196992,15642329088,-1,-1
instances/ratio_1000/instance_500v4_2.00r15.cnf,all,500,1000,83,83,13.97,1,958,40,36,wcc,0.209961,0.209696,112132096,15530196992,15642329088,-1,-1
instances/ratio_1000/instance_500v4_2.00r15.cnf,all,500,1000,83,83,13.97,1,958,40,36,wcc_grouped,0.356934,0.356576,112132096,15530196992,15642329088,-1,-1
instances/ratio_1000/instance_500v4_2.00r15.cnf,all,500,1000,83,83,13.97,1,958,40,36,heuristic1,9.33423,9.33392,112132096,15530196992,15642329088,108,126
instances/ratio_1000/instance_500v4_2.00r15.cnf,all,500,1000,83,83,13.97,1,958,40,36,heuristic2,6.86011,6.85866,112132096,15530196992,15642329088,84,102
instances/ratio_1000/instance_500v4_2.00r15.cnf,all,500,1000,83,83,13.97,1,958,40,36,heuristic3,11.1345,11.1334,112132096,15530196992,15642329088,84,102
instances/ratio_1000/instance_500v4_2.00r15.cnf,all,500,1000,83,83,13.97,1,958,40,36,heuristic4,668.437,668.446,112132096,15530196992,15642329088,70,88
instances/ratio_1000/instance_500v4_2.00r15.cnf,all,500,1000,83,83,13.97,1,958,40,36,cleanup_device,0.0422363,0.041952,112132096,15530196992,15642329088,-1,-1
instances/ratio_1000/instance_500v4_2.00r15.cnf,all,500,1000,83,83,13.97,1,958,40,36,total,707.516,-1,112132096,15530196992,15642329088,-1,-1
instances/ratio_1000/instance_500v4_2.10r16.cnf,all,500,1050,83,93,150.04,1,990,32,32,read_instance,0.395996,-1,107937792,15534391296,15642329088,-1,-1
instances/ratio_1000/instance_500v4_2.10r16.cnf,all,500,1050,83,93,150.04,1,990,32,32,alloc_graph,0.178467,0.162784,110034944,15532294144,15642329088,-1,-1
instances/ratio_1000/instance_500v4_2.10r16.cnf,all,500,1050,83,93,150.04,1,990,32,32,scc,4.10693,4.10752,112132096,15530196992,15642329088,-1,-1
instances/ratio_1000/instance_500v4_2.10r16.cnf,all,500,1050,83,93,150.04,1,990,32,32,topo_sort,0.661377,0.660608,112132096,15530196992,15642329088,-1,-1
instances/ratio_1000/instance_500v4_2.10r16.cnf,all,500,1050,83,93,150.04,1,990,32,32,backbone,5.02832,5.03363,112132096,15530196992,15642329088,-1,-1
instances/ratio_1000/instance_500v4_2.10r16.cnf,all,500,1050,83,93,150.04,1,990,32,32,wcc,0.200195,0.20016,112132096,15530196992,15642329088,-1,-1
instances/ratio_1000/instance_500v4_2.10r16.cnf,all,500,1050,83,93,150.04,1,990,32,32,wcc_grouped,0.35498,0.354784,112132096,15530196992,15642329088,-1,-1
instances/ratio_1000/instance_500v4_2.10r16.cnf,all,500,1050,83,93,150.04,1,990,32,32,heuristic1,9.29907,9.29952,112132096,15530196992,15642329088,108,122
instances/ratio_1000/instance_500v4_2.10r16.cnf,all,500,1050,83,93,150.04,1,990,32,32,heuristic2,6.92627,6.92464,112132096,15530196992,15642329088,87,101
instances/ratio_1000/instance_500v4_2.10r16.cnf,all,500,1050,83,93,150.04,1,990,32,32,heuristic3,10.7246,10.7229,112132096,15530196992,15642329088,88,102
instances/ratio_1000/instance_500v4_2.10r16.cnf,all,500,1050,83,93,150.04,1,990,32,32,heuristic4,827.48,827.491,112132096,15530196992,15642329088,83,97
instances/ratio_1000/instance_500v4_2.10r16.cnf,all,500,1050,83,93,150.04,1,990,32,32,cleanup_device,0.0422363,0.042016,112132096,15530196992,15642329088,-1,-1
instances/ratio_1000/instance_500v4_2.10r16.cnf,all,500,1050,83,93,150.04,1,990,32,32,total,866.013,-1,112132096,15530196992,15642329088,-1,-1
instances/ratio_1000/instance_500v4_2.20r17.cnf,all,500,1100,71,78,150.04,1,996,10,33,read_instance,0.359131,-1,107937792,15534391296,15642329088,-1,-1
instances/ratio_1000/instance_500v4_2.20r17.cnf,all,500,1100,71,78,150.04,1,996,10,33,alloc_graph,0.200439,0.183296,110034944,15532294144,15642329088,-1,-1
instances/ratio_1000/instance_500v4_2.20r17.cnf,all,500,1100,71,78,150.04,1,996,10,33,scc,4.21313,4.21469,112132096,15530196992,15642329088,-1,-1
instances/ratio_1000/instance_500v4_2.20r17.cnf,all,500,1100,71,78,150.04,1,996,10,33,topo_sort,0.697998,0.696704,112132096,15530196992,15642329088,-1,-1
instances/ratio_1000/instance_500v4_2.20r17.cnf,all,500,1100,71,78,150.04,1,996,10,33,backbone,5.02515,5.03046,112132096,15530196992,15642329088,-1,-1
instances/ratio_1000/instance_500v4_2.20r17.cnf,all,500,1100,71,78,150.04,1,996,10,33,wcc,0.192383,0.192192,112132096,15530196992,15642329088,-1,-1
instances/ratio_1000/instance_500v4_2.20r17.cnf,all,500,1100,71,78,150.04,1,996,10,33,wcc_grouped,0.350586,0.350208,112132096,15530196992,15642329088,-1,-1
instances/ratio_1000/instance_500v4_2.20r17.cnf,all,500,1100,71,78,150.04,1,996,10,33,heuristic1,8.9751,8.97552,112132096,15530196992,15642329088,104,107
instances/ratio_1000/instance_500v4_2.20r17.cnf,all,500,1100,71,78,150.04,1,996,10,33,heuristic2,7.44971,7.44858,112132096,15530196992,15642329088,92,95
instances/ratio_1000/instance_500v4_2.20r17.cnf,all,500,1100,71,78,150.04,1,996,10,33,heuristic3,11.0889,11.088,112132096,15530196992,15642329088,90,93
instances/ratio_1000/instance_500v4_2.20r17.cnf,all,500,1100,71,78,150.04,1,996,10,33,heuristic4,857.525,857.536,112132096,15530196992,15642329088,86,89
instances/ratio_1000/instance_500v4_2.20r17.cnf,all,500,1100,71,78,150.04,1,996,10,33,cleanup_device,0.0412598,0.040896,112132096,15530196992,15642329088,-1,-1
instances/ratio_1000/instance_500v4_2.20r17.cnf,all,500,1100,71,78,150.04,1,996,10,33,total,896.7,-1,112132096,15530196992,15642329088,-1,-1
instances/ratio_1000/instance_500v4_2.30r18.cnf,all,500,1150,73,73,0.7,1,914,24,27,read_instance,0.374268,-1,107937792,15534391296,15642329088,-1,-1
instances/ratio_1000/instance_500v4_2.30r18.cnf,all,500,1150,73,73,0.7,1,914,24,27,alloc_graph,0.166504,0.151616,110034944,15532294144,15642329088,-1,-1
instances/ratio_1000/instance_500v4_2.30r18.cnf,all,500,1150,73,73,0.7,1,914,24,27,scc,4.40234,4.4032,112132096,15530196992,15642329088,-1,-1
instances/ratio_1000/instance_500v4_2.30r18.cnf,all,500,1150,73,73,0.7,1,914,24,27,topo_sort,0.61499,0.613984,112132096,15530196992,15642329088,-1,-1
instances/ratio_1000/instance_500v4_2.30r18.cnf,all,500,1150,73,73,0.7,1,914,24,27,backbone,4.9314,4.93702,112132096,15530196992,15642329088,-1,-1
instances/ratio_1000/instance_500v4_2.30r18.cnf,all,500,1150,73,73,0.7,1,914,24,27,wcc,0.196289,0.19648,112132096,15530196992,15642329088,-1,-1
instances/ratio_1000/instance_500v4_2.30r18.cnf,all,500,1150,73,73,0.7,1,914,24,27,wcc_grouped,0.343018,0.343392,112132096,15530196992,15642329088,-1,-1
instances/ratio_1000/instance_500v4_2.30r18.cnf,all,500,1150,73,73,0.7,1,914,24,27,heuristic1,8.58154,8.58048,112132096,15530196992,15642329088,101,111
instances/ratio_1000/instance_500v4_2.30r18.cnf,all,500,1150,73,73,0.7,1,914,24,27,heuristic2,6.61719,6.6167,112132096,15530196992,15642329088,80,90
instances/ratio_1000/instance_500v4_2.30r18.cnf,all,500,1150,73,73,0.7,1,914,24,27,heuristic3,10.0781,10.0776,112132096,15530196992,15642329088,77,87
instances/ratio_1000/instance_500v4_2.30r18.cnf,all,500,1150,73,73,0.7,1,914,24,27,heuristic4,659.96,659.969,112132096,15530196992,15642329088,70,80
instances/ratio_1000/instance_500v4_2.30r18.cnf,all,500,1150,73,73,0.7,1,914,24,27,cleanup_device,0.0405273,0.040512,112132096,15530196992,15642329088,-1,-1
instances/ratio_1000/instance_500v4_2.30r18.cnf,all,500,1150,73,73,0.7,1,914,24,27,total,696.905,-1,112132096,15530196992,15642329088,-1,-1
instances/ratio_1000/instance_500v4_2.40r19.cnf,all,500,1200,72,72,5.01,1,942,24,44,read_instance,0.416016,-1,107937792,15534391296,15642329088,-1,-1
instances/ratio_1000/instance_500v4_2.40r19.cnf,all,500,1200,72,72,5.01,1,942,24,44,alloc_graph,0.200195,0.18656,110034944,15532294144,15642329088,-1,-1
instances/ratio_1000/instance_500v4_2.40r19.cnf,all,500,1200,72,72,5.01,1,942,24,44,scc,4.83984,4.83942,112132096,15530196992,15642329088,-1,-1
instances/ratio_1000/instance_500v4_2.40r19.cnf,all,500,1200,72,72,5.01,1,942,24,44,topo_sort,0.914062,0.913824,112132096,15530196992,15642329088,-1,-1
instances/ratio_1000/instance_500v4_2.40r19.cnf,all,500,1200,72,72,5.01,1,942,24,44,backbone,5.87061,5.87654,112132096,15530196992,15642329088,-1,-1
instances/ratio_1000/instance_500v4_2.40r19.cnf,all,500,1200,72,72,5.01,1,942,24,44,wcc,0.220703,0.219648,112132096,15530196992,15642329088,-1,-1
instances/ratio_1000/instance_500v4_2.40r19.cnf,all,500,1200,72,72,5.01,1,942,24,44,wcc_grouped,0.389893,0.390176,112132096,15530196992,15642329088,-1,-1
instances/ratio_1000/instance_500v4_2.40r19.cnf,all,500,1200,72,72,5.01,1,942,24,44,heuristic1,7.7478,7.74739,112132096,15530196992,15642329088,85,95
instances/ratio_1000/instance_500v4_2.40r19.cnf,all,500,1200,72,72,5.01,1,942,24,44,heuristic2,6.44604,6.44576,112132096,15530196992,15642329088,75,85
instances/ratio_1000/instance_500v4_2.40r19.cnf,all,500,1200,72,72,5.01,1,942,24,44,heuristic3,9.83594,9.83555,112132096,15530196992,15642329088,74,84
instances/ratio_1000/instance_500v4_2.40r19.cnf,all,500,1200,72,72,5.01,1,942,24,44,heuristic4,709.466,709.476,112132096,15530196992,15642329088,73,83
instances/ratio_1000/instance_500v4_2.40r19.cnf,all,500,1200,72,72,5.01,1,942,24,44,cleanup_device,0.0695801,0.06944,112132096,15530196992,15642329088,-1,-1
instances/ratio_1000/instance_500v4_2.40r19.cnf,all,500,1200,72,72,5.01,1,942,24,44,total,747.096,-1,112132096,15530196992,15642329088,-1,-1
instances/ratio_1000/instance_500v4_2.50r20.cnf,all,500,1250,64,64,1.04,1,876,36,50,read_instance,0.398438,-1,107937792,15534391296,15642329088,-1,-1
instances/ratio_1000/instance_500v4_2.50r20.cnf,all,500,1250,64,64,1.04,1,876,36,50,alloc_graph,0.204102,0.186464,110034944,15532294144,15642329088,-1,-1
instances/ratio_1000/instance_500v4_2.50r20.cnf,all,500,1250,64,64,1.04,1,876,36,50,scc,4.48779,4.48864,112132096,15530196992,15642329088,-1,-1
instances/ratio_1000/instance_500v4_2.50r20.cnf,all,500,1250,64,64,1.04,1,876,36,50,topo_sort,1.01587,1.01552,112132096,15530196992,15642329088,-1,-1
instances/ratio_1000/instance_500v4_2.50r20.cnf,all,500,1250,64,64,1.04,1,876,36,50,backbone,5.0083,5.01408,112132096,15530196992,15642329088,-1,-1
instances/ratio_1000/instance_500v4_2.50r20.cnf,all,500,1250,64,64,1.04,1,876,36,50,wcc,0.203125,0.202944,112132096,15530196992,15642329088,-1,-1
instances/ratio_1000/instance_500v4_2.50r20.cnf,all,500,1250,64,64,1.04,1,876,36,50,wcc_grouped,0.355225,0.355104,112132096,15530196992,15642329088,-1,-1
instances/ratio_1000/instance_500v4_2.50r20.cnf,all,500,1250,64,64,1.04,1,876,36,50,heuristic1,6.77124,6.77024,112132096,15530196992,15642329088,71,87
instances/ratio_1000/instance_500v4_2.50r20.cnf,all,500,1250,64,64,1.04,1,876,36,50,heuristic2,4.31982,4.31795,112132096,15530196992,15642329088,55,71
instances/ratio_1000/instance_500v4_2.50r20.cnf,all,500,1250,64,64,1.04,1,876,36,50,heuristic3,8.20117,8.20074,112132096,15530196992,15642329088,55,71
instances/ratio_1000/instance_500v4_2.50r20.cnf,all,500,1250,64,64,1.04,1,876,36,50,heuristic4,462.965,462.972,112132096,15530196992,15642329088,52,68
instances/ratio_1000/instance_500v4_2.50r20.cnf,all,500,1250,64,64,1.04,1,876,36,50,cleanup_device,0.0410156,0.04096,112132096,15530196992,15642329088,-1,-1
instances/ratio_1000/instance_500v4_2.50r20.cnf,all,500,1250,64,64,1.04,1,876,36,50,total,494.569,-1,112132096,15530196992,15642329088,-1,-1
instances/ratio_1000/instance_500v4_2.60r21.cnf,all,500,1300,68,68,0.11,1,772,60,36,read_instance,0.390869,-1,107937792,15534391296,15642329088,-1,-1
instances/ratio_1000/instance_500v4_2.60r21.cnf,all,500,1300,68,68,0.11,1,772,60,36,alloc_graph,0.172119,0.159424,110034944,15532294144,15642329088,-1,-1
instances/ratio_1000/instance_500v4_2.60r21.cnf,all,500,1300,68,68,0.11,1,772,60,36,scc,4.50708,4.50765,112132096,15530196992,15642329088,-1,-1
instances/ratio_1000/instance_500v4_2.60r21.cnf,all,500,1300,68,68,0.11,1,772,60,36,topo_sort,0.827393,0.826656,112132096,15530196992,15642329088,-1,-1
instances/ratio_1000/instance_500v4_2.60r21.cnf,all,500,1300,68,68,0.11,1,772,60,36,backbone,5.39819,5.40198,112132096,15530196992,15642329088,-1,-1
instances/ratio_1000/instance_500v4_2.60r21.cnf,all,500,1300,68,68,0.11,1,772,60,36,wcc,0.185547,0.186368,112132096,15530196992,15642329088,-1,-1
instances/ratio_1000/instance_500v4_2.60r21.cnf,all,500,1300,68,68,0.11,1,772,60,36,wcc_grouped,0.354736,0.354784,112132096,15530196992,15642329088,-1,-1
instances/ratio_1000/instance_500v4_2.60r21.cnf,all,500,1300,68,68,0.11,1,772,60,36,heuristic1,5.94189,5.94074,112132096,15530196992,15642329088,64,92
instances/ratio_1000/instance_500v4_2.60r21.cnf,all,500,1300,68,68,0.11,1,772,60,36,heuristic2,4.4646,4.46342,112132096,15530196992,15642329088,50,78
instances/ratio_1000/instance_500v4_2.60r21.cnf,all,500,1300,68,68,0.11,1,772,60,36,heuristic3,8.08374,8.08387,112132096,15530196992,15642329088,55,83
instances/ratio_1000/instance_500v4_2.60r21.cnf,all,500,1300,68,68,0.11,1,772,60,36,heuristic4,403.939,403.945,112132096,15530196992,15642329088,47,75
instances/ratio_1000/instance_500v4_2.60r21.cnf,all,500,1300,68,68,0.11,1,772,60,36,cleanup_device,0.0500488,0.049952,112132096,15530196992,15642329088,-1,-1
instances/ratio_1000/instance_500v4_2.60r21.cnf,all,500,1300,68,68,0.11,1,772,60,36,total,434.93,-1,112132096,15530196992,15642329088,-1,-1
instances/ratio_1000/instance_500v4_2.70r22.cnf,all,500,1350,63,63,0.06,1,748,50,39,read_instance,0.394043,-1,107937792,15534391296,15642329088,-1,-1
instances/ratio_1000/instance_500v4_2.70r22.cnf,all,500,1350,63,63,0.06,1,748,50,39,alloc_graph,0.156494,0.142336,110034944,15532294144,15642329088,-1,-1
instances/ratio_1000/instance_500v4_2.70r22.cnf,all,500,1350,63,63,0.06,1,748,50,39,scc,4.49829,4.4991,112132096,15530196992,15642329088,-1,-1
instances/ratio_1000/instance_500v4_2.70r22.cnf,all,500,1350,63,63,0.06,1,748,50,39,topo_sort,0.890381,0.889696,112132096,15530196992,15642329088,-1,-1
instances/ratio_1000/instance_500v4_2.70r22.cnf,all,500,1350,63,63,0.06,1,748,50,39,backbone,5.45703,5.46346,112132096,15530196992,15642329088,-1,-1
instances/ratio_1000/instance_500v4_2.70r22.cnf,all,500,1350,63,63,0.06,1,748,50,39,wcc,0.224854,0.224192,112132096,15530196992,15642329088,-1,-1
instances/ratio_1000/instance_500v4_2.70r22.cnf,all,500,1350,63,63,0.06,1,748,50,39,wcc_grouped,0.372559,0.37248,112132096,15530196992,15642329088,-1,-1
instances/ratio_1000/instance_500v4_2.70r22.cnf,all,500,1350,63,63,0.06,1,748,50,39,heuristic1,5.77319,5.77245,112132096,15530196992,15642329088,63,87
instances/ratio_1000/instance_500v4_2.70r22.cnf,all,500,1350,63,63,0.06,1,748,50,39,heuristic2,4.40649,4.40506,112132096,15530196992,15642329088,51,74
instances/ratio_1000/instance_500v4_2.70r22.cnf,all,500,1350,63,63,0.06,1,748,50,39,heuristic3,7.75439,7.75325,112132096,15530196992,15642329088,53,76
instances/ratio_1000/instance_500v4_2.70r22.cnf,all,500,1350,63,63,0.06,1,748,50,39,heuristic4,472.669,472.677,112132096,15530196992,15642329088,52,75
instances/ratio_1000/instance_500v4_2.70r22.cnf,all,500,1350,63,63,0.06,1,748,50,39,cleanup_device,0.0410156,0.040832,112132096,15530196992,15642329088,-1,-1
instances/ratio_1000/instance_500v4_2.70r22.cnf,all,500,1350,63,63,0.06,1,748,50,39,total,503.238,-1,112132096,15530196992,15642329088,-1,-1
instances/ratio_1000/instance_500v4_2.80r23.cnf,all,500,1400,57,57,0.06,1,812,28,42,read_instance,0.424316,-1,107937792,15534391296,15642329088,-1,-1
instances/ratio_1000/instance_500v4_2.80r23.cnf,all,500,1400,57,57,0.06,1,812,28,42,alloc_graph,0.164551,0.154944,110034944,15532294144,15642329088,-1,-1
instances/ratio_1000/instance_500v4_2.80r23.cnf,all,500,1400,57,57,0.06,1,812,28,42,scc,4.64673,4.64691,112132096,15530196992,15642329088,-1,-1
instances/ratio_1000/instance_500v4_2.80r23.cnf,all,500,1400,57,57,0.06,1,812,28,42,topo_sort,0.922363,0.9216,112132096,15530196992,15642329088,-1,-1
instances/ratio_1000/instance_500v4_2.80r23.cnf,all,500,1400,57,57,0.06,1,812,28,42,backbone,5.33081,5.3367,112132096,15530196992,15642329088,-1,-1
instances/ratio_1000/instance_500v4_2.80r23.cnf,all,500,1400,57,57,0.06,1,812,28,42,wcc,0.20166,0.20096,112132096,15530196992,15642329088,-1,-1
instances/ratio_1000/instance_500v4_2.80r23.cnf,all,500,1400,57,57,0.06,1,812,28,42,wcc_grouped,0.40918,0.4096,112132096,15530196992,15642329088,-1,-1
instances/ratio_1000/instance_500v4_2.80r23.cnf,all,500,1400,57,57,0.06,1,812,28,42,heuristic1,6.0896,6.0889,112132096,15530196992,15642329088,68,80
instances/ratio_1000/instance_500v4_2.80r23.cnf,all,500,1400,57,57,0.06,1,812,28,42,heuristic2,4.14282,4.14154,112132096,15530196992,15642329088,50,62
instances/ratio_1000/instance_500v4_2.80r23.cnf,all,500,1400,57,57,0.06,1,812,28,42,heuristic3,8.95459,8.95427,112132096,15530196992,15642329088,63,75
instances/ratio_1000/instance_500v4_2.80r23.cnf,all,500,1400,57,57,0.06,1,812,28,42,heuristic4,526.198,526.205,112132096,15530196992,15642329088,57,69
instances/ratio_1000/instance_500v4_2.80r23.cnf,all,500,1400,57,57,0.06,1,812,28,42,cleanup_device,0.0458984,0.04576,112132096,15530196992,15642329088,-1,-1
instances/ratio_1000/instance_500v4_2.80r23.cnf,all,500,1400,57,57,0.06,1,812,28,42,total,558.135,-1,112132096,15530196992,15642329088,-1,-1
instances/ratio_1000/instance_500v4_2.90r24.cnf,all,500,1450,65,65,0.03,1,684,42,25,read_instance,0.414795,-1,107937792,15534391296,15642329088,-1,-1
instances/ratio_1000/instance_500v4_2.90r24.cnf,all,500,1450,65,65,0.03,1,684,42,25,alloc_graph,0.160645,0.146208,110034944,15532294144,15642329088,-1,-1
instances/ratio_1000/instance_500v4_2.90r24.cnf,all,500,1450,65,65,0.03,1,684,42,25,scc,4.44849,4.44986,112132096,15530196992,15642329088,-1,-1
instances/ratio_1000/instance_500v4_2.90r24.cnf,all,500,1450,65,65,0.03,1,684,42,25,topo_sort,0.654541,0.653568,112132096,15530196992,15642329088,-1,-1
instances/ratio_1000/instance_500v4_2.90r24.cnf,all,500,1450,65,65,0.03,1,684,42,25,backbone,5.44458,5.45318,112132096,15530196992,15642329088,-1,-1
instances/ratio_1000/instance_500v4_2.90r24.cnf,all,500,1450,65,65,0.03,1,684,42,25,wcc,0.236084,0.235744,112132096,15530196992,15642329088,-1,-1
instances/ratio_1000/instance_500v4_2.90r24.cnf,all,500,1450,65,65,0.03,1,684,42,25,wcc_grouped,0.426025,0.42656,112132096,15530196992,15642329088,-1,-1
instances/ratio_1000/instance_500v4_2.90r24.cnf,all,500,1450,65,65,0.03,1,684,42,25,heuristic1,7.13574,7.13437,112132096,15530196992,15642329088,72,91
instances/ratio_1000/instance_500v4_2.90r24.cnf,all,500,1450,65,65,0.03,1,684,42,25,heuristic2,4.67749,4.67626,112132096,15530196992,15642329088,57,76
instances/ratio_1000/instance_500v4_2.90r24.cnf,all,500,1450,65,65,0.03,1,684,42,25,heuristic3,7.979,7.97795,112132096,15530196992,15642329088,51,70
instances/ratio_1000/instance_500v4_2.90r24.cnf,all,500,1450,65,65,0.03,1,684,42,25,heuristic4,447.631,447.638,112132096,15530196992,15642329088,51,70
instances/ratio_1000/instance_500v4_2.90r24.cnf,all,500,1450,65,65,0.03,1,684,42,25,cleanup_device,0.0627441,0.062528,112132096,15530196992,15642329088,-1,-1
instances/ratio_1000/instance_500v4_2.90r24.cnf,all,500,1450,65,65,0.03,1,684,42,25,total,479.892,-1,112132096,15530196992,15642329088,-1,-1
instances/ratio_1000/instance_500v4_3.00r25.cnf,all,500,1500,55,55,2.38,1,796,28,32,read_instance,0.425537,-1,107937792,15534391296,15642329088,-1,-1
instances/ratio_1000/instance_500v4_3.00r25.cnf,all,500,1500,55,55,2.38,1,796,28,32,alloc_graph,0.162354,0.14784,110034944,15532294144,15642329088,-1,-1
instances/ratio_1000/instance_500v4_3.00r25.cnf,all,500,1500,55,55,2.38,1,796,28,32,scc,4.77881,4.78003,112132096,15530196992,15642329088,-1,-1
instances/ratio_1000/instance_500v4_3.00r25.cnf,all,500,1500,55,55,2.38,1,796,28,32,topo_sort,0.74707,0.746272,112132096,15530196992,15642329088,-1,-1
instances/ratio_1000/instance_500v4_3.00r25.cnf,all,500,1500,55,55,2.38,1,796,28,32,backbone,5.0918,5.09824,112132096,15530196992,15642329088,-1,-1
instances/ratio_1000/instance_500v4_3.00r25.cnf,all,500,1500,55,55,2.38,1,796,28,32,wcc,0.232178,0.231968,112132096,15530196992,15642329088,-1,-1
instances/ratio_1000/instance_500v4_3.00r25.cnf,all,500,1500,55,55,2.38,1,796,28,32,wcc_grouped,0.383057,0.383232,112132096,15530196992,15642329088,-1,-1
instances/ratio_1000/instance_500v4_3.00r25.cnf,all,500,1500,55,55,2.38,1,796,28,32,heuristic1,7.5625,7.56253,112132096,15530196992,15642329088,67,79
instances/ratio_1000/instance_500v4_3.00r25.cnf,all,500,1500,55,55,2.38,1,796,28,32,heuristic2,4.69409,4.69334,112132096,15530196992,15642329088,54,66
instances/ratio_1000/instance_500v4_3.00r25.cnf,all,500,1500,55,55,2.38,1,796,28,32,heuristic3,7.58398,7.58294,112132096,15530196992,15642329088,52,64
instances/ratio_1000/instance_500v4_3.00r25.cnf,all,500,1500,55,55,2.38,1,796,28,32,heuristic4,389.825,389.83,112132096,15530196992,15642329088,45,57
instances/ratio_1000/instance_500v4_3.00r25.cnf,all,500,1500,55,55,2.38,1,796,28,32,cleanup_device,0.0407715,0.040416,112132096,15530196992,15642329088,-1,-1
instances/ratio_1000/instance_500v4_3.00r25.cnf,all,500,1500,55,55,2.38,1,796,28,32,total,422.145,-1,112132096,15530196992,15642329088,-1,-1
instances/ratio_1000/instance_500v4_3.10r26.cnf,all,500,1550,45,45,0.04,1,636,26,45,read_instance,0.497803,-1,107937792,15534391296,15642329088,-1,-1
instances/ratio_1000/instance_500v4_3.10r26.cnf,all,500,1550,45,45,0.04,1,636,26,45,alloc_graph,0.172607,0.15712,110034944,15532294144,15642329088,-1,-1
instances/ratio_1000/instance_500v4_3.10r26.cnf,all,500,1550,45,45,0.04,1,636,26,45,scc,4.3103,4.31104,112132096,15530196992,15642329088,-1,-1
instances/ratio_1000/instance_500v4_3.10r26.cnf,all,500,1550,45,45,0.04,1,636,26,45,topo_sort,1.00342,1.0023,112132096,15530196992,15642329088,-1,-1
instances/ratio_1000/instance_500v4_3.10r26.cnf,all,500,1550,45,45,0.04,1,636,26,45,backbone,5.27637,5.28278,112132096,15530196992,15642329088,-1,-1
instances/ratio_1000/instance_500v4_3.10r26.cnf,all,500,1550,45,45,0.04,1,636,26,45,wcc,0.227051,0.226976,112132096,15530196992,15642329088,-1,-1
instances/ratio_1000/instance_500v4_3.10r26.cnf,all,500,1550,45,45,0.04,1,636,26,45,wcc_grouped,0.363525,0.364064,112132096,15530196992,15642329088,-1,-1
instances/ratio_1000/instance_500v4_3.10r26.cnf,all,500,1550,45,45,0.04,1,636,26,45,heuristic1,5.07715,5.0759,112132096,15530196992,15642329088,52,63
instances/ratio_1000/instance_500v4_3.10r26.cnf,all,500,1550,45,45,0.04,1,636,26,45,heuristic2,3.7251,3.72314,112132096,15530196992,15642329088,42,53
instances/ratio_1000/instance_500v4_3.10r26.cnf,all,500,1550,45,45,0.04,1,636,26,45,heuristic3,7.23975,7.2384,112132096,15530196992,15642329088,40,51
instances/ratio_1000/instance_500v4_3.10r26.cnf,all,500,1550,45,45,0.04,1,636,26,45,heuristic4,363.657,363.663,112132096,15530196992,15642329088,43,54
instances/ratio_1000/instance_500v4_3.10r26.cnf,all,500,1550,45,45,0.04,1,636,26,45,cleanup_device,0.0710449,0.071296,112132096,15530196992,15642329088,-1,-1
instances/ratio_1000/instance_500v4_3.10r26.cnf,all,500,1550,45,45,0.04,1,636,26,45,total,392.307,-1,112132096,15530196992,15642329088,-1,-1
instances/ratio_1000/instance_500v4_3.20r27.cnf,all,500,1600,58,58,0.05,1,646,40,29,read_instance,0.44458,-1,107937792,15534391296,15642329088,-1,-1
instances/ratio_1000/instance_500v4_3.20r27.cnf,all,500,1600,58,58,0.05,1,646,40,29,alloc_graph,0.162354,0.14864,110034944,15532294144,15642329088,-1,-1
instances/ratio_1000/instance_500v4_3.20r27.cnf,all,500,1600,58,58,0.05,1,646,40,29,scc,4.38086,4.38077,112132096,15530196992,15642329088,-1,-1
instances/ratio_1000/instance_500v4_3.20r27.cnf,all,500,1600,58,58,0.05,1,646,40,29,topo_sort,0.784912,0.785504,112132096,15530196992,15642329088,-1,-1
instances/ratio_1000/instance_500v4_3.20r27.cnf,all,500,1600,58,58,0.05,1,646,40,29,backbone,5.30322,5.30944,112132096,15530196992,15642329088,-1,-1
instances/ratio_1000/instance_500v4_3.20r27.cnf,all,500,1600,58,58,0.05,1,646,40,29,wcc,0.234375,0.233536,112132096,15530196992,15642329088,-1,-1
instances/ratio_1000/instance_500v4_3.20r27.cnf,all,500,1600,58,58,0.05,1,646,40,29,wcc_grouped,0.44043,0.44032,112132096,15530196992,15642329088,-1,-1
instances/ratio_1000/instance_500v4_3.20r27.cnf,all,500,1600,58,58,0.05,1,646,40,29,heuristic1,6.35376,6.35229,112132096,15530196992,15642329088,61,80
instances/ratio_1000/instance_500v4_3.20r27.cnf,all,500,1600,58,58,0.05,1,646,40,29,heuristic2,3.99048,3.98928,112132096,15530196992,15642329088,49,67
instances/ratio_1000/instance_500v4_3.20r27.cnf,all,500,1600,58,58,0.05,1,646,40,29,heuristic3,7.24634,7.24566,112132096,15530196992,15642329088,49,67
instances/ratio_1000/instance_500v4_3.20r27.cnf,all,500,1600,58,58,0.05,1,646,40,29,heuristic4,405.937,405.943,112132096,15530196992,15642329088,47,65
instances/ratio_1000/instance_500v4_3.20r27.cnf,all,500,1600,58,58,0.05,1,646,40,29,cleanup_device,0.0651855,0.064576,112132096,15530196992,15642329088,-1,-1
instances/ratio_1000/instance_500v4_3.20r27.cnf,all,500,1600,58,58,0.05,1,646,40,29,total,436.041,-1,112132096,15530196992,15642329088,-1,-1
instances/ratio_1000/instance_500v4_3.30r28.cnf,all,500,1650,55,55,0.05,1,558,42,25,read_instance,0.443604,-1,107937792,15534391296,15642329088,-1,-1
instances/ratio_1000/instance_500v4_3.30r28.cnf,all,500,1650,55,55,0.05,1,558,42,25,alloc_graph,0.189697,0.176384,110034944,15532294144,15642329088,-1,-1
instances/ratio_1000/instance_500v4_3.30r28.cnf,all,500,1650,55,55,0.05,1,558,42,25,scc,4.45361,4.4544,112132096,15530196992,15642329088,-1,-1
instances/ratio_1000/instance_500v4_3.30r28.cnf,all,500,1650,55,55,0.05,1,558,42,25,topo_sort,0.618652,0.6176,112132096,15530196992,15642329088,-1,-1
instances/ratio_1000/instance_500v4_3.30r28.cnf,all,500,1650,55,55,0.05,1,558,42,25,backbone,5.08203,5.08771,112132096,15530196992,15642329088,-1,-1
instances/ratio_1000/instance_500v4_3.30r28.cnf,all,500,1650,55,55,0.05,1,558,42,25,wcc,0.197021,0.195232,112132096,15530196992,15642329088,-1,-1
instances/ratio_1000/instance_500v4_3.30r28.cnf,all,500,1650,55,55,0.05,1,558,42,25,wcc_grouped,0.358398,0.3584,112132096,15530196992,15642329088,-1,-1
instances/ratio_1000/instance_500v4_3.30r28.cnf,all,500,1650,55,55,0.05,1,558,42,25,heuristic1,4.48169,4.48093,112132096,15530196992,15642329088,46,66
instances/ratio_1000/instance_500v4_3.30r28.cnf,all,500,1650,55,55,0.05,1,558,42,25,heuristic2,3.50708,3.50582,112132096,15530196992,15642329088,42,63
instances/ratio_1000/instance_500v4_3.30r28.cnf,all,500,1650,55,55,0.05,1,558,42,25,heuristic3,6.65625,6.65427,112132096,15530196992,15642329088,38,58
instances/ratio_1000/instance_500v4_3.30r28.cnf,all,500,1650,55,55,0.05,1,558,42,25,heuristic4,293.357,293.362,112132096,15530196992,15642329088,37,57
instances/ratio_1000/instance_500v4_3.30r28.cnf,all,500,1650,55,55,0.05,1,558,42,25,cleanup_device,0.0646973,0.064384,112132096,15530196992,15642329088,-1,-1
instances/ratio_1000/instance_500v4_3.30r28.cnf,all,500,1650,55,55,0.05,1,558,42,25,total,320.03,-1,112132096,15530196992,15642329088,-1,-1
instances/ratio_1000/instance_500v4_3.40r29.cnf,all,500,1700,49,49,0.04,1,486,44,17,read_instance,0.492432,-1,107937792,15534391296,15642329088,-1,-1
instances/ratio_1000/instance_500v4_3.40r29.cnf,all,500,1700,49,49,0.04,1,486,44,17,alloc_graph,0.184082,0.171808,110034944,15532294144,15642329088,-1,-1
instances/ratio_1000/instance_500v4_3.40r29.cnf,all,500,1700,49,49,0.04,1,486,44,17,scc,4.2063,4.2073,112132096,15530196992,15642329088,-1,-1
instances/ratio_1000/instance_500v4_3.40r29.cnf,all,500,1700,49,49,0.04,1,486,44,17,topo_sort,0.525391,0.52512,112132096,15530196992,15642329088,-1,-1
instances/ratio_1000/instance_500v4_3.40r29.cnf,all,500,1700,49,49,0.04,1,486,44,17,backbone,5.45264,5.45814,112132096,15530196992,15642329088,-1,-1
instances/ratio_1000/instance_500v4_3.40r29.cnf,all,500,1700,49,49,0.04,1,486,44,17,wcc,0.222168,0.22208,112132096,15530196992,15642329088,-1,-1
instances/ratio_1000/instance_500v4_3.40r29.cnf,all,500,1700,49,49,0.04,1,486,44,17,wcc_grouped,0.435547,0.436,112132096,15530196992,15642329088,-1,-1
instances/ratio_1000/instance_500v4_3.40r29.cnf,all,500,1700,49,49,0.04,1,486,44,17,heuristic1,5.16699,5.16742,112132096,15530196992,15642329088,45,66
instances/ratio_1000/instance_500v4_3.40r29.cnf,all,500,1700,49,49,0.04,1,486,44,17,heuristic2,2.95776,2.95581,112132096,15530196992,15642329088,34,55
instances/ratio_1000/instance_500v4_3.40r29.cnf,all,500,1700,49,49,0.04,1,486,44,17,heuristic3,6.16724,6.16621,112132096,15530196992,15642329088,37,58
instances/ratio_1000/instance_500v4_3.40r29.cnf,all,500,1700,49,49,0.04,1,486,44,17,heuristic4,281.722,281.725,112132096,15530196992,15642329088,36,57
instances/ratio_1000/instance_500v4_3.40r29.cnf,all,500,1700,49,49,0.04,1,486,44,17,cleanup_device,0.0446777,0.044128,112132096,15530196992,15642329088,-1,-1
instances/ratio_1000/instance_500v4_3.40r29.cnf,all,500,1700,49,49,0.04,1,486,44,17,total,308.29,-1,112132096,15530196992,15642329088,-1,-1
instances/ratio_1000/instance_500v4_3.50r30.cnf,all,500,1750,51,51,0.04,1,454,58,24,read_instance,0.49292,-1,107937792,15534391296,15642329088,-1,-1
instances/ratio_1000/instance_500v4_3.50r30.cnf,all,500,1750,51,51,0.04,1,454,58,24,alloc_graph,0.17041,0.155936,110034944,15532294144,15642329088,-1,-1
instances/ratio_1000/instance_500v4_3.50r30.cnf,all,500,1750,51,51,0.04,1,454,58,24,scc,4.25977,4.25869,112132096,15530196992,15642329088,-1,-1
instances/ratio_1000/instance_500v4_3.50r30.cnf,all,500,1750,51,51,0.04,1,454,58,24,topo_sort,0.600098,0.599616,112132096,15530196992,15642329088,-1,-1
instances/ratio_1000/instance_500v4_3.50r30.cnf,all,500,1750,51,51,0.04,1,454,58,24,backbone,5.05811,5.06381,112132096,15530196992,15642329088,-1,-1
instances/ratio_1000/instance_500v4_3.50r30.cnf,all,500,1750,51,51,0.04,1,454,58,24,wcc,0.223389,0.223168,112132096,15530196992,15642329088,-1,-1
instances/ratio_1000/instance_500v4_3.50r30.cnf,all,500,1750,51,51,0.04,1,454,58,24,wcc_grouped,0.369141,0.36864,112132096,15530196992,15642329088,-1,-1
instances/ratio_1000/instance_500v4_3.50r30.cnf,all,500,1750,51,51,0.04,1,454,58,24,heuristic1,3.46729,3.46506,112132096,15530196992,15642329088,37,64
instances/ratio_1000/instance_500v4_3.50r30.cnf,all,500,1750,51,51,0.04,1,454,58,24,heuristic2,2.40527,2.40342,112132096,15530196992,15642329088,27,54
instances/ratio_1000/instance_500v4_3.50r30.cnf,all,500,1750,51,51,0.04,1,454,58,24,heuristic3,5.62036,5.61994,112132096,15530196992,15642329088,26,53
instances/ratio_1000/instance_500v4_3.50r30.cnf,all,500,1750,51,51,0.04,1,454,58,24,heuristic4,228.998,229.001,112132096,15530196992,15642329088,26,53
instances/ratio_1000/instance_500v4_3.50r30.cnf,all,500,1750,51,51,0.04,1,454,58,24,cleanup_device,0.0427246,0.042528,112132096,15530196992,15642329088,-1,-1
instances/ratio_1000/instance_500v4_3.50r30.cnf,all,500,1750,51,51,0.04,1,454,58,24,total,252.282,-1,112132096,15530196992,15642329088,-1,-1
instances/ratio_1000/instance_500v4_3.60r31.cnf,all,500,1800,44,44,0.04,1,400,60,28,read_instance,0.538086,-1,107937792,15534391296,15642329088,-1,-1
instances/ratio_1000/instance_500v4_3.60r31.cnf,all,500,1800,44,44,0.04,1,400,60,28,alloc_graph,0.166016,0.152128,110034944,15532294144,15642329088,-1,-1
instances/ratio_1000/instance_500v4_3.60r31.cnf,all,500,1800,44,44,0.04,1,400,60,28,scc,3.97876,3.9793,112132096,15530196992,15642329088,-1,-1
instances/ratio_1000/instance_500v4_3.60r31.cnf,all,500,1800,44,44,0.04,1,400,60,28,topo_sort,0.667969,0.667136,112132096,15530196992,15642329088,-1,-1
instances/ratio_1000/instance_500v4_3.60r31.cnf,all,500,1800,44,44,0.04,1,400,60,28,backbone,5.06299,5.06669,112132096,15530196992,15642329088,-1,-1
instances/ratio_1000/instance_500v4_3.60r31.cnf,all,500,1800,44,44,0.04,1,400,60,28,wcc,0.223389,0.223232,112132096,15530196992,15642329088,-1,-1
instances/ratio_1000/instance_500v4_3.60r31.cnf,all,500,1800,44,44,0.04,1,400,60,28,wcc_grouped,0.35791,0.357376,112132096,15530196992,15642329088,-1,-1
instances/ratio_1000/instance_500v4_3.60r31.cnf,all,500,1800,44,44,0.04,1,400,60,28,heuristic1,1.97559,1.97443,112132096,15530196992,15642329088,19,54
instances/ratio_1000/instance_500v4_3.60r31.cnf,all,500,1800,44,44,0.04,1,400,60,28,heuristic2,1.45386,1.45203,112132096,15530196992,15642329088,18,49
instances/ratio_1000/instance_500v4_3.60r31.cnf,all,500,1800,44,44,0.04,1,400,60,28,heuristic3,5.00293,5.00224,112132096,15530196992,15642329088,16,45
instances/ratio_1000/instance_500v4_3.60r31.cnf,all,500,1800,44,44,0.04,1,400,60,28,heuristic4,204.477,204.481,112132096,15530196992,15642329088,16,45
instances/ratio_1000/instance_500v4_3.60r31.cnf,all,500,1800,44,44,0.04,1,400,60,28,cleanup_device,0.0422363,0.042336,112132096,15530196992,15642329088,-1,-1
instances/ratio_1000/instance_500v4_3.60r31.cnf,all,500,1800,44,44,0.04,1,400,60,28,total,224.477,-1,112132096,15530196992,15642329088,-1,-1
instances/ratio_1000/instance_500v4_3.70r32.cnf,all,500,1850,51,51,0.03,1,490,52,20,read_instance,0.491699,-1,107937792,15534391296,15642329088,-1,-1
instances/ratio_1000/instance_500v4_3.70r32.cnf,all,500,1850,51,51,0.03,1,490,52,20,alloc_graph,0.170898,0.1576,110034944,15532294144,15642329088,-1,-1
instances/ratio_1000/instance_500v4_3.70r32.cnf,all,500,1850,51,51,0.03,1,490,52,20,scc,4.16235,4.16346,112132096,15530196992,15642329088,-1,-1
instances/ratio_1000/instance_500v4_3.70r32.cnf,all,500,1850,51,51,0.03,1,490,52,20,topo_sort,0.522949,0.52208,112132096,15530196992,15642329088,-1,-1
instances/ratio_1000/instance_500v4_3.70r32.cnf,all,500,1850,51,51,0.03,1,490,52,20,backbone,5.0022,5.00701,112132096,15530196992,15642329088,-1,-1
instances/ratio_1000/instance_500v4_3.70r32.cnf,all,500,1850,51,51,0.03,1,490,52,20,wcc,0.238525,0.238848,112132096,15530196992,15642329088,-1,-1
instances/ratio_1000/instance_500v4_3.70r32.cnf,all,500,1850,51,51,0.03,1,490,52,20,wcc_grouped,0.348877,0.349344,112132096,15530196992,15642329088,-1,-1
instances/ratio_1000/instance_500v4_3.70r32.cnf,all,500,1850,51,51,0.03,1,490,52,20,heuristic1,4.03052,4.02947,112132096,15530196992,15642329088,46,71
instances/ratio_1000/instance_500v4_3.70r32.cnf,all,500,1850,51,51,0.03,1,490,52,20,heuristic2,2.94507,2.94397,112132096,15530196992,15642329088,40,65
instances/ratio_1000/instance_500v4_3.70r32.cnf,all,500,1850,51,51,0.03,1,490,52,20,heuristic3,5.9939,5.99254,112132096,15530196992,15642329088,34,59
instances/ratio_1000/instance_500v4_3.70r32.cnf,all,500,1850,51,51,0.03,1,490,52,20,heuristic4,249.711,249.716,112132096,15530196992,15642329088,32,57
instances/ratio_1000/instance_500v4_3.70r32.cnf,all,500,1850,51,51,0.03,1,490,52,20,cleanup_device,0.0427246,0.042432,112132096,15530196992,15642329088,-1,-1
instances/ratio_1000/instance_500v4_3.70r32.cnf,all,500,1850,51,51,0.03,1,490,52,20,total,274.221,-1,112132096,15530196992,15642329088,-1,-1
instances/ratio_1000/instance_500v4_3.80r33.cnf,all,500,1900,49,49,0.04,1,342,72,16,read_instance,0.51123,-1,107937792,15534391296,15642329088,-1,-1
instances/ratio_1000/instance_500v4_3.80r33.cnf,all,500,1900,49,49,0.04,1,342,72,16,alloc_graph,0.17041,0.155936,110034944,15532294144,15642329088,-1,-1
instances/ratio_1000/instance_500v4_3.80r33.cnf,all,500,1900,49,49,0.04,1,342,72,16,scc,4.28418,4.28448,112132096,15530196992,15642329088,-1,-1
instances/ratio_1000/instance_500v4_3.80r33.cnf,all,500,1900,49,49,0.04,1,342,72,16,topo_sort,0.442139,0.441024,112132096,15530196992,15642329088,-1,-1
instances/ratio_1000/instance_500v4_3.80r33.cnf,all,500,1900,49,49,0.04,1,342,72,16,backbone,5.18018,5.18563,112132096,15530196992,15642329088,-1,-1
instances/ratio_1000/instance_500v4_3.80r33.cnf,all,500,1900,49,49,0.04,1,342,72,16,wcc,0.212646,0.21296,112132096,15530196992,15642329088,-1,-1
instances/ratio_1000/instance_500v4_3.80r33.cnf,all,500,1900,49,49,0.04,1,342,72,16,wcc_grouped,0.35498,0.354304,112132096,15530196992,15642329088,-1,-1
instances/ratio_1000/instance_500v4_3.80r33.cnf,all,500,1900,49,49,0.04,1,342,72,16,heuristic1,1.77148,1.77133,112132096,15530196992,15642329088,16,56
instances/ratio_1000/instance_500v4_3.80r33.cnf,all,500,1900,49,49,0.04,1,342,72,16,heuristic2,1.3667,1.3647,112132096,15530196992,15642329088,17,56
instances/ratio_1000/instance_500v4_3.80r33.cnf,all,500,1900,49,49,0.04,1,342,72,16,heuristic3,4.0708,4.06982,112132096,15530196992,15642329088,15,53
instances/ratio_1000/instance_500v4_3.80r33.cnf,all,500,1900,49,49,0.04,1,342,72,16,heuristic4,37.6475,37.6469,112132096,15530196992,15642329088,12,50
instances/ratio_1000/instance_500v4_3.80r33.cnf,all,500,1900,49,49,0.04,1,342,72,16,cleanup_device,0.0388184,0.038528,112132096,15530196992,15642329088,-1,-1
instances/ratio_1000/instance_500v4_3.80r33.cnf,all,500,1900,49,49,0.04,1,342,72,16,total,56.5957,-1,112132096,15530196992,15642329088,-1,-1
instances/ratio_1000/instance_500v4_3.90r34.cnf,all,500,1950,50,50,0.04,1,446,58,21,read_instance,0.533691,-1,107937792,15534391296,15642329088,-1,-1
instances/ratio_1000/instance_500v4_3.90r34.cnf,all,500,1950,50,50,0.04,1,446,58,21,alloc_graph,0.174316,0.15984,110034944,15532294144,15642329088,-1,-1
instances/ratio_1000/instance_500v4_3.90r34.cnf,all,500,1950,50,50,0.04,1,446,58,21,scc,4.34741,4.3479,112132096,15530196992,15642329088,-1,-1
instances/ratio_1000/instance_500v4_3.90r34.cnf,all,500,1950,50,50,0.04,1,446,58,21,topo_sort,0.554688,0.553824,112132096,15530196992,15642329088,-1,-1
instances/ratio_1000/instance_500v4_3.90r34.cnf,all,500,1950,50,50,0.04,1,446,58,21,backbone,4.92603,4.93194,112132096,15530196992,15642329088,-1,-1
instances/ratio_1000/instance_500v4_3.90r34.cnf,all,500,1950,50,50,0.04,1,446,58,21,wcc,0.215088,0.21504,112132096,15530196992,15642329088,-1,-1
instances/ratio_1000/instance_500v4_3.90r34.cnf,all,500,1950,50,50,0.04,1,446,58,21,wcc_grouped,0.345947,0.345664,112132096,15530196992,15642329088,-1,-1
instances/ratio_1000/instance_500v4_3.90r34.cnf,all,500,1950,50,50,0.04,1,446,58,21,heuristic1,2.9873,2.98694,112132096,15530196992,15642329088,31,59
instances/ratio_1000/instance_500v4_3.90r34.cnf,all,500,1950,50,50,0.04,1,446,58,21,heuristic2,2.24658,2.24499,112132096,15530196992,15642329088,27,55
instances/ratio_1000/instance_500v4_3.90r34.cnf,all,500,1950,50,50,0.04,1,446,58,21,heuristic3,5.12646,5.1264,112132096,15530196992,15642329088,27,55
instances/ratio_1000/instance_500v4_3.90r34.cnf,all,500,1950,50,50,0.04,1,446,58,21,heuristic4,224.776,224.779,112132096,15530196992,15642329088,25,53
instances/ratio_1000/instance_500v4_3.90r34.cnf,all,500,1950,50,50,0.04,1,446,58,21,cleanup_device,0.0605469,0.06016,112132096,15530196992,15642329088,-1,-1
instances/ratio_1000/instance_500v4_3.90r34.cnf,all,500,1950,50,50,0.04,1,446,58,21,total,246.886,-1,112132096,15530196992,15642329088,-1,-1
instances/ratio_1000/instance_500v4_4.00r35.cnf,all,500,2000,44,44,0.13,1,326,65,16,read_instance,0.585449,-1,107937792,15534391296,15642329088,-1,-1
instances/ratio_1000/instance_500v4_4.00r35.cnf,all,500,2000,44,44,0.13,1,326,65,16,alloc_graph,0.174561,0.156448,110034944,15532294144,15642329088,-1,-1
instances/ratio_1000/instance_500v4_4.00r35.cnf,all,500,2000,44,44,0.13,1,326,65,16,scc,4.20386,4.20454,112132096,15530196992,15642329088,-1,-1
instances/ratio_1000/instance_500v4_4.00r35.cnf,all,500,2000,44,44,0.13,1,326,65,16,topo_sort,0.429199,0.427904,112132096,15530196992,15642329088,-1,-1
instances/ratio_1000/instance_500v4_4.00r35.cnf,all,500,2000,44,44,0.13,1,326,65,16,backbone,5.25879,5.26586,112132096,15530196992,15642329088,-1,-1
instances/ratio_1000/instance_500v4_4.00r35.cnf,all,500,2000,44,44,0.13,1,326,65,16,wcc,0.195312,0.195104,112132096,15530196992,15642329088,-1,-1
instances/ratio_1000/instance_500v4_4.00r35.cnf,all,500,2000,44,44,0.13,1,326,65,16,wcc_grouped,0.375977,0.376128,112132096,15530196992,15642329088,-1,-1
instances/ratio_1000/instance_500v4_4.00r35.cnf,all,500,2000,44,44,0.13,1,326,65,16,heuristic1,1.64038,1.63997,112132096,15530196992,15642329088,15,51
instances/ratio_1000/instance_500v4_4.00r35.cnf,all,500,2000,44,44,0.13,1,326,65,16,heuristic2,1.23193,1.22989,112132096,15530196992,15642329088,15,48
instances/ratio_1000/instance_500v4_4.00r35.cnf,all,500,2000,44,44,0.13,1,326,65,16,heuristic3,4.354,4.35328,112132096,15530196992,15642329088,15,48
instances/ratio_1000/instance_500v4_4.00r35.cnf,all,500,2000,44,44,0.13,1,326,65,16,heuristic4,201.434,201.437,112132096,15530196992,15642329088,15,48
instances/ratio_1000/instance_500v4_4.00r35.cnf,all,500,2000,44,44,0.13,1,326,65,16,cleanup_device,0.0429688,0.04288,112132096,15530196992,15642329088,-1,-1
instances/ratio_1000/instance_500v4_4.00r35.cnf,all,500,2000,44,44,0.13,1,326,65,16,total,220.509,-1,112132096,15530196992,15642329088,-1,-1
instances/ratio_1000/instance_500v4_4.10r36.cnf,all,500,2050,35,35,0.04,1,352,38,25,read_instance,0.588379,-1,107937792,15534391296,15642329088,-1,-1
instances/ratio_1000/instance_500v4_4.10r36.cnf,all,500,2050,35,35,0.04,1,352,38,25,alloc_graph,0.168701,0.15088,110034944,15532294144,15642329088,-1,-1
instances/ratio_1000/instance_500v4_4.10r36.cnf,all,500,2050,35,35,0.04,1,352,38,25,scc,4.04736,4.04864,112132096,15530196992,15642329088,-1,-1
instances/ratio_1000/instance_500v4_4.10r36.cnf,all,500,2050,35,35,0.04,1,352,38,25,topo_sort,0.592285,0.590912,112132096,15530196992,15642329088,-1,-1
instances/ratio_1000/instance_500v4_4.10r36.cnf,all,500,2050,35,35,0.04,1,352,38,25,backbone,5.0979,5.10346,112132096,15530196992,15642329088,-1,-1
instances/ratio_1000/instance_500v4_4.10r36.cnf,all,500,2050,35,35,0.04,1,352,38,25,wcc,0.199463,0.198944,112132096,15530196992,15642329088,-1,-1
instances/ratio_1000/instance_500v4_4.10r36.cnf,all,500,2050,35,35,0.04,1,352,38,25,wcc_grouped,0.344482,0.34544,112132096,15530196992,15642329088,-1,-1
instances/ratio_1000/instance_500v4_4.10r36.cnf,all,500,2050,35,35,0.04,1,352,38,25,heuristic1,2.67627,2.67472,112132096,15530196992,15642329088,28,47
instances/ratio_1000/instance_500v4_4.10r36.cnf,all,500,2050,35,35,0.04,1,352,38,25,heuristic2,2.14111,2.13949,112132096,15530196992,15642329088,26,43
instances/ratio_1000/instance_500v4_4.10r36.cnf,all,500,2050,35,35,0.04,1,352,38,25,heuristic3,5.25464,5.25334,112132096,15530196992,15642329088,22,39
instances/ratio_1000/instance_500v4_4.10r36.cnf,all,500,2050,35,35,0.04,1,352,38,25,heuristic4,219.771,219.774,112132096,15530196992,15642329088,21,38
instances/ratio_1000/instance_500v4_4.10r36.cnf,all,500,2050,35,35,0.04,1,352,38,25,cleanup_device,0.045166,0.044992,112132096,15530196992,15642329088,-1,-1
instances/ratio_1000/instance_500v4_4.10r36.cnf,all,500,2050,35,35,0.04,1,352,38,25,total,241.498,-1,112132096,15530196992,15642329088,-1,-1
instances/ratio_1000/instance_500v4_4.20r37.cnf,all,500,2100,37,37,0.04,1,330,56,16,read_instance,0.624512,-1,107937792,15534391296,15642329088,-1,-1
instances/ratio_1000/instance_500v4_4.20r37.cnf,all,500,2100,37,37,0.04,1,330,56,16,alloc_graph,0.168213,0.153664,110034944,15532294144,15642329088,-1,-1
instances/ratio_1000/instance_500v4_4.20r37.cnf,all,500,2100,37,37,0.04,1,330,56,16,scc,4.02173,4.02227,112132096,15530196992,15642329088,-1,-1
instances/ratio_1000/instance_500v4_4.20r37.cnf,all,500,2100,37,37,0.04,1,330,56,16,topo_sort,0.466797,0.467072,112132096,15530196992,15642329088,-1,-1
instances/ratio_1000/instance_500v4_4.20r37.cnf,all,500,2100,37,37,0.04,1,330,56,16,backbone,5.24683,5.25296,112132096,15530196992,15642329088,-1,-1
instances/ratio_1000/instance_500v4_4.20r37.cnf,all,500,2100,37,37,0.04,1,330,56,16,wcc,0.237549,0.237376,112132096,15530196992,15642329088,-1,-1
instances/ratio_1000/instance_500v4_4.20r37.cnf,all,500,2100,37,37,0.04,1,330,56,16,wcc_grouped,0.412354,0.412448,112132096,15530196992,15642329088,-1,-1
instances/ratio_1000/instance_500v4_4.20r37.cnf,all,500,2100,37,37,0.04,1,330,56,16,heuristic1,2.40649,2.40506,112132096,15530196992,15642329088,12,41
instances/ratio_1000/instance_500v4_4.20r37.cnf,all,500,2100,37,37,0.04,1,330,56,16,heuristic2,1.00195,1.00013,112132096,15530196992,15642329088,11,43
instances/ratio_1000/instance_500v4_4.20r37.cnf,all,500,2100,37,37,0.04,1,330,56,16,heuristic3,4.37061,4.36896,112132096,15530196992,15642329088,10,38
instances/ratio_1000/instance_500v4_4.20r37.cnf,all,500,2100,37,37,0.04,1,330,56,16,heuristic4,31.7681,31.7675,112132096,15530196992,15642329088,10,38
instances/ratio_1000/instance_500v4_4.20r37.cnf,all,500,2100,37,37,0.04,1,330,56,16,cleanup_device,0.0446777,0.044512,112132096,15530196992,15642329088,-1,-1
instances/ratio_1000/instance_500v4_4.20r37.cnf,all,500,2100,37,37,0.04,1,330,56,16,total,51.3203,-1,112132096,15530196992,15642329088,-1,-1
instances/ratio_1000/instance_500v4_4.30r38.cnf,all,500,2150,39,39,0.04,1,334,57,13,read_instance,0.612793,-1,107937792,15534391296,15642329088,-1,-1
instances/ratio_1000/instance_500v4_4.30r38.cnf,all,500,2150,39,39,0.04,1,334,57,13,alloc_graph,0.163086,0.149984,110034944,15532294144,15642329088,-1,-1
instances/ratio_1000/instance_500v4_4.30r38.cnf,all,500,2150,39,39,0.04,1,334,57,13,scc,3.9519,3.95318,112132096,15530196992,15642329088,-1,-1
instances/ratio_1000/instance_500v4_4.30r38.cnf,all,500,2150,39,39,0.04,1,334,57,13,topo_sort,0.388916,0.387808,112132096,15530196992,15642329088,-1,-1
instances/ratio_1000/instance_500v4_4.30r38.cnf,all,500,2150,39,39,0.04,1,334,57,13,backbone,5.26636,5.27152,112132096,15530196992,15642329088,-1,-1
instances/ratio_1000/instance_500v4_4.30r38.cnf,all,500,2150,39,39,0.04,1,334,57,13,wcc,0.19873,0.198656,112132096,15530196992,15642329088,-1,-1
instances/ratio_1000/instance_500v4_4.30r38.cnf,all,500,2150,39,39,0.04,1,334,57,13,wcc_grouped,0.379883,0.378944,112132096,15530196992,15642329088,-1,-1
instances/ratio_1000/instance_500v4_4.30r38.cnf,all,500,2150,39,39,0.04,1,334,57,13,heuristic1,1.73389,1.7327,112132096,15530196992,15642329088,16,46
instances/ratio_1000/instance_500v4_4.30r38.cnf,all,500,2150,39,39,0.04,1,334,57,13,heuristic2,1.01123,1.00963,112132096,15530196992,15642329088,11,40
instances/ratio_1000/instance_500v4_4.30r38.cnf,all,500,2150,39,39,0.04,1,334,57,13,heuristic3,4.18628,4.1856,112132096,15530196992,15642329088,12,40
instances/ratio_1000/instance_500v4_4.30r38.cnf,all,500,2150,39,39,0.04,1,334,57,13,heuristic4,34.7922,34.792,112132096,15530196992,15642329088,11,39
instances/ratio_1000/instance_500v4_4.30r38.cnf,all,500,2150,39,39,0.04,1,334,57,13,cleanup_device,0.0432129,0.043136,112132096,15530196992,15642329088,-1,-1
instances/ratio_1000/instance_500v4_4.30r38.cnf,all,500,2150,39,39,0.04,1,334,57,13,total,53.2644,-1,112132096,15530196992,15642329088,-1,-1
instances/ratio_1000/instance_500v4_4.40r39.cnf,all,500,2200,38,38,0.03,1,332,48,18,read_instance,0.629883,-1,107937792,15534391296,15642329088,-1,-1
instances/ratio_1000/instance_500v4_4.40r39.cnf,all,500,2200,38,38,0.03,1,332,48,18,alloc_graph,0.17334,0.159744,110034944,15532294144,15642329088,-1,-1
instances/ratio_1000/instance_500v4_4.40r39.cnf,all,500,2200,38,38,0.03,1,332,48,18,scc,4.05176,4.05181,112132096,15530196992,15642329088,-1,-1
instances/ratio_1000/instance_500v4_4.40r39.cnf,all,500,2200,38,38,0.03,1,332,48,18,topo_sort,0.479492,0.47984,112132096,15530196992,15642329088,-1,-1
instances/ratio_1000/instance_500v4_4.40r39.cnf,all,500,2200,38,38,0.03,1,332,48,18,backbone,5.01782,5.02118,112132096,15530196992,15642329088,-1,-1
instances/ratio_1000/instance_500v4_4.40r39.cnf,all,500,2200,38,38,0.03,1,332,48,18,wcc,0.211182,0.2112,112132096,15530196992,15642329088,-1,-1
instances/ratio_1000/instance_500v4_4.40r39.cnf,all,500,2200,38,38,0.03,1,332,48,18,wcc_grouped,0.35376,0.354304,112132096,15530196992,15642329088,-1,-1
instances/ratio_1000/instance_500v4_4.40r39.cnf,all,500,2200,38,38,0.03,1,332,48,18,heuristic1,2.18408,2.18387,112132096,15530196992,15642329088,22,47
instances/ratio_1000/instance_500v4_4.40r39.cnf,all,500,2200,38,38,0.03,1,332,48,18,heuristic2,1.31201,1.31014,112132096,15530196992,15642329088,14,40
instances/ratio_1000/instance_500v4_4.40r39.cnf,all,500,2200,38,38,0.03,1,332,48,18,heuristic3,4.85669,4.85546,112132096,15530196992,15642329088,15,40
instances/ratio_1000/instance_500v4_4.40r39.cnf,all,500,2200,38,38,0.03,1,332,48,18,heuristic4,198.326,198.329,112132096,15530196992,15642329088,15,40
instances/ratio_1000/instance_500v4_4.40r39.cnf,all,500,2200,38,38,0.03,1,332,48,18,cleanup_device,0.0627441,0.063168,112132096,15530196992,15642329088,-1,-1
instances/ratio_1000/instance_500v4_4.40r39.cnf,all,500,2200,38,38,0.03,1,332,48,18,total,218.208,-1,112132096,15530196992,15642329088,-1,-1
instances/ratio_1000/instance_500v4_4.50r40.cnf,all,500,2250,41,41,0.03,1,300,62,17,read_instance,0.634277,-1,107937792,15534391296,15642329088,-1,-1
instances/ratio_1000/instance_500v4_4.50r40.cnf,all,500,2250,41,41,0.03,1,300,62,17,alloc_graph,0.177734,0.165184,110034944,15532294144,15642329088,-1,-1
instances/ratio_1000/instance_500v4_4.50r40.cnf,all,500,2250,41,41,0.03,1,300,62,17,scc,3.97754,3.97731,112132096,15530196992,15642329088,-1,-1
instances/ratio_1000/instance_500v4_4.50r40.cnf,all,500,2250,41,41,0.03,1,300,62,17,topo_sort,0.462891,0.461984,112132096,15530196992,15642329088,-1,-1
instances/ratio_1000/instance_500v4_4.50r40.cnf,all,500,2250,41,41,0.03,1,300,62,17,backbone,5.12354,5.12733,112132096,15530196992,15642329088,-1,-1
instances/ratio_1000/instance_500v4_4.50r40.cnf,all,500,2250,41,41,0.03,1,300,62,17,wcc,0.177002,0.176256,112132096,15530196992,15642329088,-1,-1
instances/ratio_1000/instance_500v4_4.50r40.cnf,all,500,2250,41,41,0.03,1,300,62,17,wcc_grouped,0.343018,0.34352,112132096,15530196992,15642329088,-1,-1
instances/ratio_1000/instance_500v4_4.50r40.cnf,all,500,2250,41,41,0.03,1,300,62,17,heuristic1,1.9021,1.90147,112132096,15530196992,15642329088,17,46
instances/ratio_1000/instance_500v4_4.50r40.cnf,all,500,2250,41,41,0.03,1,300,62,17,heuristic2,1.10864,1.10746,112132096,15530196992,15642329088,12,42
instances/ratio_1000/instance_500v4_4.50r40.cnf,all,500,2250,41,41,0.03,1,300,62,17,heuristic3,4.08887,4.08842,112132096,15530196992,15642329088,13,42
instances/ratio_1000/instance_500v4_4.50r40.cnf,all,500,2250,41,41,0.03,1,300,62,17,heuristic4,37.8777,37.8772,112132096,15530196992,15642329088,12,41
instances/ratio_1000/instance_500v4_4.50r40.cnf,all,500,2250,41,41,0.03,1,300,62,17,cleanup_device,0.0393066,0.03936,112132096,15530196992,15642329088,-1,-1
instances/ratio_1000/instance_500v4_4.50r40.cnf,all,500,2250,41,41,0.03,1,300,62,17,total,56.4448,-1,112132096,15530196992,15642329088,-1,-1
instances/ratio_1000/instance_500v5_0.50r0.cnf,all,500,250,293,293,0.02,1,1000,504,6,read_instance,0.147705,-1,107937792,15534391296,15642329088,-1,-1
instances/ratio_1000/instance_500v5_0.50r0.cnf,all,500,250,293,293,0.02,1,1000,504,6,alloc_graph,0.166504,0.152768,110034944,15532294144,15642329088,-1,-1
instances/ratio_1000/instance_500v5_0.50r0.cnf,all,500,250,293,293,0.02,1,1000,504,6,scc,3.68799,3.68848,112132096,15530196992,15642329088,-1,-1
instances/ratio_1000/instance_500v5_0.50r0.cnf,all,500,250,293,293,0.02,1,1000,504,6,topo_sort,0.173584,0.172608,112132096,15530196992,15642329088,-1,-1
instances/ratio_1000/instance_500v5_0.50r0.cnf,all,500,250,293,293,0.02,1,1000,504,6,backbone,5.1355,5.1464,112132096,15530196992,15642329088,-1,-1
instances/ratio_1000/instance_500v5_0.50r0.cnf,all,500,250,293,293,0.02,1,1000,504,6,wcc,0.25415,0.253952,112132096,15530196992,15642329088,-1,-1
instances/ratio_1000/instance_500v5_0.50r0.cnf,all,500,250,293,293,0.02,1,1000,504,6,wcc_grouped,0.457031,0.45856,112132096,15530196992,15642329088,-1,-1
instances/ratio_1000/instance_500v5_0.50r0.cnf,all,500,250,293,293,0.02,1,1000,504,6,heuristic1,4.63281,4.63075,112132096,15530196992,15642329088,43,324
instances/ratio_1000/instance_500v5_0.50r0.cnf,all,500,250,293,293,0.02,1,1000,504,6,heuristic2,2.66626,2.6655,112132096,15530196992,15642329088,34,308
instances/ratio_1000/instance_500v5_0.50r0.cnf,all,500,250,293,293,0.02,1,1000,504,6,heuristic3,6.25342,6.25213,112132096,15530196992,15642329088,29,298
instances/ratio_1000/instance_500v5_0.50r0.cnf,all,500,250,293,293,0.02,1,1000,504,6,heuristic4,232.969,232.973,112132096,15530196992,15642329088,28,295
instances/ratio_1000/instance_500v5_0.50r0.cnf,all,500,250,293,293,0.02,1,1000,504,6,cleanup_device,0.0505371,0.050304,112132096,15530196992,15642329088,-1,-1
instances/ratio_1000/instance_500v5_0.50r0.cnf,all,500,250,293,293,0.02,1,1000,504,6,total,257.231,-1,112132096,15530196992,15642329088,-1,-1
instances/ratio_1000/instance_500v5_0.60r1.cnf,all,500,300,266,266,0.02,1,1000,416,6,read_instance,0.166992,-1,107937792,15534391296,15642329088,-1,-1
instances/ratio_1000/instance_500v5_0.60r1.cnf,all,500,300,266,266,0.02,1,1000,416,6,alloc_graph,0.177002,0.161792,110034944,15532294144,15642329088,-1,-1
instances/ratio_1000/instance_500v5_0.60r1.cnf,all,500,300,266,266,0.02,1,1000,416,6,scc,3.72363,3.72432,112132096,15530196992,15642329088,-1,-1
instances/ratio_1000/instance_500v5_0.60r1.cnf,all,500,300,266,266,0.02,1,1000,416,6,topo_sort,0.181396,0.180448,112132096,15530196992,15642329088,-1,-1
instances/ratio_1000/instance_500v5_0.60r1.cnf,all,500,300,266,266,0.02,1,1000,416,6,backbone,5.42505,5.42954,112132096,15530196992,15642329088,-1,-1
instances/ratio_1000/instance_500v5_0.60r1.cnf,all,500,300,266,266,0.02,1,1000,416,6,wcc,0.228027,0.22752,112132096,15530196992,15642329088,-1,-1
instances/ratio_1000/instance_500v5_0.60r1.cnf,all,500,300,266,266,0.02,1,1000,416,6,wcc_grouped,0.369873,0.369216,112132096,15530196992,15642329088,-1,-1
instances/ratio_1000/instance_500v5_0.60r1.cnf,all,500,300,266,266,0.02,1,1000,416,6,heuristic1,5.52295,5.52198,112132096,15530196992,15642329088,63,303
instances/ratio_1000/instance_500v5_0.60r1.cnf,all,500,300,266,266,0.02,1,1000,416,6,heuristic2,4.18555,4.18474,112132096,15530196992,15642329088,52,284
instances/ratio_1000/instance_500v5_0.60r1.cnf,all,500,300,266,266,0.02,1,1000,416,6,heuristic3,7.77173,7.77094,112132096,15530196992,15642329088,48,276
instances/ratio_1000/instance_500v5_0.60r1.cnf,all,500,300,266,266,0.02,1,1000,416,6,heuristic4,406.929,406.935,112132096,15530196992,15642329088,46,273
instances/ratio_1000/instance_500v5_0.60r1.cnf,all,500,300,266,266,0.02,1,1000,416,6,cleanup_device,0.0412598,0.041088,112132096,15530196992,15642329088,-1,-1
instances/ratio_1000/instance_500v5_0.60r1.cnf,all,500,300,266,266,0.02,1,1000,416,6,total,435.371,-1,112132096,15530196992,15642329088,-1,-1
instances/ratio_1000/instance_500v5_0.70r2.cnf,all,500,350,235,235,0.02,1,1000,323,7,read_instance,0.162842,-1,107937792,15534391296,15642329088,-1,-1
instances/ratio_1000/instance_500v5_0.70r2.cnf,all,500,350,235,235,0.02,1,1000,323,7,alloc_graph,0.179199,0.167936,110034944,15532294144,15642329088,-1,-1
instances/ratio_1000/instance_500v5_0.70r2.cnf,all,500,350,235,235,0.02,1,1000,323,7,scc,3.58911,3.58973,112132096,15530196992,15642329088,-1,-1
instances/ratio_1000/instance_500v5_0.70r2.cnf,all,500,350,235,235,0.02,1,1000,323,7,topo_sort,0.197021,0.196224,112132096,15530196992,15642329088,-1,-1
instances/ratio_1000/instance_500v5_0.70r2.cnf,all,500,350,235,235,0.02,1,1000,323,7,backbone,5.11182,5.11754,112132096,15530196992,15642329088,-1,-1
instances/ratio_1000/instance_500v5_0.70r2.cnf,all,500,350,235,235,0.02,1,1000,323,7,wcc,0.23584,0.235232,112132096,15530196992,15642329088,-1,-1
instances/ratio_1000/instance_500v5_0.70r2.cnf,all,500,350,235,235,0.02,1,1000,323,7,wcc_grouped,0.348633,0.348256,112132096,15530196992,15642329088,-1,-1
instances/ratio_1000/instance_500v5_0.70r2.cnf,all,500,350,235,235,0.02,1,1000,323,7,heuristic1,9.03271,9.03203,112132096,15530196992,15642329088,106,276
instances/ratio_1000/instance_500v5_0.70r2.cnf,all,500,350,235,235,0.02,1,1000,323,7,heuristic2,6.5105,6.50963,112132096,15530196992,15642329088,83,253
instances/ratio_1000/instance_500v5_0.70r2.cnf,all,500,350,235,235,0.02,1,1000,323,7,heuristic3,9.79395,9.79296,112132096,15530196992,15642329088,78,248
instances/ratio_1000/instance_500v5_0.70r2.cnf,all,500,350,235,235,0.02,1,1000,323,7,heuristic4,745.039,745.049,112132096,15530196992,15642329088,77,244
instances/ratio_1000/instance_500v5_0.70r2.cnf,all,500,350,235,235,0.02,1,1000,323,7,cleanup_device,0.0437012,0.043808,112132096,15530196992,15642329088,-1,-1
instances/ratio_1000/instance_500v5_0.70r2.cnf,all,500,350,235,235,0.02,1,1000,323,7,total,780.835,-1,112132096,15530196992,15642329088,-1,-1
instances/ratio_1000/instance_500v5_0.80r3.cnf,all,500,400,212,212,0.03,1,1000,256,8,read_instance,0.184082,-1,107937792,15534391296,15642329088,-1,-1
instances/ratio_1000/instance_500v5_0.80r3.cnf,all,500,400,212,212,0.03,1,1000,256,8,alloc_graph,0.167236,0.152768,110034944,15532294144,15642329088,-1,-1
instances/ratio_1000/instance_500v5_0.80r3.cnf,all,500,400,212,212,0.03,1,1000,256,8,scc,3.74731,3.74803,112132096,15530196992,15642329088,-1,-1
instances/ratio_1000/instance_500v5_0.80r3.cnf,all,500,400,212,212,0.03,1,1000,256,8,topo_sort,0.218018,0.217536,112132096,15530196992,15642329088,-1,-1
instances/ratio_1000/instance_500v5_0.80r3.cnf,all,500,400,212,212,0.03,1,1000,256,8,backbone,5.19092,5.19606,112132096,15530196992,15642329088,-1,-1
instances/ratio_1000/instance_500v5_0.80r3.cnf,all,500,400,212,212,0.03,1,1000,256,8,wcc,0.244385,0.243776,112132096,15530196992,15642329088,-1,-1
instances/ratio_1000/instance_500v5_0.80r3.cnf,all,500,400,212,212,0.03,1,1000,256,8,wcc_grouped,0.356934,0.356736,112132096,15530196992,15642329088,-1,-1
instances/ratio_1000/instance_500v5_0.80r3.cnf,all,500,400,212,212,0.03,1,1000,256,8,heuristic1,9.38721,9.38634,112132096,15530196992,15642329088,112,244
instances/ratio_1000/instance_500v5_0.80r3.cnf,all,500,400,212,212,0.03,1,1000,256,8,heuristic2,7.79785,7.79702,112132096,15530196992,15642329088,100,233
instances/ratio_1000/instance_500v5_0.80r3.cnf,all,500,400,212,212,0.03,1,1000,256,8,heuristic3,11.9294,11.9289,112132096,15530196992,15642329088,100,229
instances/ratio_1000/instance_500v5_0.80r3.cnf,all,500,400,212,212,0.03,1,1000,256,8,heuristic4,976.764,976.777,112132096,15530196992,15642329088,96,225
instances/ratio_1000/instance_500v5_0.80r3.cnf,all,500,400,212,212,0.03,1,1000,256,8,cleanup_device,0.0444336,0.044192,112132096,15530196992,15642329088,-1,-1
instances/ratio_1000/instance_500v5_0.80r3.cnf,all,500,400,212,212,0.03,1,1000,256,8,total,1016.67,-1,112132096,15530196992,15642329088,-1,-1
instances/ratio_1000/instance_500v5_0.90r4.cnf,all,500,450,199,199,0.03,1,1000,222,12,read_instance,0.213623,-1,107937792,15534391296,15642329088,-1,-1
instances/ratio_1000/instance_500v5_0.90r4.cnf,all,500,450,199,199,0.03,1,1000,222,12,alloc_graph,0.166016,0.151168,110034944,15532294144,15642329088,-1,-1
instances/ratio_1000/instance_500v5_0.90r4.cnf,all,500,450,199,199,0.03,1,1000,222,12,scc,3.77905,3.78054,112132096,15530196992,15642329088,-1,-1
instances/ratio_1000/instance_500v5_0.90r4.cnf,all,500,450,199,199,0.03,1,1000,222,12,topo_sort,0.306396,0.305152,112132096,15530196992,15642329088,-1,-1
instances/ratio_1000/instance_500v5_0.90r4.cnf,all,500,450,199,199,0.03,1,1000,222,12,backbone,5.03394,5.03974,112132096,15530196992,15642329088,-1,-1
instances/ratio_1000/instance_500v5_0.90r4.cnf,all,500,450,199,199,0.03,1,1000,222,12,wcc,0.245117,0.245632,112132096,15530196992,15642329088,-1,-1
instances/ratio_1000/instance_500v5_0.90r4.cnf,all,500,450,199,199,0.03,1,1000,222,12,wcc_grouped,0.434814,0.435776,112132096,15530196992,15642329088,-1,-1
instances/ratio_1000/instance_500v5_0.90r4.cnf,all,500,450,199,199,0.03,1,1000,222,12,heuristic1,12.2334,12.2326,112132096,15530196992,15642329088,135,250
instances/ratio_1000/instance_500v5_0.90r4.cnf,all,500,450,199,199,0.03,1,1000,222,12,heuristic2,8.45947,8.4583,112132096,15530196992,15642329088,109,220
instances/ratio_1000/instance_500v5_0.90r4.cnf,all,500,450,199,199,0.03,1,1000,222,12,heuristic3,12.2637,12.263,112132096,15530196992,15642329088,112,222
instances/ratio_1000/instance_500v5_0.90r4.cnf,all,500,450,199,199,0.03,1,1000,222,12,heuristic4,979.026,979.038,112132096,15530196992,15642329088,98,208
instances/ratio_1000/instance_500v5_0.90r4.cnf,all,500,450,199,199,0.03,1,1000,222,12,cleanup_device,0.0395508,0.0392,112132096,15530196992,15642329088,-1,-1
instances/ratio_1000/instance_500v5_0.90r4.cnf,all,500,450,199,199,0.03,1,1000,222,12,total,1022.86,-1,112132096,15530196992,15642329088,-1,-1
instances/ratio_1000/instance_500v5_1.00r5.cnf,all,500,500,174,174,0.07,1,1000,180,10,read_instance,0.199707,-1,107937792,15534391296,15642329088,-1,-1
instances/ratio_1000/instance_500v5_1.00r5.cnf,all,500,500,174,174,0.07,1,1000,180,10,alloc_graph,0.157715,0.143072,110034944,15532294144,15642329088,-1,-1
instances/ratio_1000/instance_500v5_1.00r5.cnf,all,500,500,174,174,0.07,1,1000,180,10,scc,3.72021,3.72083,112132096,15530196992,15642329088,-1,-1
instances/ratio_1000/instance_500v5_1.00r5.cnf,all,500,500,174,174,0.07,1,1000,180,10,topo_sort,0.256836,0.256128,112132096,15530196992,15642329088,-1,-1
instances/ratio_1000/instance_500v5_1.00r5.cnf,all,500,500,174,174,0.07,1,1000,180,10,backbone,5.01196,5.01539,112132096,15530196992,15642329088,-1,-1
instances/ratio_1000/instance_500v5_1.00r5.cnf,all,500,500,174,174,0.07,1,1000,180,10,wcc,0.216064,0.215648,112132096,15530196992,15642329088,-1,-1
instances/ratio_1000/instance_500v5_1.00r5.cnf,all,500,500,174,174,0.07,1,1000,180,10,wcc_grouped,0.348633,0.349376,112132096,15530196992,15642329088,-1,-1
instances/ratio_1000/instance_500v5_1.00r5.cnf,all,500,500,174,174,0.07,1,1000,180,10,heuristic1,10.408,10.407,112132096,15530196992,15642329088,122,212
instances/ratio_1000/instance_500v5_1.00r5.cnf,all,500,500,174,174,0.07,1,1000,180,10,heuristic2,8.90601,8.90442,112132096,15530196992,15642329088,111,201
instances/ratio_1000/instance_500v5_1.00r5.cnf,all,500,500,174,174,0.07,1,1000,180,10,heuristic3,12.0303,12.0304,112132096,15530196992,15642329088,96,185
instances/ratio_1000/instance_500v5_1.00r5.cnf,all,500,500,174,174,0.07,1,1000,180,10,heuristic4,961.883,961.896,112132096,15530196992,15642329088,96,185
instances/ratio_1000/instance_500v5_1.00r5.cnf,all,500,500,174,174,0.07,1,1000,180,10,cleanup_device,0.0412598,0.040832,112132096,15530196992,15642329088,-1,-1
instances/ratio_1000/instance_500v5_1.00r5.cnf,all,500,500,174,174,0.07,1,1000,180,10,total,1003.77,-1,112132096,15530196992,15642329088,-1,-1
instances/ratio_1000/instance_500v5_1.10r6.cnf,all,500,550,157,157,1.42,1,1000,124,12,read_instance,0.223389,-1,107937792,15534391296,15642329088,-1,-1
instances/ratio_1000/instance_500v5_1.10r6.cnf,all,500,550,157,157,1.42,1,1000,124,12,alloc_graph,0.16626,0.153568,110034944,15532294144,15642329088,-1,-1
instances/ratio_1000/instance_500v5_1.10r6.cnf,all,500,550,157,157,1.42,1,1000,124,12,scc,3.93823,3.9383,112132096,15530196992,15642329088,-1,-1
instances/ratio_1000/instance_500v5_1.10r6.cnf,all,500,550,157,157,1.42,1,1000,124,12,topo_sort,0.289551,0.288768,112132096,15530196992,15642329088,-1,-1
instances/ratio_1000/instance_500v5_1.10r6.cnf,all,500,550,157,157,1.42,1,1000,124,12,backbone,5.00146,5.0063,112132096,15530196992,15642329088,-1,-1
instances/ratio_1000/instance_500v5_1.10r6.cnf,all,500,550,157,157,1.42,1,1000,124,12,wcc,0.216797,0.217088,112132096,15530196992,15642329088,-1,-1
instances/ratio_1000/instance_500v5_1.10r6.cnf,all,500,550,157,157,1.42,1,1000,124,12,wcc_grouped,0.37207,0.372064,112132096,15530196992,15642329088,-1,-1
instances/ratio_1000/instance_500v5_1.10r6.cnf,all,500,550,157,157,1.42,1,1000,124,12,heuristic1,12.6169,12.6167,112132096,15530196992,15642329088,154,217
instances/ratio_1000/instance_500v5_1.10r6.cnf,all,500,550,157,157,1.42,1,1000,124,12,heuristic2,9.18042,9.17894,112132096,15530196992,15642329088,118,178
instances/ratio_1000/instance_500v5_1.10r6.cnf,all,500,550,157,157,1.42,1,1000,124,12,heuristic3,13.5017,13.5015,112132096,15530196992,15642329088,121,181
instances/ratio_1000/instance_500v5_1.10r6.cnf,all,500,550,157,157,1.42,1,1000,124,12,heuristic4,1114.61,1114.63,112132096,15530196992,15642329088,109,169
instances/ratio_1000/instance_500v5_1.10r6.cnf,all,500,550,157,157,1.42,1,1000,124,12,cleanup_device,0.0407715,0.040768,112132096,15530196992,15642329088,-1,-1
instances/ratio_1000/instance_500v5_1.10r6.cnf,all,500,550,157,157,1.42,1,1000,124,12,total,1160.75,-1,112132096,15530196992,15642329088,-1,-1
instances/ratio_1000/instance_500v5_1.20r7.cnf,all,500,600,141,141,2.07,1,1000,88,12,read_instance,0.219727,-1,107937792,15534391296,15642329088,-1,-1
instances/ratio_1000/instance_500v5_1.20r7.cnf,all,500,600,141,141,2.07,1,1000,88,12,alloc_graph,0.157227,0.14336,110034944,15532294144,15642329088,-1,-1
instances/ratio_1000/instance_500v5_1.20r7.cnf,all,500,600,141,141,2.07,1,1000,88,12,scc,3.81836,3.8191,112132096,15530196992,15642329088,-1,-1
instances/ratio_1000/instance_500v5_1.20r7.cnf,all,500,600,141,141,2.07,1,1000,88,12,topo_sort,0.288818,0.287488,112132096,15530196992,15642329088,-1,-1
instances/ratio_1000/instance_500v5_1.20r7.cnf,all,500,600,141,141,2.07,1,1000,88,12,backbone,5.13184,5.13741,112132096,15530196992,15642329088,-1,-1
instances/ratio_1000/instance_500v5_1.20r7.cnf,all,500,600,141,141,2.07,1,1000,88,12,wcc,0.222412,0.222496,112132096,15530196992,15642329088,-1,-1
instances/ratio_1000/instance_500v5_1.20r7.cnf,all,500,600,141,141,2.07,1,1000,88,12,wcc_grouped,0.370117,0.369792,112132096,15530196992,15642329088,-1,-1
instances/ratio_1000/instance_500v5_1.20r7.cnf,all,500,600,141,141,2.07,1,1000,88,12,heuristic1,11.7427,11.7425,112132096,15530196992,15642329088,140,183
instances/ratio_1000/instance_500v5_1.20r7.cnf,all,500,600,141,141,2.07,1,1000,88,12,heuristic2,9.88745,9.8865,112132096,15530196992,15642329088,130,172
instances/ratio_1000/instance_500v5_1.20r7.cnf,all,500,600,141,141,2.07,1,1000,88,12,heuristic3,14.2053,14.2044,112132096,15530196992,15642329088,127,169
instances/ratio_1000/instance_500v5_1.20r7.cnf,all,500,600,141,141,2.07,1,1000,88,12,heuristic4,1230.92,1230.93,112132096,15530196992,15642329088,119,161
instances/ratio_1000/instance_500v5_1.20r7.cnf,all,500,600,141,141,2.07,1,1000,88,12,cleanup_device,0.0439453,0.043936,112132096,15530196992,15642329088,-1,-1
instances/ratio_1000/instance_500v5_1.20r7.cnf,all,500,600,141,141,2.07,1,1000,88,12,total,1277.61,-1,112132096,15530196992,15642329088,-1,-1
instances/ratio_1000/instance_500v5_1.30r8.cnf,all,500,650,127,127,19.12,1,1000,82,11,read_instance,0.279785,-1,107937792,15534391296,15642329088,-1,-1
instances/ratio_1000/instance_500v5_1.30r8.cnf,all,500,650,127,127,19.12,1,1000,82,11,alloc_graph,0.167725,0.151808,110034944,15532294144,15642329088,-1,-1
instances/ratio_1000/instance_500v5_1.30r8.cnf,all,500,650,127,127,19.12,1,1000,82,11,scc,3.92017,3.92128,112132096,15530196992,15642329088,-1,-1
instances/ratio_1000/instance_500v5_1.30r8.cnf,all,500,650,127,127,19.12,1,1000,82,11,topo_sort,0.270508,0.269568,112132096,15530196992,15642329088,-1,-1
instances/ratio_1000/instance_500v5_1.30r8.cnf,all,500,650,127,127,19.12,1,1000,82,11,backbone,4.96753,4.97155,112132096,15530196992,15642329088,-1,-1
instances/ratio_1000/instance_500v5_1.30r8.cnf,all,500,650,127,127,19.12,1,1000,82,11,wcc,0.221436,0.221248,112132096,15530196992,15642329088,-1,-1
instances/ratio_1000/instance_500v5_1.30r8.cnf,all,500,650,127,127,19.12,1,1000,82,11,wcc_grouped,0.35791,0.357984,112132096,15530196992,15642329088,-1,-1
instances/ratio_1000/instance_500v5_1.30r8.cnf,all,500,650,127,127,19.12,1,1000,82,11,heuristic1,11.7659,11.7652,112132096,15530196992,15642329088,140,179
instances/ratio_1000/instance_500v5_1.30r8.cnf,all,500,650,127,127,19.12,1,1000,82,11,heuristic2,9.27759,9.27568,112132096,15530196992,15642329088,117,156
instances/ratio_1000/instance_500v5_1.30r8.cnf,all,500,650,127,127,19.12,1,1000,82,11,heuristic3,12.5618,12.5597,112132096,15530196992,15642329088,113,152
instances/ratio_1000/instance_500v5_1.30r8.cnf,all,500,650,127,127,19.12,1,1000,82,11,heuristic4,1024.92,1024.93,112132096,15530196992,15642329088,101,140
instances/ratio_1000/instance_500v5_1.30r8.cnf,all,500,650,127,127,19.12,1,1000,82,11,cleanup_device,0.0415039,0.04128,112132096,15530196992,15642329088,-1,-1
instances/ratio_1000/instance_500v5_1.30r8.cnf,all,500,650,127,127,19.12,1,1000,82,11,total,1069.34,-1,112132096,15530196992,15642329088,-1,-1
instances/ratio_1000/instance_500v5_1.40r9.cnf,all,500,700,122,139,150.03,1,998,58,11,read_instance,0.236816,-1,107937792,15534391296,15642329088,-1,-1
instances/ratio_1000/instance_500v5_1.40r9.cnf,all,500,700,122,139,150.03,1,998,58,11,alloc_graph,0.158447,0.157344,110034944,15532294144,15642329088,-1,-1
instances/ratio_1000/instance_500v5_1.40r9.cnf,all,500,700,122,139,150.03,1,998,58,11,scc,3.98877,3.9895,112132096,15530196992,15642329088,-1,-1
instances/ratio_1000/instance_500v5_1.40r9.cnf,all,500,700,122,139,150.03,1,998,58,11,topo_sort,0.279297,0.278176,112132096,15530196992,15642329088,-1,-1
instances/ratio_1000/instance_500v5_1.40r9.cnf,all,500,700,122,139,150.03,1,998,58,11,backbone,5.1958,5.19974,112132096,15530196992,15642329088,-1,-1
instances/ratio_1000/instance_500v5_1.40r9.cnf,all,500,700,122,139,150.03,1,998,58,11,wcc,0.218018,0.217088,112132096,15530196992,15642329088,-1,-1
instances/ratio_1000/instance_500v5_1.40r9.cnf,all,500,700,122,139,150.03,1,998,58,11,wcc_grouped,0.383301,0.384512,112132096,15530196992,15642329088,-1,-1
instances/ratio_1000/instance_500v5_1.40r9.cnf,all,500,700,122,139,150.03,1,998,58,11,heuristic1,12.5969,12.5963,112132096,15530196992,15642329088,150,177
instances/ratio_1000/instance_500v5_1.40r9.cnf,all,500,700,122,139,150.03,1,998,58,11,heuristic2,9.54712,9.54502,112132096,15530196992,15642329088,121,148
instances/ratio_1000/instance_500v5_1.40r9.cnf,all,500,700,122,139,150.03,1,998,58,11,heuristic3,13.9172,13.9171,112132096,15530196992,15642329088,123,150
instances/ratio_1000/instance_500v5_1.40r9.cnf,all,500,700,122,139,150.03,1,998,58,11,heuristic4,1102.23,1102.25,112132096,15530196992,15642329088,109,136
instances/ratio_1000/instance_500v5_1.40r9.cnf,all,500,700,122,139,150.03,1,998,58,11,cleanup_device,0.0419922,0.0416,112132096,15530196992,15642329088,-1,-1
instances/ratio_1000/instance_500v5_1.40r9.cnf,all,500,700,122,139,150.03,1,998,58,11,total,1149.39,-1,112132096,15530196992,15642329088,-1,-1
instances/ratio_1000/instance_500v5_1.50r10.cnf,all,500,750,113,131,150.59,1,1000,82,17,read_instance,0.297852,-1,107937792,15534391296,15642329088,-1,-1
instances/ratio_1000/instance_500v5_1.50r10.cnf,all,500,750,113,131,150.59,1,1000,82,17,alloc_graph,0.169434,0.150592,110034944,15532294144,15642329088,-1,-1
instances/ratio_1000/instance_500v5_1.50r10.cnf,all,500,750,113,131,150.59,1,1000,82,17,scc,3.94141,3.9423,112132096,15530196992,15642329088,-1,-1
instances/ratio_1000/instance_500v5_1.50r10.cnf,all,500,750,113,131,150.59,1,1000,82,17,topo_sort,0.391602,0.391296,112132096,15530196992,15642329088,-1,-1
instances/ratio_1000/instance_500v5_1.50r10.cnf,all,500,750,113,131,150.59,1,1000,82,17,backbone,4.94458,4.95011,112132096,15530196992,15642329088,-1,-1
instances/ratio_1000/instance_500v5_1.50r10.cnf,all,500,750,113,131,150.59,1,1000,82,17,wcc,0.202148,0.202688,112132096,15530196992,15642329088,-1,-1
instances/ratio_1000/instance_500v5_1.50r10.cnf,all,500,750,113,131,150.59,1,1000,82,17,wcc_grouped,0.344238,0.344064,112132096,15530196992,15642329088,-1,-1
instances/ratio_1000/instance_500v5_1.50r10.cnf,all,500,750,113,131,150.59,1,1000,82,17,heuristic1,10.5818,10.5818,112132096,15530196992,15642329088,120,159
instances/ratio_1000/instance_500v5_1.50r10.cnf,all,500,750,113,131,150.59,1,1000,82,17,heuristic2,8.43262,8.43142,112132096,15530196992,15642329088,105,144
instances/ratio_1000/instance_500v5_1.50r10.cnf,all,500,750,113,131,150.59,1,1000,82,17,heuristic3,12.4998,12.4992,112132096,15530196992,15642329088,97,136
instances/ratio_1000/instance_500v5_1.50r10.cnf,all,500,750,113,131,150.59,1,1000,82,17,heuristic4,916.517,916.53,112132096,15530196992,15642329088,92,131
instances/ratio_1000/instance_500v5_1.50r10.cnf,all,500,750,113,131,150.59,1,1000,82,17,cleanup_device,0.0410156,0.04064,112132096,15530196992,15642329088,-1,-1
instances/ratio_1000/instance_500v5_1.50r10.cnf,all,500,750,113,131,150.59,1,1000,82,17,total,958.974,-1,112132096,15530196992,15642329088,-1,-1
instances/ratio_1000/instance_500v5_1.60r11.cnf,all,500,800,108,108,52.81,1,1000,46,22,read_instance,0.268799,-1,107937792,15534391296,15642329088,-1,-1
instances/ratio_1000/instance_500v5_1.60r11.cnf,all,500,800,108,108,52.81,1,1000,46,22,alloc_graph,0.167236,0.149504,110034944,15532294144,15642329088,-1,-1
instances/ratio_1000/instance_500v5_1.60r11.cnf,all,500,800,108,108,52.81,1,1000,46,22,scc,3.90747,3.90874,112132096,15530196992,15642329088,-1,-1
instances/ratio_1000/instance_500v5_1.60r11.cnf,all,500,800,108,108,52.81,1,1000,46,22,topo_sort,0.473877,0.472608,112132096,15530196992,15642329088,-1,-1
instances/ratio_1000/instance_500v5_1.60r11.cnf,all,500,800,108,108,52.81,1,1000,46,22,backbone,5.25122,5.25485,112132096,15530196992,15642329088,-1,-1
instances/ratio_1000/instance_500v5_1.60r11.cnf,all,500,800,108,108,52.81,1,1000,46,22,wcc,0.218994,0.219072,112132096,15530196992,15642329088,-1,-1
instances/ratio_1000/instance_500v5_1.60r11.cnf,all,500,800,108,108,52.81,1,1000,46,22,wcc_grouped,0.35083,0.35216,112132096,15530196992,15642329088,-1,-1
instances/ratio_1000/instance_500v5_1.60r11.cnf,all,500,800,108,108,52.81,1,1000,46,22,heuristic1,11.3503,11.3491,112132096,15530196992,15642329088,135,157
instances/ratio_1000/instance_500v5_1.60r11.cnf,all,500,800,108,108,52.81,1,1000,46,22,heuristic2,8.75708,8.75667,112132096,15530196992,15642329088,114,136
instances/ratio_1000/instance_500v5_1.60r11.cnf,all,500,800,108,108,52.81,1,1000,46,22,heuristic3,12.8491,12.8482,112132096,15530196992,15642329088,111,133
instances/ratio_1000/instance_500v5_1.60r11.cnf,all,500,800,108,108,52.81,1,1000,46,22,heuristic4,1051.75,1051.76,112132096,15530196992,15642329088,103,125
instances/ratio_1000/instance_500v5_1.60r11.cnf,all,500,800,108,108,52.81,1,1000,46,22,cleanup_device,0.0566406,0.056448,112132096,15530196992,15642329088,-1,-1
instances/ratio_1000/instance_500v5_1.60r11.cnf,all,500,800,108,108,52.81,1,1000,46,22,total,1096.03,-1,112132096,15530196992,15642329088,-1,-1
instances/ratio_1000/instance_500v5_1.70r12.cnf,all,500,850,95,95,20.4,1,994,32,18,read_instance,0.279541,-1,107937792,15534391296,15642329088,-1,-1
instances/ratio_1000/instance_500v5_1.70r12.cnf,all,500,850,95,95,20.4,1,994,32,18,alloc_graph,0.169678,0.151712,110034944,15532294144,15642329088,-1,-1
instances/ratio_1000/instance_500v5_1.70r12.cnf,all,500,850,95,95,20.4,1,994,32,18,scc,3.7749,3.77619,112132096,15530196992,15642329088,-1,-1
instances/ratio_1000/instance_500v5_1.70r12.cnf,all,500,850,95,95,20.4,1,994,32,18,topo_sort,0.400391,0.399488,112132096,15530196992,15642329088,-1,-1
instances/ratio_1000/instance_500v5_1.70r12.cnf,all,500,850,95,95,20.4,1,994,32,18,backbone,5.10034,5.10387,112132096,15530196992,15642329088,-1,-1
instances/ratio_1000/instance_500v5_1.70r12.cnf,all,500,850,95,95,20.4,1,994,32,18,wcc,0.185547,0.185088,112132096,15530196992,15642329088,-1,-1
instances/ratio_1000/instance_500v5_1.70r12.cnf,all,500,850,95,95,20.4,1,994,32,18,wcc_grouped,0.346924,0.346176,112132096,15530196992,15642329088,-1,-1
instances/ratio_1000/instance_500v5_1.70r12.cnf,all,500,850,95,95,20.4,1,994,32,18,heuristic1,10.9062,10.9054,112132096,15530196992,15642329088,126,140
instances/ratio_1000/instance_500v5_1.70r12.cnf,all,500,850,95,95,20.4,1,994,32,18,heuristic2,8.47168,8.47037,112132096,15530196992,15642329088,104,118
instances/ratio_1000/instance_500v5_1.70r12.cnf,all,500,850,95,95,20.4,1,994,32,18,heuristic3,13.3506,13.3492,112132096,15530196992,15642329088,116,130
instances/ratio_1000/instance_500v5_1.70r12.cnf,all,500,850,95,95,20.4,1,994,32,18,heuristic4,1005.8,1005.81,112132096,15530196992,15642329088,100,114
instances/ratio_1000/instance_500v5_1.70r12.cnf,all,500,850,95,95,20.4,1,994,32,18,cleanup_device,0.0393066,0.03872,112132096,15530196992,15642329088,-1,-1
instances/ratio_1000/instance_500v5_1.70r12.cnf,all,500,850,95,95,20.4,1,994,32,18,total,1049.4,-1,112132096,15530196992,15642329088,-1,-1
instances/ratio_1000/instance_500v5_1.80r13.cnf,all,500,900,92,105,150.03,1,1000,32,56,read_instance,0.323486,-1,107937792,15534391296,15642329088,-1,-1
instances/ratio_1000/instance_500v5_1.80r13.cnf,all,500,900,92,105,150.03,1,1000,32,56,alloc_graph,0.195801,0.181888,110034944,15532294144,15642329088,-1,-1
instances/ratio_1000/instance_500v5_1.80r13.cnf,all,500,900,92,105,150.03,1,1000,32,56,scc,4.35693,4.35712,112132096,15530196992,15642329088,-1,-1
instances/ratio_1000/instance_500v5_1.80r13.cnf,all,500,900,92,105,150.03,1,1000,32,56,topo_sort,1.09985,1.09866,112132096,15530196992,15642329088,-1,-1
instances/ratio_1000/instance_500v5_1.80r13.cnf,all,500,900,92,105,150.03,1,1000,32,56,backbone,5.31348,5.31888,112132096,15530196992,15642329088,-1,-1
instances/ratio_1000/instance_500v5_1.80r13.cnf,all,500,900,92,105,150.03,1,1000,32,56,wcc,0.199463,0.198656,112132096,15530196992,15642329088,-1,-1
instances/ratio_1000/instance_500v5_1.80r13.cnf,all,500,900,92,105,150.03,1,1000,32,56,wcc_grouped,0.356934,0.356448,112132096,15530196992,15642329088,-1,-1
instances/ratio_1000/instance_500v5_1.80r13.cnf,all,500,900,92,105,150.03,1,1000,32,56,heuristic1,10.2617,10.2609,112132096,15530196992,15642329088,116,131
instances/ratio_1000/instance_500v5_1.80r13.cnf,all,500,900,92,105,150.03,1,1000,32,56,heuristic2,8.48145,8.48019,112132096,15530196992,15642329088,103,117
instances/ratio_1000/instance_500v5_1.80r13.cnf,all,500,900,92,105,150.03,1,1000,32,56,heuristic3,11.5876,11.5863,112132096,15530196992,15642329088,96,110
instances/ratio_1000/instance_500v5_1.80r13.cnf,all,500,900,92,105,150.03,1,1000,32,56,heuristic4,856.731,856.743,112132096,15530196992,15642329088,86,100
instances/ratio_1000/instance_500v5_1.80r13.cnf,all,500,900,92,105,150.03,1,1000,32,56,cleanup_device,0.0390625,0.038688,112132096,15530196992,15642329088,-1,-1
instances/ratio_1000/instance_500v5_1.80r13.cnf,all,500,900,92,105,150.03,1,1000,32,56,total,899.551,-1,112132096,15530196992,15642329088,-1,-1
instances/ratio_1000/instance_500v5_1.90r14.cnf,all,500,950,80,93,150.04,1,992,22,34,read_instance,0.296875,-1,107937792,15534391296,15642329088,-1,-1
instances/ratio_1000/instance_500v5_1.90r14.cnf,all,500,950,80,93,150.04,1,992,22,34,alloc_graph,0.185059,0.172,110034944,15532294144,15642329088,-1,-1
instances/ratio_1000/instance_500v5_1.90r14.cnf,all,500,950,80,93,150.04,1,992,22,34,scc,4.11768,4.11856,112132096,15530196992,15642329088,-1,-1
instances/ratio_1000/instance_500v5_1.90r14.cnf,all,500,950,80,93,150.04,1,992,22,34,topo_sort,0.701172,0.701376,112132096,15530196992,15642329088,-1,-1
instances/ratio_1000/instance_500v5_1.90r14.cnf,all,500,950,80,93,150.04,1,992,22,34,backbone,5.25195,5.25571,112132096,15530196992,15642329088,-1,-1
instances/ratio_1000/instance_500v5_1.90r14.cnf,all,500,950,80,93,150.04,1,992,22,34,wcc,0.184326,0.18432,112132096,15530196992,15642329088,-1,-1
instances/ratio_1000/instance_500v5_1.90r14.cnf,all,500,950,80,93,150.04,1,992,22,34,wcc_grouped,0.356689,0.356704,112132096,15530196992,15642329088,-1,-1
instances/ratio_1000/instance_500v5_1.90r14.cnf,all,500,950,80,93,150.04,1,992,22,34,heuristic1,10.0457,10.0455,112132096,15530196992,15642329088,111,120
instances/ratio_1000/instance_500v5_1.90r14.cnf,all,500,950,80,93,150.04,1,992,22,34,heuristic2,7.854,7.85402,112132096,15530196992,15642329088,98,107
instances/ratio_1000/instance_500v5_1.90r14.cnf,all,500,950,80,93,150.04,1,992,22,34,heuristic3,11.5315,11.5312,112132096,15530196992,15642329088,98,107
instances/ratio_1000/instance_500v5_1.90r14.cnf,all,500,950,80,93,150.04,1,992,22,34,heuristic4,911.286,911.298,112132096,15530196992,15642329088,92,101
instances/ratio_1000/instance_500v5_1.90r14.cnf,all,500,950,80,93,150.04,1,992,22,34,cleanup_device,0.0437012,0.043872,112132096,15530196992,15642329088,-1,-1
instances/ratio_1000/instance_500v5_1.90r14.cnf,all,500,950,80,93,150.04,1,992,22,34,total,952.446,-1,112132096,15530196992,15642329088,-1,-1
instances/ratio_1000/instance_500v5_2.00r15.cnf,all,500,1000,91,91,17.26,1,976,38,31,read_instance,0.299072,-1,107937792,15534391296,15642329088,-1,-1
instances/ratio_1000/instance_500v5_2.00r15.cnf,all,500,1000,91,91,17.26,1,976,38,31,alloc_graph,0.185303,0.16912,110034944,15532294144,15642329088,-1,-1
instances/ratio_1000/instance_500v5_2.00r15.cnf,all,500,1000,91,91,17.26,1,976,38,31,scc,3.98779,3.98886,112132096,15530196992,15642329088,-1,-1
instances/ratio_1000/instance_500v5_2.00r15.cnf,all,500,1000,91,91,17.26,1,976,38,31,topo_sort,0.683594,0.68288,112132096,15530196992,15642329088,-1,-1
instances/ratio_1000/instance_500v5_2.00r15.cnf,all,500,1000,91,91,17.26,1,976,38,31,backbone,5.10205,5.10746,112132096,15530196992,15642329088,-1,-1
instances/ratio_1000/instance_500v5_2.00r15.cnf,all,500,1000,91,91,17.26,1,976,38,31,wcc,0.239746,0.239616,112132096,15530196992,15642329088,-1,-1
instances/ratio_1000/instance_500v5_2.00r15.cnf,all,500,1000,91,91,17.26,1,976,38,31,wcc_grouped,0.367676,0.366592,112132096,15530196992,15642329088,-1,-1
instances/ratio_1000/instance_500v5_2.00r15.cnf,all,500,1000,91,91,17.26,1,976,38,31,heuristic1,9.62402,9.6241,112132096,15530196992,15642329088,112,129
instances/ratio_1000/instance_500v5_2.00r15.cnf,all,500,1000,91,91,17.26,1,976,38,31,heuristic2,7.24292,7.24109,112132096,15530196992,15642329088,90,107
instances/ratio_1000/instance_500v5_2.00r15.cnf,all,500,1000,91,91,17.26,1,976,38,31,heuristic3,12.0671,12.0665,112132096,15530196992,15642329088,95,112
instances/ratio_1000/instance_500v5_2.00r15.cnf,all,500,1000,91,91,17.26,1,976,38,31,heuristic4,852.843,852.854,112132096,15530196992,15642329088,86,103
instances/ratio_1000/instance_500v5_2.00r15.cnf,all,500,1000,91,91,17.26,1,976,38,31,cleanup_device,0.0444336,0.044096,112132096,15530196992,15642329088,-1,-1
instances/ratio_1000/instance_500v5_2.00r15.cnf,all,500,1000,91,91,17.26,1,976,38,31,total,893.324,-1,112132096,15530196992,15642329088,-1,-1
instances/ratio_1000/instance_500v5_2.10r16.cnf,all,500,1050,85,85,87.14,1,980,34,36,read_instance,0.329102,-1,107937792,15534391296,15642329088,-1,-1
instances/ratio_1000/instance_500v5_2.10r16.cnf,all,500,1050,85,85,87.14,1,980,34,36,alloc_graph,0.173096,0.155648,110034944,15532294144,15642329088,-1,-1
instances/ratio_1000/instance_500v5_2.10r16.cnf,all,500,1050,85,85,87.14,1,980,34,36,scc,4.14844,4.14938,112132096,15530196992,15642329088,-1,-1
instances/ratio_1000/instance_500v5_2.10r16.cnf,all,500,1050,85,85,87.14,1,980,34,36,topo_sort,0.759277,0.758592,112132096,15530196992,15642329088,-1,-1
instances/ratio_1000/instance_500v5_2.10r16.cnf,all,500,1050,85,85,87.14,1,980,34,36,backbone,5.54028,5.5472,112132096,15530196992,15642329088,-1,-1
instances/ratio_1000/instance_500v5_2.10r16.cnf,all,500,1050,85,85,87.14,1,980,34,36,wcc,0.265625,0.26624,112132096,15530196992,15642329088,-1,-1
instances/ratio_1000/instance_500v5_2.10r16.cnf,all,500,1050,85,85,87.14,1,980,34,36,wcc_grouped,0.441895,0.44224,112132096,15530196992,15642329088,-1,-1
instances/ratio_1000/instance_500v5_2.10r16.cnf,all,500,1050,85,85,87.14,1,980,34,36,heuristic1,10.5637,10.5626,112132096,15530196992,15642329088,109,124
instances/ratio_1000/instance_500v5_2.10r16.cnf,all,500,1050,85,85,87.14,1,980,34,36,heuristic2,7.50879,7.50739,112132096,15530196992,15642329088,91,106
instances/ratio_1000/instance_500v5_2.10r16.cnf,all,500,1050,85,85,87.14,1,980,34,36,heuristic3,11.4604,11.4591,112132096,15530196992,15642329088,90,105
instances/ratio_1000/instance_500v5_2.10r16.cnf,all,500,1050,85,85,87.14,1,980,34,36,heuristic4,798.457,798.468,112132096,15530196992,15642329088,81,96
instances/ratio_1000/instance_500v5_2.10r16.cnf,all,500,1050,85,85,87.14,1,980,34,36,cleanup_device,0.0437012,0.043488,112132096,15530196992,15642329088,-1,-1
instances/ratio_1000/instance_500v5_2.10r16.cnf,all,500,1050,85,85,87.14,1,980,34,36,total,840.345,-1,112132096,15530196992,15642329088,-1,-1
instances/ratio_1000/instance_500v5_2.20r17.cnf,all,500,1100,83,83,70.63,1,970,36,26,read_instance,0.353027,-1,107937792,15534391296,15642329088,-1,-1
instances/ratio_1000/instance_500v5_2.20r17.cnf,all,500,1100,83,83,70.63,1,970,36,26,alloc_graph,0.191895,0.17408,110034944,15532294144,15642329088,-1,-1
instances/ratio_1000/instance_500v5_2.20r17.cnf,all,500,1100,83,83,70.63,1,970,36,26,scc,4.23633,4.23674,112132096,15530196992,15642329088,-1,-1
instances/ratio_1000/instance_500v5_2.20r17.cnf,all,500,1100,83,83,70.63,1,970,36,26,topo_sort,0.552979,0.551424,112132096,15530196992,15642329088,-1,-1
instances/ratio_1000/instance_500v5_2.20r17.cnf,all,500,1100,83,83,70.63,1,970,36,26,backbone,5.12231,5.12752,112132096,15530196992,15642329088,-1,-1
instances/ratio_1000/instance_500v5_2.20r17.cnf,all,500,1100,83,83,70.63,1,970,36,26,wcc,0.199707,0.198944,112132096,15530196992,15642329088,-1,-1
instances/ratio_1000/instance_500v5_2.20r17.cnf,all,500,1100,83,83,70.63,1,970,36,26,wcc_grouped,0.364014,0.364032,112132096,15530196992,15642329088,-1,-1
instances/ratio_1000/instance_500v5_2.20r17.cnf,all,500,1100,83,83,70.63,1,970,36,26,heuristic1,10.1475,10.1468,112132096,15530196992,15642329088,110,126
instances/ratio_1000/instance_500v5_2.20r17.cnf,all,500,1100,83,83,70.63,1,970,36,26,heuristic2,6.84644,6.84541,112132096,15530196992,15642329088,86,102
instances/ratio_1000/instance_500v5_2.20r17.cnf,all,500,1100,83,83,70.63,1,970,36,26,heuristic3,10.9158,10.9143,112132096,15530196992,15642329088,80,96
instances/ratio_1000/instance_500v5_2.20r17.cnf,all,500,1100,83,83,70.63,1,970,36,26,heuristic4,742.437,742.447,112132096,15530196992,15642329088,76,92
instances/ratio_1000/instance_500v5_2.20r17.cnf,all,500,1100,83,83,70.63,1,970,36,26,cleanup_device,0.0410156,0.0408,112132096,15530196992,15642329088,-1,-1
instances/ratio_1000/instance_500v5_2.20r17.cnf,all,500,1100,83,83,70.63,1,970,36,26,total,782.012,-1,112132096,15530196992,15642329088,-1,-1
instances/ratio_1000/instance_500v5_2.30r18.cnf,all,500,1150,77,77,17.57,1,912,32,41,read_instance,0.399902,-1,107937792,15534391296,15642329088,-1,-1
instances/ratio_1000/instance_500v5_2.30r18.cnf,all,500,1150,77,77,17.57,1,912,32,41,alloc_graph,0.179932,0.16064,110034944,15532294144,15642329088,-1,-1
instances/ratio_1000/instance_500v5_2.30r18.cnf,all,500,1150,77,77,17.57,1,912,32,41,scc,4.61816,4.61939,112132096,15530196992,15642329088,-1,-1
instances/ratio_1000/instance_500v5_2.30r18.cnf,all,500,1150,77,77,17.57,1,912,32,41,topo_sort,0.896973,0.896448,112132096,15530196992,15642329088,-1,-1
instances/ratio_1000/instance_500v5_2.30r18.cnf,all,500,1150,77,77,17.57,1,912,32,41,backbone,5.38232,5.38877,112132096,15530196992,15642329088,-1,-1
instances/ratio_1000/instance_500v5_2.30r18.cnf,all,500,1150,77,77,17.57,1,912,32,41,wcc,0.206299,0.2064,112132096,15530196992,15642329088,-1,-1
instances/ratio_1000/instance_500v5_2.30r18.cnf,all,500,1150,77,77,17.57,1,912,32,41,wcc_grouped,0.369141,0.36864,112132096,15530196992,15642329088,-1,-1
instances/ratio_1000/instance_500v5_2.30r18.cnf,all,500,1150,77,77,17.57,1,912,32,41,heuristic1,8.54517,8.54451,112132096,15530196992,15642329088,96,110
instances/ratio_1000/instance_500v5_2.30r18.cnf,all,500,1150,77,77,17.57,1,912,32,41,heuristic2,6.71948,6.71894,112132096,15530196992,15642329088,79,93
instances/ratio_1000/instance_500v5_2.30r18.cnf,all,500,1150,77,77,17.57,1,912,32,41,heuristic3,10.3755,10.3752,112132096,15530196992,15642329088,78,92
instances/ratio_1000/instance_500v5_2.30r18.cnf,all,500,1150,77,77,17.57,1,912,32,41,heuristic4,723.694,723.704,112132096,15530196992,15642329088,74,88
instances/ratio_1000/instance_500v5_2.30r18.cnf,all,500,1150,77,77,17.57,1,912,32,41,cleanup_device,0.041748,0.041632,112132096,15530196992,15642329088,-1,-1
instances/ratio_1000/instance_500v5_2.30r18.cnf,all,500,1150,77,77,17.57,1,912,32,41,total,762.046,-1,112132096,15530196992,15642329088,-1,-1
instances/ratio_1000/instance_500v5_2.40r19.cnf,all,500,1200,76,76,0.59,1,904,54,75,read_instance,0.421631,-1,107937792,15534391296,15642329088,-1,-1
instances/ratio_1000/instance_500v5_2.40r19.cnf,all,500,1200,76,76,0.59,1,904,54,75,alloc_graph,0.15918,0.143104,110034944,15532294144,15642329088,-1,-1
instances/ratio_1000/instance_500v5_2.40r19.cnf,all,500,1200,76,76,0.59,1,904,54,75,scc,4.48413,4.48461,112132096,15530196992,15642329088,-1,-1
instances/ratio_1000/instance_500v5_2.40r19.cnf,all,500,1200,76,76,0.59,1,904,54,75,topo_sort,1.49756,1.4969,112132096,15530196992,15642329088,-1,-1
instances/ratio_1000/instance_500v5_2.40r19.cnf,all,500,1200,76,76,0.59,1,904,54,75,backbone,5.27319,5.27888,112132096,15530196992,15642329088,-1,-1
instances/ratio_1000/instance_500v5_2.40r19.cnf,all,500,1200,76,76,0.59,1,904,54,75,wcc,0.247803,0.247808,112132096,15530196992,15642329088,-1,-1
instances/ratio_1000/instance_500v5_2.40r19.cnf,all,500,1200,76,76,0.59,1,904,54,75,wcc_grouped,0.373779,0.373216,112132096,15530196992,15642329088,-1,-1
instances/ratio_1000/instance_500v5_2.40r19.cnf,all,500,1200,76,76,0.59,1,904,54,75,heuristic1,6.62842,6.62755,112132096,15530196992,15642329088,76,101
instances/ratio_1000/instance_500v5_2.40r19.cnf,all,500,1200,76,76,0.59,1,904,54,75,heuristic2,5.03613,5.03568,112132096,15530196992,15642329088,60,86
instances/ratio_1000/instance_500v5_2.40r19.cnf,all,500,1200,76,76,0.59,1,904,54,75,heuristic3,9.1272,9.1263,112132096,15530196992,15642329088,61,86
instances/ratio_1000/instance_500v5_2.40r19.cnf,all,500,1200,76,76,0.59,1,904,54,75,heuristic4,497.356,497.364,112132096,15530196992,15642329088,55,80
instances/ratio_1000/instance_500v5_2.40r19.cnf,all,500,1200,76,76,0.59,1,904,54,75,cleanup_device,0.0427246,0.042304,112132096,15530196992,15642329088,-1,-1
instances/ratio_1000/instance_500v5_2.40r19.cnf,all,500,1200,76,76,0.59,1,904,54,75,total,531.243,-1,112132096,15530196992,15642329088,-1,-1
instances/ratio_1000/instance_500v5_2.50r20.cnf,all,500,1250,74,74,0.13,1,870,34,60,read_instance,0.425049,-1,107937792,15534391296,15642329088,-1,-1
instances/ratio_1000/instance_500v5_2.50r20.cnf,all,500,1250,74,74,0.13,1,870,34,60,alloc_graph,0.178223,0.159328,110034944,15532294144,15642329088,-1,-1
instances/ratio_1000/instance_500v5_2.50r20.cnf,all,500,1250,74,74,0.13,1,870,34,60,scc,4.20703,4.20861,112132096,15530196992,15642329088,-1,-1
instances/ratio_1000/instance_500v5_2.50r20.cnf,all,500,1250,74,74,0.13,1,870,34,60,topo_sort,1.21826,1.21821,112132096,15530196992,15642329088,-1,-1
instances/ratio_1000/instance_500v5_2.50r20.cnf,all,500,1250,74,74,0.13,1,870,34,60,backbone,5.12109,5.1272,112132096,15530196992,15642329088,-1,-1
instances/ratio_1000/instance_500v5_2.50r20.cnf,all,500,1250,74,74,0.13,1,870,34,60,wcc,0.19873,0.1984,112132096,15530196992,15642329088,-1,-1
instances/ratio_1000/instance_500v5_2.50r20.cnf,all,500,1250,74,74,0.13,1,870,34,60,wcc_grouped,0.353516,0.354208,112132096,15530196992,15642329088,-1,-1
instances/ratio_1000/instance_500v5_2.50r20.cnf,all,500,1250,74,74,0.13,1,870,34,60,heuristic1,7.40674,7.4056,112132096,15530196992,15642329088,87,102
instances/ratio_1000/instance_500v5_2.50r20.cnf,all,500,1250,74,74,0.13,1,870,34,60,heuristic2,5.9707,5.9704,112132096,15530196992,15642329088,75,90
instances/ratio_1000/instance_500v5_2.50r20.cnf,all,500,1250,74,74,0.13,1,870,34,60,heuristic3,9.25708,9.25587,112132096,15530196992,15642329088,74,89
instances/ratio_1000/instance_500v5_2.50r20.cnf,all,500,1250,74,74,0.13,1,870,34,60,heuristic4,656.273,656.282,112132096,15530196992,15642329088,69,84
instances/ratio_1000/instance_500v5_2.50r20.cnf,all,500,1250,74,74,0.13,1,870,34,60,cleanup_device,0.0407715,0.040544,112132096,15530196992,15642329088,-1,-1
instances/ratio_1000/instance_500v5_2.50r20.cnf,all,500,1250,74,74,0.13,1,870,34,60,total,691.249,-1,112132096,15530196992,15642329088,-1,-1
instances/ratio_1000/instance_500v5_2.60r21.cnf,all,500,1300,56,56,0.37,1,974,26,89,read_instance,0.506104,-1,107937792,15534391296,15642329088,-1,-1
instances/ratio_1000/instance_500v5_2.60r21.cnf,all,500,1300,56,56,0.37,1,974,26,89,alloc_graph,0.186523,0.16512,110034944,15532294144,15642329088,-1,-1
instances/ratio_1000/instance_500v5_2.60r21.cnf,all,500,1300,56,56,0.37,1,974,26,89,scc,4.62402,4.62592,112132096,15530196992,15642329088,-1,-1
instances/ratio_1000/instance_500v5_2.60r21.cnf,all,500,1300,56,56,0.37,1,974,26,89,topo_sort,1.74097,1.74016,112132096,15530196992,15642329088,-1,-1
instances/ratio_1000/instance_500v5_2.60r21.cnf,all,500,1300,56,56,0.37,1,974,26,89,backbone,5.83765,5.8439,112132096,15530196992,15642329088,-1,-1
instances/ratio_1000/instance_500v5_2.60r21.cnf,all,500,1300,56,56,0.37,1,974,26,89,wcc,0.21167,0.211552,112132096,15530196992,15642329088,-1,-1
instances/ratio_1000/instance_500v5_2.60r21.cnf,all,500,1300,56,56,0.37,1,974,26,89,wcc_grouped,0.401123,0.400352,112132096,15530196992,15642329088,-1,-1
instances/ratio_1000/instance_500v5_2.60r21.cnf,all,500,1300,56,56,0.37,1,974,26,89,heuristic1,6.93359,6.93354,112132096,15530196992,15642329088,74,86
instances/ratio_1000/instance_500v5_2.60r21.cnf,all,500,1300,56,56,0.37,1,974,26,89,heuristic2,5.86792,5.86691,112132096,15530196992,15642329088,70,81
instances/ratio_1000/instance_500v5_2.60r21.cnf,all,500,1300,56,56,0.37,1,974,26,89,heuristic3,9.92261,9.92134,112132096,15530196992,15642329088,67,78
instances/ratio_1000/instance_500v5_2.60r21.cnf,all,500,1300,56,56,0.37,1,974,26,89,heuristic4,499.481,499.489,112132096,15530196992,15642329088,55,66
instances/ratio_1000/instance_500v5_2.60r21.cnf,all,500,1300,56,56,0.37,1,974,26,89,cleanup_device,0.0427246,0.0424,112132096,15530196992,15642329088,-1,-1
instances/ratio_1000/instance_500v5_2.60r21.cnf,all,500,1300,56,56,0.37,1,974,26,89,total,536.418,-1,112132096,15530196992,15642329088,-1,-1
instances/ratio_1000/instance_500v5_2.70r22.cnf,all,500,1350,56,56,0.54,1,820,18,37,read_instance,0.377686,-1,107937792,15534391296,15642329088,-1,-1
instances/ratio_1000/instance_500v5_2.70r22.cnf,all,500,1350,56,56,0.54,1,820,18,37,alloc_graph,0.162598,0.14576,110034944,15532294144,15642329088,-1,-1
instances/ratio_1000/instance_500v5_2.70r22.cnf,all,500,1350,56,56,0.54,1,820,18,37,scc,4.30786,4.30899,112132096,15530196992,15642329088,-1,-1
instances/ratio_1000/instance_500v5_2.70r22.cnf,all,500,1350,56,56,0.54,1,820,18,37,topo_sort,0.807129,0.806592,112132096,15530196992,15642329088,-1,-1
instances/ratio_1000/instance_500v5_2.70r22.cnf,all,500,1350,56,56,0.54,1,820,18,37,backbone,5.32959,5.33562,112132096,15530196992,15642329088,-1,-1
instances/ratio_1000/instance_500v5_2.70r22.cnf,all,500,1350,56,56,0.54,1,820,18,37,wcc,0.205566,0.20592,112132096,15530196992,15642329088,-1,-1
instances/ratio_1000/instance_500v5_2.70r22.cnf,all,500,1350,56,56,0.54,1,820,18,37,wcc_grouped,0.339355,0.33792,112132096,15530196992,15642329088,-1,-1
instances/ratio_1000/instance_500v5_2.70r22.cnf,all,500,1350,56,56,0.54,1,820,18,37,heuristic1,7.60645,7.60643,112132096,15530196992,15642329088,86,93
instances/ratio_1000/instance_500v5_2.70r22.cnf,all,500,1350,56,56,0.54,1,820,18,37,heuristic2,5.34814,5.34659,112132096,15530196992,15642329088,68,75
instances/ratio_1000/instance_500v5_2.70r22.cnf,all,500,1350,56,56,0.54,1,820,18,37,heuristic3,9.20483,9.20419,112132096,15530196992,15642329088,67,74
instances/ratio_1000/instance_500v5_2.70r22.cnf,all,500,1350,56,56,0.54,1,820,18,37,heuristic4,570.521,570.528,112132096,15530196992,15642329088,62,69
instances/ratio_1000/instance_500v5_2.70r22.cnf,all,500,1350,56,56,0.54,1,820,18,37,cleanup_device,0.0412598,0.040864,112132096,15530196992,15642329088,-1,-1
instances/ratio_1000/instance_500v5_2.70r22.cnf,all,500,1350,56,56,0.54,1,820,18,37,total,604.841,-1,112132096,15530196992,15642329088,-1,-1
instances/ratio_1000/instance_500v5_2.80r23.cnf,all,500,1400,68,68,0.05,1,740,60,52,read_instance,0.520996,-1,107937792,15534391296,15642329088,-1,-1
instances/ratio_1000/instance_500v5_2.80r23.cnf,all,500,1400,68,68,0.05,1,740,60,52,alloc_graph,0.164551,0.149504,110034944,15532294144,15642329088,-1,-1
instances/ratio_1000/instance_500v5_2.80r23.cnf,all,500,1400,68,68,0.05,1,740,60,52,scc,4.70581,4.70624,112132096,15530196992,15642329088,-1,-1
instances/ratio_1000/instance_500v5_2.80r23.cnf,all,500,1400,68,68,0.05,1,740,60,52,topo_sort,1.12305,1.12182,112132096,15530196992,15642329088,-1,-1
instances/ratio_1000/instance_500v5_2.80r23.cnf,all,500,1400,68,68,0.05,1,740,60,52,backbone,5.06348,5.06768,112132096,15530196992,15642329088,-1,-1
instances/ratio_1000/instance_500v5_2.80r23.cnf,all,500,1400,68,68,0.05,1,740,60,52,wcc,0.190918,0.190752,112132096,15530196992,15642329088,-1,-1
instances/ratio_1000/instance_500v5_2.80r23.cnf,all,500,1400,68,68,0.05,1,740,60,52,wcc_grouped,0.351318,0.35104,112132096,15530196992,15642329088,-1,-1
instances/ratio_1000/instance_500v5_2.80r23.cnf,all,500,1400,68,68,0.05,1,740,60,52,heuristic1,5.4834,5.48259,112132096,15530196992,15642329088,61,90
instances/ratio_1000/instance_500v5_2.80r23.cnf,all,500,1400,68,68,0.05,1,740,60,52,heuristic2,4.09497,4.09392,112132096,15530196992,15642329088,52,81
instances/ratio_1000/instance_500v5_2.80r23.cnf,all,500,1400,68,68,0.05,1,740,60,52,heuristic3,7.85034,7.85011,112132096,15530196992,15642329088,46,74
instances/ratio_1000/instance_500v5_2.80r23.cnf,all,500,1400,68,68,0.05,1,740,60,52,heuristic4,333.418,333.423,112132096,15530196992,15642329088,41,69
instances/ratio_1000/instance_500v5_2.80r23.cnf,all,500,1400,68,68,0.05,1,740,60,52,cleanup_device,0.0405273,0.040736,112132096,15530196992,15642329088,-1,-1
instances/ratio_1000/instance_500v5_2.80r23.cnf,all,500,1400,68,68,0.05,1,740,60,52,total,363.61,-1,112132096,15530196992,15642329088,-1,-1
instances/ratio_1000/instance_500v5_2.90r24.cnf,all,500,1450,62,62,0.36,1,750,36,44,read_instance,0.39917,-1,107937792,15534391296,15642329088,-1,-1
instances/ratio_1000/instance_500v5_2.90r24.cnf,all,500,1450,62,62,0.36,1,750,36,44,alloc_graph,0.171143,0.147456,110034944,15532294144,15642329088,-1,-1
instances/ratio_1000/instance_500v5_2.90r24.cnf,all,500,1450,62,62,0.36,1,750,36,44,scc,4.30884,4.30979,112132096,15530196992,15642329088,-1,-1
instances/ratio_1000/instance_500v5_2.90r24.cnf,all,500,1450,62,62,0.36,1,750,36,44,topo_sort,0.961182,0.960928,112132096,15530196992,15642329088,-1,-1
instances/ratio_1000/instance_500v5_2.90r24.cnf,all,500,1450,62,62,0.36,1,750,36,44,backbone,5.11743,5.12339,112132096,15530196992,15642329088,-1,-1
instances/ratio_1000/instance_500v5_2.90r24.cnf,all,500,1450,62,62,0.36,1,750,36,44,wcc,0.196777,0.196608,112132096,15530196992,15642329088,-1,-1
instances/ratio_1000/instance_500v5_2.90r24.cnf,all,500,1450,62,62,0.36,1,750,36,44,wcc_grouped,0.399902,0.400512,112132096,15530196992,15642329088,-1,-1
instances/ratio_1000/instance_500v5_2.90r24.cnf,all,500,1450,62,62,0.36,1,750,36,44,heuristic1,5.80713,5.8056,112132096,15530196992,15642329088,65,81
instances/ratio_1000/instance_500v5_2.90r24.cnf,all,500,1450,62,62,0.36,1,750,36,44,heuristic2,4.65723,4.65658,112132096,15530196992,15642329088,56,72
instances/ratio_1000/instance_500v5_2.90r24.cnf,all,500,1450,62,62,0.36,1,750,36,44,heuristic3,7.59912,7.59837,112132096,15530196992,15642329088,56,72
instances/ratio_1000/instance_500v5_2.90r24.cnf,all,500,1450,62,62,0.36,1,750,36,44,heuristic4,469.494,469.501,112132096,15530196992,15642329088,52,68
instances/ratio_1000/instance_500v5_2.90r24.cnf,all,500,1450,62,62,0.36,1,750,36,44,cleanup_device,0.0415039,0.040864,112132096,15530196992,15642329088,-1,-1
instances/ratio_1000/instance_500v5_2.90r24.cnf,all,500,1450,62,62,0.36,1,750,36,44,total,499.746,-1,112132096,15530196992,15642329088,-1,-1
instances/ratio_1000/instance_500v5_3.00r25.cnf,all,500,1500,61,61,0.16,1,640,42,31,read_instance,0.416748,-1,107937792,15534391296,15642329088,-1,-1
instances/ratio_1000/instance_500v5_3.00r25.cnf,all,500,1500,61,61,0.16,1,640,42,31,alloc_graph,0.172119,0.159744,110034944,15532294144,15642329088,-1,-1
instances/ratio_1000/instance_500v5_3.00r25.cnf,all,500,1500,61,61,0.16,1,640,42,31,scc,4.32983,4.33078,112132096,15530196992,15642329088,-1,-1
instances/ratio_1000/instance_500v5_3.00r25.cnf,all,500,1500,61,61,0.16,1,640,42,31,topo_sort,0.748535,0.748256,112132096,15530196992,15642329088,-1,-1
instances/ratio_1000/instance_500v5_3.00r25.cnf,all,500,1500,61,61,0.16,1,640,42,31,backbone,5.27026,5.2752,112132096,15530196992,15642329088,-1,-1
instances/ratio_1000/instance_500v5_3.00r25.cnf,all,500,1500,61,61,0.16,1,640,42,31,wcc,0.217529,0.21712,112132096,15530196992,15642329088,-1,-1
instances/ratio_1000/instance_500v5_3.00r25.cnf,all,500,1500,61,61,0.16,1,640,42,31,wcc_grouped,0.341064,0.341248,112132096,15530196992,15642329088,-1,-1
instances/ratio_1000/instance_500v5_3.00r25.cnf,all,500,1500,61,61,0.16,1,640,42,31,heuristic1,5.25073,5.2505,112132096,15530196992,15642329088,59,78
instances/ratio_1000/instance_500v5_3.00r25.cnf,all,500,1500,61,61,0.16,1,640,42,31,heuristic2,4.23682,4.23558,112132096,15530196992,15642329088,52,71
instances/ratio_1000/instance_500v5_3.00r25.cnf,all,500,1500,61,61,0.16,1,640,42,31,heuristic3,7.07886,7.07802,112132096,15530196992,15642329088,45,64
instances/ratio_1000/instance_500v5_3.00r25.cnf,all,500,1500,61,61,0.16,1,640,42,31,heuristic4,393.233,393.239,112132096,15530196992,15642329088,45,64
instances/ratio_1000/instance_500v5_3.00r25.cnf,all,500,1500,61,61,0.16,1,640,42,31,cleanup_device,0.0402832,0.039968,112132096,15530196992,15642329088,-1,-1
instances/ratio_1000/instance_500v5_3.00r25.cnf,all,500,1500,61,61,0.16,1,640,42,31,total,421.924,-1,112132096,15530196992,15642329088,-1,-1
instances/ratio_1000/instance_500v5_3.10r26.cnf,all,500,1550,53,53,0.04,1,614,52,29,read_instance,0.427246,-1,107937792,15534391296,15642329088,-1,-1
instances/ratio_1000/instance_500v5_3.10r26.cnf,all,500,1550,53,53,0.04,1,614,52,29,alloc_graph,0.161377,0.147456,110034944,15532294144,15642329088,-1,-1
instances/ratio_1000/instance_500v5_3.10r26.cnf,all,500,1550,53,53,0.04,1,614,52,29,scc,4.73853,4.73965,112132096,15530196992,15642329088,-1,-1
instances/ratio_1000/instance_500v5_3.10r26.cnf,all,500,1550,53,53,0.04,1,614,52,29,topo_sort,0.747803,0.746976,112132096,15530196992,15642329088,-1,-1
instances/ratio_1000/instance_500v5_3.10r26.cnf,all,500,1550,53,53,0.04,1,614,52,29,backbone,5.23999,5.2472,112132096,15530196992,15642329088,-1,-1
instances/ratio_1000/instance_500v5_3.10r26.cnf,all,500,1550,53,53,0.04,1,614,52,29,wcc,0.26001,0.259936,112132096,15530196992,15642329088,-1,-1
instances/ratio_1000/instance_500v5_3.10r26.cnf,all,500,1550,53,53,0.04,1,614,52,29,wcc_grouped,0.407959,0.407552,112132096,15530196992,15642329088,-1,-1
instances/ratio_1000/instance_500v5_3.10r26.cnf,all,500,1550,53,53,0.04,1,614,52,29,heuristic1,5.33423,5.3343,112132096,15530196992,15642329088,46,70
instances/ratio_1000/instance_500v5_3.10r26.cnf,all,500,1550,53,53,0.04,1,614,52,29,heuristic2,3.31787,3.31626,112132096,15530196992,15642329088,36,61
instances/ratio_1000/instance_500v5_3.10r26.cnf,all,500,1550,53,53,0.04,1,614,52,29,heuristic3,6.90845,6.9071,112132096,15530196992,15642329088,39,63
instances/ratio_1000/instance_500v5_3.10r26.cnf,all,500,1550,53,53,0.04,1,614,52,29,heuristic4,278.364,278.367,112132096,15530196992,15642329088,36,60
instances/ratio_1000/instance_500v5_3.10r26.cnf,all,500,1550,53,53,0.04,1,614,52,29,cleanup_device,0.0429688,0.04256,112132096,15530196992,15642329088,-1,-1
instances/ratio_1000/instance_500v5_3.10r26.cnf,all,500,1550,53,53,0.04,1,614,52,29,total,306.593,-1,112132096,15530196992,15642329088,-1,-1
instances/ratio_1000/instance_500v5_3.20r27.cnf,all,500,1600,53,53,0.05,1,612,36,35,read_instance,0.457275,-1,107937792,15534391296,15642329088,-1,-1
instances/ratio_1000/instance_500v5_3.20r27.cnf,all,500,1600,53,53,0.05,1,612,36,35,alloc_graph,0.157715,0.148096,110034944,15532294144,15642329088,-1,-1
instances/ratio_1000/instance_500v5_3.20r27.cnf,all,500,1600,53,53,0.05,1,612,36,35,scc,4.3396,4.34016,112132096,15530196992,15642329088,-1,-1
instances/ratio_1000/instance_500v5_3.20r27.cnf,all,500,1600,53,53,0.05,1,612,36,35,topo_sort,0.822021,0.821504,112132096,15530196992,15642329088,-1,-1
instances/ratio_1000/instance_500v5_3.20r27.cnf,all,500,1600,53,53,0.05,1,612,36,35,backbone,5.14282,5.14554,112132096,15530196992,15642329088,-1,-1
instances/ratio_1000/instance_500v5_3.20r27.cnf,all,500,1600,53,53,0.05,1,612,36,35,wcc,0.23877,0.238368,112132096,15530196992,15642329088,-1,-1
instances/ratio_1000/instance_500v5_3.20r27.cnf,all,500,1600,53,53,0.05,1,612,36,35,wcc_grouped,0.344727,0.345184,112132096,15530196992,15642329088,-1,-1
instances/ratio_1000/instance_500v5_3.20r27.cnf,all,500,1600,53,53,0.05,1,612,36,35,heuristic1,4.80591,4.80541,112132096,15530196992,15642329088,52,68
instances/ratio_1000/instance_500v5_3.20r27.cnf,all,500,1600,53,53,0.05,1,612,36,35,heuristic2,4.01245,4.01101,112132096,15530196992,15642329088,50,66
instances/ratio_1000/instance_500v5_3.20r27.cnf,all,500,1600,53,53,0.05,1,612,36,35,heuristic3,7.54785,7.54736,112132096,15530196992,15642329088,47,63
instances/ratio_1000/instance_500v5_3.20r27.cnf,all,500,1600,53,53,0.05,1,612,36,35,heuristic4,418.731,418.749,112132096,15530196992,15642329088,47,63
instances/ratio_1000/instance_500v5_3.20r27.cnf,all,500,1600,53,53,0.05,1,612,36,35,cleanup_device,0.0402832,0.039968,112132096,15530196992,15642329088,-1,-1
instances/ratio_1000/instance_500v5_3.20r27.cnf,all,500,1600,53,53,0.05,1,612,36,35,total,447.257,-1,112132096,15530196992,15642329088,-1,-1
instances/ratio_1000/instance_500v5_3.30r28.cnf,all,500,1650,51,51,0.04,1,532,42,21,read_instance,0.507568,-1,107937792,15534391296,15642329088,-1,-1
instances/ratio_1000/instance_500v5_3.30r28.cnf,all,500,1650,51,51,0.04,1,532,42,21,alloc_graph,0.185791,0.167936,110034944,15532294144,15642329088,-1,-1
instances/ratio_1000/instance_500v5_3.30r28.cnf,all,500,1650,51,51,0.04,1,532,42,21,scc,4.16357,4.16358,112132096,15530196992,15642329088,-1,-1
instances/ratio_1000/instance_500v5_3.30r28.cnf,all,500,1650,51,51,0.04,1,532,42,21,topo_sort,0.558105,0.557152,112132096,15530196992,15642329088,-1,-1
instances/ratio_1000/instance_500v5_3.30r28.cnf,all,500,1650,51,51,0.04,1,532,42,21,backbone,5.10596,5.1095,112132096,15530196992,15642329088,-1,-1
instances/ratio_1000/instance_500v5_3.30r28.cnf,all,500,1650,51,51,0.04,1,532,42,21,wcc,0.20166,0.202368,112132096,15530196992,15642329088,-1,-1
instances/ratio_1000/instance_500v5_3.30r28.cnf,all,500,1650,51,51,0.04,1,532,42,21,wcc_grouped,0.398438,0.398336,112132096,15530196992,15642329088,-1,-1
instances/ratio_1000/instance_500v5_3.30r28.cnf,all,500,1650,51,51,0.04,1,532,42,21,heuristic1,4.61328,4.6119,112132096,15530196992,15642329088,51,70
instances/ratio_1000/instance_500v5_3.30r28.cnf,all,500,1650,51,51,0.04,1,532,42,21,heuristic2,3.0376,3.036,112132096,15530196992,15642329088,37,57
instances/ratio_1000/instance_500v5_3.30r28.cnf,all,500,1650,51,51,0.04,1,532,42,21,heuristic3,6.99609,6.9951,112132096,15530196992,15642329088,38,57
instances/ratio_1000/instance_500v5_3.30r28.cnf,all,500,1650,51,51,0.04,1,532,42,21,heuristic4,245.819,245.822,112132096,15530196992,15642329088,32,51
instances/ratio_1000/instance_500v5_3.30r28.cnf,all,500,1650,51,51,0.04,1,532,42,21,cleanup_device,0.0537109,0.053632,112132096,15530196992,15642329088,-1,-1
instances/ratio_1000/instance_500v5_3.30r28.cnf,all,500,1650,51,51,0.04,1,532,42,21,total,272.207,-1,112132096,15530196992,15642329088,-1,-1
instances/ratio_1000/instance_500v5_3.40r29.cnf,all,500,1700,58,58,0.04,1,506,74,21,read_instance,0.487061,-1,107937792,15534391296,15642329088,-1,-1
instances/ratio_1000/instance_500v5_3.40r29.cnf,all,500,1700,58,58,0.04,1,506,74,21,alloc_graph,0.182373,0.165408,110034944,15532294144,15642329088,-1,-1
instances/ratio_1000/instance_500v5_3.40r29.cnf,all,500,1700,58,58,0.04,1,506,74,21,scc,4.11475,4.11619,112132096,15530196992,15642329088,-1,-1
instances/ratio_1000/instance_500v5_3.40r29.cnf,all,500,1700,58,58,0.04,1,506,74,21,topo_sort,0.556641,0.555616,112132096,15530196992,15642329088,-1,-1
instances/ratio_1000/instance_500v5_3.40r29.cnf,all,500,1700,58,58,0.04,1,506,74,21,backbone,5.11792,5.1225,112132096,15530196992,15642329088,-1,-1
instances/ratio_1000/instance_500v5_3.40r29.cnf,all,500,1700,58,58,0.04,1,506,74,21,wcc,0.214111,0.214368,112132096,15530196992,15642329088,-1,-1
instances/ratio_1000/instance_500v5_3.40r29.cnf,all,500,1700,58,58,0.04,1,506,74,21,wcc_grouped,0.360107,0.360448,112132096,15530196992,15642329088,-1,-1
instances/ratio_1000/instance_500v5_3.40r29.cnf,all,500,1700,58,58,0.04,1,506,74,21,heuristic1,4.52979,4.52979,112132096,15530196992,15642329088,37,78
instances/ratio_1000/instance_500v5_3.40r29.cnf,all,500,1700,58,58,0.04,1,506,74,21,heuristic2,2.43604,2.43437,112132096,15530196992,15642329088,29,67
instances/ratio_1000/instance_500v5_3.40r29.cnf,all,500,1700,58,58,0.04,1,506,74,21,heuristic3,5.70801,5.70765,112132096,15530196992,15642329088,27,64
instances/ratio_1000/instance_500v5_3.40r29.cnf,all,500,1700,58,58,0.04,1,506,74,21,heuristic4,225.739,225.742,112132096,15530196992,15642329088,25,62
instances/ratio_1000/instance_500v5_3.40r29.cnf,all,500,1700,58,58,0.04,1,506,74,21,cleanup_device,0.0429688,0.0432,112132096,15530196992,15642329088,-1,-1
instances/ratio_1000/instance_500v5_3.40r29.cnf,all,500,1700,58,58,0.04,1,506,74,21,total,250.083,-1,112132096,15530196992,15642329088,-1,-1
instances/ratio_1000/instance_500v5_3.50r30.cnf,all,500,1750,41,41,0.04,1,508,18,20,read_instance,0.468994,-1,107937792,15534391296,15642329088,-1,-1
instances/ratio_1000/instance_500v5_3.50r30.cnf,all,500,1750,41,41,0.04,1,508,18,20,alloc_graph,0.197754,0.180384,110034944,15532294144,15642329088,-1,-1
instances/ratio_1000/instance_500v5_3.50r30.cnf,all,500,1750,41,41,0.04,1,508,18,20,scc,4.08081,4.08291,112132096,15530196992,15642329088,-1,-1
instances/ratio_1000/instance_500v5_3.50r30.cnf,all,500,1750,41,41,0.04,1,508,18,20,topo_sort,0.554932,0.554944,112132096,15530196992,15642329088,-1,-1
instances/ratio_1000/instance_500v5_3.50r30.cnf,all,500,1750,41,41,0.04,1,508,18,20,backbone,5.08643,5.09226,112132096,15530196992,15642329088,-1,-1
instances/ratio_1000/instance_500v5_3.50r30.cnf,all,500,1750,41,41,0.04,1,508,18,20,wcc,0.201904,0.202272,112132096,15530196992,15642329088,-1,-1
instances/ratio_1000/instance_500v5_3.50r30.cnf,all,500,1750,41,41,0.04,1,508,18,20,wcc_grouped,0.34668,0.346176,112132096,15530196992,15642329088,-1,-1
instances/ratio_1000/instance_500v5_3.50r30.cnf,all,500,1750,41,41,0.04,1,508,18,20,heuristic1,4.35742,4.35693,112132096,15530196992,15642329088,46,55
instances/ratio_1000/instance_500v5_3.50r30.cnf,all,500,1750,41,41,0.04,1,508,18,20,heuristic2,3.25952,3.25789,112132096,15530196992,15642329088,36,44
instances/ratio_1000/instance_500v5_3.50r30.cnf,all,500,1750,41,41,0.04,1,508,18,20,heuristic3,7.27393,7.27363,112132096,15530196992,15642329088,40,48
instances/ratio_1000/instance_500v5_3.50r30.cnf,all,500,1750,41,41,0.04,1,508,18,20,heuristic4,280.34,280.344,112132096,15530196992,15642329088,35,43
instances/ratio_1000/instance_500v5_3.50r30.cnf,all,500,1750,41,41,0.04,1,508,18,20,cleanup_device,0.0720215,0.071968,112132096,15530196992,15642329088,-1,-1
instances/ratio_1000/instance_500v5_3.50r30.cnf,all,500,1750,41,41,0.04,1,508,18,20,total,306.824,-1,112132096,15530196992,15642329088,-1,-1
instances/ratio_1000/instance_500v5_3.60r31.cnf,all,500,1800,49,49,0.04,1,518,50,26,read_instance,0.611816,-1,107937792,15534391296,15642329088,-1,-1
instances/ratio_1000/instance_500v5_3.60r31.cnf,all,500,1800,49,49,0.04,1,518,50,26,alloc_graph,0.195557,0.183584,110034944,15532294144,15642329088,-1,-1
instances/ratio_1000/instance_500v5_3.60r31.cnf,all,500,1800,49,49,0.04,1,518,50,26,scc,4.13501,4.13558,112132096,15530196992,15642329088,-1,-1
instances/ratio_1000/instance_500v5_3.60r31.cnf,all,500,1800,49,49,0.04,1,518,50,26,topo_sort,0.67749,0.677344,112132096,15530196992,15642329088,-1,-1
instances/ratio_1000/instance_500v5_3.60r31.cnf,all,500,1800,49,49,0.04,1,518,50,26,backbone,5.29175,5.2985,112132096,15530196992,15642329088,-1,-1
instances/ratio_1000/instance_500v5_3.60r31.cnf,all,500,1800,49,49,0.04,1,518,50,26,wcc,0.220459,0.220576,112132096,15530196992,15642329088,-1,-1
instances/ratio_1000/instance_500v5_3.60r31.cnf,all,500,1800,49,49,0.04,1,518,50,26,wcc_grouped,0.365234,0.366048,112132096,15530196992,15642329088,-1,-1
instances/ratio_1000/instance_500v5_3.60r31.cnf,all,500,1800,49,49,0.04,1,518,50,26,heuristic1,3.19556,3.19418,112132096,15530196992,15642329088,35,58
instances/ratio_1000/instance_500v5_3.60r31.cnf,all,500,1800,49,49,0.04,1,518,50,26,heuristic2,2.62061,2.6201,112132096,15530196992,15642329088,31,54
instances/ratio_1000/instance_500v5_3.60r31.cnf,all,500,1800,49,49,0.04,1,518,50,26,heuristic3,5.82837,5.82806,112132096,15530196992,15642329088,30,53
instances/ratio_1000/instance_500v5_3.60r31.cnf,all,500,1800,49,49,0.04,1,518,50,26,heuristic4,239.476,239.479,112132096,15530196992,15642329088,29,52
instances/ratio_1000/instance_500v5_3.60r31.cnf,all,500,1800,49,49,0.04,1,518,50,26,cleanup_device,0.0439453,0.043168,112132096,15530196992,15642329088,-1,-1
instances/ratio_1000/instance_500v5_3.60r31.cnf,all,500,1800,49,49,0.04,1,518,50,26,total,263.244,-1,112132096,15530196992,15642329088,-1,-1
instances/ratio_1000/instance_500v5_3.70r32.cnf,all,500,1850,47,47,0.03,1,414,44,17,read_instance,0.536377,-1,107937792,15534391296,15642329088,-1,-1
instances/ratio_1000/instance_500v5_3.70r32.cnf,all,500,1850,47,47,0.03,1,414,44,17,alloc_graph,0.165283,0.147712,110034944,15532294144,15642329088,-1,-1
instances/ratio_1000/instance_500v5_3.70r32.cnf,all,500,1850,47,47,0.03,1,414,44,17,scc,4.17358,4.17411,112132096,15530196992,15642329088,-1,-1
instances/ratio_1000/instance_500v5_3.70r32.cnf,all,500,1850,47,47,0.03,1,414,44,17,topo_sort,0.49585,0.494784,112132096,15530196992,15642329088,-1,-1
instances/ratio_1000/instance_500v5_3.70r32.cnf,all,500,1850,47,47,0.03,1,414,44,17,backbone,5.05176,5.0575,112132096,15530196992,15642329088,-1,-1
instances/ratio_1000/instance_500v5_3.70r32.cnf,all,500,1850,47,47,0.03,1,414,44,17,wcc,0.20752,0.206848,112132096,15530196992,15642329088,-1,-1
instances/ratio_1000/instance_500v5_3.70r32.cnf,all,500,1850,47,47,0.03,1,414,44,17,wcc_grouped,0.387695,0.38752,112132096,15530196992,15642329088,-1,-1
instances/ratio_1000/instance_500v5_3.70r32.cnf,all,500,1850,47,47,0.03,1,414,44,17,heuristic1,3.3689,3.36832,112132096,15530196992,15642329088,38,60
instances/ratio_1000/instance_500v5_3.70r32.cnf,all,500,1850,47,47,0.03,1,414,44,17,heuristic2,2.39209,2.39085,112132096,15530196992,15642329088,30,51
instances/ratio_1000/instance_500v5_3.70r32.cnf,all,500,1850,47,47,0.03,1,414,44,17,heuristic3,5.82739,5.82717,112132096,15530196992,15642329088,28,49
instances/ratio_1000/instance_500v5_3.70r32.cnf,all,500,1850,47,47,0.03,1,414,44,17,heuristic4,231.967,231.97,112132096,15530196992,15642329088,27,48
instances/ratio_1000/instance_500v5_3.70r32.cnf,all,500,1850,47,47,0.03,1,414,44,17,cleanup_device,0.0458984,0.045568,112132096,15530196992,15642329088,-1,-1
instances/ratio_1000/instance_500v5_3.70r32.cnf,all,500,1850,47,47,0.03,1,414,44,17,total,255.179,-1,112132096,15530196992,15642329088,-1,-1
instances/ratio_1000/instance_500v5_3.80r33.cnf,all,500,1900,46,46,0.03,1,452,50,20,read_instance,0.621582,-1,107937792,15534391296,15642329088,-1,-1
instances/ratio_1000/instance_500v5_3.80r33.cnf,all,500,1900,46,46,0.03,1,452,50,20,alloc_graph,0.210449,0.196576,110034944,15532294144,15642329088,-1,-1
instances/ratio_1000/instance_500v5_3.80r33.cnf,all,500,1900,46,46,0.03,1,452,50,20,scc,4.26221,4.26278,112132096,15530196992,15642329088,-1,-1
instances/ratio_1000/instance_500v5_3.80r33.cnf,all,500,1900,46,46,0.03,1,452,50,20,topo_sort,0.505615,0.505184,112132096,15530196992,15642329088,-1,-1
instances/ratio_1000/instance_500v5_3.80r33.cnf,all,500,1900,46,46,0.03,1,452,50,20,backbone,5.19043,5.19584,112132096,15530196992,15642329088,-1,-1
instances/ratio_1000/instance_500v5_3.80r33.cnf,all,500,1900,46,46,0.03,1,452,50,20,wcc,0.229004,0.229376,112132096,15530196992,15642329088,-1,-1
instances/ratio_1000/instance_500v5_3.80r33.cnf,all,500,1900,46,46,0.03,1,452,50,20,wcc_grouped,0.344971,0.344992,112132096,15530196992,15642329088,-1,-1
instances/ratio_1000/instance_500v5_3.80r33.cnf,all,500,1900,46,46,0.03,1,452,50,20,heuristic1,3.30859,3.30781,112132096,15530196992,15642329088,35,58
instances/ratio_1000/instance_500v5_3.80r33.cnf,all,500,1900,46,46,0.03,1,452,50,20,heuristic2,2.46655,2.46589,112132096,15530196992,15642329088,29,52
instances/ratio_1000/instance_500v5_3.80r33.cnf,all,500,1900,46,46,0.03,1,452,50,20,heuristic3,5.51733,5.51632,112132096,15530196992,15642329088,24,47
instances/ratio_1000/instance_500v5_3.80r33.cnf,all,500,1900,46,46,0.03,1,452,50,20,heuristic4,228.205,228.209,112132096,15530196992,15642329088,26,49
instances/ratio_1000/instance_500v5_3.80r33.cnf,all,500,1900,46,46,0.03,1,452,50,20,cleanup_device,0.0437012,0.04352,112132096,15530196992,15642329088,-1,-1
instances/ratio_1000/instance_500v5_3.80r33.cnf,all,500,1900,46,46,0.03,1,452,50,20,total,251.464,-1,112132096,15530196992,15642329088,-1,-1
instances/ratio_1000/instance_500v5_3.90r34.cnf,all,500,1950,38,38,0.04,1,462,26,26,read_instance,0.541016,-1,107937792,15534391296,15642329088,-1,-1
instances/ratio_1000/instance_500v5_3.90r34.cnf,all,500,1950,38,38,0.04,1,462,26,26,alloc_graph,0.165527,0.155648,110034944,15532294144,15642329088,-1,-1
instances/ratio_1000/instance_500v5_3.90r34.cnf,all,500,1950,38,38,0.04,1,462,26,26,scc,4.23242,4.23322,112132096,15530196992,15642329088,-1,-1
instances/ratio_1000/instance_500v5_3.90r34.cnf,all,500,1950,38,38,0.04,1,462,26,26,topo_sort,0.651855,0.65088,112132096,15530196992,15642329088,-1,-1
instances/ratio_1000/instance_500v5_3.90r34.cnf,all,500,1950,38,38,0.04,1,462,26,26,backbone,5.32861,5.33466,112132096,15530196992,15642329088,-1,-1
instances/ratio_1000/instance_500v5_3.90r34.cnf,all,500,1950,38,38,0.04,1,462,26,26,wcc,0.220947,0.220544,112132096,15530196992,15642329088,-1,-1
instances/ratio_1000/instance_500v5_3.90r34.cnf,all,500,1950,38,38,0.04,1,462,26,26,wcc_grouped,0.363281,0.362496,112132096,15530196992,15642329088,-1,-1
instances/ratio_1000/instance_500v5_3.90r34.cnf,all,500,1950,38,38,0.04,1,462,26,26,heuristic1,3.85352,3.85242,112132096,15530196992,15642329088,43,54
instances/ratio_1000/instance_500v5_3.90r34.cnf,all,500,1950,38,38,0.04,1,462,26,26,heuristic2,3.54419,3.54368,112132096,15530196992,15642329088,41,52
instances/ratio_1000/instance_500v5_3.90r34.cnf,all,500,1950,38,38,0.04,1,462,26,26,heuristic3,5.82959,5.82883,112132096,15530196992,15642329088,32,43
instances/ratio_1000/instance_500v5_3.90r34.cnf,all,500,1950,38,38,0.04,1,462,26,26,heuristic4,238.935,238.939,112132096,15530196992,15642329088,30,41
instances/ratio_1000/instance_500v5_3.90r34.cnf,all,500,1950,38,38,0.04,1,462,26,26,cleanup_device,0.045166,0.044768,112132096,15530196992,15642329088,-1,-1
instances/ratio_1000/instance_500v5_3.90r34.cnf,all,500,1950,38,38,0.04,1,462,26,26,total,264.289,-1,112132096,15530196992,15642329088,-1,-1
instances/ratio_1000/instance_500v5_4.00r35.cnf,all,500,2000,46,46,1.3,1,402,54,15,read_instance,0.525146,-1,107937792,15534391296,15642329088,-1,-1
instances/ratio_1000/instance_500v5_4.00r35.cnf,all,500,2000,46,46,1.3,1,402,54,15,alloc_graph,0.191162,0.157152,110034944,15532294144,15642329088,-1,-1
instances/ratio_1000/instance_500v5_4.00r35.cnf,all,500,2000,46,46,1.3,1,402,54,15,scc,4.25146,4.25226,112132096,15530196992,15642329088,-1,-1
instances/ratio_1000/instance_500v5_4.00r35.cnf,all,500,2000,46,46,1.3,1,402,54,15,topo_sort,0.434082,0.434016,112132096,15530196992,15642329088,-1,-1
instances/ratio_1000/instance_500v5_4.00r35.cnf,all,500,2000,46,46,1.3,1,402,54,15,backbone,5.21484,5.22022,112132096,15530196992,15642329088,-1,-1
instances/ratio_1000/instance_500v5_4.00r35.cnf,all,500,2000,46,46,1.3,1,402,54,15,wcc,0.192627,0.1936,112132096,15530196992,15642329088,-1,-1
instances/ratio_1000/instance_500v5_4.00r35.cnf,all,500,2000,46,46,1.3,1,402,54,15,wcc_grouped,0.356445,0.357632,112132096,15530196992,15642329088,-1,-1
instances/ratio_1000/instance_500v5_4.00r35.cnf,all,500,2000,46,46,1.3,1,402,54,15,heuristic1,3.2063,3.20618,112132096,15530196992,15642329088,34,59
instances/ratio_1000/instance_500v5_4.00r35.cnf,all,500,2000,46,46,1.3,1,402,54,15,heuristic2,2.04297,2.04144,112132096,15530196992,15642329088,24,49
instances/ratio_1000/instance_500v5_4.00r35.cnf,all,500,2000,46,46,1.3,1,402,54,15,heuristic3,4.90601,4.90493,112132096,15530196992,15642329088,23,48
instances/ratio_1000/instance_500v5_4.00r35.cnf,all,500,2000,46,46,1.3,1,402,54,15,heuristic4,220.72,220.723,112132096,15530196992,15642329088,22,47
instances/ratio_1000/instance_500v5_4.00r35.cnf,all,500,2000,46,46,1.3,1,402,54,15,cleanup_device,0.0424805,0.04256,112132096,15530196992,15642329088,-1,-1
instances/ratio_1000/instance_500v5_4.00r35.cnf,all,500,2000,46,46,1.3,1,402,54,15,total,242.64,-1,112132096,15530196992,15642329088,-1,-1
instances/ratio_1000/instance_500v5_4.10r36.cnf,all,500,2050,39,39,0.03,1,340,59,21,read_instance,0.569092,-1,107937792,15534391296,15642329088,-1,-1
instances/ratio_1000/instance_500v5_4.10r36.cnf,all,500,2050,39,39,0.03,1,340,59,21,alloc_graph,0.178467,0.163872,110034944,15532294144,15642329088,-1,-1
instances/ratio_1000/instance_500v5_4.10r36.cnf,all,500,2050,39,39,0.03,1,340,59,21,scc,4.02856,4.02896,112132096,15530196992,15642329088,-1,-1
instances/ratio_1000/instance_500v5_4.10r36.cnf,all,500,2050,39,39,0.03,1,340,59,21,topo_sort,0.477051,0.475456,112132096,15530196992,15642329088,-1,-1
instances/ratio_1000/instance_500v5_4.10r36.cnf,all,500,2050,39,39,0.03,1,340,59,21,backbone,5.24854,5.27206,112132096,15530196992,15642329088,-1,-1
instances/ratio_1000/instance_500v5_4.10r36.cnf,all,500,2050,39,39,0.03,1,340,59,21,wcc,0.217529,0.217248,112132096,15530196992,15642329088,-1,-1
instances/ratio_1000/instance_500v5_4.10r36.cnf,all,500,2050,39,39,0.03,1,340,59,21,wcc_grouped,0.381592,0.381088,112132096,15530196992,15642329088,-1,-1
instances/ratio_1000/instance_500v5_4.10r36.cnf,all,500,2050,39,39,0.03,1,340,59,21,heuristic1,1.20679,1.20582,112132096,15530196992,15642329088,10,48
instances/ratio_1000/instance_500v5_4.10r36.cnf,all,500,2050,39,39,0.03,1,340,59,21,heuristic2,0.723877,0.722784,112132096,15530196992,15642329088,8,43
instances/ratio_1000/instance_500v5_4.10r36.cnf,all,500,2050,39,39,0.03,1,340,59,21,heuristic3,3.7373,3.73747,112132096,15530196992,15642329088,9,42
instances/ratio_1000/instance_500v5_4.10r36.cnf,all,500,2050,39,39,0.03,1,340,59,21,heuristic4,25.4675,25.4671,112132096,15530196992,15642329088,8,41
instances/ratio_1000/instance_500v5_4.10r36.cnf,all,500,2050,39,39,0.03,1,340,59,21,cleanup_device,0.0427246,0.042848,112132096,15530196992,15642329088,-1,-1
instances/ratio_1000/instance_500v5_4.10r36.cnf,all,500,2050,39,39,0.03,1,340,59,21,total,42.8799,-1,112132096,15530196992,15642329088,-1,-1
instances/ratio_1000/instance_500v5_4.20r37.cnf,all,500,2100,34,34,0.03,1,296,38,20,read_instance,0.557129,-1,107937792,15534391296,15642329088,-1,-1
instances/ratio_1000/instance_500v5_4.20r37.cnf,all,500,2100,34,34,0.03,1,296,38,20,alloc_graph,0.163574,0.150944,110034944,15532294144,15642329088,-1,-1
instances/ratio_1000/instance_500v5_4.20r37.cnf,all,500,2100,34,34,0.03,1,296,38,20,scc,3.98096,3.98154,112132096,15530196992,15642329088,-1,-1
instances/ratio_1000/instance_500v5_4.20r37.cnf,all,500,2100,34,34,0.03,1,296,38,20,topo_sort,0.51123,0.511072,112132096,15530196992,15642329088,-1,-1
instances/ratio_1000/instance_500v5_4.20r37.cnf,all,500,2100,34,34,0.03,1,296,38,20,backbone,5.02466,5.0272,112132096,15530196992,15642329088,-1,-1
instances/ratio_1000/instance_500v5_4.20r37.cnf,all,500,2100,34,34,0.03,1,296,38,20,wcc,0.187012,0.186368,112132096,15530196992,15642329088,-1,-1
instances/ratio_1000/instance_500v5_4.20r37.cnf,all,500,2100,34,34,0.03,1,296,38,20,wcc_grouped,0.344482,0.344064,112132096,15530196992,15642329088,-1,-1
instances/ratio_1000/instance_500v5_4.20r37.cnf,all,500,2100,34,34,0.03,1,296,38,20,heuristic1,2.26392,2.26282,112132096,15530196992,15642329088,22,40
instances/ratio_1000/instance_500v5_4.20r37.cnf,all,500,2100,34,34,0.03,1,296,38,20,heuristic2,1.5708,1.56922,112132096,15530196992,15642329088,19,37
instances/ratio_1000/instance_500v5_4.20r37.cnf,all,500,2100,34,34,0.03,1,296,38,20,heuristic3,4.75098,4.74998,112132096,15530196992,15642329088,18,36
instances/ratio_1000/instance_500v5_4.20r37.cnf,all,500,2100,34,34,0.03,1,296,38,20,heuristic4,209.621,209.625,112132096,15530196992,15642329088,18,36
instances/ratio_1000/instance_500v5_4.20r37.cnf,all,500,2100,34,34,0.03,1,296,38,20,cleanup_device,0.041748,0.041664,112132096,15530196992,15642329088,-1,-1
instances/ratio_1000/instance_500v5_4.20r37.cnf,all,500,2100,34,34,0.03,1,296,38,20,total,229.559,-1,112132096,15530196992,15642329088,-1,-1
instances/ratio_1000/instance_500v5_4.30r38.cnf,all,500,2150,39,39,0.03,1,326,53,17,read_instance,0.624756,-1,107937792,15534391296,15642329088,-1,-1
instances/ratio_1000/instance_500v5_4.30r38.cnf,all,500,2150,39,39,0.03,1,326,53,17,alloc_graph,0.185547,0.169664,110034944,15532294144,15642329088,-1,-1
instances/ratio_1000/instance_500v5_4.30r38.cnf,all,500,2150,39,39,0.03,1,326,53,17,scc,4.09668,4.09786,112132096,15530196992,15642329088,-1,-1
instances/ratio_1000/instance_500v5_4.30r38.cnf,all,500,2150,39,39,0.03,1,326,53,17,topo_sort,0.46167,0.461344,112132096,15530196992,15642329088,-1,-1
instances/ratio_1000/instance_500v5_4.30r38.cnf,all,500,2150,39,39,0.03,1,326,53,17,backbone,5.29883,5.30429,112132096,15530196992,15642329088,-1,-1
instances/ratio_1000/instance_500v5_4.30r38.cnf,all,500,2150,39,39,0.03,1,326,53,17,wcc,0.185547,0.184672,112132096,15530196992,15642329088,-1,-1
instances/ratio_1000/instance_500v5_4.30r38.cnf,all,500,2150,39,39,0.03,1,326,53,17,wcc_grouped,0.346924,0.346496,112132096,15530196992,15642329088,-1,-1
instances/ratio_1000/instance_500v5_4.30r38.cnf,all,500,2150,39,39,0.03,1,326,53,17,heuristic1,1.96387,1.96234,112132096,15530196992,15642329088,18,46
instances/ratio_1000/instance_500v5_4.30r38.cnf,all,500,2150,39,39,0.03,1,326,53,17,heuristic2,1.29004,1.28909,112132096,15530196992,15642329088,15,40
instances/ratio_1000/instance_500v5_4.30r38.cnf,all,500,2150,39,39,0.03,1,326,53,17,heuristic3,4.25464,4.25338,112132096,15530196992,15642329088,17,42
instances/ratio_1000/instance_500v5_4.30r38.cnf,all,500,2150,39,39,0.03,1,326,53,17,heuristic4,200.164,200.167,112132096,15530196992,15642329088,15,40
instances/ratio_1000/instance_500v5_4.30r38.cnf,all,500,2150,39,39,0.03,1,326,53,17,cleanup_device,0.0419922,0.041952,112132096,15530196992,15642329088,-1,-1
instances/ratio_1000/instance_500v5_4.30r38.cnf,all,500,2150,39,39,0.03,1,326,53,17,total,219.465,-1,112132096,15530196992,15642329088,-1,-1
instances/ratio_1000/instance_500v5_4.40r39.cnf,all,500,2200,33,33,0.04,1,284,46,20,read_instance,0.696045,-1,107937792,15534391296,15642329088,-1,-1
instances/ratio_1000/instance_500v5_4.40r39.cnf,all,500,2200,33,33,0.04,1,284,46,20,alloc_graph,0.213379,0.19712,110034944,15532294144,15642329088,-1,-1
instances/ratio_1000/instance_500v5_4.40r39.cnf,all,500,2200,33,33,0.04,1,284,46,20,scc,4.22583,4.2264,112132096,15530196992,15642329088,-1,-1
instances/ratio_1000/instance_500v5_4.40r39.cnf,all,500,2200,33,33,0.04,1,284,46,20,topo_sort,0.490723,0.489728,112132096,15530196992,15642329088,-1,-1
instances/ratio_1000/instance_500v5_4.40r39.cnf,all,500,2200,33,33,0.04,1,284,46,20,backbone,5.48804,5.49549,112132096,15530196992,15642329088,-1,-1
instances/ratio_1000/instance_500v5_4.40r39.cnf,all,500,2200,33,33,0.04,1,284,46,20,wcc,0.185547,0.185504,112132096,15530196992,15642329088,-1,-1
instances/ratio_1000/instance_500v5_4.40r39.cnf,all,500,2200,33,33,0.04,1,284,46,20,wcc_grouped,0.37793,0.377664,112132096,15530196992,15642329088,-1,-1
instances/ratio_1000/instance_500v5_4.40r39.cnf,all,500,2200,33,33,0.04,1,284,46,20,heuristic1,1.87305,1.87232,112132096,15530196992,15642329088,18,39
instances/ratio_1000/instance_500v5_4.40r39.cnf,all,500,2200,33,33,0.04,1,284,46,20,heuristic2,1.39941,1.39782,112132096,15530196992,15642329088,17,38
instances/ratio_1000/instance_500v5_4.40r39.cnf,all,500,2200,33,33,0.04,1,284,46,20,heuristic3,5.13135,5.13104,112132096,15530196992,15642329088,16,37
instances/ratio_1000/instance_500v5_4.40r39.cnf,all,500,2200,33,33,0.04,1,284,46,20,heuristic4,204.514,204.517,112132096,15530196992,15642329088,16,37
instances/ratio_1000/instance_500v5_4.40r39.cnf,all,500,2200,33,33,0.04,1,284,46,20,cleanup_device,0.0449219,0.044832,112132096,15530196992,15642329088,-1,-1
instances/ratio_1000/instance_500v5_4.40r39.cnf,all,500,2200,33,33,0.04,1,284,46,20,total,225.215,-1,112132096,15530196992,15642329088,-1,-1
instances/ratio_1000/instance_500v5_4.50r40.cnf,all,500,2250,41,41,0.04,1,286,79,13,read_instance,0.598877,-1,107937792,15534391296,15642329088,-1,-1
instances/ratio_1000/instance_500v5_4.50r40.cnf,all,500,2250,41,41,0.04,1,286,79,13,alloc_graph,0.175049,0.157632,110034944,15532294144,15642329088,-1,-1
instances/ratio_1000/instance_500v5_4.50r40.cnf,all,500,2250,41,41,0.04,1,286,79,13,scc,4.05542,4.05526,112132096,15530196992,15642329088,-1,-1
instances/ratio_1000/instance_500v5_4.50r40.cnf,all,500,2250,41,41,0.04,1,286,79,13,topo_sort,0.395996,0.395168,112132096,15530196992,15642329088,-1,-1
instances/ratio_1000/instance_500v5_4.50r40.cnf,all,500,2250,41,41,0.04,1,286,79,13,backbone,5.23877,5.24387,112132096,15530196992,15642329088,-1,-1
instances/ratio_1000/instance_500v5_4.50r40.cnf,all,500,2250,41,41,0.04,1,286,79,13,wcc,0.169434,0.167936,112132096,15530196992,15642329088,-1,-1
instances/ratio_1000/instance_500v5_4.50r40.cnf,all,500,2250,41,41,0.04,1,286,79,13,wcc_grouped,0.37207,0.372736,112132096,15530196992,15642329088,-1,-1
instances/ratio_1000/instance_500v5_4.50r40.cnf,all,500,2250,41,41,0.04,1,286,79,13,heuristic1,0.838135,0.837536,112132096,15530196992,15642329088,5,46
instances/ratio_1000/instance_500v5_4.50r40.cnf,all,500,2250,41,41,0.04,1,286,79,13,heuristic2,0.398193,0.39648,112132096,15530196992,15642329088,4,42
instances/ratio_1000/instance_500v5_4.50r40.cnf,all,500,2250,41,41,0.04,1,286,79,13,heuristic3,3.97534,3.97418,112132096,15530196992,15642329088,4,41
instances/ratio_1000/instance_500v5_4.50r40.cnf,all,500,2250,41,41,0.04,1,286,79,13,heuristic4,12.3003,12.3,112132096,15530196992,15642329088,4,41
instances/ratio_1000/instance_500v5_4.50r40.cnf,all,500,2250,41,41,0.04,1,286,79,13,cleanup_device,0.0393066,0.039136,112132096,15530196992,15642329088,-1,-1
instances/ratio_1000/instance_500v5_4.50r40.cnf,all,500,2250,41,41,0.04,1,286,79,13,total,29.0864,-1,112132096,15530196992,15642329088,-1,-1
instances/ratio_1000/instance_500v6_0.50r0.cnf,all,500,250,295,295,0.02,1,1000,502,5,read_instance,0.147217,-1,107937792,15534391296,15642329088,-1,-1
instances/ratio_1000/instance_500v6_0.50r0.cnf,all,500,250,295,295,0.02,1,1000,502,5,alloc_graph,0.172852,0.158176,110034944,15532294144,15642329088,-1,-1
instances/ratio_1000/instance_500v6_0.50r0.cnf,all,500,250,295,295,0.02,1,1000,502,5,scc,3.87695,3.87885,112132096,15530196992,15642329088,-1,-1
instances/ratio_1000/instance_500v6_0.50r0.cnf,all,500,250,295,295,0.02,1,1000,502,5,topo_sort,0.153809,0.15296,112132096,15530196992,15642329088,-1,-1
instances/ratio_1000/instance_500v6_0.50r0.cnf,all,500,250,295,295,0.02,1,1000,502,5,backbone,4.99731,5.00269,112132096,15530196992,15642329088,-1,-1
instances/ratio_1000/instance_500v6_0.50r0.cnf,all,500,250,295,295,0.02,1,1000,502,5,wcc,0.200439,0.200192,112132096,15530196992,15642329088,-1,-1
instances/ratio_1000/instance_500v6_0.50r0.cnf,all,500,250,295,295,0.02,1,1000,502,5,wcc_grouped,0.359863,0.360384,112132096,15530196992,15642329088,-1,-1
instances/ratio_1000/instance_500v6_0.50r0.cnf,all,500,250,295,295,0.02,1,1000,502,5,heuristic1,1.96216,1.96093,112132096,15530196992,15642329088,17,312
instances/ratio_1000/instance_500v6_0.50r0.cnf,all,500,250,295,295,0.02,1,1000,502,5,heuristic2,1.31885,1.3183,112132096,15530196992,15642329088,15,314
instances/ratio_1000/instance_500v6_0.50r0.cnf,all,500,250,295,295,0.02,1,1000,502,5,heuristic3,5.04834,5.04781,112132096,15530196992,15642329088,15,302
instances/ratio_1000/instance_500v6_0.50r0.cnf,all,500,250,295,295,0.02,1,1000,502,5,heuristic4,197.335,197.338,112132096,15530196992,15642329088,14,298
instances/ratio_1000/instance_500v6_0.50r0.cnf,all,500,250,295,295,0.02,1,1000,502,5,cleanup_device,0.0402832,0.040288,112132096,15530196992,15642329088,-1,-1
instances/ratio_1000/instance_500v6_0.50r0.cnf,all,500,250,295,295,0.02,1,1000,502,5,total,216.232,-1,112132096,15530196992,15642329088,-1,-1
instances/ratio_1000/instance_500v6_0.60r1.cnf,all,500,300,256,256,0.03,1,1000,402,7,read_instance,0.165283,-1,107937792,15534391296,15642329088,-1,-1
instances/ratio_1000/instance_500v6_0.60r1.cnf,all,500,300,256,256,0.03,1,1000,402,7,alloc_graph,0.172363,0.158048,110034944,15532294144,15642329088,-1,-1
instances/ratio_1000/instance_500v6_0.60r1.cnf,all,500,300,256,256,0.03,1,1000,402,7,scc,3.63184,3.63219,112132096,15530196992,15642329088,-1,-1
instances/ratio_1000/instance_500v6_0.60r1.cnf,all,500,300,256,256,0.03,1,1000,402,7,topo_sort,0.198242,0.197248,112132096,15530196992,15642329088,-1,-1
instances/ratio_1000/instance_500v6_0.60r1.cnf,all,500,300,256,256,0.03,1,1000,402,7,backbone,5.19214,5.19786,112132096,15530196992,15642329088,-1,-1
instances/ratio_1000/instance_500v6_0.60r1.cnf,all,500,300,256,256,0.03,1,1000,402,7,wcc,0.250732,0.2512,112132096,15530196992,15642329088,-1,-1
instances/ratio_1000/instance_500v6_0.60r1.cnf,all,500,300,256,256,0.03,1,1000,402,7,wcc_grouped,0.371094,0.371008,112132096,15530196992,15642329088,-1,-1
instances/ratio_1000/instance_500v6_0.60r1.cnf,all,500,300,256,256,0.03,1,1000,402,7,heuristic1,3.78613,3.78467,112132096,15530196992,15642329088,39,288
instances/ratio_1000/instance_500v6_0.60r1.cnf,all,500,300,256,256,0.03,1,1000,402,7,heuristic2,3.21167,3.21011,112132096,15530196992,15642329088,39,272
instances/ratio_1000/instance_500v6_0.60r1.cnf,all,500,300,256,256,0.03,1,1000,402,7,heuristic3,6.39941,6.39834,112132096,15530196992,15642329088,39,271
instances/ratio_1000/instance_500v6_0.60r1.cnf,all,500,300,256,256,0.03,1,1000,402,7,heuristic4,313.263,313.267,112132096,15530196992,15642329088,38,268
instances/ratio_1000/instance_500v6_0.60r1.cnf,all,500,300,256,256,0.03,1,1000,402,7,cleanup_device,0.0427246,0.042368,112132096,15530196992,15642329088,-1,-1
instances/ratio_1000/instance_500v6_0.60r1.cnf,all,500,300,256,256,0.03,1,1000,402,7,total,337.29,-1,112132096,15530196992,15642329088,-1,-1
instances/ratio_1000/instance_500v6_0.70r2.cnf,all,500,350,232,232,0.02,1,1000,326,7,read_instance,0.253662,-1,107937792,15534391296,15642329088,-1,-1
instances/ratio_1000/instance_500v6_0.70r2.cnf,all,500,350,232,232,0.02,1,1000,326,7,alloc_graph,0.173096,0.159872,110034944,15532294144,15642329088,-1,-1
instances/ratio_1000/instance_500v6_0.70r2.cnf,all,500,350,232,232,0.02,1,1000,326,7,scc,3.771,3.77219,112132096,15530196992,15642329088,-1,-1
instances/ratio_1000/instance_500v6_0.70r2.cnf,all,500,350,232,232,0.02,1,1000,326,7,topo_sort,0.199219,0.198656,112132096,15530196992,15642329088,-1,-1
instances/ratio_1000/instance_500v6_0.70r2.cnf,all,500,350,232,232,0.02,1,1000,326,7,backbone,5.19873,5.20589,112132096,15530196992,15642329088,-1,-1
instances/ratio_1000/instance_500v6_0.70r2.cnf,all,500,350,232,232,0.02,1,1000,326,7,wcc,0.242676,0.241664,112132096,15530196992,15642329088,-1,-1
instances/ratio_1000/instance_500v6_0.70r2.cnf,all,500,350,232,232,0.02,1,1000,326,7,wcc_grouped,0.39502,0.395264,112132096,15530196992,15642329088,-1,-1
instances/ratio_1000/instance_500v6_0.70r2.cnf,all,500,350,232,232,0.02,1,1000,326,7,heuristic1,8.30908,8.30813,112132096,15530196992,15642329088,103,277
instances/ratio_1000/instance_500v6_0.70r2.cnf,all,500,350,232,232,0.02,1,1000,326,7,heuristic2,6.64429,6.64365,112132096,15530196992,15642329088,85,252
instances/ratio_1000/instance_500v6_0.70r2.cnf,all,500,350,232,232,0.02,1,1000,326,7,heuristic3,10.3618,10.3606,112132096,15530196992,15642329088,77,242
instances/ratio_1000/instance_500v6_0.70r2.cnf,all,500,350,232,232,0.02,1,1000,326,7,heuristic4,740.792,740.802,112132096,15530196992,15642329088,77,242
instances/ratio_1000/instance_500v6_0.70r2.cnf,all,500,350,232,232,0.02,1,1000,326,7,cleanup_device,0.0388184,0.038592,112132096,15530196992,15642329088,-1,-1
instances/ratio_1000/instance_500v6_0.70r2.cnf,all,500,350,232,232,0.02,1,1000,326,7,total,777.017,-1,112132096,15530196992,15642329088,-1,-1
instances/ratio_1000/instance_500v6_0.80r3.cnf,all,500,400,218,218,0.03,1,1000,267,10,read_instance,0.180664,-1,107937792,15534391296,15642329088,-1,-1
instances/ratio_1000/instance_500v6_0.80r3.cnf,all,500,400,218,218,0.03,1,1000,267,10,alloc_graph,0.184814,0.175328,110034944,15532294144,15642329088,-1,-1
instances/ratio_1000/instance_500v6_0.80r3.cnf,all,500,400,218,218,0.03,1,1000,267,10,scc,3.78052,3.78115,112132096,15530196992,15642329088,-1,-1
instances/ratio_1000/instance_500v6_0.80r3.cnf,all,500,400,218,218,0.03,1,1000,267,10,topo_sort,0.270264,0.269632,112132096,15530196992,15642329088,-1,-1
instances/ratio_1000/instance_500v6_0.80r3.cnf,all,500,400,218,218,0.03,1,1000,267,10,backbone,4.99902,5.00291,112132096,15530196992,15642329088,-1,-1
instances/ratio_1000/instance_500v6_0.80r3.cnf,all,500,400,218,218,0.03,1,1000,267,10,wcc,0.243896,0.244768,112132096,15530196992,15642329088,-1,-1
instances/ratio_1000/instance_500v6_0.80r3.cnf,all,500,400,218,218,0.03,1,1000,267,10,wcc_grouped,0.345947,0.346112,112132096,15530196992,15642329088,-1,-1
instances/ratio_1000/instance_500v6_0.80r3.cnf,all,500,400,218,218,0.03,1,1000,267,10,heuristic1,10.4231,10.4229,112132096,15530196992,15642329088,125,263
instances/ratio_1000/instance_500v6_0.80r3.cnf,all,500,400,218,218,0.03,1,1000,267,10,heuristic2,7.92188,7.92064,112132096,15530196992,15642329088,102,237
instances/ratio_1000/instance_500v6_0.80r3.cnf,all,500,400,218,218,0.03,1,1000,267,10,heuristic3,11.2896,11.2891,112132096,15530196992,15642329088,93,227
instances/ratio_1000/instance_500v6_0.80r3.cnf,all,500,400,218,218,0.03,1,1000,267,10,heuristic4,880.531,880.543,112132096,15530196992,15642329088,89,223
instances/ratio_1000/instance_500v6_0.80r3.cnf,all,500,400,218,218,0.03,1,1000,267,10,cleanup_device,0.041748,0.041568,112132096,15530196992,15642329088,-1,-1
instances/ratio_1000/instance_500v6_0.80r3.cnf,all,500,400,218,218,0.03,1,1000,267,10,total,920.802,-1,112132096,15530196992,15642329088,-1,-1
instances/ratio_1000/instance_500v6_0.90r4.cnf,all,500,450,193,193,0.03,1,1000,216,13,read_instance,0.190186,-1,107937792,15534391296,15642329088,-1,-1
instances/ratio_1000/instance_500v6_0.90r4.cnf,all,500,450,193,193,0.03,1,1000,216,13,alloc_graph,0.161377,0.146976,110034944,15532294144,15642329088,-1,-1
instances/ratio_1000/instance_500v6_0.90r4.cnf,all,500,450,193,193,0.03,1,1000,216,13,scc,3.72021,3.72128,112132096,15530196992,15642329088,-1,-1
instances/ratio_1000/instance_500v6_0.90r4.cnf,all,500,450,193,193,0.03,1,1000,216,13,topo_sort,0.320801,0.319808,112132096,15530196992,15642329088,-1,-1
instances/ratio_1000/instance_500v6_0.90r4.cnf,all,500,450,193,193,0.03,1,1000,216,13,backbone,5.25977,5.26579,112132096,15530196992,15642329088,-1,-1
instances/ratio_1000/instance_500v6_0.90r4.cnf,all,500,450,193,193,0.03,1,1000,216,13,wcc,0.241943,0.241664,112132096,15530196992,15642329088,-1,-1
instances/ratio_1000/instance_500v6_0.90r4.cnf,all,500,450,193,193,0.03,1,1000,216,13,wcc_grouped,0.351562,0.351744,112132096,15530196992,15642329088,-1,-1
instances/ratio_1000/instance_500v6_0.90r4.cnf,all,500,450,193,193,0.03,1,1000,216,13,heuristic1,9.89624,9.8952,112132096,15530196992,15642329088,118,228
instances/ratio_1000/instance_500v6_0.90r4.cnf,all,500,450,193,193,0.03,1,1000,216,13,heuristic2,8.38672,8.38547,112132096,15530196992,15642329088,108,217
instances/ratio_1000/instance_500v6_0.90r4.cnf,all,500,450,193,193,0.03,1,1000,216,13,heuristic3,11.9548,11.9541,112132096,15530196992,15642329088,98,205
instances/ratio_1000/instance_500v6_0.90r4.cnf,all,500,450,193,193,0.03,1,1000,216,13,heuristic4,914.635,914.649,112132096,15530196992,15642329088,92,199
instances/ratio_1000/instance_500v6_0.90r4.cnf,all,500,450,193,193,0.03,1,1000,216,13,cleanup_device,0.0402832,0.039904,112132096,15530196992,15642329088,-1,-1
instances/ratio_1000/instance_500v6_0.90r4.cnf,all,500,450,193,193,0.03,1,1000,216,13,total,955.78,-1,112132096,15530196992,15642329088,-1,-1
instances/ratio_1000/instance_500v6_1.00r5.cnf,all,500,500,181,181,0.06,1,1000,178,11,read_instance,0.223877,-1,107937792,15534391296,15642329088,-1,-1
instances/ratio_1000/instance_500v6_1.00r5.cnf,all,500,500,181,181,0.06,1,1000,178,11,alloc_graph,0.163086,0.14832,110034944,15532294144,15642329088,-1,-1
instances/ratio_1000/instance_500v6_1.00r5.cnf,all,500,500,181,181,0.06,1,1000,178,11,scc,4.07471,4.07616,112132096,15530196992,15642329088,-1,-1
instances/ratio_1000/instance_500v6_1.00r5.cnf,all,500,500,181,181,0.06,1,1000,178,11,topo_sort,0.282471,0.281856,112132096,15530196992,15642329088,-1,-1
instances/ratio_1000/instance_500v6_1.00r5.cnf,all,500,500,181,181,0.06,1,1000,178,11,backbone,5.70288,5.71098,112132096,15530196992,15642329088,-1,-1
instances/ratio_1000/instance_500v6_1.00r5.cnf,all,500,500,181,181,0.06,1,1000,178,11,wcc,0.302002,0.301088,112132096,15530196992,15642329088,-1,-1
instances/ratio_1000/instance_500v6_1.00r5.cnf,all,500,500,181,181,0.06,1,1000,178,11,wcc_grouped,0.408203,0.40752,112132096,15530196992,15642329088,-1,-1
instances/ratio_1000/instance_500v6_1.00r5.cnf,all,500,500,181,181,0.06,1,1000,178,11,heuristic1,12.6338,12.633,112132096,15530196992,15642329088,136,226
instances/ratio_1000/instance_500v6_1.00r5.cnf,all,500,500,181,181,0.06,1,1000,178,11,heuristic2,9.32446,9.32301,112132096,15530196992,15642329088,118,205
instances/ratio_1000/instance_500v6_1.00r5.cnf,all,500,500,181,181,0.06,1,1000,178,11,heuristic3,13.373,13.3725,112132096,15530196992,15642329088,112,199
instances/ratio_1000/instance_500v6_1.00r5.cnf,all,500,500,181,181,0.06,1,1000,178,11,heuristic4,1023.91,1023.92,112132096,15530196992,15642329088,101,188
instances/ratio_1000/instance_500v6_1.00r5.cnf,all,500,500,181,181,0.06,1,1000,178,11,cleanup_device,0.0405273,0.040384,112132096,15530196992,15642329088,-1,-1
instances/ratio_1000/instance_500v6_1.00r5.cnf,all,500,500,181,181,0.06,1,1000,178,11,total,1071.1,-1,112132096,15530196992,15642329088,-1,-1
instances/ratio_1000/instance_500v6_1.10r6.cnf,all,500,550,165,165,3.75,1,1000,132,17,read_instance,0.232666,-1,107937792,15534391296,15642329088,-1,-1
instances/ratio_1000/instance_500v6_1.10r6.cnf,all,500,550,165,165,3.75,1,1000,132,17,alloc_graph,0.164795,0.138016,110034944,15532294144,15642329088,-1,-1
instances/ratio_1000/instance_500v6_1.10r6.cnf,all,500,550,165,165,3.75,1,1000,132,17,scc,3.68481,3.6864,112132096,15530196992,15642329088,-1,-1
instances/ratio_1000/instance_500v6_1.10r6.cnf,all,500,550,165,165,3.75,1,1000,132,17,topo_sort,0.382568,0.382176,112132096,15530196992,15642329088,-1,-1
instances/ratio_1000/instance_500v6_1.10r6.cnf,all,500,550,165,165,3.75,1,1000,132,17,backbone,5.354,5.35942,112132096,15530196992,15642329088,-1,-1
instances/ratio_1000/instance_500v6_1.10r6.cnf,all,500,550,165,165,3.75,1,1000,132,17,wcc,0.215576,0.215168,112132096,15530196992,15642329088,-1,-1
instances/ratio_1000/instance_500v6_1.10r6.cnf,all,500,550,165,165,3.75,1,1000,132,17,wcc_grouped,0.352539,0.35232,112132096,15530196992,15642329088,-1,-1
instances/ratio_1000/instance_500v6_1.10r6.cnf,all,500,550,165,165,3.75,1,1000,132,17,heuristic1,12.5654,12.5649,112132096,15530196992,15642329088,144,211
instances/ratio_1000/instance_500v6_1.10r6.cnf,all,500,550,165,165,3.75,1,1000,132,17,heuristic2,9.79419,9.79366,112132096,15530196992,15642329088,122,187
instances/ratio_1000/instance_500v6_1.10r6.cnf,all,500,550,165,165,3.75,1,1000,132,17,heuristic3,13.4036,13.4035,112132096,15530196992,15642329088,111,176
instances/ratio_1000/instance_500v6_1.10r6.cnf,all,500,550,165,165,3.75,1,1000,132,17,heuristic4,1068.89,1068.9,112132096,15530196992,15642329088,106,171
instances/ratio_1000/instance_500v6_1.10r6.cnf,all,500,550,165,165,3.75,1,1000,132,17,cleanup_device,0.041748,0.041408,112132096,15530196992,15642329088,-1,-1
instances/ratio_1000/instance_500v6_1.10r6.cnf,all,500,550,165,165,3.75,1,1000,132,17,total,1115.71,-1,112132096,15530196992,15642329088,-1,-1
instances/ratio_1000/instance_500v6_1.20r7.cnf,all,500,600,149,149,2.39,1,1000,122,17,read_instance,0.233887,-1,107937792,15534391296,15642329088,-1,-1
instances/ratio_1000/instance_500v6_1.20r7.cnf,all,500,600,149,149,2.39,1,1000,122,17,alloc_graph,0.169678,0.155648,110034944,15532294144,15642329088,-1,-1
instances/ratio_1000/instance_500v6_1.20r7.cnf,all,500,600,149,149,2.39,1,1000,122,17,scc,3.81079,3.81146,112132096,15530196992,15642329088,-1,-1
instances/ratio_1000/instance_500v6_1.20r7.cnf,all,500,600,149,149,2.39,1,1000,122,17,topo_sort,0.381836,0.38112,112132096,15530196992,15642329088,-1,-1
instances/ratio_1000/instance_500v6_1.20r7.cnf,all,500,600,149,149,2.39,1,1000,122,17,backbone,5.04663,5.05235,112132096,15530196992,15642329088,-1,-1
instances/ratio_1000/instance_500v6_1.20r7.cnf,all,500,600,149,149,2.39,1,1000,122,17,wcc,0.223877,0.223232,112132096,15530196992,15642329088,-1,-1
instances/ratio_1000/instance_500v6_1.20r7.cnf,all,500,600,149,149,2.39,1,1000,122,17,wcc_grouped,0.36084,0.360864,112132096,15530196992,15642329088,-1,-1
instances/ratio_1000/instance_500v6_1.20r7.cnf,all,500,600,149,149,2.39,1,1000,122,17,heuristic1,11.3379,11.3374,112132096,15530196992,15642329088,135,194
instances/ratio_1000/instance_500v6_1.20r7.cnf,all,500,600,149,149,2.39,1,1000,122,17,heuristic2,9.17798,9.17741,112132096,15530196992,15642329088,118,177
instances/ratio_1000/instance_500v6_1.20r7.cnf,all,500,600,149,149,2.39,1,1000,122,17,heuristic3,13.2935,13.2927,112132096,15530196992,15642329088,115,174
instances/ratio_1000/instance_500v6_1.20r7.cnf,all,500,600,149,149,2.39,1,1000,122,17,heuristic4,1036.16,1036.17,112132096,15530196992,15642329088,102,161
instances/ratio_1000/instance_500v6_1.20r7.cnf,all,500,600,149,149,2.39,1,1000,122,17,cleanup_device,0.0407715,0.040448,112132096,15530196992,15642329088,-1,-1
instances/ratio_1000/instance_500v6_1.20r7.cnf,all,500,600,149,149,2.39,1,1000,122,17,total,1080.86,-1,112132096,15530196992,15642329088,-1,-1
instances/ratio_1000/instance_500v6_1.30r8.cnf,all,500,650,140,140,0.44,1,1000,118,20,read_instance,0.239502,-1,107937792,15534391296,15642329088,-1,-1
instances/ratio_1000/instance_500v6_1.30r8.cnf,all,500,650,140,140,0.44,1,1000,118,20,alloc_graph,0.208984,0.194592,110034944,15532294144,15642329088,-1,-1
instances/ratio_1000/instance_500v6_1.30r8.cnf,all,500,650,140,140,0.44,1,1000,118,20,scc,3.81152,3.81226,112132096,15530196992,15642329088,-1,-1
instances/ratio_1000/instance_500v6_1.30r8.cnf,all,500,650,140,140,0.44,1,1000,118,20,topo_sort,0.459717,0.4592,112132096,15530196992,15642329088,-1,-1
instances/ratio_1000/instance_500v6_1.30r8.cnf,all,500,650,140,140,0.44,1,1000,118,20,backbone,5.1355,5.14077,112132096,15530196992,15642329088,-1,-1
instances/ratio_1000/instance_500v6_1.30r8.cnf,all,500,650,140,140,0.44,1,1000,118,20,wcc,0.239502,0.239616,112132096,15530196992,15642329088,-1,-1
instances/ratio_1000/instance_500v6_1.30r8.cnf,all,500,650,140,140,0.44,1,1000,118,20,wcc_grouped,0.381592,0.381056,112132096,15530196992,15642329088,-1,-1
instances/ratio_1000/instance_500v6_1.30r8.cnf,all,500,650,140,140,0.44,1,1000,118,20,heuristic1,11.1638,11.1629,112132096,15530196992,15642329088,131,188
instances/ratio_1000/instance_500v6_1.30r8.cnf,all,500,650,140,140,0.44,1,1000,118,20,heuristic2,8.15015,8.14874,112132096,15530196992,15642329088,102,159
instances/ratio_1000/instance_500v6_1.30r8.cnf,all,500,650,140,140,0.44,1,1000,118,20,heuristic3,12.9893,12.9884,112132096,15530196992,15642329088,105,162
instances/ratio_1000/instance_500v6_1.30r8.cnf,all,500,650,140,140,0.44,1,1000,118,20,heuristic4,888.283,888.295,112132096,15530196992,15642329088,89,146
instances/ratio_1000/instance_500v6_1.30r8.cnf,all,500,650,140,140,0.44,1,1000,118,20,cleanup_device,0.0393066,0.0392,112132096,15530196992,15642329088,-1,-1
instances/ratio_1000/instance_500v6_1.30r8.cnf,all,500,650,140,140,0.44,1,1000,118,20,total,931.748,-1,112132096,15530196992,15642329088,-1,-1
instances/ratio_1000/instance_500v6_1.40r9.cnf,all,500,700,128,128,112.12,1,1000,82,36,read_instance,0.25,-1,107937792,15534391296,15642329088,-1,-1
instances/ratio_1000/instance_500v6_1.40r9.cnf,all,500,700,128,128,112.12,1,1000,82,36,alloc_graph,0.152588,0.139232,110034944,15532294144,15642329088,-1,-1
instances/ratio_1000/instance_500v6_1.40r9.cnf,all,500,700,128,128,112.12,1,1000,82,36,scc,3.9585,3.96048,112132096,15530196992,15642329088,-1,-1
instances/ratio_1000/instance_500v6_1.40r9.cnf,all,500,700,128,128,112.12,1,1000,82,36,topo_sort,0.741943,0.741184,112132096,15530196992,15642329088,-1,-1
instances/ratio_1000/instance_500v6_1.40r9.cnf,all,500,700,128,128,112.12,1,1000,82,36,backbone,5.25513,5.26083,112132096,15530196992,15642329088,-1,-1
instances/ratio_1000/instance_500v6_1.40r9.cnf,all,500,700,128,128,112.12,1,1000,82,36,wcc,0.239258,0.237888,112132096,15530196992,15642329088,-1,-1
instances/ratio_1000/instance_500v6_1.40r9.cnf,all,500,700,128,128,112.12,1,1000,82,36,wcc_grouped,0.385498,0.385248,112132096,15530196992,15642329088,-1,-1
instances/ratio_1000/instance_500v6_1.40r9.cnf,all,500,700,128,128,112.12,1,1000,82,36,heuristic1,11.5889,11.5882,112132096,15530196992,15642329088,139,178
instances/ratio_1000/instance_500v6_1.40r9.cnf,all,500,700,128,128,112.12,1,1000,82,36,heuristic2,9.31689,9.31654,112132096,15530196992,15642329088,115,154
instances/ratio_1000/instance_500v6_1.40r9.cnf,all,500,700,128,128,112.12,1,1000,82,36,heuristic3,12.4351,12.4349,112132096,15530196992,15642329088,109,148
instances/ratio_1000/instance_500v6_1.40r9.cnf,all,500,700,128,128,112.12,1,1000,82,36,heuristic4,1051.31,1051.33,112132096,15530196992,15642329088,104,143
instances/ratio_1000/instance_500v6_1.40r9.cnf,all,500,700,128,128,112.12,1,1000,82,36,cleanup_device,0.0419922,0.041728,112132096,15530196992,15642329088,-1,-1
instances/ratio_1000/instance_500v6_1.40r9.cnf,all,500,700,128,128,112.12,1,1000,82,36,total,1096.29,-1,112132096,15530196992,15642329088,-1,-1
instances/ratio_1000/instance_500v6_1.50r10.cnf,all,500,750,112,129,150.04,1,1000,66,15,read_instance,0.285156,-1,107937792,15534391296,15642329088,-1,-1
instances/ratio_1000/instance_500v6_1.50r10.cnf,all,500,750,112,129,150.04,1,1000,66,15,alloc_graph,0.1875,0.173632,110034944,15532294144,15642329088,-1,-1
instances/ratio_1000/instance_500v6_1.50r10.cnf,all,500,750,112,129,150.04,1,1000,66,15,scc,3.68115,3.68189,112132096,15530196992,15642329088,-1,-1
instances/ratio_1000/instance_500v6_1.50r10.cnf,all,500,750,112,129,150.04,1,1000,66,15,topo_sort,0.366455,0.358272,112132096,15530196992,15642329088,-1,-1
instances/ratio_1000/instance_500v6_1.50r10.cnf,all,500,750,112,129,150.04,1,1000,66,15,backbone,5.02588,5.02819,112132096,15530196992,15642329088,-1,-1
instances/ratio_1000/instance_500v6_1.50r10.cnf,all,500,750,112,129,150.04,1,1000,66,15,wcc,0.211914,0.212768,112132096,15530196992,15642329088,-1,-1
instances/ratio_1000/instance_500v6_1.50r10.cnf,all,500,750,112,129,150.04,1,1000,66,15,wcc_grouped,0.35498,0.356096,112132096,15530196992,15642329088,-1,-1
instances/ratio_1000/instance_500v6_1.50r10.cnf,all,500,750,112,129,150.04,1,1000,66,15,heuristic1,11.7222,11.7211,112132096,15530196992,15642329088,141,172
instances/ratio_1000/instance_500v6_1.50r10.cnf,all,500,750,112,129,150.04,1,1000,66,15,heuristic2,8.85059,8.84822,112132096,15530196992,15642329088,113,144
instances/ratio_1000/instance_500v6_1.50r10.cnf,all,500,750,112,129,150.04,1,1000,66,15,heuristic3,11.6301,11.6293,112132096,15530196992,15642329088,93,124
instances/ratio_1000/instance_500v6_1.50r10.cnf,all,500,750,112,129,150.04,1,1000,66,15,heuristic4,936.916,936.929,112132096,15530196992,15642329088,93,124
instances/ratio_1000/instance_500v6_1.50r10.cnf,all,500,750,112,129,150.04,1,1000,66,15,cleanup_device,0.0410156,0.041088,112132096,15530196992,15642329088,-1,-1
instances/ratio_1000/instance_500v6_1.50r10.cnf,all,500,750,112,129,150.04,1,1000,66,15,total,979.842,-1,112132096,15530196992,15642329088,-1,-1
instances/ratio_1000/instance_500v6_1.60r11.cnf,all,500,800,104,114,150.04,1,1000,54,20,read_instance,0.27124,-1,107937792,15534391296,15642329088,-1,-1
instances/ratio_1000/instance_500v6_1.60r11.cnf,all,500,800,104,114,150.04,1,1000,54,20,alloc_graph,0.151367,0.138304,110034944,15532294144,15642329088,-1,-1
instances/ratio_1000/instance_500v6_1.60r11.cnf,all,500,800,104,114,150.04,1,1000,54,20,scc,3.99561,3.99565,112132096,15530196992,15642329088,-1,-1
instances/ratio_1000/instance_500v6_1.60r11.cnf,all,500,800,104,114,150.04,1,1000,54,20,topo_sort,0.440918,0.439904,112132096,15530196992,15642329088,-1,-1
instances/ratio_1000/instance_500v6_1.60r11.cnf,all,500,800,104,114,150.04,1,1000,54,20,backbone,5.03003,5.03536,112132096,15530196992,15642329088,-1,-1
instances/ratio_1000/instance_500v6_1.60r11.cnf,all,500,800,104,114,150.04,1,1000,54,20,wcc,0.228516,0.228096,112132096,15530196992,15642329088,-1,-1
instances/ratio_1000/instance_500v6_1.60r11.cnf,all,500,800,104,114,150.04,1,1000,54,20,wcc_grouped,0.343506,0.342752,112132096,15530196992,15642329088,-1,-1
instances/ratio_1000/instance_500v6_1.60r11.cnf,all,500,800,104,114,150.04,1,1000,54,20,heuristic1,11.1118,11.1113,112132096,15530196992,15642329088,129,154
instances/ratio_1000/instance_500v6_1.60r11.cnf,all,500,800,104,114,150.04,1,1000,54,20,heuristic2,8.41968,8.41798,112132096,15530196992,15642329088,106,131
instances/ratio_1000/instance_500v6_1.60r11.cnf,all,500,800,104,114,150.04,1,1000,54,20,heuristic3,12.2385,12.2387,112132096,15530196992,15642329088,100,125
instances/ratio_1000/instance_500v6_1.60r11.cnf,all,500,800,104,114,150.04,1,1000,54,20,heuristic4,918.542,918.554,112132096,15530196992,15642329088,92,117
instances/ratio_1000/instance_500v6_1.60r11.cnf,all,500,800,104,114,150.04,1,1000,54,20,cleanup_device,0.0393066,0.039424,112132096,15530196992,15642329088,-1,-1
instances/ratio_1000/instance_500v6_1.60r11.cnf,all,500,800,104,114,150.04,1,1000,54,20,total,961.398,-1,112132096,15530196992,15642329088,-1,-1
instances/ratio_1000/instance_500v6_1.70r12.cnf,all,500,850,99,99,87.27,1,994,36,23,read_instance,0.278809,-1,107937792,15534391296,15642329088,-1,-1
instances/ratio_1000/instance_500v6_1.70r12.cnf,all,500,850,99,99,87.27,1,994,36,23,alloc_graph,0.174316,0.161376,110034944,15532294144,15642329088,-1,-1
instances/ratio_1000/instance_500v6_1.70r12.cnf,all,500,850,99,99,87.27,1,994,36,23,scc,4.11328,4.11443,112132096,15530196992,15642329088,-1,-1
instances/ratio_1000/instance_500v6_1.70r12.cnf,all,500,850,99,99,87.27,1,994,36,23,topo_sort,0.53833,0.537888,112132096,15530196992,15642329088,-1,-1
instances/ratio_1000/instance_500v6_1.70r12.cnf,all,500,850,99,99,87.27,1,994,36,23,backbone,5.10352,5.1096,112132096,15530196992,15642329088,-1,-1
instances/ratio_1000/instance_500v6_1.70r12.cnf,all,500,850,99,99,87.27,1,994,36,23,wcc,0.217041,0.217088,112132096,15530196992,15642329088,-1,-1
instances/ratio_1000/instance_500v6_1.70r12.cnf,all,500,850,99,99,87.27,1,994,36,23,wcc_grouped,0.343994,0.343616,112132096,15530196992,15642329088,-1,-1
instances/ratio_1000/instance_500v6_1.70r12.cnf,all,500,850,99,99,87.27,1,994,36,23,heuristic1,10.1853,10.1847,112132096,15530196992,15642329088,115,132
instances/ratio_1000/instance_500v6_1.70r12.cnf,all,500,850,99,99,87.27,1,994,36,23,heuristic2,8.50098,8.5,112132096,15530196992,15642329088,108,124
instances/ratio_1000/instance_500v6_1.70r12.cnf,all,500,850,99,99,87.27,1,994,36,23,heuristic3,11.5073,11.5061,112132096,15530196992,15642329088,101,117
instances/ratio_1000/instance_500v6_1.70r12.cnf,all,500,850,99,99,87.27,1,994,36,23,heuristic4,939.954,939.967,112132096,15530196992,15642329088,94,110
instances/ratio_1000/instance_500v6_1.70r12.cnf,all,500,850,99,99,87.27,1,994,36,23,cleanup_device,0.0390625,0.038624,112132096,15530196992,15642329088,-1,-1
instances/ratio_1000/instance_500v6_1.70r12.cnf,all,500,850,99,99,87.27,1,994,36,23,total,981.559,-1,112132096,15530196992,15642329088,-1,-1
instances/ratio_1000/instance_500v6_1.80r13.cnf,all,500,900,94,105,150.04,1,988,44,44,read_instance,0.293701,-1,107937792,15534391296,15642329088,-1,-1
instances/ratio_1000/instance_500v6_1.80r13.cnf,all,500,900,94,105,150.04,1,988,44,44,alloc_graph,0.156982,0.142176,110034944,15532294144,15642329088,-1,-1
instances/ratio_1000/instance_500v6_1.80r13.cnf,all,500,900,94,105,150.04,1,988,44,44,scc,4.0603,4.06118,112132096,15530196992,15642329088,-1,-1
instances/ratio_1000/instance_500v6_1.80r13.cnf,all,500,900,94,105,150.04,1,988,44,44,topo_sort,0.894287,0.89392,112132096,15530196992,15642329088,-1,-1
instances/ratio_1000/instance_500v6_1.80r13.cnf,all,500,900,94,105,150.04,1,988,44,44,backbone,5.10596,5.11107,112132096,15530196992,15642329088,-1,-1
instances/ratio_1000/instance_500v6_1.80r13.cnf,all,500,900,94,105,150.04,1,988,44,44,wcc,0.192627,0.191904,112132096,15530196992,15642329088,-1,-1
instances/ratio_1000/instance_500v6_1.80r13.cnf,all,500,900,94,105,150.04,1,988,44,44,wcc_grouped,0.351562,0.352256,112132096,15530196992,15642329088,-1,-1
instances/ratio_1000/instance_500v6_1.80r13.cnf,all,500,900,94,105,150.04,1,988,44,44,heuristic1,10.2158,10.2158,112132096,15530196992,15642329088,119,139
instances/ratio_1000/instance_500v6_1.80r13.cnf,all,500,900,94,105,150.04,1,988,44,44,heuristic2,7.91357,7.912,112132096,15530196992,15642329088,99,119
instances/ratio_1000/instance_500v6_1.80r13.cnf,all,500,900,94,105,150.04,1,988,44,44,heuristic3,12.2083,12.2076,112132096,15530196992,15642329088,97,117
instances/ratio_1000/instance_500v6_1.80r13.cnf,all,500,900,94,105,150.04,1,988,44,44,heuristic4,918.895,918.908,112132096,15530196992,15642329088,92,112
instances/ratio_1000/instance_500v6_1.80r13.cnf,all,500,900,94,105,150.04,1,988,44,44,cleanup_device,0.0412598,0.040896,112132096,15530196992,15642329088,-1,-1
instances/ratio_1000/instance_500v6_1.80r13.cnf,all,500,900,94,105,150.04,1,988,44,44,total,960.923,-1,112132096,15530196992,15642329088,-1,-1
instances/ratio_1000/instance_500v6_1.90r14.cnf,all,500,950,97,97,5.93,1,872,74,19,read_instance,0.346436,-1,107937792,15534391296,15642329088,-1,-1
instances/ratio_1000/instance_500v6_1.90r14.cnf,all,500,950,97,97,5.93,1,872,74,19,alloc_graph,0.187744,0.172096,110034944,15532294144,15642329088,-1,-1
instances/ratio_1000/instance_500v6_1.90r14.cnf,all,500,950,97,97,5.93,1,872,74,19,scc,4.30176,4.30288,112132096,15530196992,15642329088,-1,-1
instances/ratio_1000/instance_500v6_1.90r14.cnf,all,500,950,97,97,5.93,1,872,74,19,topo_sort,0.484863,0.485216,112132096,15530196992,15642329088,-1,-1
instances/ratio_1000/instance_500v6_1.90r14.cnf,all,500,950,97,97,5.93,1,872,74,19,backbone,5.3667,5.37293,112132096,15530196992,15642329088,-1,-1
instances/ratio_1000/instance_500v6_1.90r14.cnf,all,500,950,97,97,5.93,1,872,74,19,wcc,0.243164,0.242592,112132096,15530196992,15642329088,-1,-1
instances/ratio_1000/instance_500v6_1.90r14.cnf,all,500,950,97,97,5.93,1,872,74,19,wcc_grouped,0.358887,0.3584,112132096,15530196992,15642329088,-1,-1
instances/ratio_1000/instance_500v6_1.90r14.cnf,all,500,950,97,97,5.93,1,872,74,19,heuristic1,8.9375,8.9376,112132096,15530196992,15642329088,97,132
instances/ratio_1000/instance_500v6_1.90r14.cnf,all,500,950,97,97,5.93,1,872,74,19,heuristic2,6.80493,6.8039,112132096,15530196992,15642329088,85,121
instances/ratio_1000/instance_500v6_1.90r14.cnf,all,500,950,97,97,5.93,1,872,74,19,heuristic3,10.9382,10.9376,112132096,15530196992,15642329088,78,113
instances/ratio_1000/instance_500v6_1.90r14.cnf,all,500,950,97,97,5.93,1,872,74,19,heuristic4,663.664,663.673,112132096,15530196992,15642329088,70,105
instances/ratio_1000/instance_500v6_1.90r14.cnf,all,500,950,97,97,5.93,1,872,74,19,cleanup_device,0.0415039,0.041248,112132096,15530196992,15642329088,-1,-1
instances/ratio_1000/instance_500v6_1.90r14.cnf,all,500,950,97,97,5.93,1,872,74,19,total,702.34,-1,112132096,15530196992,15642329088,-1,-1
instances/ratio_1000/instance_500v6_2.00r15.cnf,all,500,1000,77,90,150.05,1,996,28,30,read_instance,0.33374,-1,107937792,15534391296,15642329088,-1,-1
instances/ratio_1000/instance_500v6_2.00r15.cnf,all,500,1000,77,90,150.05,1,996,28,30,alloc_graph,0.161865,0.147456,110034944,15532294144,15642329088,-1,-1
instances/ratio_1000/instance_500v6_2.00r15.cnf,all,500,1000,77,90,150.05,1,996,28,30,scc,3.89648,3.89843,112132096,15530196992,15642329088,-1,-1
instances/ratio_1000/instance_500v6_2.00r15.cnf,all,500,1000,77,90,150.05,1,996,28,30,topo_sort,0.619385,0.618816,112132096,15530196992,15642329088,-1,-1
instances/ratio_1000/instance_500v6_2.00r15.cnf,all,500,1000,77,90,150.05,1,996,28,30,backbone,5.47021,5.47693,112132096,15530196992,15642329088,-1,-1
instances/ratio_1000/instance_500v6_2.00r15.cnf,all,500,1000,77,90,150.05,1,996,28,30,wcc,0.202393,0.202368,112132096,15530196992,15642329088,-1,-1
instances/ratio_1000/instance_500v6_2.00r15.cnf,all,500,1000,77,90,150.05,1,996,28,30,wcc_grouped,0.37793,0.377824,112132096,15530196992,15642329088,-1,-1
instances/ratio_1000/instance_500v6_2.00r15.cnf,all,500,1000,77,90,150.05,1,996,28,30,heuristic1,10.2314,10.2313,112132096,15530196992,15642329088,111,123
instances/ratio_1000/instance_500v6_2.00r15.cnf,all,500,1000,77,90,150.05,1,996,28,30,heuristic2,8.36987,8.36883,112132096,15530196992,15642329088,106,118
instances/ratio_1000/instance_500v6_2.00r15.cnf,all,500,1000,77,90,150.05,1,996,28,30,heuristic3,10.7944,10.7944,112132096,15530196992,15642329088,86,98
instances/ratio_1000/instance_500v6_2.00r15.cnf,all,500,1000,77,90,150.05,1,996,28,30,heuristic4,774.595,774.606,112132096,15530196992,15642329088,79,91
instances/ratio_1000/instance_500v6_2.00r15.cnf,all,500,1000,77,90,150.05,1,996,28,30,cleanup_device,0.0617676,0.061312,112132096,15530196992,15642329088,-1,-1
instances/ratio_1000/instance_500v6_2.00r15.cnf,all,500,1000,77,90,150.05,1,996,28,30,total,815.768,-1,112132096,15530196992,15642329088,-1,-1
instances/ratio_1000/instance_500v6_2.10r16.cnf,all,500,1050,83,83,24.01,1,978,24,41,read_instance,0.336182,-1,107937792,15534391296,15642329088,-1,-1
instances/ratio_1000/instance_500v6_2.10r16.cnf,all,500,1050,83,83,24.01,1,978,24,41,alloc_graph,0.183838,0.169984,110034944,15532294144,15642329088,-1,-1
instances/ratio_1000/instance_500v6_2.10r16.cnf,all,500,1050,83,83,24.01,1,978,24,41,scc,4.36255,4.36294,112132096,15530196992,15642329088,-1,-1
instances/ratio_1000/instance_500v6_2.10r16.cnf,all,500,1050,83,83,24.01,1,978,24,41,topo_sort,0.860596,0.860096,112132096,15530196992,15642329088,-1,-1
instances/ratio_1000/instance_500v6_2.10r16.cnf,all,500,1050,83,83,24.01,1,978,24,41,backbone,5.07715,5.08176,112132096,15530196992,15642329088,-1,-1
instances/ratio_1000/instance_500v6_2.10r16.cnf,all,500,1050,83,83,24.01,1,978,24,41,wcc,0.191895,0.190784,112132096,15530196992,15642329088,-1,-1
instances/ratio_1000/instance_500v6_2.10r16.cnf,all,500,1050,83,83,24.01,1,978,24,41,wcc_grouped,0.379883,0.380576,112132096,15530196992,15642329088,-1,-1
instances/ratio_1000/instance_500v6_2.10r16.cnf,all,500,1050,83,83,24.01,1,978,24,41,heuristic1,9.72119,9.72102,112132096,15530196992,15642329088,111,121
instances/ratio_1000/instance_500v6_2.10r16.cnf,all,500,1050,83,83,24.01,1,978,24,41,heuristic2,8.14087,8.13907,112132096,15530196992,15642329088,103,113
instances/ratio_1000/instance_500v6_2.10r16.cnf,all,500,1050,83,83,24.01,1,978,24,41,heuristic3,11.2417,11.2404,112132096,15530196992,15642329088,94,104
instances/ratio_1000/instance_500v6_2.10r16.cnf,all,500,1050,83,83,24.01,1,978,24,41,heuristic4,832.701,832.713,112132096,15530196992,15642329088,85,95
instances/ratio_1000/instance_500v6_2.10r16.cnf,all,500,1050,83,83,24.01,1,978,24,41,cleanup_device,0.041748,0.041824,112132096,15530196992,15642329088,-1,-1
instances/ratio_1000/instance_500v6_2.10r16.cnf,all,500,1050,83,83,24.01,1,978,24,41,total,873.86,-1,112132096,15530196992,15642329088,-1,-1
instances/ratio_1000/instance_500v6_2.20r17.cnf,all,500,1100,76,76,20.03,1,1000,32,49,read_instance,0.341797,-1,107937792,15534391296,15642329088,-1,-1
instances/ratio_1000/instance_500v6_2.20r17.cnf,all,500,1100,76,76,20.03,1,1000,32,49,alloc_graph,0.170166,0.155648,110034944,15532294144,15642329088,-1,-1
instances/ratio_1000/instance_500v6_2.20r17.cnf,all,500,1100,76,76,20.03,1,1000,32,49,scc,3.92407,3.92432,112132096,15530196992,15642329088,-1,-1
instances/ratio_1000/instance_500v6_2.20r17.cnf,all,500,1100,76,76,20.03,1,1000,32,49,topo_sort,1.01709,1.01715,112132096,15530196992,15642329088,-1,-1
instances/ratio_1000/instance_500v6_2.20r17.cnf,all,500,1100,76,76,20.03,1,1000,32,49,backbone,4.9729,4.97872,112132096,15530196992,15642329088,-1,-1
instances/ratio_1000/instance_500v6_2.20r17.cnf,all,500,1100,76,76,20.03,1,1000,32,49,wcc,0.198486,0.198144,112132096,15530196992,15642329088,-1,-1
instances/ratio_1000/instance_500v6_2.20r17.cnf,all,500,1100,76,76,20.03,1,1000,32,49,wcc_grouped,0.371338,0.371008,112132096,15530196992,15642329088,-1,-1
instances/ratio_1000/instance_500v6_2.20r17.cnf,all,500,1100,76,76,20.03,1,1000,32,49,heuristic1,8.29736,8.29642,112132096,15530196992,15642329088,95,109
instances/ratio_1000/instance_500v6_2.20r17.cnf,all,500,1100,76,76,20.03,1,1000,32,49,heuristic2,6.30225,6.30096,112132096,15530196992,15642329088,74,88
instances/ratio_1000/instance_500v6_2.20r17.cnf,all,500,1100,76,76,20.03,1,1000,32,49,heuristic3,10.4937,10.4932,112132096,15530196992,15642329088,88,102
instances/ratio_1000/instance_500v6_2.20r17.cnf,all,500,1100,76,76,20.03,1,1000,32,49,heuristic4,822.042,822.054,112132096,15530196992,15642329088,83,97
instances/ratio_1000/instance_500v6_2.20r17.cnf,all,500,1100,76,76,20.03,1,1000,32,49,cleanup_device,0.0439453,0.043584,112132096,15530196992,15642329088,-1,-1
instances/ratio_1000/instance_500v6_2.20r17.cnf,all,500,1100,76,76,20.03,1,1000,32,49,total,858.835,-1,112132096,15530196992,15642329088,-1,-1
instances/ratio_1000/instance_500v6_2.30r18.cnf,all,500,1150,82,82,0.15,1,860,48,29,read_instance,0.39917,-1,107937792,15534391296,15642329088,-1,-1
instances/ratio_1000/instance_500v6_2.30r18.cnf,all,500,1150,82,82,0.15,1,860,48,29,alloc_graph,0.165039,0.150624,110034944,15532294144,15642329088,-1,-1
instances/ratio_1000/instance_500v6_2.30r18.cnf,all,500,1150,82,82,0.15,1,860,48,29,scc,4.22754,4.22845,112132096,15530196992,15642329088,-1,-1
instances/ratio_1000/instance_500v6_2.30r18.cnf,all,500,1150,82,82,0.15,1,860,48,29,topo_sort,0.682373,0.681248,112132096,15530196992,15642329088,-1,-1
instances/ratio_1000/instance_500v6_2.30r18.cnf,all,500,1150,82,82,0.15,1,860,48,29,backbone,5.06641,5.07062,112132096,15530196992,15642329088,-1,-1
instances/ratio_1000/instance_500v6_2.30r18.cnf,all,500,1150,82,82,0.15,1,860,48,29,wcc,0.196777,0.196608,112132096,15530196992,15642329088,-1,-1
instances/ratio_1000/instance_500v6_2.30r18.cnf,all,500,1150,82,82,0.15,1,860,48,29,wcc_grouped,0.368408,0.36832,112132096,15530196992,15642329088,-1,-1
instances/ratio_1000/instance_500v6_2.30r18.cnf,all,500,1150,82,82,0.15,1,860,48,29,heuristic1,7.11597,7.11491,112132096,15530196992,15642329088,83,106
instances/ratio_1000/instance_500v6_2.30r18.cnf,all,500,1150,82,82,0.15,1,860,48,29,heuristic2,5.28271,5.28112,112132096,15530196992,15642329088,67,89
instances/ratio_1000/instance_500v6_2.30r18.cnf,all,500,1150,82,82,0.15,1,860,48,29,heuristic3,9.26318,9.26182,112132096,15530196992,15642329088,74,96
instances/ratio_1000/instance_500v6_2.30r18.cnf,all,500,1150,82,82,0.15,1,860,48,29,heuristic4,658.333,658.343,112132096,15530196992,15642329088,69,91
instances/ratio_1000/instance_500v6_2.30r18.cnf,all,500,1150,82,82,0.15,1,860,48,29,cleanup_device,0.0410156,0.04064,112132096,15530196992,15642329088,-1,-1
instances/ratio_1000/instance_500v6_2.30r18.cnf,all,500,1150,82,82,0.15,1,860,48,29,total,691.711,-1,112132096,15530196992,15642329088,-1,-1
instances/ratio_1000/instance_500v6_2.40r19.cnf,all,500,1200,77,77,1.47,1,888,42,32,read_instance,0.347168,-1,107937792,15534391296,15642329088,-1,-1
instances/ratio_1000/instance_500v6_2.40r19.cnf,all,500,1200,77,77,1.47,1,888,42,32,alloc_graph,0.163574,0.146944,110034944,15532294144,15642329088,-1,-1
instances/ratio_1000/instance_500v6_2.40r19.cnf,all,500,1200,77,77,1.47,1,888,42,32,scc,4.52783,4.52842,112132096,15530196992,15642329088,-1,-1
instances/ratio_1000/instance_500v6_2.40r19.cnf,all,500,1200,77,77,1.47,1,888,42,32,topo_sort,0.714355,0.714336,112132096,15530196992,15642329088,-1,-1
instances/ratio_1000/instance_500v6_2.40r19.cnf,all,500,1200,77,77,1.47,1,888,42,32,backbone,5.01392,5.02058,112132096,15530196992,15642329088,-1,-1
instances/ratio_1000/instance_500v6_2.40r19.cnf,all,500,1200,77,77,1.47,1,888,42,32,wcc,0.228027,0.227968,112132096,15530196992,15642329088,-1,-1
instances/ratio_1000/instance_500v6_2.40r19.cnf,all,500,1200,77,77,1.47,1,888,42,32,wcc_grouped,0.340088,0.34032,112132096,15530196992,15642329088,-1,-1
instances/ratio_1000/instance_500v6_2.40r19.cnf,all,500,1200,77,77,1.47,1,888,42,32,heuristic1,7.33179,7.33126,112132096,15530196992,15642329088,82,101
instances/ratio_1000/instance_500v6_2.40r19.cnf,all,500,1200,77,77,1.47,1,888,42,32,heuristic2,6.03979,6.03878,112132096,15530196992,15642329088,74,93
instances/ratio_1000/instance_500v6_2.40r19.cnf,all,500,1200,77,77,1.47,1,888,42,32,heuristic3,9.7312,9.73046,112132096,15530196992,15642329088,74,93
instances/ratio_1000/instance_500v6_2.40r19.cnf,all,500,1200,77,77,1.47,1,888,42,32,heuristic4,594.841,594.849,112132096,15530196992,15642329088,63,82
instances/ratio_1000/instance_500v6_2.40r19.cnf,all,500,1200,77,77,1.47,1,888,42,32,cleanup_device,0.041748,0.041536,112132096,15530196992,15642329088,-1,-1
instances/ratio_1000/instance_500v6_2.40r19.cnf,all,500,1200,77,77,1.47,1,888,42,32,total,629.929,-1,112132096,15530196992,15642329088,-1,-1
instances/ratio_1000/instance_500v6_2.50r20.cnf,all,500,1250,70,70,0.11,1,848,38,36,read_instance,0.370361,-1,107937792,15534391296,15642329088,-1,-1
instances/ratio_1000/instance_500v6_2.50r20.cnf,all,500,1250,70,70,0.11,1,848,38,36,alloc_graph,0.185547,0.1704,110034944,15532294144,15642329088,-1,-1
instances/ratio_1000/instance_500v6_2.50r20.cnf,all,500,1250,70,70,0.11,1,848,38,36,scc,4.19922,4.20045,112132096,15530196992,15642329088,-1,-1
instances/ratio_1000/instance_500v6_2.50r20.cnf,all,500,1250,70,70,0.11,1,848,38,36,topo_sort,0.782227,0.781344,112132096,15530196992,15642329088,-1,-1
instances/ratio_1000/instance_500v6_2.50r20.cnf,all,500,1250,70,70,0.11,1,848,38,36,backbone,5.09058,5.09757,112132096,15530196992,15642329088,-1,-1
instances/ratio_1000/instance_500v6_2.50r20.cnf,all,500,1250,70,70,0.11,1,848,38,36,wcc,0.201904,0.201216,112132096,15530196992,15642329088,-1,-1
instances/ratio_1000/instance_500v6_2.50r20.cnf,all,500,1250,70,70,0.11,1,848,38,36,wcc_grouped,0.381836,0.38272,112132096,15530196992,15642329088,-1,-1
instances/ratio_1000/instance_500v6_2.50r20.cnf,all,500,1250,70,70,0.11,1,848,38,36,heuristic1,6.71069,6.70986,112132096,15530196992,15642329088,76,93
instances/ratio_1000/instance_500v6_2.50r20.cnf,all,500,1250,70,70,0.11,1,848,38,36,heuristic2,5.24536,5.24426,112132096,15530196992,15642329088,62,79
instances/ratio_1000/instance_500v6_2.50r20.cnf,all,500,1250,70,70,0.11,1,848,38,36,heuristic3,9.79858,9.79706,112132096,15530196992,15642329088,70,87
instances/ratio_1000/instance_500v6_2.50r20.cnf,all,500,1250,70,70,0.11,1,848,38,36,heuristic4,588.75,588.759,112132096,15530196992,15642329088,63,80
instances/ratio_1000/instance_500v6_2.50r20.cnf,all,500,1250,70,70,0.11,1,848,38,36,cleanup_device,0.0446777,0.04432,112132096,15530196992,15642329088,-1,-1
instances/ratio_1000/instance_500v6_2.50r20.cnf,all,500,1250,70,70,0.11,1,848,38,36,total,622.366,-1,112132096,15530196992,15642329088,-1,-1
instances/ratio_1000/instance_500v6_2.60r21.cnf,all,500,1300,67,67,0.07,1,828,46,49,read_instance,0.373535,-1,107937792,15534391296,15642329088,-1,-1
instances/ratio_1000/instance_500v6_2.60r21.cnf,all,500,1300,67,67,0.07,1,828,46,49,alloc_graph,0.155762,0.142816,110034944,15532294144,15642329088,-1,-1
instances/ratio_1000/instance_500v6_2.60r21.cnf,all,500,1300,67,67,0.07,1,828,46,49,scc,4.28809,4.28851,112132096,15530196992,15642329088,-1,-1
instances/ratio_1000/instance_500v6_2.60r21.cnf,all,500,1300,67,67,0.07,1,828,46,49,topo_sort,1.0354,1.03446,112132096,15530196992,15642329088,-1,-1
instances/ratio_1000/instance_500v6_2.60r21.cnf,all,500,1300,67,67,0.07,1,828,46,49,backbone,5.12329,5.12954,112132096,15530196992,15642329088,-1,-1
instances/ratio_1000/instance_500v6_2.60r21.cnf,all,500,1300,67,67,0.07,1,828,46,49,wcc,0.250244,0.249728,112132096,15530196992,15642329088,-1,-1
instances/ratio_1000/instance_500v6_2.60r21.cnf,all,500,1300,67,67,0.07,1,828,46,49,wcc_grouped,0.408936,0.409248,112132096,15530196992,15642329088,-1,-1
instances/ratio_1000/instance_500v6_2.60r21.cnf,all,500,1300,67,67,0.07,1,828,46,49,heuristic1,7.46875,7.46838,112132096,15530196992,15642329088,72,93
instances/ratio_1000/instance_500v6_2.60r21.cnf,all,500,1300,67,67,0.07,1,828,46,49,heuristic2,5.10571,5.10438,112132096,15530196992,15642329088,64,85
instances/ratio_1000/instance_500v6_2.60r21.cnf,all,500,1300,67,67,0.07,1,828,46,49,heuristic3,8.95874,8.95754,112132096,15530196992,15642329088,60,81
instances/ratio_1000/instance_500v6_2.60r21.cnf,all,500,1300,67,67,0.07,1,828,46,49,heuristic4,502.707,502.714,112132096,15530196992,15642329088,55,76
instances/ratio_1000/instance_500v6_2.60r21.cnf,all,500,1300,67,67,0.07,1,828,46,49,cleanup_device,0.0412598,0.041184,112132096,15530196992,15642329088,-1,-1
instances/ratio_1000/instance_500v6_2.60r21.cnf,all,500,1300,67,67,0.07,1,828,46,49,total,536.498,-1,112132096,15530196992,15642329088,-1,-1
instances/ratio_1000/instance_500v6_2.70r22.cnf,all,500,1350,63,63,0.05,1,702,50,34,read_instance,0.397461,-1,107937792,15534391296,15642329088,-1,-1
instances/ratio_1000/instance_500v6_2.70r22.cnf,all,500,1350,63,63,0.05,1,702,50,34,alloc_graph,0.167725,0.149984,110034944,15532294144,15642329088,-1,-1
instances/ratio_1000/instance_500v6_2.70r22.cnf,all,500,1350,63,63,0.05,1,702,50,34,scc,4.25073,4.25194,112132096,15530196992,15642329088,-1,-1
instances/ratio_1000/instance_500v6_2.70r22.cnf,all,500,1350,63,63,0.05,1,702,50,34,topo_sort,0.761963,0.761312,112132096,15530196992,15642329088,-1,-1
instances/ratio_1000/instance_500v6_2.70r22.cnf,all,500,1350,63,63,0.05,1,702,50,34,backbone,5.2561,5.26118,112132096,15530196992,15642329088,-1,-1
instances/ratio_1000/instance_500v6_2.70r22.cnf,all,500,1350,63,63,0.05,1,702,50,34,wcc,0.22168,0.221344,112132096,15530196992,15642329088,-1,-1
instances/ratio_1000/instance_500v6_2.70r22.cnf,all,500,1350,63,63,0.05,1,702,50,34,wcc_grouped,0.353271,0.352512,112132096,15530196992,15642329088,-1,-1
instances/ratio_1000/instance_500v6_2.70r22.cnf,all,500,1350,63,63,0.05,1,702,50,34,heuristic1,5.2478,5.24714,112132096,15530196992,15642329088,57,81
instances/ratio_1000/instance_500v6_2.70r22.cnf,all,500,1350,63,63,0.05,1,702,50,34,heuristic2,4.06299,4.06214,112132096,15530196992,15642329088,48,72
instances/ratio_1000/instance_500v6_2.70r22.cnf,all,500,1350,63,63,0.05,1,702,50,34,heuristic3,7.54321,7.5431,112132096,15530196992,15642329088,51,74
instances/ratio_1000/instance_500v6_2.70r22.cnf,all,500,1350,63,63,0.05,1,702,50,34,heuristic4,384.477,384.483,112132096,15530196992,15642329088,45,68
instances/ratio_1000/instance_500v6_2.70r22.cnf,all,500,1350,63,63,0.05,1,702,50,34,cleanup_device,0.0429688,0.042944,112132096,15530196992,15642329088,-1,-1
instances/ratio_1000/instance_500v6_2.70r22.cnf,all,500,1350,63,63,0.05,1,702,50,34,total,413.353,-1,112132096,15530196992,15642329088,-1,-1
instances/ratio_1000/instance_500v6_2.80r23.cnf,all,500,1400,57,57,0.04,1,726,42,41,read_instance,0.432373,-1,107937792,15534391296,15642329088,-1,-1
instances/ratio_1000/instance_500v6_2.80r23.cnf,all,500,1400,57,57,0.04,1,726,42,41,alloc_graph,0.161865,0.147424,110034944,15532294144,15642329088,-1,-1
instances/ratio_1000/instance_500v6_2.80r23.cnf,all,500,1400,57,57,0.04,1,726,42,41,scc,4.57031,4.55437,112132096,15530196992,15642329088,-1,-1
instances/ratio_1000/instance_500v6_2.80r23.cnf,all,500,1400,57,57,0.04,1,726,42,41,topo_sort,0.935059,0.934144,112132096,15530196992,15642329088,-1,-1
instances/ratio_1000/instance_500v6_2.80r23.cnf,all,500,1400,57,57,0.04,1,726,42,41,backbone,5.37769,5.38125,112132096,15530196992,15642329088,-1,-1
instances/ratio_1000/instance_500v6_2.80r23.cnf,all,500,1400,57,57,0.04,1,726,42,41,wcc,0.235352,0.235264,112132096,15530196992,15642329088,-1,-1
instances/ratio_1000/instance_500v6_2.80r23.cnf,all,500,1400,57,57,0.04,1,726,42,41,wcc_grouped,0.414062,0.41472,112132096,15530196992,15642329088,-1,-1
instances/ratio_1000/instance_500v6_2.80r23.cnf,all,500,1400,57,57,0.04,1,726,42,41,heuristic1,5.08984,5.08915,112132096,15530196992,15642329088,55,74
instances/ratio_1000/instance_500v6_2.80r23.cnf,all,500,1400,57,57,0.04,1,726,42,41,heuristic2,4.3938,4.39248,112132096,15530196992,15642329088,52,71
instances/ratio_1000/instance_500v6_2.80r23.cnf,all,500,1400,57,57,0.04,1,726,42,41,heuristic3,8.47583,8.47504,112132096,15530196992,15642329088,51,70
instances/ratio_1000/instance_500v6_2.80r23.cnf,all,500,1400,57,57,0.04,1,726,42,41,heuristic4,365.409,365.414,112132096,15530196992,15642329088,44,63
instances/ratio_1000/instance_500v6_2.80r23.cnf,all,500,1400,57,57,0.04,1,726,42,41,cleanup_device,0.0412598,0.041152,112132096,15530196992,15642329088,-1,-1
instances/ratio_1000/instance_500v6_2.80r23.cnf,all,500,1400,57,57,0.04,1,726,42,41,total,396.135,-1,112132096,15530196992,15642329088,-1,-1
instances/ratio_1000/instance_500v6_2.90r24.cnf,all,500,1450,67,67,0.04,1,578,72,19,read_instance,0.408447,-1,107937792,15534391296,15642329088,-1,-1
instances/ratio_1000/instance_500v6_2.90r24.cnf,all,500,1450,67,67,0.04,1,578,72,19,alloc_graph,0.159912,0.145632,110034944,15532294144,15642329088,-1,-1
instances/ratio_1000/instance_500v6_2.90r24.cnf,all,500,1450,67,67,0.04,1,578,72,19,scc,4.58032,4.58138,112132096,15530196992,15642329088,-1,-1
instances/ratio_1000/instance_500v6_2.90r24.cnf,all,500,1450,67,67,0.04,1,578,72,19,topo_sort,0.520752,0.520128,112132096,15530196992,15642329088,-1,-1
instances/ratio_1000/instance_500v6_2.90r24.cnf,all,500,1450,67,67,0.04,1,578,72,19,backbone,5.15161,5.15878,112132096,15530196992,15642329088,-1,-1
instances/ratio_1000/instance_500v6_2.90r24.cnf,all,500,1450,67,67,0.04,1,578,72,19,wcc,0.210693,0.210944,112132096,15530196992,15642329088,-1,-1
instances/ratio_1000/instance_500v6_2.90r24.cnf,all,500,1450,67,67,0.04,1,578,72,19,wcc_grouped,0.353271,0.352736,112132096,15530196992,15642329088,-1,-1
instances/ratio_1000/instance_500v6_2.90r24.cnf,all,500,1450,67,67,0.04,1,578,72,19,heuristic1,4.57764,4.57622,112132096,15530196992,15642329088,52,87
instances/ratio_1000/instance_500v6_2.90r24.cnf,all,500,1450,67,67,0.04,1,578,72,19,heuristic2,3.72144,3.72058,112132096,15530196992,15642329088,46,80
instances/ratio_1000/instance_500v6_2.90r24.cnf,all,500,1450,67,67,0.04,1,578,72,19,heuristic3,6.66602,6.66528,112132096,15530196992,15642329088,44,78
instances/ratio_1000/instance_500v6_2.90r24.cnf,all,500,1450,67,67,0.04,1,578,72,19,heuristic4,300.129,300.133,112132096,15530196992,15642329088,38,72
instances/ratio_1000/instance_500v6_2.90r24.cnf,all,500,1450,67,67,0.04,1,578,72,19,cleanup_device,0.043457,0.042816,112132096,15530196992,15642329088,-1,-1
instances/ratio_1000/instance_500v6_2.90r24.cnf,all,500,1450,67,67,0.04,1,578,72,19,total,327.142,-1,112132096,15530196992,15642329088,-1,-1
instances/ratio_1000/instance_500v6_3.00r25.cnf,all,500,1500,52,52,0.07,1,668,38,23,read_instance,0.453125,-1,107937792,15534391296,15642329088,-1,-1
instances/ratio_1000/instance_500v6_3.00r25.cnf,all,500,1500,52,52,0.07,1,668,38,23,alloc_graph,0.178467,0.16384,110034944,15532294144,15642329088,-1,-1
instances/ratio_1000/instance_500v6_3.00r25.cnf,all,500,1500,52,52,0.07,1,668,38,23,scc,4.50244,4.50342,112132096,15530196992,15642329088,-1,-1
instances/ratio_1000/instance_500v6_3.00r25.cnf,all,500,1500,52,52,0.07,1,668,38,23,topo_sort,0.587646,0.5864,112132096,15530196992,15642329088,-1,-1
instances/ratio_1000/instance_500v6_3.00r25.cnf,all,500,1500,52,52,0.07,1,668,38,23,backbone,5.12915,5.1335,112132096,15530196992,15642329088,-1,-1
instances/ratio_1000/instance_500v6_3.00r25.cnf,all,500,1500,52,52,0.07,1,668,38,23,wcc,0.202393,0.201472,112132096,15530196992,15642329088,-1,-1
instances/ratio_1000/instance_500v6_3.00r25.cnf,all,500,1500,52,52,0.07,1,668,38,23,wcc_grouped,0.379395,0.378976,112132096,15530196992,15642329088,-1,-1
instances/ratio_1000/instance_500v6_3.00r25.cnf,all,500,1500,52,52,0.07,1,668,38,23,heuristic1,4.41943,4.41904,112132096,15530196992,15642329088,47,64
instances/ratio_1000/instance_500v6_3.00r25.cnf,all,500,1500,52,52,0.07,1,668,38,23,heuristic2,3.8269,3.8263,112132096,15530196992,15642329088,46,63
instances/ratio_1000/instance_500v6_3.00r25.cnf,all,500,1500,52,52,0.07,1,668,38,23,heuristic3,6.58643,6.58509,112132096,15530196992,15642329088,39,56
instances/ratio_1000/instance_500v6_3.00r25.cnf,all,500,1500,52,52,0.07,1,668,38,23,heuristic4,333.929,333.933,112132096,15530196992,15642329088,40,57
instances/ratio_1000/instance_500v6_3.00r25.cnf,all,500,1500,52,52,0.07,1,668,38,23,cleanup_device,0.041748,0.041664,112132096,15530196992,15642329088,-1,-1
instances/ratio_1000/instance_500v6_3.00r25.cnf,all,500,1500,52,52,0.07,1,668,38,23,total,360.841,-1,112132096,15530196992,15642329088,-1,-1
instances/ratio_1000/instance_500v6_3.10r26.cnf,all,500,1550,60,60,0.06,1,560,62,23,read_instance,0.465576,-1,107937792,15534391296,15642329088,-1,-1
instances/ratio_1000/instance_500v6_3.10r26.cnf,all,500,1550,60,60,0.06,1,560,62,23,alloc_graph,0.178711,0.165888,110034944,15532294144,15642329088,-1,-1
instances/ratio_1000/instance_500v6_3.10r26.cnf,all,500,1550,60,60,0.06,1,560,62,23,scc,4.29688,4.29875,112132096,15530196992,15642329088,-1,-1
instances/ratio_1000/instance_500v6_3.10r26.cnf,all,500,1550,60,60,0.06,1,560,62,23,topo_sort,0.645264,0.644288,112132096,15530196992,15642329088,-1,-1
instances/ratio_1000/instance_500v6_3.10r26.cnf,all,500,1550,60,60,0.06,1,560,62,23,backbone,5.12573,5.13194,112132096,15530196992,15642329088,-1,-1
instances/ratio_1000/instance_500v6_3.10r26.cnf,all,500,1550,60,60,0.06,1,560,62,23,wcc,0.212646,0.211584,112132096,15530196992,15642329088,-1,-1
instances/ratio_1000/instance_500v6_3.10r26.cnf,all,500,1550,60,60,0.06,1,560,62,23,wcc_grouped,0.394287,0.394592,112132096,15530196992,15642329088,-1,-1
instances/ratio_1000/instance_500v6_3.10r26.cnf,all,500,1550,60,60,0.06,1,560,62,23,heuristic1,4.33252,4.33184,112132096,15530196992,15642329088,48,78
instances/ratio_1000/instance_500v6_3.10r26.cnf,all,500,1550,60,60,0.06,1,560,62,23,heuristic2,2.60571,2.6039,112132096,15530196992,15642329088,33,63
instances/ratio_1000/instance_500v6_3.10r26.cnf,all,500,1550,60,60,0.06,1,560,62,23,heuristic3,6.30566,6.3047,112132096,15530196992,15642329088,37,67
instances/ratio_1000/instance_500v6_3.10r26.cnf,all,500,1550,60,60,0.06,1,560,62,23,heuristic4,250.493,250.497,112132096,15530196992,15642329088,33,63
instances/ratio_1000/instance_500v6_3.10r26.cnf,all,500,1550,60,60,0.06,1,560,62,23,cleanup_device,0.0427246,0.0424,112132096,15530196992,15642329088,-1,-1
instances/ratio_1000/instance_500v6_3.10r26.cnf,all,500,1550,60,60,0.06,1,560,62,23,total,275.68,-1,112132096,15530196992,15642329088,-1,-1
instances/ratio_1000/instance_500v6_3.20r27.cnf,all,500,1600,53,53,0.07,1,678,40,42,read_instance,0.434082,-1,107937792,15534391296,15642329088,-1,-1
instances/ratio_1000/instance_500v6_3.20r27.cnf,all,500,1600,53,53,0.07,1,678,40,42,alloc_graph,0.188721,0.16976,110034944,15532294144,15642329088,-1,-1
instances/ratio_1000/instance_500v6_3.20r27.cnf,all,500,1600,53,53,0.07,1,678,40,42,scc,4.17896,4.18006,112132096,15530196992,15642329088,-1,-1
instances/ratio_1000/instance_500v6_3.20r27.cnf,all,500,1600,53,53,0.07,1,678,40,42,topo_sort,0.969727,0.969568,112132096,15530196992,15642329088,-1,-1
instances/ratio_1000/instance_500v6_3.20r27.cnf,all,500,1600,53,53,0.07,1,678,40,42,backbone,5.45728,5.46893,112132096,15530196992,15642329088,-1,-1
instances/ratio_1000/instance_500v6_3.20r27.cnf,all,500,1600,53,53,0.07,1,678,40,42,wcc,0.220215,0.219136,112132096,15530196992,15642329088,-1,-1
instances/ratio_1000/instance_500v6_3.20r27.cnf,all,500,1600,53,53,0.07,1,678,40,42,wcc_grouped,0.384277,0.384896,112132096,15530196992,15642329088,-1,-1
instances/ratio_1000/instance_500v6_3.20r27.cnf,all,500,1600,53,53,0.07,1,678,40,42,heuristic1,5.99756,5.99744,112132096,15530196992,15642329088,53,72
instances/ratio_1000/instance_500v6_3.20r27.cnf,all,500,1600,53,53,0.07,1,678,40,42,heuristic2,3.61646,3.61469,112132096,15530196992,15642329088,42,60
instances/ratio_1000/instance_500v6_3.20r27.cnf,all,500,1600,53,53,0.07,1,678,40,42,heuristic3,7.14111,7.14026,112132096,15530196992,15642329088,40,58
instances/ratio_1000/instance_500v6_3.20r27.cnf,all,500,1600,53,53,0.07,1,678,40,42,heuristic4,303.695,303.699,112132096,15530196992,15642329088,38,56
instances/ratio_1000/instance_500v6_3.20r27.cnf,all,500,1600,53,53,0.07,1,678,40,42,cleanup_device,0.0444336,0.044096,112132096,15530196992,15642329088,-1,-1
instances/ratio_1000/instance_500v6_3.20r27.cnf,all,500,1600,53,53,0.07,1,678,40,42,total,332.975,-1,112132096,15530196992,15642329088,-1,-1
instances/ratio_1000/instance_500v6_3.30r28.cnf,all,500,1650,55,55,0.05,1,588,38,22,read_instance,0.48291,-1,107937792,15534391296,15642329088,-1,-1
instances/ratio_1000/instance_500v6_3.30r28.cnf,all,500,1650,55,55,0.05,1,588,38,22,alloc_graph,0.171387,0.156256,110034944,15532294144,15642329088,-1,-1
instances/ratio_1000/instance_500v6_3.30r28.cnf,all,500,1650,55,55,0.05,1,588,38,22,scc,4.19214,4.19302,112132096,15530196992,15642329088,-1,-1
instances/ratio_1000/instance_500v6_3.30r28.cnf,all,500,1650,55,55,0.05,1,588,38,22,topo_sort,0.591553,0.590624,112132096,15530196992,15642329088,-1,-1
instances/ratio_1000/instance_500v6_3.30r28.cnf,all,500,1650,55,55,0.05,1,588,38,22,backbone,5.45068,5.4607,112132096,15530196992,15642329088,-1,-1
instances/ratio_1000/instance_500v6_3.30r28.cnf,all,500,1650,55,55,0.05,1,588,38,22,wcc,0.211426,0.209376,112132096,15530196992,15642329088,-1,-1
instances/ratio_1000/instance_500v6_3.30r28.cnf,all,500,1650,55,55,0.05,1,588,38,22,wcc_grouped,0.362305,0.36128,112132096,15530196992,15642329088,-1,-1
instances/ratio_1000/instance_500v6_3.30r28.cnf,all,500,1650,55,55,0.05,1,588,38,22,heuristic1,5.80078,5.7999,112132096,15530196992,15642329088,64,81
instances/ratio_1000/instance_500v6_3.30r28.cnf,all,500,1650,55,55,0.05,1,588,38,22,heuristic2,4.07764,4.07645,112132096,15530196992,15642329088,53,70
instances/ratio_1000/instance_500v6_3.30r28.cnf,all,500,1650,55,55,0.05,1,588,38,22,heuristic3,7.73218,7.73142,112132096,15530196992,15642329088,51,68
instances/ratio_1000/instance_500v6_3.30r28.cnf,all,500,1650,55,55,0.05,1,588,38,22,heuristic4,458.321,458.327,112132096,15530196992,15642329088,51,68
instances/ratio_1000/instance_500v6_3.30r28.cnf,all,500,1650,55,55,0.05,1,588,38,22,cleanup_device,0.0410156,0.040672,112132096,15530196992,15642329088,-1,-1
instances/ratio_1000/instance_500v6_3.30r28.cnf,all,500,1650,55,55,0.05,1,588,38,22,total,488.065,-1,112132096,15530196992,15642329088,-1,-1
instances/ratio_1000/instance_500v6_3.40r29.cnf,all,500,1700,50,50,0.05,1,574,30,38,read_instance,0.486328,-1,107937792,15534391296,15642329088,-1,-1
instances/ratio_1000/instance_500v6_3.40r29.cnf,all,500,1700,50,50,0.05,1,574,30,38,alloc_graph,0.185791,0.172032,110034944,15532294144,15642329088,-1,-1
instances/ratio_1000/instance_500v6_3.40r29.cnf,all,500,1700,50,50,0.05,1,574,30,38,scc,4.30054,4.3008,112132096,15530196992,15642329088,-1,-1
instances/ratio_1000/instance_500v6_3.40r29.cnf,all,500,1700,50,50,0.05,1,574,30,38,topo_sort,0.869141,0.86832,112132096,15530196992,15642329088,-1,-1
instances/ratio_1000/instance_500v6_3.40r29.cnf,all,500,1700,50,50,0.05,1,574,30,38,backbone,5.11206,5.11747,112132096,15530196992,15642329088,-1,-1
instances/ratio_1000/instance_500v6_3.40r29.cnf,all,500,1700,50,50,0.05,1,574,30,38,wcc,0.229492,0.229376,112132096,15530196992,15642329088,-1,-1
instances/ratio_1000/instance_500v6_3.40r29.cnf,all,500,1700,50,50,0.05,1,574,30,38,wcc_grouped,0.346924,0.34784,112132096,15530196992,15642329088,-1,-1
instances/ratio_1000/instance_500v6_3.40r29.cnf,all,500,1700,50,50,0.05,1,574,30,38,heuristic1,4.35107,4.35136,112132096,15530196992,15642329088,49,63
instances/ratio_1000/instance_500v6_3.40r29.cnf,all,500,1700,50,50,0.05,1,574,30,38,heuristic2,3.79199,3.79187,112132096,15530196992,15642329088,43,57
instances/ratio_1000/instance_500v6_3.40r29.cnf,all,500,1700,50,50,0.05,1,574,30,38,heuristic3,6.80298,6.80208,112132096,15530196992,15642329088,41,55
instances/ratio_1000/instance_500v6_3.40r29.cnf,all,500,1700,50,50,0.05,1,574,30,38,heuristic4,282.476,282.48,112132096,15530196992,15642329088,36,50
instances/ratio_1000/instance_500v6_3.40r29.cnf,all,500,1700,50,50,0.05,1,574,30,38,cleanup_device,0.0437012,0.043328,112132096,15530196992,15642329088,-1,-1
instances/ratio_1000/instance_500v6_3.40r29.cnf,all,500,1700,50,50,0.05,1,574,30,38,total,309.608,-1,112132096,15530196992,15642329088,-1,-1
instances/ratio_1000/instance_500v6_3.50r30.cnf,all,500,1750,50,50,0.04,1,472,48,17,read_instance,0.538818,-1,107937792,15534391296,15642329088,-1,-1
instances/ratio_1000/instance_500v6_3.50r30.cnf,all,500,1750,50,50,0.04,1,472,48,17,alloc_graph,0.194336,0.164608,110034944,15532294144,15642329088,-1,-1
instances/ratio_1000/instance_500v6_3.50r30.cnf,all,500,1750,50,50,0.04,1,472,48,17,scc,4.44482,4.44618,112132096,15530196992,15642329088,-1,-1
instances/ratio_1000/instance_500v6_3.50r30.cnf,all,500,1750,50,50,0.04,1,472,48,17,topo_sort,0.51001,0.508832,112132096,15530196992,15642329088,-1,-1
instances/ratio_1000/instance_500v6_3.50r30.cnf,all,500,1750,50,50,0.04,1,472,48,17,backbone,5.39038,5.39491,112132096,15530196992,15642329088,-1,-1
instances/ratio_1000/instance_500v6_3.50r30.cnf,all,500,1750,50,50,0.04,1,472,48,17,wcc,0.219482,0.219104,112132096,15530196992,15642329088,-1,-1
instances/ratio_1000/instance_500v6_3.50r30.cnf,all,500,1750,50,50,0.04,1,472,48,17,wcc_grouped,0.388184,0.3888,112132096,15530196992,15642329088,-1,-1
instances/ratio_1000/instance_500v6_3.50r30.cnf,all,500,1750,50,50,0.04,1,472,48,17,heuristic1,3.4563,3.45504,112132096,15530196992,15642329088,40,63
instances/ratio_1000/instance_500v6_3.50r30.cnf,all,500,1750,50,50,0.04,1,472,48,17,heuristic2,2.50488,2.50298,112132096,15530196992,15642329088,31,54
instances/ratio_1000/instance_500v6_3.50r30.cnf,all,500,1750,50,50,0.04,1,472,48,17,heuristic3,5.83081,5.83011,112132096,15530196992,15642329088,32,55
instances/ratio_1000/instance_500v6_3.50r30.cnf,all,500,1750,50,50,0.04,1,472,48,17,heuristic4,248.605,248.609,112132096,15530196992,15642329088,31,54
instances/ratio_1000/instance_500v6_3.50r30.cnf,all,500,1750,50,50,0.04,1,472,48,17,cleanup_device,0.0441895,0.044,112132096,15530196992,15642329088,-1,-1
instances/ratio_1000/instance_500v6_3.50r30.cnf,all,500,1750,50,50,0.04,1,472,48,17,total,272.677,-1,112132096,15530196992,15642329088,-1,-1
instances/ratio_1000/instance_500v6_3.60r31.cnf,all,500,1800,52,52,0.04,1,422,70,16,read_instance,0.490234,-1,107937792,15534391296,15642329088,-1,-1
instances/ratio_1000/instance_500v6_3.60r31.cnf,all,500,1800,52,52,0.04,1,422,70,16,alloc_graph,0.208984,0.184832,110034944,15532294144,15642329088,-1,-1
instances/ratio_1000/instance_500v6_3.60r31.cnf,all,500,1800,52,52,0.04,1,422,70,16,scc,4.01929,4.01997,112132096,15530196992,15642329088,-1,-1
instances/ratio_1000/instance_500v6_3.60r31.cnf,all,500,1800,52,52,0.04,1,422,70,16,topo_sort,0.464844,0.463424,112132096,15530196992,15642329088,-1,-1
instances/ratio_1000/instance_500v6_3.60r31.cnf,all,500,1800,52,52,0.04,1,422,70,16,backbone,5.2998,5.30554,112132096,15530196992,15642329088,-1,-1
instances/ratio_1000/instance_500v6_3.60r31.cnf,all,500,1800,52,52,0.04,1,422,70,16,wcc,0.254639,0.254048,112132096,15530196992,15642329088,-1,-1
instances/ratio_1000/instance_500v6_3.60r31.cnf,all,500,1800,52,52,0.04,1,422,70,16,wcc_grouped,0.373779,0.372704,112132096,15530196992,15642329088,-1,-1
instances/ratio_1000/instance_500v6_3.60r31.cnf,all,500,1800,52,52,0.04,1,422,70,16,heuristic1,3.6106,3.60842,112132096,15530196992,15642329088,25,61
instances/ratio_1000/instance_500v6_3.60r31.cnf,all,500,1800,52,52,0.04,1,422,70,16,heuristic2,1.98584,1.98406,112132096,15530196992,15642329088,24,59
instances/ratio_1000/instance_500v6_3.60r31.cnf,all,500,1800,52,52,0.04,1,422,70,16,heuristic3,5.50635,5.50643,112132096,15530196992,15642329088,23,58
instances/ratio_1000/instance_500v6_3.60r31.cnf,all,500,1800,52,52,0.04,1,422,70,16,heuristic4,206.152,206.155,112132096,15530196992,15642329088,19,54
instances/ratio_1000/instance_500v6_3.60r31.cnf,all,500,1800,52,52,0.04,1,422,70,16,cleanup_device,0.0449219,0.045024,112132096,15530196992,15642329088,-1,-1
instances/ratio_1000/instance_500v6_3.60r31.cnf,all,500,1800,52,52,0.04,1,422,70,16,total,228.991,-1,112132096,15530196992,15642329088,-1,-1
instances/ratio_1000/instance_500v6_3.70r32.cnf,all,500,1850,49,49,0.03,1,460,50,22,read_instance,0.501953,-1,107937792,15534391296,15642329088,-1,-1
instances/ratio_1000/instance_500v6_3.70r32.cnf,all,500,1850,49,49,0.03,1,460,50,22,alloc_graph,0.173828,0.160672,110034944,15532294144,15642329088,-1,-1
instances/ratio_1000/instance_500v6_3.70r32.cnf,all,500,1850,49,49,0.03,1,460,50,22,scc,4.09888,4.09981,112132096,15530196992,15642329088,-1,-1
instances/ratio_1000/instance_500v6_3.70r32.cnf,all,500,1850,49,49,0.03,1,460,50,22,topo_sort,0.557861,0.556832,112132096,15530196992,15642329088,-1,-1
instances/ratio_1000/instance_500v6_3.70r32.cnf,all,500,1850,49,49,0.03,1,460,50,22,backbone,5.15039,5.15699,112132096,15530196992,15642329088,-1,-1
instances/ratio_1000/instance_500v6_3.70r32.cnf,all,500,1850,49,49,0.03,1,460,50,22,wcc,0.187744,0.187264,112132096,15530196992,15642329088,-1,-1
instances/ratio_1000/instance_500v6_3.70r32.cnf,all,500,1850,49,49,0.03,1,460,50,22,wcc_grouped,0.348877,0.348608,112132096,15530196992,15642329088,-1,-1
instances/ratio_1000/instance_500v6_3.70r32.cnf,all,500,1850,49,49,0.03,1,460,50,22,heuristic1,3.19653,3.19584,112132096,15530196992,15642329088,33,60
instances/ratio_1000/instance_500v6_3.70r32.cnf,all,500,1850,49,49,0.03,1,460,50,22,heuristic2,2.40479,2.40413,112132096,15530196992,15642329088,27,53
instances/ratio_1000/instance_500v6_3.70r32.cnf,all,500,1850,49,49,0.03,1,460,50,22,heuristic3,6.14062,6.14006,112132096,15530196992,15642329088,29,54
instances/ratio_1000/instance_500v6_3.70r32.cnf,all,500,1850,49,49,0.03,1,460,50,22,heuristic4,229.728,229.731,112132096,15530196992,15642329088,26,51
instances/ratio_1000/instance_500v6_3.70r32.cnf,all,500,1850,49,49,0.03,1,460,50,22,cleanup_device,0.0458984,0.04528,112132096,15530196992,15642329088,-1,-1
instances/ratio_1000/instance_500v6_3.70r32.cnf,all,500,1850,49,49,0.03,1,460,50,22,total,253.138,-1,112132096,15530196992,15642329088,-1,-1
instances/ratio_1000/instance_500v6_3.80r33.cnf,all,500,1900,38,38,0.03,1,468,34,20,read_instance,0.541992,-1,107937792,15534391296,15642329088,-1,-1
instances/ratio_1000/instance_500v6_3.80r33.cnf,all,500,1900,38,38,0.03,1,468,34,20,alloc_graph,0.202881,0.184416,110034944,15532294144,15642329088,-1,-1
instances/ratio_1000/instance_500v6_3.80r33.cnf,all,500,1900,38,38,0.03,1,468,34,20,scc,3.98193,3.98314,112132096,15530196992,15642329088,-1,-1
instances/ratio_1000/instance_500v6_3.80r33.cnf,all,500,1900,38,38,0.03,1,468,34,20,topo_sort,0.542236,0.541984,112132096,15530196992,15642329088,-1,-1
instances/ratio_1000/instance_500v6_3.80r33.cnf,all,500,1900,38,38,0.03,1,468,34,20,backbone,4.97314,4.97958,112132096,15530196992,15642329088,-1,-1
instances/ratio_1000/instance_500v6_3.80r33.cnf,all,500,1900,38,38,0.03,1,468,34,20,wcc,0.196045,0.196224,112132096,15530196992,15642329088,-1,-1
instances/ratio_1000/instance_500v6_3.80r33.cnf,all,500,1900,38,38,0.03,1,468,34,20,wcc_grouped,0.349609,0.348672,112132096,15530196992,15642329088,-1,-1
instances/ratio_1000/instance_500v6_3.80r33.cnf,all,500,1900,38,38,0.03,1,468,34,20,heuristic1,3.53345,3.53261,112132096,15530196992,15642329088,37,52
instances/ratio_1000/instance_500v6_3.80r33.cnf,all,500,1900,38,38,0.03,1,468,34,20,heuristic2,2.59375,2.59261,112132096,15530196992,15642329088,31,46
instances/ratio_1000/instance_500v6_3.80r33.cnf,all,500,1900,38,38,0.03,1,468,34,20,heuristic3,5.45215,5.45094,112132096,15530196992,15642329088,27,42
instances/ratio_1000/instance_500v6_3.80r33.cnf,all,500,1900,38,38,0.03,1,468,34,20,heuristic4,233.024,233.027,112132096,15530196992,15642329088,26,41
instances/ratio_1000/instance_500v6_3.80r33.cnf,all,500,1900,38,38,0.03,1,468,34,20,cleanup_device,0.0456543,0.045664,112132096,15530196992,15642329088,-1,-1
instances/ratio_1000/instance_500v6_3.80r33.cnf,all,500,1900,38,38,0.03,1,468,34,20,total,256.012,-1,112132096,15530196992,15642329088,-1,-1
instances/ratio_1000/instance_500v6_3.90r34.cnf,all,500,1950,44,44,0.03,1,458,50,29,read_instance,0.524902,-1,107937792,15534391296,15642329088,-1,-1
instances/ratio_1000/instance_500v6_3.90r34.cnf,all,500,1950,44,44,0.03,1,458,50,29,alloc_graph,0.166992,0.149248,110034944,15532294144,15642329088,-1,-1
instances/ratio_1000/instance_500v6_3.90r34.cnf,all,500,1950,44,44,0.03,1,458,50,29,scc,4.17407,4.17526,112132096,15530196992,15642329088,-1,-1
instances/ratio_1000/instance_500v6_3.90r34.cnf,all,500,1950,44,44,0.03,1,458,50,29,topo_sort,0.692139,0.691104,112132096,15530196992,15642329088,-1,-1
instances/ratio_1000/instance_500v6_3.90r34.cnf,all,500,1950,44,44,0.03,1,458,50,29,backbone,5.2915,5.29709,112132096,15530196992,15642329088,-1,-1
instances/ratio_1000/instance_500v6_3.90r34.cnf,all,500,1950,44,44,0.03,1,458,50,29,wcc,0.21875,0.219136,112132096,15530196992,15642329088,-1,-1
instances/ratio_1000/instance_500v6_3.90r34.cnf,all,500,1950,44,44,0.03,1,458,50,29,wcc_grouped,0.36792,0.367008,112132096,15530196992,15642329088,-1,-1
instances/ratio_1000/instance_500v6_3.90r34.cnf,all,500,1950,44,44,0.03,1,458,50,29,heuristic1,3.30664,3.30576,112132096,15530196992,15642329088,35,58
instances/ratio_1000/instance_500v6_3.90r34.cnf,all,500,1950,44,44,0.03,1,458,50,29,heuristic2,2.37671,2.37501,112132096,15530196992,15642329088,28,51
instances/ratio_1000/instance_500v6_3.90r34.cnf,all,500,1950,44,44,0.03,1,458,50,29,heuristic3,6.06714,6.06586,112132096,15530196992,15642329088,29,52
instances/ratio_1000/instance_500v6_3.90r34.cnf,all,500,1950,44,44,0.03,1,458,50,29,heuristic4,237.093,237.097,112132096,15530196992,15642329088,28,51
instances/ratio_1000/instance_500v6_3.90r34.cnf,all,500,1950,44,44,0.03,1,458,50,29,cleanup_device,0.0449219,0.044608,112132096,15530196992,15642329088,-1,-1
instances/ratio_1000/instance_500v6_3.90r34.cnf,all,500,1950,44,44,0.03,1,458,50,29,total,260.883,-1,112132096,15530196992,15642329088,-1,-1
instances/ratio_1000/instance_500v6_4.00r35.cnf,all,500,2000,40,40,0.03,1,290,65,14,read_instance,0.532227,-1,107937792,15534391296,15642329088,-1,-1
instances/ratio_1000/instance_500v6_4.00r35.cnf,all,500,2000,40,40,0.03,1,290,65,14,alloc_graph,0.176025,0.157952,110034944,15532294144,15642329088,-1,-1
instances/ratio_1000/instance_500v6_4.00r35.cnf,all,500,2000,40,40,0.03,1,290,65,14,scc,4.4187,4.41968,112132096,15530196992,15642329088,-1,-1
instances/ratio_1000/instance_500v6_4.00r35.cnf,all,500,2000,40,40,0.03,1,290,65,14,topo_sort,0.394531,0.394208,112132096,15530196992,15642329088,-1,-1
instances/ratio_1000/instance_500v6_4.00r35.cnf,all,500,2000,40,40,0.03,1,290,65,14,backbone,5.14746,5.15325,112132096,15530196992,15642329088,-1,-1
instances/ratio_1000/instance_500v6_4.00r35.cnf,all,500,2000,40,40,0.03,1,290,65,14,wcc,0.225586,0.22528,112132096,15530196992,15642329088,-1,-1
instances/ratio_1000/instance_500v6_4.00r35.cnf,all,500,2000,40,40,0.03,1,290,65,14,wcc_grouped,0.358398,0.3584,112132096,15530196992,15642329088,-1,-1
instances/ratio_1000/instance_500v6_4.00r35.cnf,all,500,2000,40,40,0.03,1,290,65,14,heuristic1,1.08569,1.08461,112132096,15530196992,15642329088,8,44
instances/ratio_1000/instance_500v6_4.00r35.cnf,all,500,2000,40,40,0.03,1,290,65,14,heuristic2,0.649414,0.647584,112132096,15530196992,15642329088,7,44
instances/ratio_1000/instance_500v6_4.00r35.cnf,all,500,2000,40,40,0.03,1,290,65,14,heuristic3,3.85596,3.85558,112132096,15530196992,15642329088,8,42
instances/ratio_1000/instance_500v6_4.00r35.cnf,all,500,2000,40,40,0.03,1,290,65,14,heuristic4,25.582,25.5812,112132096,15530196992,15642329088,8,41
instances/ratio_1000/instance_500v6_4.00r35.cnf,all,500,2000,40,40,0.03,1,290,65,14,cleanup_device,0.0510254,0.050592,112132096,15530196992,15642329088,-1,-1
instances/ratio_1000/instance_500v6_4.00r35.cnf,all,500,2000,40,40,0.03,1,290,65,14,total,43.0312,-1,112132096,15530196992,15642329088,-1,-1
instances/ratio_1000/instance_500v6_4.10r36.cnf,all,500,2050,42,42,0.04,1,358,42,16,read_instance,0.568359,-1,107937792,15534391296,15642329088,-1,-1
instances/ratio_1000/instance_500v6_4.10r36.cnf,all,500,2050,42,42,0.04,1,358,42,16,alloc_graph,0.171387,0.156512,110034944,15532294144,15642329088,-1,-1
instances/ratio_1000/instance_500v6_4.10r36.cnf,all,500,2050,42,42,0.04,1,358,42,16,scc,4.13281,4.13443,112132096,15530196992,15642329088,-1,-1
instances/ratio_1000/instance_500v6_4.10r36.cnf,all,500,2050,42,42,0.04,1,358,42,16,topo_sort,0.461182,0.459968,112132096,15530196992,15642329088,-1,-1
instances/ratio_1000/instance_500v6_4.10r36.cnf,all,500,2050,42,42,0.04,1,358,42,16,backbone,5.22192,5.22576,112132096,15530196992,15642329088,-1,-1
instances/ratio_1000/instance_500v6_4.10r36.cnf,all,500,2050,42,42,0.04,1,358,42,16,wcc,0.196289,0.196384,112132096,15530196992,15642329088,-1,-1
instances/ratio_1000/instance_500v6_4.10r36.cnf,all,500,2050,42,42,0.04,1,358,42,16,wcc_grouped,0.372803,0.372768,112132096,15530196992,15642329088,-1,-1
instances/ratio_1000/instance_500v6_4.10r36.cnf,all,500,2050,42,42,0.04,1,358,42,16,heuristic1,3.03125,3.03078,112132096,15530196992,15642329088,33,52
instances/ratio_1000/instance_500v6_4.10r36.cnf,all,500,2050,42,42,0.04,1,358,42,16,heuristic2,2.01685,2.01523,112132096,15530196992,15642329088,25,44
instances/ratio_1000/instance_500v6_4.10r36.cnf,all,500,2050,42,42,0.04,1,358,42,16,heuristic3,5.20581,5.20448,112132096,15530196992,15642329088,25,44
instances/ratio_1000/instance_500v6_4.10r36.cnf,all,500,2050,42,42,0.04,1,358,42,16,heuristic4,225.968,225.989,112132096,15530196992,15642329088,25,44
instances/ratio_1000/instance_500v6_4.10r36.cnf,all,500,2050,42,42,0.04,1,358,42,16,cleanup_device,0.0437012,0.043584,112132096,15530196992,15642329088,-1,-1
instances/ratio_1000/instance_500v6_4.10r36.cnf,all,500,2050,42,42,0.04,1,358,42,16,total,247.959,-1,112132096,15530196992,15642329088,-1,-1
instances/ratio_1000/instance_500v6_4.20r37.cnf,all,500,2100,36,36,0.03,1,342,38,18,read_instance,0.585938,-1,107937792,15534391296,15642329088,-1,-1
instances/ratio_1000/instance_500v6_4.20r37.cnf,all,500,2100,36,36,0.03,1,342,38,18,alloc_graph,0.199951,0.182272,110034944,15532294144,15642329088,-1,-1
instances/ratio_1000/instance_500v6_4.20r37.cnf,all,500,2100,36,36,0.03,1,342,38,18,scc,4.11548,4.11648,112132096,15530196992,15642329088,-1,-1
instances/ratio_1000/instance_500v6_4.20r37.cnf,all,500,2100,36,36,0.03,1,342,38,18,topo_sort,0.490479,0.489952,112132096,15530196992,15642329088,-1,-1
instances/ratio_1000/instance_500v6_4.20r37.cnf,all,500,2100,36,36,0.03,1,342,38,18,backbone,5.04004,5.04573,112132096,15530196992,15642329088,-1,-1
instances/ratio_1000/instance_500v6_4.20r37.cnf,all,500,2100,36,36,0.03,1,342,38,18,wcc,0.206055,0.20624,112132096,15530196992,15642329088,-1,-1
instances/ratio_1000/instance_500v6_4.20r37.cnf,all,500,2100,36,36,0.03,1,342,38,18,wcc_grouped,0.343506,0.342592,112132096,15530196992,15642329088,-1,-1
instances/ratio_1000/instance_500v6_4.20r37.cnf,all,500,2100,36,36,0.03,1,342,38,18,heuristic1,2.80591,2.8048,112132096,15530196992,15642329088,29,47
instances/ratio_1000/instance_500v6_4.20r37.cnf,all,500,2100,36,36,0.03,1,342,38,18,heuristic2,2.07007,2.06806,112132096,15530196992,15642329088,24,41
instances/ratio_1000/instance_500v6_4.20r37.cnf,all,500,2100,36,36,0.03,1,342,38,18,heuristic3,4.9502,4.94886,112132096,15530196992,15642329088,20,37
instances/ratio_1000/instance_500v6_4.20r37.cnf,all,500,2100,36,36,0.03,1,342,38,18,heuristic4,221.036,221.04,112132096,15530196992,15642329088,21,38
instances/ratio_1000/instance_500v6_4.20r37.cnf,all,500,2100,36,36,0.03,1,342,38,18,cleanup_device,0.0463867,0.046176,112132096,15530196992,15642329088,-1,-1
instances/ratio_1000/instance_500v6_4.20r37.cnf,all,500,2100,36,36,0.03,1,342,38,18,total,242.467,-1,112132096,15530196992,15642329088,-1,-1
instances/ratio_1000/instance_500v6_4.30r38.cnf,all,500,2150,43,43,0.03,1,326,66,14,read_instance,0.587158,-1,107937792,15534391296,15642329088,-1,-1
instances/ratio_1000/instance_500v6_4.30r38.cnf,all,500,2150,43,43,0.03,1,326,66,14,alloc_graph,0.186768,0.17408,110034944,15532294144,15642329088,-1,-1
instances/ratio_1000/instance_500v6_4.30r38.cnf,all,500,2150,43,43,0.03,1,326,66,14,scc,4.02466,4.02554,112132096,15530196992,15642329088,-1,-1
instances/ratio_1000/instance_500v6_4.30r38.cnf,all,500,2150,43,43,0.03,1,326,66,14,topo_sort,0.442871,0.44272,112132096,15530196992,15642329088,-1,-1
instances/ratio_1000/instance_500v6_4.30r38.cnf,all,500,2150,43,43,0.03,1,326,66,14,backbone,4.92407,4.9288,112132096,15530196992,15642329088,-1,-1
instances/ratio_1000/instance_500v6_4.30r38.cnf,all,500,2150,43,43,0.03,1,326,66,14,wcc,0.204346,0.204352,112132096,15530196992,15642329088,-1,-1
instances/ratio_1000/instance_500v6_4.30r38.cnf,all,500,2150,43,43,0.03,1,326,66,14,wcc_grouped,0.3479,0.34816,112132096,15530196992,15642329088,-1,-1
instances/ratio_1000/instance_500v6_4.30r38.cnf,all,500,2150,43,43,0.03,1,326,66,14,heuristic1,1.61206,1.6112,112132096,15530196992,15642329088,14,48
instances/ratio_1000/instance_500v6_4.30r38.cnf,all,500,2150,43,43,0.03,1,326,66,14,heuristic2,1.28394,1.28189,112132096,15530196992,15642329088,16,48
instances/ratio_1000/instance_500v6_4.30r38.cnf,all,500,2150,43,43,0.03,1,326,66,14,heuristic3,4.01147,4.01043,112132096,15530196992,15642329088,11,43
instances/ratio_1000/instance_500v6_4.30r38.cnf,all,500,2150,43,43,0.03,1,326,66,14,heuristic4,34.8232,34.8231,112132096,15530196992,15642329088,11,43
instances/ratio_1000/instance_500v6_4.30r38.cnf,all,500,2150,43,43,0.03,1,326,66,14,cleanup_device,0.0566406,0.056512,112132096,15530196992,15642329088,-1,-1
instances/ratio_1000/instance_500v6_4.30r38.cnf,all,500,2150,43,43,0.03,1,326,66,14,total,53.074,-1,112132096,15530196992,15642329088,-1,-1
instances/ratio_1000/instance_500v6_4.40r39.cnf,all,500,2200,40,40,0.03,1,268,63,14,read_instance,0.680908,-1,107937792,15534391296,15642329088,-1,-1
instances/ratio_1000/instance_500v6_4.40r39.cnf,all,500,2200,40,40,0.03,1,268,63,14,alloc_graph,0.170166,0.154272,110034944,15532294144,15642329088,-1,-1
instances/ratio_1000/instance_500v6_4.40r39.cnf,all,500,2200,40,40,0.03,1,268,63,14,scc,4.49976,4.5015,112132096,15530196992,15642329088,-1,-1
instances/ratio_1000/instance_500v6_4.40r39.cnf,all,500,2200,40,40,0.03,1,268,63,14,topo_sort,0.401855,0.400896,112132096,15530196992,15642329088,-1,-1
instances/ratio_1000/instance_500v6_4.40r39.cnf,all,500,2200,40,40,0.03,1,268,63,14,backbone,5.72192,5.73219,112132096,15530196992,15642329088,-1,-1
instances/ratio_1000/instance_500v6_4.40r39.cnf,all,500,2200,40,40,0.03,1,268,63,14,wcc,0.240967,0.240672,112132096,15530196992,15642329088,-1,-1
instances/ratio_1000/instance_500v6_4.40r39.cnf,all,500,2200,40,40,0.03,1,268,63,14,wcc_grouped,0.38501,0.385024,112132096,15530196992,15642329088,-1,-1
instances/ratio_1000/instance_500v6_4.40r39.cnf,all,500,2200,40,40,0.03,1,268,63,14,heuristic1,2.26001,2.25866,112132096,15530196992,15642329088,10,47
instances/ratio_1000/instance_500v6_4.40r39.cnf,all,500,2200,40,40,0.03,1,268,63,14,heuristic2,0.733154,0.731328,112132096,15530196992,15642329088,7,40
instances/ratio_1000/instance_500v6_4.40r39.cnf,all,500,2200,40,40,0.03,1,268,63,14,heuristic3,3.69214,3.69114,112132096,15530196992,15642329088,9,42
instances/ratio_1000/instance_500v6_4.40r39.cnf,all,500,2200,40,40,0.03,1,268,63,14,heuristic4,28.6045,28.6035,112132096,15530196992,15642329088,9,42
instances/ratio_1000/instance_500v6_4.40r39.cnf,all,500,2200,40,40,0.03,1,268,63,14,cleanup_device,0.0546875,0.054656,112132096,15530196992,15642329088,-1,-1
instances/ratio_1000/instance_500v6_4.40r39.cnf,all,500,2200,40,40,0.03,1,268,63,14,total,48.0198,-1,112132096,15530196992,15642329088,-1,-1
instances/ratio_1000/instance_500v6_4.50r40.cnf,all,500,2250,39,39,0.04,1,308,63,18,read_instance,0.609863,-1,107937792,15534391296,15642329088,-1,-1
instances/ratio_1000/instance_500v6_4.50r40.cnf,all,500,2250,39,39,0.04,1,308,63,18,alloc_graph,0.166992,0.150048,110034944,15532294144,15642329088,-1,-1
instances/ratio_1000/instance_500v6_4.50r40.cnf,all,500,2250,39,39,0.04,1,308,63,18,scc,3.98779,3.98758,112132096,15530196992,15642329088,-1,-1
instances/ratio_1000/instance_500v6_4.50r40.cnf,all,500,2250,39,39,0.04,1,308,63,18,topo_sort,0.467041,0.46608,112132096,15530196992,15642329088,-1,-1
instances/ratio_1000/instance_500v6_4.50r40.cnf,all,500,2250,39,39,0.04,1,308,63,18,backbone,4.93921,4.9447,112132096,15530196992,15642329088,-1,-1
instances/ratio_1000/instance_500v6_4.50r40.cnf,all,500,2250,39,39,0.04,1,308,63,18,wcc,0.176758,0.176128,112132096,15530196992,15642329088,-1,-1
instances/ratio_1000/instance_500v6_4.50r40.cnf,all,500,2250,39,39,0.04,1,308,63,18,wcc_grouped,0.343018,0.342112,112132096,15530196992,15642329088,-1,-1
instances/ratio_1000/instance_500v6_4.50r40.cnf,all,500,2250,39,39,0.04,1,308,63,18,heuristic1,1.12549,1.12381,112132096,15530196992,15642329088,7,47
instances/ratio_1000/instance_500v6_4.50r40.cnf,all,500,2250,39,39,0.04,1,308,63,18,heuristic2,0.830566,0.828448,112132096,15530196992,15642329088,8,43
instances/ratio_1000/instance_500v6_4.50r40.cnf,all,500,2250,39,39,0.04,1,308,63,18,heuristic3,3.56567,3.56403,112132096,15530196992,15642329088,7,40
instances/ratio_1000/instance_500v6_4.50r40.cnf,all,500,2250,39,39,0.04,1,308,63,18,heuristic4,22.5178,22.5172,112132096,15530196992,15642329088,7,40
instances/ratio_1000/instance_500v6_4.50r40.cnf,all,500,2250,39,39,0.04,1,308,63,18,cleanup_device,0.0395508,0.039104,112132096,15530196992,15642329088,-1,-1
instances/ratio_1000/instance_500v6_4.50r40.cnf,all,500,2250,39,39,0.04,1,308,63,18,total,39.2905,-1,112132096,15530196992,15642329088,-1,-1
instances/ratio_1000/instance_500v7_0.50r0.cnf,all,500,250,303,303,0.02,1,1000,508,5,read_instance,0.149414,-1,107937792,15534391296,15642329088,-1,-1
instances/ratio_1000/instance_500v7_0.50r0.cnf,all,500,250,303,303,0.02,1,1000,508,5,alloc_graph,0.19458,0.176128,110034944,15532294144,15642329088,-1,-1
instances/ratio_1000/instance_500v7_0.50r0.cnf,all,500,250,303,303,0.02,1,1000,508,5,scc,3.95679,3.95795,112132096,15530196992,15642329088,-1,-1
instances/ratio_1000/instance_500v7_0.50r0.cnf,all,500,250,303,303,0.02,1,1000,508,5,topo_sort,0.168457,0.16768,112132096,15530196992,15642329088,-1,-1
instances/ratio_1000/instance_500v7_0.50r0.cnf,all,500,250,303,303,0.02,1,1000,508,5,backbone,5.0481,5.05277,112132096,15530196992,15642329088,-1,-1
instances/ratio_1000/instance_500v7_0.50r0.cnf,all,500,250,303,303,0.02,1,1000,508,5,wcc,0.217529,0.217088,112132096,15530196992,15642329088,-1,-1
instances/ratio_1000/instance_500v7_0.50r0.cnf,all,500,250,303,303,0.02,1,1000,508,5,wcc_grouped,0.373535,0.373504,112132096,15530196992,15642329088,-1,-1
instances/ratio_1000/instance_500v7_0.50r0.cnf,all,500,250,303,303,0.02,1,1000,508,5,heuristic1,2.71313,2.71222,112132096,15530196992,15642329088,28,332
instances/ratio_1000/instance_500v7_0.50r0.cnf,all,500,250,303,303,0.02,1,1000,508,5,heuristic2,1.97852,1.97722,112132096,15530196992,15642329088,24,319
instances/ratio_1000/instance_500v7_0.50r0.cnf,all,500,250,303,303,0.02,1,1000,508,5,heuristic3,5.17676,5.17565,112132096,15530196992,15642329088,21,310
instances/ratio_1000/instance_500v7_0.50r0.cnf,all,500,250,303,303,0.02,1,1000,508,5,heuristic4,220.969,220.973,112132096,15530196992,15642329088,21,307
instances/ratio_1000/instance_500v7_0.50r0.cnf,all,500,250,303,303,0.02,1,1000,508,5,cleanup_device,0.0456543,0.045408,112132096,15530196992,15642329088,-1,-1
instances/ratio_1000/instance_500v7_0.50r0.cnf,all,500,250,303,303,0.02,1,1000,508,5,total,241.617,-1,112132096,15530196992,15642329088,-1,-1
instances/ratio_1000/instance_500v7_0.60r1.cnf,all,500,300,261,261,0.02,1,1000,414,8,read_instance,0.192383,-1,107937792,15534391296,15642329088,-1,-1
instances/ratio_1000/instance_500v7_0.60r1.cnf,all,500,300,261,261,0.02,1,1000,414,8,alloc_graph,0.192627,0.1776,110034944,15532294144,15642329088,-1,-1
instances/ratio_1000/instance_500v7_0.60r1.cnf,all,500,300,261,261,0.02,1,1000,414,8,scc,3.92285,3.92256,112132096,15530196992,15642329088,-1,-1
instances/ratio_1000/instance_500v7_0.60r1.cnf,all,500,300,261,261,0.02,1,1000,414,8,topo_sort,0.2146,0.212896,112132096,15530196992,15642329088,-1,-1
instances/ratio_1000/instance_500v7_0.60r1.cnf,all,500,300,261,261,0.02,1,1000,414,8,backbone,5.16382,5.17078,112132096,15530196992,15642329088,-1,-1
instances/ratio_1000/instance_500v7_0.60r1.cnf,all,500,300,261,261,0.02,1,1000,414,8,wcc,0.237305,0.237344,112132096,15530196992,15642329088,-1,-1
instances/ratio_1000/instance_500v7_0.60r1.cnf,all,500,300,261,261,0.02,1,1000,414,8,wcc_grouped,0.351074,0.350656,112132096,15530196992,15642329088,-1,-1
instances/ratio_1000/instance_500v7_0.60r1.cnf,all,500,300,261,261,0.02,1,1000,414,8,heuristic1,4.86011,4.85923,112132096,15530196992,15642329088,55,299
instances/ratio_1000/instance_500v7_0.60r1.cnf,all,500,300,261,261,0.02,1,1000,414,8,heuristic2,3.60693,3.60643,112132096,15530196992,15642329088,44,281
instances/ratio_1000/instance_500v7_0.60r1.cnf,all,500,300,261,261,0.02,1,1000,414,8,heuristic3,7.01758,7.01782,112132096,15530196992,15642329088,38,269
instances/ratio_1000/instance_500v7_0.60r1.cnf,all,500,300,261,261,0.02,1,1000,414,8,heuristic4,277.472,277.476,112132096,15530196992,15642329088,35,263
instances/ratio_1000/instance_500v7_0.60r1.cnf,all,500,300,261,261,0.02,1,1000,414,8,cleanup_device,0.0415039,0.041408,112132096,15530196992,15642329088,-1,-1
instances/ratio_1000/instance_500v7_0.60r1.cnf,all,500,300,261,261,0.02,1,1000,414,8,total,303.922,-1,112132096,15530196992,15642329088,-1,-1
instances/ratio_1000/instance_500v7_0.70r2.cnf,all,500,350,242,242,0.02,1,1000,330,7,read_instance,0.160889,-1,107937792,15534391296,15642329088,-1,-1
instances/ratio_1000/instance_500v7_0.70r2.cnf,all,500,350,242,242,0.02,1,1000,330,7,alloc_graph,0.168701,0.155648,110034944,15532294144,15642329088,-1,-1
instances/ratio_1000/instance_500v7_0.70r2.cnf,all,500,350,242,242,0.02,1,1000,330,7,scc,3.69922,3.70032,112132096,15530196992,15642329088,-1,-1
instances/ratio_1000/instance_500v7_0.70r2.cnf,all,500,350,242,242,0.02,1,1000,330,7,topo_sort,0.200195,0.198624,112132096,15530196992,15642329088,-1,-1
instances/ratio_1000/instance_500v7_0.70r2.cnf,all,500,350,242,242,0.02,1,1000,330,7,backbone,5.22729,5.2312,112132096,15530196992,15642329088,-1,-1
instances/ratio_1000/instance_500v7_0.70r2.cnf,all,500,350,242,242,0.02,1,1000,330,7,wcc,0.277588,0.276928,112132096,15530196992,15642329088,-1,-1
instances/ratio_1000/instance_500v7_0.70r2.cnf,all,500,350,242,242,0.02,1,1000,330,7,wcc_grouped,0.40625,0.407328,112132096,15530196992,15642329088,-1,-1
instances/ratio_1000/instance_500v7_0.70r2.cnf,all,500,350,242,242,0.02,1,1000,330,7,heuristic1,8.3208,8.3208,112132096,15530196992,15642329088,86,274
instances/ratio_1000/instance_500v7_0.70r2.cnf,all,500,350,242,242,0.02,1,1000,330,7,heuristic2,5.79443,5.79312,112132096,15530196992,15642329088,76,263
instances/ratio_1000/instance_500v7_0.70r2.cnf,all,500,350,242,242,0.02,1,1000,330,7,heuristic3,9.28662,9.28694,112132096,15530196992,15642329088,67,252
instances/ratio_1000/instance_500v7_0.70r2.cnf,all,500,350,242,242,0.02,1,1000,330,7,heuristic4,628.061,628.07,112132096,15530196992,15642329088,66,250
instances/ratio_1000/instance_500v7_0.70r2.cnf,all,500,350,242,242,0.02,1,1000,330,7,cleanup_device,0.0407715,0.040768,112132096,15530196992,15642329088,-1,-1
instances/ratio_1000/instance_500v7_0.70r2.cnf,all,500,350,242,242,0.02,1,1000,330,7,total,662.27,-1,112132096,15530196992,15642329088,-1,-1
instances/ratio_1000/instance_500v7_0.80r3.cnf,all,500,400,205,205,0.03,1,1000,252,10,read_instance,0.179932,-1,107937792,15534391296,15642329088,-1,-1
instances/ratio_1000/instance_500v7_0.80r3.cnf,all,500,400,205,205,0.03,1,1000,252,10,alloc_graph,0.174561,0.160128,110034944,15532294144,15642329088,-1,-1
instances/ratio_1000/instance_500v7_0.80r3.cnf,all,500,400,205,205,0.03,1,1000,252,10,scc,3.73389,3.73536,112132096,15530196992,15642329088,-1,-1
instances/ratio_1000/instance_500v7_0.80r3.cnf,all,500,400,205,205,0.03,1,1000,252,10,topo_sort,0.275146,0.274656,112132096,15530196992,15642329088,-1,-1
instances/ratio_1000/instance_500v7_0.80r3.cnf,all,500,400,205,205,0.03,1,1000,252,10,backbone,5.17554,5.1823,112132096,15530196992,15642329088,-1,-1
instances/ratio_1000/instance_500v7_0.80r3.cnf,all,500,400,205,205,0.03,1,1000,252,10,wcc,0.245605,0.24576,112132096,15530196992,15642329088,-1,-1
instances/ratio_1000/instance_500v7_0.80r3.cnf,all,500,400,205,205,0.03,1,1000,252,10,wcc_grouped,0.37915,0.37888,112132096,15530196992,15642329088,-1,-1
instances/ratio_1000/instance_500v7_0.80r3.cnf,all,500,400,205,205,0.03,1,1000,252,10,heuristic1,10.0581,10.0583,112132096,15530196992,15642329088,122,252
instances/ratio_1000/instance_500v7_0.80r3.cnf,all,500,400,205,205,0.03,1,1000,252,10,heuristic2,7.29297,7.29117,112132096,15530196992,15642329088,88,219
instances/ratio_1000/instance_500v7_0.80r3.cnf,all,500,400,205,205,0.03,1,1000,252,10,heuristic3,11.1523,11.151,112132096,15530196992,15642329088,90,218
instances/ratio_1000/instance_500v7_0.80r3.cnf,all,500,400,205,205,0.03,1,1000,252,10,heuristic4,872.169,872.181,112132096,15530196992,15642329088,88,216
instances/ratio_1000/instance_500v7_0.80r3.cnf,all,500,400,205,205,0.03,1,1000,252,10,cleanup_device,0.0427246,0.042592,112132096,15530196992,15642329088,-1,-1
instances/ratio_1000/instance_500v7_0.80r3.cnf,all,500,400,205,205,0.03,1,1000,252,10,total,911.498,-1,112132096,15530196992,15642329088,-1,-1
instances/ratio_1000/instance_500v7_0.90r4.cnf,all,500,450,204,204,0.03,1,1000,214,8,read_instance,0.223145,-1,107937792,15534391296,15642329088,-1,-1
instances/ratio_1000/instance_500v7_0.90r4.cnf,all,500,450,204,204,0.03,1,1000,214,8,alloc_graph,0.19751,0.181696,110034944,15532294144,15642329088,-1,-1
instances/ratio_1000/instance_500v7_0.90r4.cnf,all,500,450,204,204,0.03,1,1000,214,8,scc,4.11743,4.11853,112132096,15530196992,15642329088,-1,-1
instances/ratio_1000/instance_500v7_0.90r4.cnf,all,500,450,204,204,0.03,1,1000,214,8,topo_sort,0.222168,0.221216,112132096,15530196992,15642329088,-1,-1
instances/ratio_1000/instance_500v7_0.90r4.cnf,all,500,450,204,204,0.03,1,1000,214,8,backbone,5.49634,5.50573,112132096,15530196992,15642329088,-1,-1
instances/ratio_1000/instance_500v7_0.90r4.cnf,all,500,450,204,204,0.03,1,1000,214,8,wcc,0.239258,0.238656,112132096,15530196992,15642329088,-1,-1
instances/ratio_1000/instance_500v7_0.90r4.cnf,all,500,450,204,204,0.03,1,1000,214,8,wcc_grouped,0.370605,0.370688,112132096,15530196992,15642329088,-1,-1
instances/ratio_1000/instance_500v7_0.90r4.cnf,all,500,450,204,204,0.03,1,1000,214,8,heuristic1,12.3533,12.3522,112132096,15530196992,15642329088,138,251
instances/ratio_1000/instance_500v7_0.90r4.cnf,all,500,450,204,204,0.03,1,1000,214,8,heuristic2,8.75732,8.75699,112132096,15530196992,15642329088,108,224
instances/ratio_1000/instance_500v7_0.90r4.cnf,all,500,450,204,204,0.03,1,1000,214,8,heuristic3,12.9451,12.9444,112132096,15530196992,15642329088,108,220
instances/ratio_1000/instance_500v7_0.90r4.cnf,all,500,450,204,204,0.03,1,1000,214,8,heuristic4,1056.01,1056.02,112132096,15530196992,15642329088,104,216
instances/ratio_1000/instance_500v7_0.90r4.cnf,all,500,450,204,204,0.03,1,1000,214,8,cleanup_device,0.0400391,0.040224,112132096,15530196992,15642329088,-1,-1
instances/ratio_1000/instance_500v7_0.90r4.cnf,all,500,450,204,204,0.03,1,1000,214,8,total,1101.64,-1,112132096,15530196992,15642329088,-1,-1
instances/ratio_1000/instance_500v7_1.00r5.cnf,all,500,500,173,173,0.21,1,996,152,11,read_instance,0.216797,-1,107937792,15534391296,15642329088,-1,-1
instances/ratio_1000/instance_500v7_1.00r5.cnf,all,500,500,173,173,0.21,1,996,152,11,alloc_graph,0.168213,0.155648,110034944,15532294144,15642329088,-1,-1
instances/ratio_1000/instance_500v7_1.00r5.cnf,all,500,500,173,173,0.21,1,996,152,11,scc,3.76709,3.76877,112132096,15530196992,15642329088,-1,-1
instances/ratio_1000/instance_500v7_1.00r5.cnf,all,500,500,173,173,0.21,1,996,152,11,topo_sort,0.297363,0.296448,112132096,15530196992,15642329088,-1,-1
instances/ratio_1000/instance_500v7_1.00r5.cnf,all,500,500,173,173,0.21,1,996,152,11,backbone,5.16406,5.16794,112132096,15530196992,15642329088,-1,-1
instances/ratio_1000/instance_500v7_1.00r5.cnf,all,500,500,173,173,0.21,1,996,152,11,wcc,0.202148,0.20192,112132096,15530196992,15642329088,-1,-1
instances/ratio_1000/instance_500v7_1.00r5.cnf,all,500,500,173,173,0.21,1,996,152,11,wcc_grouped,0.388184,0.388736,112132096,15530196992,15642329088,-1,-1
instances/ratio_1000/instance_500v7_1.00r5.cnf,all,500,500,173,173,0.21,1,996,152,11,heuristic1,11.498,11.4976,112132096,15530196992,15642329088,141,219
instances/ratio_1000/instance_500v7_1.00r5.cnf,all,500,500,173,173,0.21,1,996,152,11,heuristic2,9.66357,9.66246,112132096,15530196992,15642329088,122,199
instances/ratio_1000/instance_500v7_1.00r5.cnf,all,500,500,173,173,0.21,1,996,152,11,heuristic3,13.2529,13.2519,112132096,15530196992,15642329088,108,186
instances/ratio_1000/instance_500v7_1.00r5.cnf,all,500,500,173,173,0.21,1,996,152,11,heuristic4,1076.72,1076.74,112132096,15530196992,15642329088,106,184
instances/ratio_1000/instance_500v7_1.00r5.cnf,all,500,500,173,173,0.21,1,996,152,11,cleanup_device,0.0534668,0.0536,112132096,15530196992,15642329088,-1,-1
instances/ratio_1000/instance_500v7_1.00r5.cnf,all,500,500,173,173,0.21,1,996,152,11,total,1122.04,-1,112132096,15530196992,15642329088,-1,-1
instances/ratio_1000/instance_500v7_1.10r6.cnf,all,500,550,158,158,2.14,1,998,146,12,read_instance,0.205811,-1,107937792,15534391296,15642329088,-1,-1
instances/ratio_1000/instance_500v7_1.10r6.cnf,all,500,550,158,158,2.14,1,998,146,12,alloc_graph,0.189209,0.15584,110034944,15532294144,15642329088,-1,-1
instances/ratio_1000/instance_500v7_1.10r6.cnf,all,500,550,158,158,2.14,1,998,146,12,scc,4.00928,4.01002,112132096,15530196992,15642329088,-1,-1
instances/ratio_1000/instance_500v7_1.10r6.cnf,all,500,550,158,158,2.14,1,998,146,12,topo_sort,0.305908,0.304832,112132096,15530196992,15642329088,-1,-1
instances/ratio_1000/instance_500v7_1.10r6.cnf,all,500,550,158,158,2.14,1,998,146,12,backbone,5.11426,5.11955,112132096,15530196992,15642329088,-1,-1
instances/ratio_1000/instance_500v7_1.10r6.cnf,all,500,550,158,158,2.14,1,998,146,12,wcc,0.208008,0.208,112132096,15530196992,15642329088,-1,-1
instances/ratio_1000/instance_500v7_1.10r6.cnf,all,500,550,158,158,2.14,1,998,146,12,wcc_grouped,0.363037,0.362496,112132096,15530196992,15642329088,-1,-1
instances/ratio_1000/instance_500v7_1.10r6.cnf,all,500,550,158,158,2.14,1,998,146,12,heuristic1,11.6152,11.6155,112132096,15530196992,15642329088,139,214
instances/ratio_1000/instance_500v7_1.10r6.cnf,all,500,550,158,158,2.14,1,998,146,12,heuristic2,8.98169,8.98016,112132096,15530196992,15642329088,112,185
instances/ratio_1000/instance_500v7_1.10r6.cnf,all,500,550,158,158,2.14,1,998,146,12,heuristic3,12.4492,12.4491,112132096,15530196992,15642329088,108,181
instances/ratio_1000/instance_500v7_1.10r6.cnf,all,500,550,158,158,2.14,1,998,146,12,heuristic4,1023.25,1023.27,112132096,15530196992,15642329088,102,175
instances/ratio_1000/instance_500v7_1.10r6.cnf,all,500,550,158,158,2.14,1,998,146,12,cleanup_device,0.0407715,0.0408,112132096,15530196992,15642329088,-1,-1
instances/ratio_1000/instance_500v7_1.10r6.cnf,all,500,550,158,158,2.14,1,998,146,12,total,1067.38,-1,112132096,15530196992,15642329088,-1,-1
instances/ratio_1000/instance_500v7_1.20r7.cnf,all,500,600,142,142,4.76,1,998,106,11,read_instance,0.237305,-1,107937792,15534391296,15642329088,-1,-1
instances/ratio_1000/instance_500v7_1.20r7.cnf,all,500,600,142,142,4.76,1,998,106,11,alloc_graph,0.185547,0.166624,110034944,15532294144,15642329088,-1,-1
instances/ratio_1000/instance_500v7_1.20r7.cnf,all,500,600,142,142,4.76,1,998,106,11,scc,3.85229,3.8535,112132096,15530196992,15642329088,-1,-1
instances/ratio_1000/instance_500v7_1.20r7.cnf,all,500,600,142,142,4.76,1,998,106,11,topo_sort,0.285889,0.285088,112132096,15530196992,15642329088,-1,-1
instances/ratio_1000/instance_500v7_1.20r7.cnf,all,500,600,142,142,4.76,1,998,106,11,backbone,5.21362,5.2177,112132096,15530196992,15642329088,-1,-1
instances/ratio_1000/instance_500v7_1.20r7.cnf,all,500,600,142,142,4.76,1,998,106,11,wcc,0.212646,0.212704,112132096,15530196992,15642329088,-1,-1
instances/ratio_1000/instance_500v7_1.20r7.cnf,all,500,600,142,142,4.76,1,998,106,11,wcc_grouped,0.347168,0.346272,112132096,15530196992,15642329088,-1,-1
instances/ratio_1000/instance_500v7_1.20r7.cnf,all,500,600,142,142,4.76,1,998,106,11,heuristic1,12.543,12.5427,112132096,15530196992,15642329088,146,197
instances/ratio_1000/instance_500v7_1.20r7.cnf,all,500,600,142,142,4.76,1,998,106,11,heuristic2,9.35571,9.35533,112132096,15530196992,15642329088,114,165
instances/ratio_1000/instance_500v7_1.20r7.cnf,all,500,600,142,142,4.76,1,998,106,11,heuristic3,12.3687,12.3676,112132096,15530196992,15642329088,105,156
instances/ratio_1000/instance_500v7_1.20r7.cnf,all,500,600,142,142,4.76,1,998,106,11,heuristic4,1074.63,1074.65,112132096,15530196992,15642329088,105,156
instances/ratio_1000/instance_500v7_1.20r7.cnf,all,500,600,142,142,4.76,1,998,106,11,cleanup_device,0.0415039,0.041536,112132096,15530196992,15642329088,-1,-1
instances/ratio_1000/instance_500v7_1.20r7.cnf,all,500,600,142,142,4.76,1,998,106,11,total,1119.89,-1,112132096,15530196992,15642329088,-1,-1
instances/ratio_1000/instance_500v7_1.30r8.cnf,all,500,650,138,138,52.14,1,998,84,14,read_instance,0.253662,-1,107937792,15534391296,15642329088,-1,-1
instances/ratio_1000/instance_500v7_1.30r8.cnf,all,500,650,138,138,52.14,1,998,84,14,alloc_graph,0.190186,0.172096,110034944,15532294144,15642329088,-1,-1
instances/ratio_1000/instance_500v7_1.30r8.cnf,all,500,650,138,138,52.14,1,998,84,14,scc,3.83325,3.83382,112132096,15530196992,15642329088,-1,-1
instances/ratio_1000/instance_500v7_1.30r8.cnf,all,500,650,138,138,52.14,1,998,84,14,topo_sort,0.348145,0.34704,112132096,15530196992,15642329088,-1,-1
instances/ratio_1000/instance_500v7_1.30r8.cnf,all,500,650,138,138,52.14,1,998,84,14,backbone,5.20654,5.21005,112132096,15530196992,15642329088,-1,-1
instances/ratio_1000/instance_500v7_1.30r8.cnf,all,500,650,138,138,52.14,1,998,84,14,wcc,0.241699,0.241632,112132096,15530196992,15642329088,-1,-1
instances/ratio_1000/instance_500v7_1.30r8.cnf,all,500,650,138,138,52.14,1,998,84,14,wcc_grouped,0.391113,0.391168,112132096,15530196992,15642329088,-1,-1
instances/ratio_1000/instance_500v7_1.30r8.cnf,all,500,650,138,138,52.14,1,998,84,14,heuristic1,11.7017,11.701,112132096,15530196992,15642329088,139,179
instances/ratio_1000/instance_500v7_1.30r8.cnf,all,500,650,138,138,52.14,1,998,84,14,heuristic2,9.41235,9.41149,112132096,15530196992,15642329088,116,156
instances/ratio_1000/instance_500v7_1.30r8.cnf,all,500,650,138,138,52.14,1,998,84,14,heuristic3,14.1897,14.1901,112132096,15530196992,15642329088,115,155
instances/ratio_1000/instance_500v7_1.30r8.cnf,all,500,650,138,138,52.14,1,998,84,14,heuristic4,1166.06,1166.08,112132096,15530196992,15642329088,113,153
instances/ratio_1000/instance_500v7_1.30r8.cnf,all,500,650,138,138,52.14,1,998,84,14,cleanup_device,0.0446777,0.04464,112132096,15530196992,15642329088,-1,-1
instances/ratio_1000/instance_500v7_1.30r8.cnf,all,500,650,138,138,52.14,1,998,84,14,total,1212.5,-1,112132096,15530196992,15642329088,-1,-1
instances/ratio_1000/instance_500v7_1.40r9.cnf,all,500,700,121,121,122.77,1,998,70,23,read_instance,0.399414,-1,107937792,15534391296,15642329088,-1,-1
instances/ratio_1000/instance_500v7_1.40r9.cnf,all,500,700,121,121,122.77,1,998,70,23,alloc_graph,0.178223,0.159936,110034944,15532294144,15642329088,-1,-1
instances/ratio_1000/instance_500v7_1.40r9.cnf,all,500,700,121,121,122.77,1,998,70,23,scc,3.9834,3.98384,112132096,15530196992,15642329088,-1,-1
instances/ratio_1000/instance_500v7_1.40r9.cnf,all,500,700,121,121,122.77,1,998,70,23,topo_sort,0.521484,0.520864,112132096,15530196992,15642329088,-1,-1
instances/ratio_1000/instance_500v7_1.40r9.cnf,all,500,700,121,121,122.77,1,998,70,23,backbone,5.21509,5.22259,112132096,15530196992,15642329088,-1,-1
instances/ratio_1000/instance_500v7_1.40r9.cnf,all,500,700,121,121,122.77,1,998,70,23,wcc,0.24292,0.243712,112132096,15530196992,15642329088,-1,-1
instances/ratio_1000/instance_500v7_1.40r9.cnf,all,500,700,121,121,122.77,1,998,70,23,wcc_grouped,0.430908,0.4312,112132096,15530196992,15642329088,-1,-1
instances/ratio_1000/instance_500v7_1.40r9.cnf,all,500,700,121,121,122.77,1,998,70,23,heuristic1,12.4087,12.4078,112132096,15530196992,15642329088,132,165
instances/ratio_1000/instance_500v7_1.40r9.cnf,all,500,700,121,121,122.77,1,998,70,23,heuristic2,9.20361,9.20221,112132096,15530196992,15642329088,116,150
instances/ratio_1000/instance_500v7_1.40r9.cnf,all,500,700,121,121,122.77,1,998,70,23,heuristic3,12.6731,12.6721,112132096,15530196992,15642329088,108,141
instances/ratio_1000/instance_500v7_1.40r9.cnf,all,500,700,121,121,122.77,1,998,70,23,heuristic4,987.22,987.234,112132096,15530196992,15642329088,99,132
instances/ratio_1000/instance_500v7_1.40r9.cnf,all,500,700,121,121,122.77,1,998,70,23,cleanup_device,0.0488281,0.049152,112132096,15530196992,15642329088,-1,-1
instances/ratio_1000/instance_500v7_1.40r9.cnf,all,500,700,121,121,122.77,1,998,70,23,total,1033.19,-1,112132096,15530196992,15642329088,-1,-1
instances/ratio_1000/instance_500v7_1.50r10.cnf,all,500,750,115,136,150.04,1,1000,62,11,read_instance,0.249023,-1,107937792,15534391296,15642329088,-1,-1
instances/ratio_1000/instance_500v7_1.50r10.cnf,all,500,750,115,136,150.04,1,1000,62,11,alloc_graph,0.180908,0.156608,110034944,15532294144,15642329088,-1,-1
instances/ratio_1000/instance_500v7_1.50r10.cnf,all,500,750,115,136,150.04,1,1000,62,11,scc,3.82007,3.82112,112132096,15530196992,15642329088,-1,-1
instances/ratio_1000/instance_500v7_1.50r10.cnf,all,500,750,115,136,150.04,1,1000,62,11,topo_sort,0.280029,0.279744,112132096,15530196992,15642329088,-1,-1
instances/ratio_1000/instance_500v7_1.50r10.cnf,all,500,750,115,136,150.04,1,1000,62,11,backbone,4.97485,4.98026,112132096,15530196992,15642329088,-1,-1
instances/ratio_1000/instance_500v7_1.50r10.cnf,all,500,750,115,136,150.04,1,1000,62,11,wcc,0.205566,0.204832,112132096,15530196992,15642329088,-1,-1
instances/ratio_1000/instance_500v7_1.50r10.cnf,all,500,750,115,136,150.04,1,1000,62,11,wcc_grouped,0.364258,0.364672,112132096,15530196992,15642329088,-1,-1
instances/ratio_1000/instance_500v7_1.50r10.cnf,all,500,750,115,136,150.04,1,1000,62,11,heuristic1,12.1172,12.1161,112132096,15530196992,15642329088,144,173
instances/ratio_1000/instance_500v7_1.50r10.cnf,all,500,750,115,136,150.04,1,1000,62,11,heuristic2,8.92285,8.92198,112132096,15530196992,15642329088,113,142
instances/ratio_1000/instance_500v7_1.50r10.cnf,all,500,750,115,136,150.04,1,1000,62,11,heuristic3,13.4419,13.4412,112132096,15530196992,15642329088,113,142
instances/ratio_1000/instance_500v7_1.50r10.cnf,all,500,750,115,136,150.04,1,1000,62,11,heuristic4,1096.5,1096.52,112132096,15530196992,15642329088,107,136
instances/ratio_1000/instance_500v7_1.50r10.cnf,all,500,750,115,136,150.04,1,1000,62,11,cleanup_device,0.0603027,0.060064,112132096,15530196992,15642329088,-1,-1
instances/ratio_1000/instance_500v7_1.50r10.cnf,all,500,750,115,136,150.04,1,1000,62,11,total,1141.79,-1,112132096,15530196992,15642329088,-1,-1
instances/ratio_1000/instance_500v7_1.60r11.cnf,all,500,800,94,111,150.05,1,990,32,19,read_instance,0.278076,-1,107937792,15534391296,15642329088,-1,-1
instances/ratio_1000/instance_500v7_1.60r11.cnf,all,500,800,94,111,150.05,1,990,32,19,alloc_graph,0.299561,0.28624,110034944,15532294144,15642329088,-1,-1
instances/ratio_1000/instance_500v7_1.60r11.cnf,all,500,800,94,111,150.05,1,990,32,19,scc,3.96069,3.96122,112132096,15530196992,15642329088,-1,-1
instances/ratio_1000/instance_500v7_1.60r11.cnf,all,500,800,94,111,150.05,1,990,32,19,topo_sort,0.411621,0.411392,112132096,15530196992,15642329088,-1,-1
instances/ratio_1000/instance_500v7_1.60r11.cnf,all,500,800,94,111,150.05,1,990,32,19,backbone,5.28198,5.28691,112132096,15530196992,15642329088,-1,-1
instances/ratio_1000/instance_500v7_1.60r11.cnf,all,500,800,94,111,150.05,1,990,32,19,wcc,0.20874,0.207488,112132096,15530196992,15642329088,-1,-1
instances/ratio_1000/instance_500v7_1.60r11.cnf,all,500,800,94,111,150.05,1,990,32,19,wcc_grouped,0.352295,0.35232,112132096,15530196992,15642329088,-1,-1
instances/ratio_1000/instance_500v7_1.60r11.cnf,all,500,800,94,111,150.05,1,990,32,19,heuristic1,10.8892,10.889,112132096,15530196992,15642329088,126,141
instances/ratio_1000/instance_500v7_1.60r11.cnf,all,500,800,94,111,150.05,1,990,32,19,heuristic2,8.59961,8.59894,112132096,15530196992,15642329088,107,122
instances/ratio_1000/instance_500v7_1.60r11.cnf,all,500,800,94,111,150.05,1,990,32,19,heuristic3,13.0859,13.0857,112132096,15530196992,15642329088,114,129
instances/ratio_1000/instance_500v7_1.60r11.cnf,all,500,800,94,111,150.05,1,990,32,19,heuristic4,1010.31,1010.33,112132096,15530196992,15642329088,100,115
instances/ratio_1000/instance_500v7_1.60r11.cnf,all,500,800,94,111,150.05,1,990,32,19,cleanup_device,0.0549316,0.054624,112132096,15530196992,15642329088,-1,-1
instances/ratio_1000/instance_500v7_1.60r11.cnf,all,500,800,94,111,150.05,1,990,32,19,total,1054.36,-1,112132096,15530196992,15642329088,-1,-1
instances/ratio_1000/instance_500v7_1.70r12.cnf,all,500,850,104,104,87.12,1,1000,48,30,read_instance,0.272461,-1,107937792,15534391296,15642329088,-1,-1
instances/ratio_1000/instance_500v7_1.70r12.cnf,all,500,850,104,104,87.12,1,1000,48,30,alloc_graph,0.162842,0.149504,110034944,15532294144,15642329088,-1,-1
instances/ratio_1000/instance_500v7_1.70r12.cnf,all,500,850,104,104,87.12,1,1000,48,30,scc,4.12744,4.12877,112132096,15530196992,15642329088,-1,-1
instances/ratio_1000/instance_500v7_1.70r12.cnf,all,500,850,104,104,87.12,1,1000,48,30,topo_sort,0.611572,0.610176,112132096,15530196992,15642329088,-1,-1
instances/ratio_1000/instance_500v7_1.70r12.cnf,all,500,850,104,104,87.12,1,1000,48,30,backbone,4.9292,4.93296,112132096,15530196992,15642329088,-1,-1
instances/ratio_1000/instance_500v7_1.70r12.cnf,all,500,850,104,104,87.12,1,1000,48,30,wcc,0.187256,0.186976,112132096,15530196992,15642329088,-1,-1
instances/ratio_1000/instance_500v7_1.70r12.cnf,all,500,850,104,104,87.12,1,1000,48,30,wcc_grouped,0.378418,0.378528,112132096,15530196992,15642329088,-1,-1
instances/ratio_1000/instance_500v7_1.70r12.cnf,all,500,850,104,104,87.12,1,1000,48,30,heuristic1,10.7021,10.7021,112132096,15530196992,15642329088,125,147
instances/ratio_1000/instance_500v7_1.70r12.cnf,all,500,850,104,104,87.12,1,1000,48,30,heuristic2,8.54663,8.54534,112132096,15530196992,15642329088,109,131
instances/ratio_1000/instance_500v7_1.70r12.cnf,all,500,850,104,104,87.12,1,1000,48,30,heuristic3,13.5352,13.5342,112132096,15530196992,15642329088,116,138
instances/ratio_1000/instance_500v7_1.70r12.cnf,all,500,850,104,104,87.12,1,1000,48,30,heuristic4,1066.65,1066.67,112132096,15530196992,15642329088,105,127
instances/ratio_1000/instance_500v7_1.70r12.cnf,all,500,850,104,104,87.12,1,1000,48,30,cleanup_device,0.0383301,0.038272,112132096,15530196992,15642329088,-1,-1
instances/ratio_1000/instance_500v7_1.70r12.cnf,all,500,850,104,104,87.12,1,1000,48,30,total,1110.73,-1,112132096,15530196992,15642329088,-1,-1
instances/ratio_1000/instance_500v7_1.80r13.cnf,all,500,900,86,102,150.23,1,992,30,27,read_instance,0.344238,-1,107937792,15534391296,15642329088,-1,-1
instances/ratio_1000/instance_500v7_1.80r13.cnf,all,500,900,86,102,150.23,1,992,30,27,alloc_graph,0.179443,0.163328,110034944,15532294144,15642329088,-1,-1
instances/ratio_1000/instance_500v7_1.80r13.cnf,all,500,900,86,102,150.23,1,992,30,27,scc,4.02148,4.02346,112132096,15530196992,15642329088,-1,-1
instances/ratio_1000/instance_500v7_1.80r13.cnf,all,500,900,86,102,150.23,1,992,30,27,topo_sort,0.574951,0.574432,112132096,15530196992,15642329088,-1,-1
instances/ratio_1000/instance_500v7_1.80r13.cnf,all,500,900,86,102,150.23,1,992,30,27,backbone,5.16211,5.16877,112132096,15530196992,15642329088,-1,-1
instances/ratio_1000/instance_500v7_1.80r13.cnf,all,500,900,86,102,150.23,1,992,30,27,wcc,0.236572,0.2368,112132096,15530196992,15642329088,-1,-1
instances/ratio_1000/instance_500v7_1.80r13.cnf,all,500,900,86,102,150.23,1,992,30,27,wcc_grouped,0.360352,0.361568,112132096,15530196992,15642329088,-1,-1
instances/ratio_1000/instance_500v7_1.80r13.cnf,all,500,900,86,102,150.23,1,992,30,27,heuristic1,10.8264,10.8259,112132096,15530196992,15642329088,123,136
instances/ratio_1000/instance_500v7_1.80r13.cnf,all,500,900,86,102,150.23,1,992,30,27,heuristic2,8.31494,8.31472,112132096,15530196992,15642329088,98,111
instances/ratio_1000/instance_500v7_1.80r13.cnf,all,500,900,86,102,150.23,1,992,30,27,heuristic3,12.5603,12.5602,112132096,15530196992,15642329088,103,116
instances/ratio_1000/instance_500v7_1.80r13.cnf,all,500,900,86,102,150.23,1,992,30,27,heuristic4,899.54,899.552,112132096,15530196992,15642329088,91,104
instances/ratio_1000/instance_500v7_1.80r13.cnf,all,500,900,86,102,150.23,1,992,30,27,cleanup_device,0.0415039,0.041152,112132096,15530196992,15642329088,-1,-1
instances/ratio_1000/instance_500v7_1.80r13.cnf,all,500,900,86,102,150.23,1,992,30,27,total,942.793,-1,112132096,15530196992,15642329088,-1,-1
instances/ratio_1000/instance_500v7_1.90r14.cnf,all,500,950,81,93,150.04,1,1000,22,30,read_instance,0.293701,-1,107937792,15534391296,15642329088,-1,-1
instances/ratio_1000/instance_500v7_1.90r14.cnf,all,500,950,81,93,150.04,1,1000,22,30,alloc_graph,0.167969,0.153568,110034944,15532294144,15642329088,-1,-1
instances/ratio_1000/instance_500v7_1.90r14.cnf,all,500,950,81,93,150.04,1,1000,22,30,scc,4.12378,4.12461,112132096,15530196992,15642329088,-1,-1
instances/ratio_1000/instance_500v7_1.90r14.cnf,all,500,950,81,93,150.04,1,1000,22,30,topo_sort,0.663818,0.662848,112132096,15530196992,15642329088,-1,-1
instances/ratio_1000/instance_500v7_1.90r14.cnf,all,500,950,81,93,150.04,1,1000,22,30,backbone,5.15405,5.15952,112132096,15530196992,15642329088,-1,-1
instances/ratio_1000/instance_500v7_1.90r14.cnf,all,500,950,81,93,150.04,1,1000,22,30,wcc,0.191406,0.190624,112132096,15530196992,15642329088,-1,-1
instances/ratio_1000/instance_500v7_1.90r14.cnf,all,500,950,81,93,150.04,1,1000,22,30,wcc_grouped,0.349609,0.350144,112132096,15530196992,15642329088,-1,-1
instances/ratio_1000/instance_500v7_1.90r14.cnf,all,500,950,81,93,150.04,1,1000,22,30,heuristic1,9.39453,9.39386,112132096,15530196992,15642329088,107,116
instances/ratio_1000/instance_500v7_1.90r14.cnf,all,500,950,81,93,150.04,1,1000,22,30,heuristic2,8.33154,8.3304,112132096,15530196992,15642329088,104,113
instances/ratio_1000/instance_500v7_1.90r14.cnf,all,500,950,81,93,150.04,1,1000,22,30,heuristic3,11.5552,11.5536,112132096,15530196992,15642329088,98,107
instances/ratio_1000/instance_500v7_1.90r14.cnf,all,500,950,81,93,150.04,1,1000,22,30,heuristic4,939.72,939.732,112132096,15530196992,15642329088,93,102
instances/ratio_1000/instance_500v7_1.90r14.cnf,all,500,950,81,93,150.04,1,1000,22,30,cleanup_device,0.0412598,0.041024,112132096,15530196992,15642329088,-1,-1
instances/ratio_1000/instance_500v7_1.90r14.cnf,all,500,950,81,93,150.04,1,1000,22,30,total,980.661,-1,112132096,15530196992,15642329088,-1,-1
instances/ratio_1000/instance_500v7_2.00r15.cnf,all,500,1000,88,100,150.04,1,994,32,25,read_instance,0.315186,-1,107937792,15534391296,15642329088,-1,-1
instances/ratio_1000/instance_500v7_2.00r15.cnf,all,500,1000,88,100,150.04,1,994,32,25,alloc_graph,0.166748,0.151968,110034944,15532294144,15642329088,-1,-1
instances/ratio_1000/instance_500v7_2.00r15.cnf,all,500,1000,88,100,150.04,1,994,32,25,scc,3.97876,3.97978,112132096,15530196992,15642329088,-1,-1
instances/ratio_1000/instance_500v7_2.00r15.cnf,all,500,1000,88,100,150.04,1,994,32,25,topo_sort,0.538818,0.538784,112132096,15530196992,15642329088,-1,-1
instances/ratio_1000/instance_500v7_2.00r15.cnf,all,500,1000,88,100,150.04,1,994,32,25,backbone,5.48022,5.48618,112132096,15530196992,15642329088,-1,-1
instances/ratio_1000/instance_500v7_2.00r15.cnf,all,500,1000,88,100,150.04,1,994,32,25,wcc,0.205078,0.203776,112132096,15530196992,15642329088,-1,-1
instances/ratio_1000/instance_500v7_2.00r15.cnf,all,500,1000,88,100,150.04,1,994,32,25,wcc_grouped,0.371826,0.37216,112132096,15530196992,15642329088,-1,-1
instances/ratio_1000/instance_500v7_2.00r15.cnf,all,500,1000,88,100,150.04,1,994,32,25,heuristic1,9.56885,9.56806,112132096,15530196992,15642329088,109,123
instances/ratio_1000/instance_500v7_2.00r15.cnf,all,500,1000,88,100,150.04,1,994,32,25,heuristic2,8.52246,8.52118,112132096,15530196992,15642329088,103,117
instances/ratio_1000/instance_500v7_2.00r15.cnf,all,500,1000,88,100,150.04,1,994,32,25,heuristic3,11.4338,11.433,112132096,15530196992,15642329088,90,104
instances/ratio_1000/instance_500v7_2.00r15.cnf,all,500,1000,88,100,150.04,1,994,32,25,heuristic4,811.251,811.263,112132096,15530196992,15642329088,83,97
instances/ratio_1000/instance_500v7_2.00r15.cnf,all,500,1000,88,100,150.04,1,994,32,25,cleanup_device,0.0458984,0.045536,112132096,15530196992,15642329088,-1,-1
instances/ratio_1000/instance_500v7_2.00r15.cnf,all,500,1000,88,100,150.04,1,994,32,25,total,852.536,-1,112132096,15530196992,15642329088,-1,-1
instances/ratio_1000/instance_500v7_2.10r16.cnf,all,500,1050,81,81,2.19,1,898,34,34,read_instance,0.383301,-1,107937792,15534391296,15642329088,-1,-1
instances/ratio_1000/instance_500v7_2.10r16.cnf,all,500,1050,81,81,2.19,1,898,34,34,alloc_graph,0.186523,0.170656,110034944,15532294144,15642329088,-1,-1
instances/ratio_1000/instance_500v7_2.10r16.cnf,all,500,1050,81,81,2.19,1,898,34,34,scc,4.40625,4.40621,112132096,15530196992,15642329088,-1,-1
instances/ratio_1000/instance_500v7_2.10r16.cnf,all,500,1050,81,81,2.19,1,898,34,34,topo_sort,0.764893,0.76384,112132096,15530196992,15642329088,-1,-1
instances/ratio_1000/instance_500v7_2.10r16.cnf,all,500,1050,81,81,2.19,1,898,34,34,backbone,5.1228,5.12944,112132096,15530196992,15642329088,-1,-1
instances/ratio_1000/instance_500v7_2.10r16.cnf,all,500,1050,81,81,2.19,1,898,34,34,wcc,0.200439,0.20032,112132096,15530196992,15642329088,-1,-1
instances/ratio_1000/instance_500v7_2.10r16.cnf,all,500,1050,81,81,2.19,1,898,34,34,wcc_grouped,0.376709,0.376928,112132096,15530196992,15642329088,-1,-1
instances/ratio_1000/instance_500v7_2.10r16.cnf,all,500,1050,81,81,2.19,1,898,34,34,heuristic1,8.34399,8.34294,112132096,15530196992,15642329088,93,108
instances/ratio_1000/instance_500v7_2.10r16.cnf,all,500,1050,81,81,2.19,1,898,34,34,heuristic2,7.01221,7.01094,112132096,15530196992,15642329088,86,101
instances/ratio_1000/instance_500v7_2.10r16.cnf,all,500,1050,81,81,2.19,1,898,34,34,heuristic3,10.7229,10.722,112132096,15530196992,15642329088,85,100
instances/ratio_1000/instance_500v7_2.10r16.cnf,all,500,1050,81,81,2.19,1,898,34,34,heuristic4,756.865,756.876,112132096,15530196992,15642329088,78,93
instances/ratio_1000/instance_500v7_2.10r16.cnf,all,500,1050,81,81,2.19,1,898,34,34,cleanup_device,0.0402832,0.040064,112132096,15530196992,15642329088,-1,-1
instances/ratio_1000/instance_500v7_2.10r16.cnf,all,500,1050,81,81,2.19,1,898,34,34,total,795.038,-1,112132096,15530196992,15642329088,-1,-1
instances/ratio_1000/instance_500v7_2.20r17.cnf,all,500,1100,67,76,150.05,1,998,22,26,read_instance,0.348877,-1,107937792,15534391296,15642329088,-1,-1
instances/ratio_1000/instance_500v7_2.20r17.cnf,all,500,1100,67,76,150.05,1,998,22,26,alloc_graph,0.172852,0.159424,110034944,15532294144,15642329088,-1,-1
instances/ratio_1000/instance_500v7_2.20r17.cnf,all,500,1100,67,76,150.05,1,998,22,26,scc,4.13745,4.13888,112132096,15530196992,15642329088,-1,-1
instances/ratio_1000/instance_500v7_2.20r17.cnf,all,500,1100,67,76,150.05,1,998,22,26,topo_sort,0.594238,0.59408,112132096,15530196992,15642329088,-1,-1
instances/ratio_1000/instance_500v7_2.20r17.cnf,all,500,1100,67,76,150.05,1,998,22,26,backbone,5.57593,5.58182,112132096,15530196992,15642329088,-1,-1
instances/ratio_1000/instance_500v7_2.20r17.cnf,all,500,1100,67,76,150.05,1,998,22,26,wcc,0.2146,0.213504,112132096,15530196992,15642329088,-1,-1
instances/ratio_1000/instance_500v7_2.20r17.cnf,all,500,1100,67,76,150.05,1,998,22,26,wcc_grouped,0.404053,0.40384,112132096,15530196992,15642329088,-1,-1
instances/ratio_1000/instance_500v7_2.20r17.cnf,all,500,1100,67,76,150.05,1,998,22,26,heuristic1,10.0571,10.0562,112132096,15530196992,15642329088,98,107
instances/ratio_1000/instance_500v7_2.20r17.cnf,all,500,1100,67,76,150.05,1,998,22,26,heuristic2,6.62134,6.62067,112132096,15530196992,15642329088,84,93
instances/ratio_1000/instance_500v7_2.20r17.cnf,all,500,1100,67,76,150.05,1,998,22,26,heuristic3,9.92188,9.92102,112132096,15530196992,15642329088,77,86
instances/ratio_1000/instance_500v7_2.20r17.cnf,all,500,1100,67,76,150.05,1,998,22,26,heuristic4,697.441,697.451,112132096,15530196992,15642329088,72,81
instances/ratio_1000/instance_500v7_2.20r17.cnf,all,500,1100,67,76,150.05,1,998,22,26,cleanup_device,0.0400391,0.040256,112132096,15530196992,15642329088,-1,-1
instances/ratio_1000/instance_500v7_2.20r17.cnf,all,500,1100,67,76,150.05,1,998,22,26,total,736.146,-1,112132096,15530196992,15642329088,-1,-1
instances/ratio_1000/instance_500v7_2.30r18.cnf,all,500,1150,82,82,3.1,1,996,26,62,read_instance,0.348145,-1,107937792,15534391296,15642329088,-1,-1
instances/ratio_1000/instance_500v7_2.30r18.cnf,all,500,1150,82,82,3.1,1,996,26,62,alloc_graph,0.177734,0.159296,110034944,15532294144,15642329088,-1,-1
instances/ratio_1000/instance_500v7_2.30r18.cnf,all,500,1150,82,82,3.1,1,996,26,62,scc,4.22803,4.22915,112132096,15530196992,15642329088,-1,-1
instances/ratio_1000/instance_500v7_2.30r18.cnf,all,500,1150,82,82,3.1,1,996,26,62,topo_sort,1.20898,1.20867,112132096,15530196992,15642329088,-1,-1
instances/ratio_1000/instance_500v7_2.30r18.cnf,all,500,1150,82,82,3.1,1,996,26,62,backbone,5.16016,5.16512,112132096,15530196992,15642329088,-1,-1
instances/ratio_1000/instance_500v7_2.30r18.cnf,all,500,1150,82,82,3.1,1,996,26,62,wcc,0.216064,0.215104,112132096,15530196992,15642329088,-1,-1
instances/ratio_1000/instance_500v7_2.30r18.cnf,all,500,1150,82,82,3.1,1,996,26,62,wcc_grouped,0.352783,0.353472,112132096,15530196992,15642329088,-1,-1
instances/ratio_1000/instance_500v7_2.30r18.cnf,all,500,1150,82,82,3.1,1,996,26,62,heuristic1,8.3147,8.31389,112132096,15530196992,15642329088,97,108
instances/ratio_1000/instance_500v7_2.30r18.cnf,all,500,1150,82,82,3.1,1,996,26,62,heuristic2,7.29932,7.29725,112132096,15530196992,15642329088,85,96
instances/ratio_1000/instance_500v7_2.30r18.cnf,all,500,1150,82,82,3.1,1,996,26,62,heuristic3,10.417,10.4172,112132096,15530196992,15642329088,86,97
instances/ratio_1000/instance_500v7_2.30r18.cnf,all,500,1150,82,82,3.1,1,996,26,62,heuristic4,815.821,815.832,112132096,15530196992,15642329088,83,94
instances/ratio_1000/instance_500v7_2.30r18.cnf,all,500,1150,82,82,3.1,1,996,26,62,cleanup_device,0.0412598,0.041248,112132096,15530196992,15642329088,-1,-1
instances/ratio_1000/instance_500v7_2.30r18.cnf,all,500,1150,82,82,3.1,1,996,26,62,total,854.253,-1,112132096,15530196992,15642329088,-1,-1
instances/ratio_1000/instance_500v7_2.40r19.cnf,all,500,1200,71,71,0.2,1,958,30,45,read_instance,0.437744,-1,107937792,15534391296,15642329088,-1,-1
instances/ratio_1000/instance_500v7_2.40r19.cnf,all,500,1200,71,71,0.2,1,958,30,45,alloc_graph,0.180176,0.16384,110034944,15532294144,15642329088,-1,-1
instances/ratio_1000/instance_500v7_2.40r19.cnf,all,500,1200,71,71,0.2,1,958,30,45,scc,4.15308,4.15382,112132096,15530196992,15642329088,-1,-1
instances/ratio_1000/instance_500v7_2.40r19.cnf,all,500,1200,71,71,0.2,1,958,30,45,topo_sort,0.946777,0.945632,112132096,15530196992,15642329088,-1,-1
instances/ratio_1000/instance_500v7_2.40r19.cnf,all,500,1200,71,71,0.2,1,958,30,45,backbone,5.32617,5.3319,112132096,15530196992,15642329088,-1,-1
instances/ratio_1000/instance_500v7_2.40r19.cnf,all,500,1200,71,71,0.2,1,958,30,45,wcc,0.266357,0.266112,112132096,15530196992,15642329088,-1,-1
instances/ratio_1000/instance_500v7_2.40r19.cnf,all,500,1200,71,71,0.2,1,958,30,45,wcc_grouped,0.361084,0.360448,112132096,15530196992,15642329088,-1,-1
instances/ratio_1000/instance_500v7_2.40r19.cnf,all,500,1200,71,71,0.2,1,958,30,45,heuristic1,6.87964,6.87866,112132096,15530196992,15642329088,77,90
instances/ratio_1000/instance_500v7_2.40r19.cnf,all,500,1200,71,71,0.2,1,958,30,45,heuristic2,6.11938,6.11795,112132096,15530196992,15642329088,74,87
instances/ratio_1000/instance_500v7_2.40r19.cnf,all,500,1200,71,71,0.2,1,958,30,45,heuristic3,10.6182,10.6178,112132096,15530196992,15642329088,80,93
instances/ratio_1000/instance_500v7_2.40r19.cnf,all,500,1200,71,71,0.2,1,958,30,45,heuristic4,719.383,719.392,112132096,15530196992,15642329088,74,87
instances/ratio_1000/instance_500v7_2.40r19.cnf,all,500,1200,71,71,0.2,1,958,30,45,cleanup_device,0.0544434,0.054048,112132096,15530196992,15642329088,-1,-1
instances/ratio_1000/instance_500v7_2.40r19.cnf,all,500,1200,71,71,0.2,1,958,30,45,total,755.364,-1,112132096,15530196992,15642329088,-1,-1
instances/ratio_1000/instance_500v7_2.50r20.cnf,all,500,1250,80,80,0.05,1,698,58,22,read_instance,0.363281,-1,107937792,15534391296,15642329088,-1,-1
instances/ratio_1000/instance_500v7_2.50r20.cnf,all,500,1250,80,80,0.05,1,698,58,22,alloc_graph,0.161865,0.147744,110034944,15532294144,15642329088,-1,-1
instances/ratio_1000/instance_500v7_2.50r20.cnf,all,500,1250,80,80,0.05,1,698,58,22,scc,4.02393,4.02432,112132096,15530196992,15642329088,-1,-1
instances/ratio_1000/instance_500v7_2.50r20.cnf,all,500,1250,80,80,0.05,1,698,58,22,topo_sort,0.590332,0.590848,112132096,15530196992,15642329088,-1,-1
instances/ratio_1000/instance_500v7_2.50r20.cnf,all,500,1250,80,80,0.05,1,698,58,22,backbone,5.13013,5.1343,112132096,15530196992,15642329088,-1,-1
instances/ratio_1000/instance_500v7_2.50r20.cnf,all,500,1250,80,80,0.05,1,698,58,22,wcc,0.229004,0.228704,112132096,15530196992,15642329088,-1,-1
instances/ratio_1000/instance_500v7_2.50r20.cnf,all,500,1250,80,80,0.05,1,698,58,22,wcc_grouped,0.365479,0.3664,112132096,15530196992,15642329088,-1,-1
instances/ratio_1000/instance_500v7_2.50r20.cnf,all,500,1250,80,80,0.05,1,698,58,22,heuristic1,5.979,5.97843,112132096,15530196992,15642329088,71,100
instances/ratio_1000/instance_500v7_2.50r20.cnf,all,500,1250,80,80,0.05,1,698,58,22,heuristic2,4.94482,4.94419,112132096,15530196992,15642329088,64,91
instances/ratio_1000/instance_500v7_2.50r20.cnf,all,500,1250,80,80,0.05,1,698,58,22,heuristic3,8.78394,8.78317,112132096,15530196992,15642329088,61,88
instances/ratio_1000/instance_500v7_2.50r20.cnf,all,500,1250,80,80,0.05,1,698,58,22,heuristic4,520.377,520.384,112132096,15530196992,15642329088,56,83
instances/ratio_1000/instance_500v7_2.50r20.cnf,all,500,1250,80,80,0.05,1,698,58,22,cleanup_device,0.043457,0.043744,112132096,15530196992,15642329088,-1,-1
instances/ratio_1000/instance_500v7_2.50r20.cnf,all,500,1250,80,80,0.05,1,698,58,22,total,551.59,-1,112132096,15530196992,15642329088,-1,-1
instances/ratio_1000/instance_500v7_2.60r21.cnf,all,500,1300,71,71,1.45,1,852,46,49,read_instance,0.367432,-1,107937792,15534391296,15642329088,-1,-1
instances/ratio_1000/instance_500v7_2.60r21.cnf,all,500,1300,71,71,1.45,1,852,46,49,alloc_graph,0.180176,0.164032,110034944,15532294144,15642329088,-1,-1
instances/ratio_1000/instance_500v7_2.60r21.cnf,all,500,1300,71,71,1.45,1,852,46,49,scc,4.22949,4.22963,112132096,15530196992,15642329088,-1,-1
instances/ratio_1000/instance_500v7_2.60r21.cnf,all,500,1300,71,71,1.45,1,852,46,49,topo_sort,1.05347,1.05149,112132096,15530196992,15642329088,-1,-1
instances/ratio_1000/instance_500v7_2.60r21.cnf,all,500,1300,71,71,1.45,1,852,46,49,backbone,5.56616,5.57133,112132096,15530196992,15642329088,-1,-1
instances/ratio_1000/instance_500v7_2.60r21.cnf,all,500,1300,71,71,1.45,1,852,46,49,wcc,0.234863,0.23376,112132096,15530196992,15642329088,-1,-1
instances/ratio_1000/instance_500v7_2.60r21.cnf,all,500,1300,71,71,1.45,1,852,46,49,wcc_grouped,0.443848,0.443296,112132096,15530196992,15642329088,-1,-1
instances/ratio_1000/instance_500v7_2.60r21.cnf,all,500,1300,71,71,1.45,1,852,46,49,heuristic1,7.32446,7.32378,112132096,15530196992,15642329088,69,90
instances/ratio_1000/instance_500v7_2.60r21.cnf,all,500,1300,71,71,1.45,1,852,46,49,heuristic2,5.21118,5.20973,112132096,15530196992,15642329088,63,86
instances/ratio_1000/instance_500v7_2.60r21.cnf,all,500,1300,71,71,1.45,1,852,46,49,heuristic3,9.12402,9.1232,112132096,15530196992,15642329088,61,82
instances/ratio_1000/instance_500v7_2.60r21.cnf,all,500,1300,71,71,1.45,1,852,46,49,heuristic4,610.847,610.855,112132096,15530196992,15642329088,65,86
instances/ratio_1000/instance_500v7_2.60r21.cnf,all,500,1300,71,71,1.45,1,852,46,49,cleanup_device,0.0441895,0.044032,112132096,15530196992,15642329088,-1,-1
instances/ratio_1000/instance_500v7_2.60r21.cnf,all,500,1300,71,71,1.45,1,852,46,49,total,645.279,-1,112132096,15530196992,15642329088,-1,-1
instances/ratio_1000/instance_500v7_2.70r22.cnf,all,500,1350,78,78,0.56,1,770,54,31,read_instance,0.458496,-1,107937792,15534391296,15642329088,-1,-1
instances/ratio_1000/instance_500v7_2.70r22.cnf,all,500,1350,78,78,0.56,1,770,54,31,alloc_graph,0.200928,0.186368,110034944,15532294144,15642329088,-1,-1
instances/ratio_1000/instance_500v7_2.70r22.cnf,all,500,1350,78,78,0.56,1,770,54,31,scc,4.30469,4.30534,112132096,15530196992,15642329088,-1,-1
instances/ratio_1000/instance_500v7_2.70r22.cnf,all,500,1350,78,78,0.56,1,770,54,31,topo_sort,0.750244,0.749632,112132096,15530196992,15642329088,-1,-1
instances/ratio_1000/instance_500v7_2.70r22.cnf,all,500,1350,78,78,0.56,1,770,54,31,backbone,5.49292,5.49878,112132096,15530196992,15642329088,-1,-1
instances/ratio_1000/instance_500v7_2.70r22.cnf,all,500,1350,78,78,0.56,1,770,54,31,wcc,0.213867,0.212992,112132096,15530196992,15642329088,-1,-1
instances/ratio_1000/instance_500v7_2.70r22.cnf,all,500,1350,78,78,0.56,1,770,54,31,wcc_grouped,0.364258,0.36448,112132096,15530196992,15642329088,-1,-1
instances/ratio_1000/instance_500v7_2.70r22.cnf,all,500,1350,78,78,0.56,1,770,54,31,heuristic1,7.32837,7.32806,112132096,15530196992,15642329088,85,112
instances/ratio_1000/instance_500v7_2.70r22.cnf,all,500,1350,78,78,0.56,1,770,54,31,heuristic2,4.95142,4.94986,112132096,15530196992,15642329088,60,85
instances/ratio_1000/instance_500v7_2.70r22.cnf,all,500,1350,78,78,0.56,1,770,54,31,heuristic3,8.8562,8.85546,112132096,15530196992,15642329088,63,88
instances/ratio_1000/instance_500v7_2.70r22.cnf,all,500,1350,78,78,0.56,1,770,54,31,heuristic4,573.629,573.637,112132096,15530196992,15642329088,62,87
instances/ratio_1000/instance_500v7_2.70r22.cnf,all,500,1350,78,78,0.56,1,770,54,31,cleanup_device,0.0402832,0.040256,112132096,15530196992,15642329088,-1,-1
instances/ratio_1000/instance_500v7_2.70r22.cnf,all,500,1350,78,78,0.56,1,770,54,31,total,607.218,-1,112132096,15530196992,15642329088,-1,-1
instances/ratio_1000/instance_500v7_2.80r23.cnf,all,500,1400,62,62,0.1,1,740,38,26,read_instance,0.436768,-1,107937792,15534391296,15642329088,-1,-1
instances/ratio_1000/instance_500v7_2.80r23.cnf,all,500,1400,62,62,0.1,1,740,38,26,alloc_graph,0.173584,0.157696,110034944,15532294144,15642329088,-1,-1
instances/ratio_1000/instance_500v7_2.80r23.cnf,all,500,1400,62,62,0.1,1,740,38,26,scc,4.26538,4.26579,112132096,15530196992,15642329088,-1,-1
instances/ratio_1000/instance_500v7_2.80r23.cnf,all,500,1400,62,62,0.1,1,740,38,26,topo_sort,0.655518,0.654368,112132096,15530196992,15642329088,-1,-1
instances/ratio_1000/instance_500v7_2.80r23.cnf,all,500,1400,62,62,0.1,1,740,38,26,backbone,5.22705,5.23245,112132096,15530196992,15642329088,-1,-1
instances/ratio_1000/instance_500v7_2.80r23.cnf,all,500,1400,62,62,0.1,1,740,38,26,wcc,0.231445,0.231424,112132096,15530196992,15642329088,-1,-1
instances/ratio_1000/instance_500v7_2.80r23.cnf,all,500,1400,62,62,0.1,1,740,38,26,wcc_grouped,0.402344,0.403456,112132096,15530196992,15642329088,-1,-1
instances/ratio_1000/instance_500v7_2.80r23.cnf,all,500,1400,62,62,0.1,1,740,38,26,heuristic1,5.86108,5.86048,112132096,15530196992,15642329088,64,81
instances/ratio_1000/instance_500v7_2.80r23.cnf,all,500,1400,62,62,0.1,1,740,38,26,heuristic2,4.31763,4.31619,112132096,15530196992,15642329088,53,70
instances/ratio_1000/instance_500v7_2.80r23.cnf,all,500,1400,62,62,0.1,1,740,38,26,heuristic3,7.75171,7.75037,112132096,15530196992,15642329088,53,70
instances/ratio_1000/instance_500v7_2.80r23.cnf,all,500,1400,62,62,0.1,1,740,38,26,heuristic4,412.809,412.815,112132096,15530196992,15642329088,47,64
instances/ratio_1000/instance_500v7_2.80r23.cnf,all,500,1400,62,62,0.1,1,740,38,26,cleanup_device,0.041748,0.041568,112132096,15530196992,15642329088,-1,-1
instances/ratio_1000/instance_500v7_2.80r23.cnf,all,500,1400,62,62,0.1,1,740,38,26,total,442.759,-1,112132096,15530196992,15642329088,-1,-1
instances/ratio_1000/instance_500v7_2.90r24.cnf,all,500,1450,48,48,0.24,1,922,20,77,read_instance,0.471436,-1,107937792,15534391296,15642329088,-1,-1
instances/ratio_1000/instance_500v7_2.90r24.cnf,all,500,1450,48,48,0.24,1,922,20,77,alloc_graph,0.191406,0.180224,110034944,15532294144,15642329088,-1,-1
instances/ratio_1000/instance_500v7_2.90r24.cnf,all,500,1450,48,48,0.24,1,922,20,77,scc,4.47363,4.4751,112132096,15530196992,15642329088,-1,-1
instances/ratio_1000/instance_500v7_2.90r24.cnf,all,500,1450,48,48,0.24,1,922,20,77,topo_sort,1.52734,1.5265,112132096,15530196992,15642329088,-1,-1
instances/ratio_1000/instance_500v7_2.90r24.cnf,all,500,1450,48,48,0.24,1,922,20,77,backbone,5.3335,5.33843,112132096,15530196992,15642329088,-1,-1
instances/ratio_1000/instance_500v7_2.90r24.cnf,all,500,1450,48,48,0.24,1,922,20,77,wcc,0.208252,0.20864,112132096,15530196992,15642329088,-1,-1
instances/ratio_1000/instance_500v7_2.90r24.cnf,all,500,1450,48,48,0.24,1,922,20,77,wcc_grouped,0.380127,0.379488,112132096,15530196992,15642329088,-1,-1
instances/ratio_1000/instance_500v7_2.90r24.cnf,all,500,1450,48,48,0.24,1,922,20,77,heuristic1,6.25391,6.25309,112132096,15530196992,15642329088,70,78
instances/ratio_1000/instance_500v7_2.90r24.cnf,all,500,1450,48,48,0.24,1,922,20,77,heuristic2,4.46606,4.46483,112132096,15530196992,15642329088,50,58
instances/ratio_1000/instance_500v7_2.90r24.cnf,all,500,1450,48,48,0.24,1,922,20,77,heuristic3,8.40552,8.40442,112132096,15530196992,15642329088,53,61
instances/ratio_1000/instance_500v7_2.90r24.cnf,all,500,1450,48,48,0.24,1,922,20,77,heuristic4,430.709,430.715,112132096,15530196992,15642329088,49,57
instances/ratio_1000/instance_500v7_2.90r24.cnf,all,500,1450,48,48,0.24,1,922,20,77,cleanup_device,0.0427246,0.04256,112132096,15530196992,15642329088,-1,-1
instances/ratio_1000/instance_500v7_2.90r24.cnf,all,500,1450,48,48,0.24,1,922,20,77,total,463.075,-1,112132096,15530196992,15642329088,-1,-1
instances/ratio_1000/instance_500v7_3.00r25.cnf,all,500,1500,58,58,0.04,1,672,34,23,read_instance,0.443604,-1,107937792,15534391296,15642329088,-1,-1
instances/ratio_1000/instance_500v7_3.00r25.cnf,all,500,1500,58,58,0.04,1,672,34,23,alloc_graph,0.171387,0.157472,110034944,15532294144,15642329088,-1,-1
instances/ratio_1000/instance_500v7_3.00r25.cnf,all,500,1500,58,58,0.04,1,672,34,23,scc,4.08862,4.08864,112132096,15530196992,15642329088,-1,-1
instances/ratio_1000/instance_500v7_3.00r25.cnf,all,500,1500,58,58,0.04,1,672,34,23,topo_sort,0.653564,0.651584,112132096,15530196992,15642329088,-1,-1
instances/ratio_1000/instance_500v7_3.00r25.cnf,all,500,1500,58,58,0.04,1,672,34,23,backbone,5.48364,5.48973,112132096,15530196992,15642329088,-1,-1
instances/ratio_1000/instance_500v7_3.00r25.cnf,all,500,1500,58,58,0.04,1,672,34,23,wcc,0.229492,0.229376,112132096,15530196992,15642329088,-1,-1
instances/ratio_1000/instance_500v7_3.00r25.cnf,all,500,1500,58,58,0.04,1,672,34,23,wcc_grouped,0.383545,0.383072,112132096,15530196992,15642329088,-1,-1
instances/ratio_1000/instance_500v7_3.00r25.cnf,all,500,1500,58,58,0.04,1,672,34,23,heuristic1,5.55444,5.55408,112132096,15530196992,15642329088,62,77
instances/ratio_1000/instance_500v7_3.00r25.cnf,all,500,1500,58,58,0.04,1,672,34,23,heuristic2,4.34058,4.33914,112132096,15530196992,15642329088,52,68
instances/ratio_1000/instance_500v7_3.00r25.cnf,all,500,1500,58,58,0.04,1,672,34,23,heuristic3,8.4729,8.472,112132096,15530196992,15642329088,58,73
instances/ratio_1000/instance_500v7_3.00r25.cnf,all,500,1500,58,58,0.04,1,672,34,23,heuristic4,531.196,531.203,112132096,15530196992,15642329088,56,71
instances/ratio_1000/instance_500v7_3.00r25.cnf,all,500,1500,58,58,0.04,1,672,34,23,cleanup_device,0.043457,0.043392,112132096,15530196992,15642329088,-1,-1
instances/ratio_1000/instance_500v7_3.00r25.cnf,all,500,1500,58,58,0.04,1,672,34,23,total,561.662,-1,112132096,15530196992,15642329088,-1,-1
instances/ratio_1000/instance_500v7_3.10r26.cnf,all,500,1550,59,59,0.05,1,634,48,29,read_instance,0.42627,-1,107937792,15534391296,15642329088,-1,-1
instances/ratio_1000/instance_500v7_3.10r26.cnf,all,500,1550,59,59,0.05,1,634,48,29,alloc_graph,0.167236,0.156064,110034944,15532294144,15642329088,-1,-1
instances/ratio_1000/instance_500v7_3.10r26.cnf,all,500,1550,59,59,0.05,1,634,48,29,scc,4.29858,4.29946,112132096,15530196992,15642329088,-1,-1
instances/ratio_1000/instance_500v7_3.10r26.cnf,all,500,1550,59,59,0.05,1,634,48,29,topo_sort,0.708252,0.7072,112132096,15530196992,15642329088,-1,-1
instances/ratio_1000/instance_500v7_3.10r26.cnf,all,500,1550,59,59,0.05,1,634,48,29,backbone,5.11328,5.11709,112132096,15530196992,15642329088,-1,-1
instances/ratio_1000/instance_500v7_3.10r26.cnf,all,500,1550,59,59,0.05,1,634,48,29,wcc,0.213379,0.213024,112132096,15530196992,15642329088,-1,-1
instances/ratio_1000/instance_500v7_3.10r26.cnf,all,500,1550,59,59,0.05,1,634,48,29,wcc_grouped,0.356934,0.356448,112132096,15530196992,15642329088,-1,-1
instances/ratio_1000/instance_500v7_3.10r26.cnf,all,500,1550,59,59,0.05,1,634,48,29,heuristic1,5,4.9991,112132096,15530196992,15642329088,54,76
instances/ratio_1000/instance_500v7_3.10r26.cnf,all,500,1550,59,59,0.05,1,634,48,29,heuristic2,3.54541,3.54384,112132096,15530196992,15642329088,42,64
instances/ratio_1000/instance_500v7_3.10r26.cnf,all,500,1550,59,59,0.05,1,634,48,29,heuristic3,8.09766,8.09715,112132096,15530196992,15642329088,49,71
instances/ratio_1000/instance_500v7_3.10r26.cnf,all,500,1550,59,59,0.05,1,634,48,29,heuristic4,402.559,402.565,112132096,15530196992,15642329088,46,68
instances/ratio_1000/instance_500v7_3.10r26.cnf,all,500,1550,59,59,0.05,1,634,48,29,cleanup_device,0.0407715,0.040256,112132096,15530196992,15642329088,-1,-1
instances/ratio_1000/instance_500v7_3.10r26.cnf,all,500,1550,59,59,0.05,1,634,48,29,total,431.097,-1,112132096,15530196992,15642329088,-1,-1
instances/ratio_1000/instance_500v7_3.20r27.cnf,all,500,1600,52,52,0.04,1,498,56,24,read_instance,0.465088,-1,107937792,15534391296,15642329088,-1,-1
instances/ratio_1000/instance_500v7_3.20r27.cnf,all,500,1600,52,52,0.04,1,498,56,24,alloc_graph,0.179199,0.164192,110034944,15532294144,15642329088,-1,-1
instances/ratio_1000/instance_500v7_3.20r27.cnf,all,500,1600,52,52,0.04,1,498,56,24,scc,4.38354,4.38352,112132096,15530196992,15642329088,-1,-1
instances/ratio_1000/instance_500v7_3.20r27.cnf,all,500,1600,52,52,0.04,1,498,56,24,topo_sort,0.620605,0.620256,112132096,15530196992,15642329088,-1,-1
instances/ratio_1000/instance_500v7_3.20r27.cnf,all,500,1600,52,52,0.04,1,498,56,24,backbone,5.30664,5.31213,112132096,15530196992,15642329088,-1,-1
instances/ratio_1000/instance_500v7_3.20r27.cnf,all,500,1600,52,52,0.04,1,498,56,24,wcc,0.211182,0.210944,112132096,15530196992,15642329088,-1,-1
instances/ratio_1000/instance_500v7_3.20r27.cnf,all,500,1600,52,52,0.04,1,498,56,24,wcc_grouped,0.372314,0.37216,112132096,15530196992,15642329088,-1,-1
instances/ratio_1000/instance_500v7_3.20r27.cnf,all,500,1600,52,52,0.04,1,498,56,24,heuristic1,3.38257,3.3817,112132096,15530196992,15642329088,35,63
instances/ratio_1000/instance_500v7_3.20r27.cnf,all,500,1600,52,52,0.04,1,498,56,24,heuristic2,2.54712,2.54538,112132096,15530196992,15642329088,29,55
instances/ratio_1000/instance_500v7_3.20r27.cnf,all,500,1600,52,52,0.04,1,498,56,24,heuristic3,6.21899,6.21898,112132096,15530196992,15642329088,35,61
instances/ratio_1000/instance_500v7_3.20r27.cnf,all,500,1600,52,52,0.04,1,498,56,24,heuristic4,256.7,256.704,112132096,15530196992,15642329088,34,60
instances/ratio_1000/instance_500v7_3.20r27.cnf,all,500,1600,52,52,0.04,1,498,56,24,cleanup_device,0.0588379,0.058304,112132096,15530196992,15642329088,-1,-1
instances/ratio_1000/instance_500v7_3.20r27.cnf,all,500,1600,52,52,0.04,1,498,56,24,total,281.051,-1,112132096,15530196992,15642329088,-1,-1
instances/ratio_1000/instance_500v7_3.30r28.cnf,all,500,1650,58,58,0.04,1,626,46,21,read_instance,0.492432,-1,107937792,15534391296,15642329088,-1,-1
instances/ratio_1000/instance_500v7_3.30r28.cnf,all,500,1650,58,58,0.04,1,626,46,21,alloc_graph,0.164062,0.155616,110034944,15532294144,15642329088,-1,-1
instances/ratio_1000/instance_500v7_3.30r28.cnf,all,500,1650,58,58,0.04,1,626,46,21,scc,4.29663,4.29674,112132096,15530196992,15642329088,-1,-1
instances/ratio_1000/instance_500v7_3.30r28.cnf,all,500,1650,58,58,0.04,1,626,46,21,topo_sort,0.567627,0.566848,112132096,15530196992,15642329088,-1,-1
instances/ratio_1000/instance_500v7_3.30r28.cnf,all,500,1650,58,58,0.04,1,626,46,21,backbone,5.62402,5.62861,112132096,15530196992,15642329088,-1,-1
instances/ratio_1000/instance_500v7_3.30r28.cnf,all,500,1650,58,58,0.04,1,626,46,21,wcc,0.199707,0.2,112132096,15530196992,15642329088,-1,-1
instances/ratio_1000/instance_500v7_3.30r28.cnf,all,500,1650,58,58,0.04,1,626,46,21,wcc_grouped,0.379883,0.379552,112132096,15530196992,15642329088,-1,-1
instances/ratio_1000/instance_500v7_3.30r28.cnf,all,500,1650,58,58,0.04,1,626,46,21,heuristic1,5.12012,5.11914,112132096,15530196992,15642329088,58,79
instances/ratio_1000/instance_500v7_3.30r28.cnf,all,500,1650,58,58,0.04,1,626,46,21,heuristic2,3.98389,3.9825,112132096,15530196992,15642329088,50,71
instances/ratio_1000/instance_500v7_3.30r28.cnf,all,500,1650,58,58,0.04,1,626,46,21,heuristic3,7.15161,7.1511,112132096,15530196992,15642329088,47,68
instances/ratio_1000/instance_500v7_3.30r28.cnf,all,500,1650,58,58,0.04,1,626,46,21,heuristic4,358.824,358.829,112132096,15530196992,15642329088,42,63
instances/ratio_1000/instance_500v7_3.30r28.cnf,all,500,1650,58,58,0.04,1,626,46,21,cleanup_device,0.0415039,0.041184,112132096,15530196992,15642329088,-1,-1
instances/ratio_1000/instance_500v7_3.30r28.cnf,all,500,1650,58,58,0.04,1,626,46,21,total,387.459,-1,112132096,15530196992,15642329088,-1,-1
instances/ratio_1000/instance_500v7_3.40r29.cnf,all,500,1700,49,49,0.04,1,526,42,22,read_instance,0.455322,-1,107937792,15534391296,15642329088,-1,-1
instances/ratio_1000/instance_500v7_3.40r29.cnf,all,500,1700,49,49,0.04,1,526,42,22,alloc_graph,0.180908,0.16304,110034944,15532294144,15642329088,-1,-1
instances/ratio_1000/instance_500v7_3.40r29.cnf,all,500,1700,49,49,0.04,1,526,42,22,scc,4.21216,4.21277,112132096,15530196992,15642329088,-1,-1
instances/ratio_1000/instance_500v7_3.40r29.cnf,all,500,1700,49,49,0.04,1,526,42,22,topo_sort,0.585449,0.58432,112132096,15530196992,15642329088,-1,-1
instances/ratio_1000/instance_500v7_3.40r29.cnf,all,500,1700,49,49,0.04,1,526,42,22,backbone,5.16235,5.16768,112132096,15530196992,15642329088,-1,-1
instances/ratio_1000/instance_500v7_3.40r29.cnf,all,500,1700,49,49,0.04,1,526,42,22,wcc,0.203369,0.203104,112132096,15530196992,15642329088,-1,-1
instances/ratio_1000/instance_500v7_3.40r29.cnf,all,500,1700,49,49,0.04,1,526,42,22,wcc_grouped,0.344727,0.345536,112132096,15530196992,15642329088,-1,-1
instances/ratio_1000/instance_500v7_3.40r29.cnf,all,500,1700,49,49,0.04,1,526,42,22,heuristic1,4.58374,4.58541,112132096,15530196992,15642329088,51,70
instances/ratio_1000/instance_500v7_3.40r29.cnf,all,500,1700,49,49,0.04,1,526,42,22,heuristic2,3.4624,3.46202,112132096,15530196992,15642329088,43,62
instances/ratio_1000/instance_500v7_3.40r29.cnf,all,500,1700,49,49,0.04,1,526,42,22,heuristic3,6.46729,6.4663,112132096,15530196992,15642329088,37,56
instances/ratio_1000/instance_500v7_3.40r29.cnf,all,500,1700,49,49,0.04,1,526,42,22,heuristic4,280.636,280.64,112132096,15530196992,15642329088,35,54
instances/ratio_1000/instance_500v7_3.40r29.cnf,all,500,1700,49,49,0.04,1,526,42,22,cleanup_device,0.0444336,0.043968,112132096,15530196992,15642329088,-1,-1
instances/ratio_1000/instance_500v7_3.40r29.cnf,all,500,1700,49,49,0.04,1,526,42,22,total,306.971,-1,112132096,15530196992,15642329088,-1,-1
instances/ratio_1000/instance_500v7_3.50r30.cnf,all,500,1750,49,49,0.04,1,502,42,20,read_instance,0.485352,-1,107937792,15534391296,15642329088,-1,-1
instances/ratio_1000/instance_500v7_3.50r30.cnf,all,500,1750,49,49,0.04,1,502,42,20,alloc_graph,0.171631,0.158432,110034944,15532294144,15642329088,-1,-1
instances/ratio_1000/instance_500v7_3.50r30.cnf,all,500,1750,49,49,0.04,1,502,42,20,scc,4.03979,4.04118,112132096,15530196992,15642329088,-1,-1
instances/ratio_1000/instance_500v7_3.50r30.cnf,all,500,1750,49,49,0.04,1,502,42,20,topo_sort,0.53833,0.537824,112132096,15530196992,15642329088,-1,-1
instances/ratio_1000/instance_500v7_3.50r30.cnf,all,500,1750,49,49,0.04,1,502,42,20,backbone,4.92969,4.93517,112132096,15530196992,15642329088,-1,-1
instances/ratio_1000/instance_500v7_3.50r30.cnf,all,500,1750,49,49,0.04,1,502,42,20,wcc,0.217285,0.217024,112132096,15530196992,15642329088,-1,-1
instances/ratio_1000/instance_500v7_3.50r30.cnf,all,500,1750,49,49,0.04,1,502,42,20,wcc_grouped,0.348145,0.348192,112132096,15530196992,15642329088,-1,-1
instances/ratio_1000/instance_500v7_3.50r30.cnf,all,500,1750,49,49,0.04,1,502,42,20,heuristic1,3.90869,3.90762,112132096,15530196992,15642329088,43,62
instances/ratio_1000/instance_500v7_3.50r30.cnf,all,500,1750,49,49,0.04,1,502,42,20,heuristic2,2.94824,2.94691,112132096,15530196992,15642329088,36,55
instances/ratio_1000/instance_500v7_3.50r30.cnf,all,500,1750,49,49,0.04,1,502,42,20,heuristic3,6.2832,6.28214,112132096,15530196992,15642329088,33,52
instances/ratio_1000/instance_500v7_3.50r30.cnf,all,500,1750,49,49,0.04,1,502,42,20,heuristic4,248.34,248.344,112132096,15530196992,15642329088,33,52
instances/ratio_1000/instance_500v7_3.50r30.cnf,all,500,1750,49,49,0.04,1,502,42,20,cleanup_device,0.0427246,0.042432,112132096,15530196992,15642329088,-1,-1
instances/ratio_1000/instance_500v7_3.50r30.cnf,all,500,1750,49,49,0.04,1,502,42,20,total,272.815,-1,112132096,15530196992,15642329088,-1,-1
instances/ratio_1000/instance_500v7_3.60r31.cnf,all,500,1800,53,53,0.05,1,554,48,27,read_instance,0.489746,-1,107937792,15534391296,15642329088,-1,-1
instances/ratio_1000/instance_500v7_3.60r31.cnf,all,500,1800,53,53,0.05,1,554,48,27,alloc_graph,0.164307,0.147904,110034944,15532294144,15642329088,-1,-1
instances/ratio_1000/instance_500v7_3.60r31.cnf,all,500,1800,53,53,0.05,1,554,48,27,scc,4.07739,4.07914,112132096,15530196992,15642329088,-1,-1
instances/ratio_1000/instance_500v7_3.60r31.cnf,all,500,1800,53,53,0.05,1,554,48,27,topo_sort,0.690918,0.689984,112132096,15530196992,15642329088,-1,-1
instances/ratio_1000/instance_500v7_3.60r31.cnf,all,500,1800,53,53,0.05,1,554,48,27,backbone,5.01733,5.02125,112132096,15530196992,15642329088,-1,-1
instances/ratio_1000/instance_500v7_3.60r31.cnf,all,500,1800,53,53,0.05,1,554,48,27,wcc,0.190918,0.190688,112132096,15530196992,15642329088,-1,-1
instances/ratio_1000/instance_500v7_3.60r31.cnf,all,500,1800,53,53,0.05,1,554,48,27,wcc_grouped,0.344971,0.3448,112132096,15530196992,15642329088,-1,-1
instances/ratio_1000/instance_500v7_3.60r31.cnf,all,500,1800,53,53,0.05,1,554,48,27,heuristic1,4.08276,4.08125,112132096,15530196992,15642329088,45,67
instances/ratio_1000/instance_500v7_3.60r31.cnf,all,500,1800,53,53,0.05,1,554,48,27,heuristic2,3.71606,3.71459,112132096,15530196992,15642329088,46,68
instances/ratio_1000/instance_500v7_3.60r31.cnf,all,500,1800,53,53,0.05,1,554,48,27,heuristic3,6.63501,6.63354,112132096,15530196992,15642329088,35,57
instances/ratio_1000/instance_500v7_3.60r31.cnf,all,500,1800,53,53,0.05,1,554,48,27,heuristic4,284.972,284.975,112132096,15530196992,15642329088,37,59
instances/ratio_1000/instance_500v7_3.60r31.cnf,all,500,1800,53,53,0.05,1,554,48,27,cleanup_device,0.0449219,0.04448,112132096,15530196992,15642329088,-1,-1
instances/ratio_1000/instance_500v7_3.60r31.cnf,all,500,1800,53,53,0.05,1,554,48,27,total,311.015,-1,112132096,15530196992,15642329088,-1,-1
instances/ratio_1000/instance_500v7_3.70r32.cnf,all,500,1850,45,45,0.07,1,398,54,24,read_instance,0.500244,-1,107937792,15534391296,15642329088,-1,-1
instances/ratio_1000/instance_500v7_3.70r32.cnf,all,500,1850,45,45,0.07,1,398,54,24,alloc_graph,0.17749,0.160992,110034944,15532294144,15642329088,-1,-1
instances/ratio_1000/instance_500v7_3.70r32.cnf,all,500,1850,45,45,0.07,1,398,54,24,scc,4.0896,4.09146,112132096,15530196992,15642329088,-1,-1
instances/ratio_1000/instance_500v7_3.70r32.cnf,all,500,1850,45,45,0.07,1,398,54,24,topo_sort,0.605957,0.604576,112132096,15530196992,15642329088,-1,-1
instances/ratio_1000/instance_500v7_3.70r32.cnf,all,500,1850,45,45,0.07,1,398,54,24,backbone,5.17334,5.17869,112132096,15530196992,15642329088,-1,-1
instances/ratio_1000/instance_500v7_3.70r32.cnf,all,500,1850,45,45,0.07,1,398,54,24,wcc,0.219482,0.219136,112132096,15530196992,15642329088,-1,-1
instances/ratio_1000/instance_500v7_3.70r32.cnf,all,500,1850,45,45,0.07,1,398,54,24,wcc_grouped,0.346436,0.346112,112132096,15530196992,15642329088,-1,-1
instances/ratio_1000/instance_500v7_3.70r32.cnf,all,500,1850,45,45,0.07,1,398,54,24,heuristic1,3.51074,3.50909,112132096,15530196992,15642329088,38,63
instances/ratio_1000/instance_500v7_3.70r32.cnf,all,500,1850,45,45,0.07,1,398,54,24,heuristic2,2.12061,2.11834,112132096,15530196992,15642329088,25,50
instances/ratio_1000/instance_500v7_3.70r32.cnf,all,500,1850,45,45,0.07,1,398,54,24,heuristic3,5.76831,5.7671,112132096,15530196992,15642329088,27,52
instances/ratio_1000/instance_500v7_3.70r32.cnf,all,500,1850,45,45,0.07,1,398,54,24,heuristic4,231.045,231.048,112132096,15530196992,15642329088,25,50
instances/ratio_1000/instance_500v7_3.70r32.cnf,all,500,1850,45,45,0.07,1,398,54,24,cleanup_device,0.0456543,0.045376,112132096,15530196992,15642329088,-1,-1
instances/ratio_1000/instance_500v7_3.70r32.cnf,all,500,1850,45,45,0.07,1,398,54,24,total,254.197,-1,112132096,15530196992,15642329088,-1,-1
instances/ratio_1000/instance_500v7_3.80r33.cnf,all,500,1900,48,48,0.07,1,382,71,16,read_instance,0.547363,-1,107937792,15534391296,15642329088,-1,-1
instances/ratio_1000/instance_500v7_3.80r33.cnf,all,500,1900,48,48,0.07,1,382,71,16,alloc_graph,0.165771,0.151264,110034944,15532294144,15642329088,-1,-1
instances/ratio_1000/instance_500v7_3.80r33.cnf,all,500,1900,48,48,0.07,1,382,71,16,scc,4.08008,4.08147,112132096,15530196992,15642329088,-1,-1
instances/ratio_1000/instance_500v7_3.80r33.cnf,all,500,1900,48,48,0.07,1,382,71,16,topo_sort,0.515137,0.515008,112132096,15530196992,15642329088,-1,-1
instances/ratio_1000/instance_500v7_3.80r33.cnf,all,500,1900,48,48,0.07,1,382,71,16,backbone,5.06812,5.07354,112132096,15530196992,15642329088,-1,-1
instances/ratio_1000/instance_500v7_3.80r33.cnf,all,500,1900,48,48,0.07,1,382,71,16,wcc,0.196777,0.196608,112132096,15530196992,15642329088,-1,-1
instances/ratio_1000/instance_500v7_3.80r33.cnf,all,500,1900,48,48,0.07,1,382,71,16,wcc_grouped,0.352783,0.352256,112132096,15530196992,15642329088,-1,-1
instances/ratio_1000/instance_500v7_3.80r33.cnf,all,500,1900,48,48,0.07,1,382,71,16,heuristic1,1.7915,1.79014,112132096,15530196992,15642329088,16,49
instances/ratio_1000/instance_500v7_3.80r33.cnf,all,500,1900,48,48,0.07,1,382,71,16,heuristic2,1.69824,1.69731,112132096,15530196992,15642329088,20,53
instances/ratio_1000/instance_500v7_3.80r33.cnf,all,500,1900,48,48,0.07,1,382,71,16,heuristic3,4.99829,4.99709,112132096,15530196992,15642329088,16,49
instances/ratio_1000/instance_500v7_3.80r33.cnf,all,500,1900,48,48,0.07,1,382,71,16,heuristic4,196.198,196.201,112132096,15530196992,15642329088,15,48
instances/ratio_1000/instance_500v7_3.80r33.cnf,all,500,1900,48,48,0.07,1,382,71,16,cleanup_device,0.0439453,0.043744,112132096,15530196992,15642329088,-1,-1
instances/ratio_1000/instance_500v7_3.80r33.cnf,all,500,1900,48,48,0.07,1,382,71,16,total,216.223,-1,112132096,15530196992,15642329088,-1,-1
instances/ratio_1000/instance_500v7_3.90r34.cnf,all,500,1950,46,46,0.06,1,372,67,17,read_instance,0.582031,-1,107937792,15534391296,15642329088,-1,-1
instances/ratio_1000/instance_500v7_3.90r34.cnf,all,500,1950,46,46,0.06,1,372,67,17,alloc_graph,0.167969,0.153024,110034944,15532294144,15642329088,-1,-1
instances/ratio_1000/instance_500v7_3.90r34.cnf,all,500,1950,46,46,0.06,1,372,67,17,scc,4.13452,4.13491,112132096,15530196992,15642329088,-1,-1
instances/ratio_1000/instance_500v7_3.90r34.cnf,all,500,1950,46,46,0.06,1,372,67,17,topo_sort,0.477051,0.477792,112132096,15530196992,15642329088,-1,-1
instances/ratio_1000/instance_500v7_3.90r34.cnf,all,500,1950,46,46,0.06,1,372,67,17,backbone,5.0376,5.04118,112132096,15530196992,15642329088,-1,-1
instances/ratio_1000/instance_500v7_3.90r34.cnf,all,500,1950,46,46,0.06,1,372,67,17,wcc,0.191162,0.190752,112132096,15530196992,15642329088,-1,-1
instances/ratio_1000/instance_500v7_3.90r34.cnf,all,500,1950,46,46,0.06,1,372,67,17,wcc_grouped,0.34082,0.340608,112132096,15530196992,15642329088,-1,-1
instances/ratio_1000/instance_500v7_3.90r34.cnf,all,500,1950,46,46,0.06,1,372,67,17,heuristic1,1.96362,1.96394,112132096,15530196992,15642329088,17,48
instances/ratio_1000/instance_500v7_3.90r34.cnf,all,500,1950,46,46,0.06,1,372,67,17,heuristic2,1.42188,1.42026,112132096,15530196992,15642329088,18,49
instances/ratio_1000/instance_500v7_3.90r34.cnf,all,500,1950,46,46,0.06,1,372,67,17,heuristic3,5.08716,5.0856,112132096,15530196992,15642329088,17,48
instances/ratio_1000/instance_500v7_3.90r34.cnf,all,500,1950,46,46,0.06,1,372,67,17,heuristic4,201.417,201.421,112132096,15530196992,15642329088,15,46
instances/ratio_1000/instance_500v7_3.90r34.cnf,all,500,1950,46,46,0.06,1,372,67,17,cleanup_device,0.050293,0.050336,112132096,15530196992,15642329088,-1,-1
instances/ratio_1000/instance_500v7_3.90r34.cnf,all,500,1950,46,46,0.06,1,372,67,17,total,221.403,-1,112132096,15530196992,15642329088,-1,-1
instances/ratio_1000/instance_500v7_4.00r35.cnf,all,500,2000,35,35,0.05,1,344,46,22,read_instance,0.552734,-1,107937792,15534391296,15642329088,-1,-1
instances/ratio_1000/instance_500v7_4.00r35.cnf,all,500,2000,35,35,0.05,1,344,46,22,alloc_graph,0.175537,0.157696,110034944,15532294144,15642329088,-1,-1
instances/ratio_1000/instance_500v7_4.00r35.cnf,all,500,2000,35,35,0.05,1,344,46,22,scc,4.0603,4.06147,112132096,15530196992,15642329088,-1,-1
instances/ratio_1000/instance_500v7_4.00r35.cnf,all,500,2000,35,35,0.05,1,344,46,22,topo_sort,0.573486,0.57296,112132096,15530196992,15642329088,-1,-1
instances/ratio_1000/instance_500v7_4.00r35.cnf,all,500,2000,35,35,0.05,1,344,46,22,backbone,5.31396,5.32022,112132096,15530196992,15642329088,-1,-1
instances/ratio_1000/instance_500v7_4.00r35.cnf,all,500,2000,35,35,0.05,1,344,46,22,wcc,0.206543,0.20656,112132096,15530196992,15642329088,-1,-1
instances/ratio_1000/instance_500v7_4.00r35.cnf,all,500,2000,35,35,0.05,1,344,46,22,wcc_grouped,0.365234,0.364832,112132096,15530196992,15642329088,-1,-1
instances/ratio_1000/instance_500v7_4.00r35.cnf,all,500,2000,35,35,0.05,1,344,46,22,heuristic1,2.2251,2.22477,112132096,15530196992,15642329088,21,44
instances/ratio_1000/instance_500v7_4.00r35.cnf,all,500,2000,35,35,0.05,1,344,46,22,heuristic2,1.57251,1.5712,112132096,15530196992,15642329088,16,38
instances/ratio_1000/instance_500v7_4.00r35.cnf,all,500,2000,35,35,0.05,1,344,46,22,heuristic3,4.6897,4.68864,112132096,15530196992,15642329088,15,37
instances/ratio_1000/instance_500v7_4.00r35.cnf,all,500,2000,35,35,0.05,1,344,46,22,heuristic4,198.129,198.132,112132096,15530196992,15642329088,14,36
instances/ratio_1000/instance_500v7_4.00r35.cnf,all,500,2000,35,35,0.05,1,344,46,22,cleanup_device,0.0449219,0.044608,112132096,15530196992,15642329088,-1,-1
instances/ratio_1000/instance_500v7_4.00r35.cnf,all,500,2000,35,35,0.05,1,344,46,22,total,218.479,-1,112132096,15530196992,15642329088,-1,-1
instances/ratio_1000/instance_500v7_4.10r36.cnf,all,500,2050,42,42,0.06,1,276,71,11,read_instance,0.608398,-1,107937792,15534391296,15642329088,-1,-1
instances/ratio_1000/instance_500v7_4.10r36.cnf,all,500,2050,42,42,0.06,1,276,71,11,alloc_graph,0.182861,0.165888,110034944,15532294144,15642329088,-1,-1
instances/ratio_1000/instance_500v7_4.10r36.cnf,all,500,2050,42,42,0.06,1,276,71,11,scc,4.15405,4.15539,112132096,15530196992,15642329088,-1,-1
instances/ratio_1000/instance_500v7_4.10r36.cnf,all,500,2050,42,42,0.06,1,276,71,11,topo_sort,0.361572,0.360896,112132096,15530196992,15642329088,-1,-1
instances/ratio_1000/instance_500v7_4.10r36.cnf,all,500,2050,42,42,0.06,1,276,71,11,backbone,5.49609,5.50346,112132096,15530196992,15642329088,-1,-1
instances/ratio_1000/instance_500v7_4.10r36.cnf,all,500,2050,42,42,0.06,1,276,71,11,wcc,0.199463,0.19904,112132096,15530196992,15642329088,-1,-1
instances/ratio_1000/instance_500v7_4.10r36.cnf,all,500,2050,42,42,0.06,1,276,71,11,wcc_grouped,0.35376,0.35312,112132096,15530196992,15642329088,-1,-1
instances/ratio_1000/instance_500v7_4.10r36.cnf,all,500,2050,42,42,0.06,1,276,71,11,heuristic1,1.14648,1.14531,112132096,15530196992,15642329088,9,48
instances/ratio_1000/instance_500v7_4.10r36.cnf,all,500,2050,42,42,0.06,1,276,71,11,heuristic2,0.556152,0.554432,112132096,15530196992,15642329088,6,43
instances/ratio_1000/instance_500v7_4.10r36.cnf,all,500,2050,42,42,0.06,1,276,71,11,heuristic3,3.85962,3.85859,112132096,15530196992,15642329088,9,46
instances/ratio_1000/instance_500v7_4.10r36.cnf,all,500,2050,42,42,0.06,1,276,71,11,heuristic4,19.2319,19.2313,112132096,15530196992,15642329088,6,42
instances/ratio_1000/instance_500v7_4.10r36.cnf,all,500,2050,42,42,0.06,1,276,71,11,cleanup_device,0.0378418,0.037888,112132096,15530196992,15642329088,-1,-1
instances/ratio_1000/instance_500v7_4.10r36.cnf,all,500,2050,42,42,0.06,1,276,71,11,total,36.8665,-1,112132096,15530196992,15642329088,-1,-1
instances/ratio_1000/instance_500v7_4.20r37.cnf,all,500,2100,41,41,0.05,1,376,46,18,read_instance,0.593018,-1,107937792,15534391296,15642329088,-1,-1
instances/ratio_1000/instance_500v7_4.20r37.cnf,all,500,2100,41,41,0.05,1,376,46,18,alloc_graph,0.181641,0.164608,110034944,15532294144,15642329088,-1,-1
instances/ratio_1000/instance_500v7_4.20r37.cnf,all,500,2100,41,41,0.05,1,376,46,18,scc,4.14087,4.14208,112132096,15530196992,15642329088,-1,-1
instances/ratio_1000/instance_500v7_4.20r37.cnf,all,500,2100,41,41,0.05,1,376,46,18,topo_sort,0.548096,0.548512,112132096,15530196992,15642329088,-1,-1
instances/ratio_1000/instance_500v7_4.20r37.cnf,all,500,2100,41,41,0.05,1,376,46,18,backbone,5.12988,5.13315,112132096,15530196992,15642329088,-1,-1
instances/ratio_1000/instance_500v7_4.20r37.cnf,all,500,2100,41,41,0.05,1,376,46,18,wcc,0.202148,0.202496,112132096,15530196992,15642329088,-1,-1
instances/ratio_1000/instance_500v7_4.20r37.cnf,all,500,2100,41,41,0.05,1,376,46,18,wcc_grouped,0.350586,0.350656,112132096,15530196992,15642329088,-1,-1
instances/ratio_1000/instance_500v7_4.20r37.cnf,all,500,2100,41,41,0.05,1,376,46,18,heuristic1,2.54688,2.54554,112132096,15530196992,15642329088,26,47
instances/ratio_1000/instance_500v7_4.20r37.cnf,all,500,2100,41,41,0.05,1,376,46,18,heuristic2,1.83423,1.83299,112132096,15530196992,15642329088,21,42
instances/ratio_1000/instance_500v7_4.20r37.cnf,all,500,2100,41,41,0.05,1,376,46,18,heuristic3,5.4021,5.4015,112132096,15530196992,15642329088,20,41
instances/ratio_1000/instance_500v7_4.20r37.cnf,all,500,2100,41,41,0.05,1,376,46,18,heuristic4,217.086,217.09,112132096,15530196992,15642329088,20,41
instances/ratio_1000/instance_500v7_4.20r37.cnf,all,500,2100,41,41,0.05,1,376,46,18,cleanup_device,0.0424805,0.04224,112132096,15530196992,15642329088,-1,-1
instances/ratio_1000/instance_500v7_4.20r37.cnf,all,500,2100,41,41,0.05,1,376,46,18,total,238.598,-1,112132096,15530196992,15642329088,-1,-1
instances/ratio_1000/instance_500v7_4.30r38.cnf,all,500,2150,27,27,0.04,1,228,49,14,read_instance,0.585938,-1,107937792,15534391296,15642329088,-1,-1
instances/ratio_1000/instance_500v7_4.30r38.cnf,all,500,2150,27,27,0.04,1,228,49,14,alloc_graph,0.181396,0.16384,110034944,15532294144,15642329088,-1,-1
instances/ratio_1000/instance_500v7_4.30r38.cnf,all,500,2150,27,27,0.04,1,228,49,14,scc,3.90845,3.90963,112132096,15530196992,15642329088,-1,-1
instances/ratio_1000/instance_500v7_4.30r38.cnf,all,500,2150,27,27,0.04,1,228,49,14,topo_sort,0.387451,0.38704,112132096,15530196992,15642329088,-1,-1
instances/ratio_1000/instance_500v7_4.30r38.cnf,all,500,2150,27,27,0.04,1,228,49,14,backbone,5.33545,5.34186,112132096,15530196992,15642329088,-1,-1
instances/ratio_1000/instance_500v7_4.30r38.cnf,all,500,2150,27,27,0.04,1,228,49,14,wcc,0.182373,0.18208,112132096,15530196992,15642329088,-1,-1
instances/ratio_1000/instance_500v7_4.30r38.cnf,all,500,2150,27,27,0.04,1,228,49,14,wcc_grouped,0.344482,0.344064,112132096,15530196992,15642329088,-1,-1
instances/ratio_1000/instance_500v7_4.30r38.cnf,all,500,2150,27,27,0.04,1,228,49,14,heuristic1,0.884033,0.88416,112132096,15530196992,15642329088,5,29
instances/ratio_1000/instance_500v7_4.30r38.cnf,all,500,2150,27,27,0.04,1,228,49,14,heuristic2,0.50293,0.501952,112132096,15530196992,15642329088,6,30
instances/ratio_1000/instance_500v7_4.30r38.cnf,all,500,2150,27,27,0.04,1,228,49,14,heuristic3,3.84888,3.84781,112132096,15530196992,15642329088,3,27
instances/ratio_1000/instance_500v7_4.30r38.cnf,all,500,2150,27,27,0.04,1,228,49,14,heuristic4,9.0957,9.09459,112132096,15530196992,15642329088,3,27
instances/ratio_1000/instance_500v7_4.30r38.cnf,all,500,2150,27,27,0.04,1,228,49,14,cleanup_device,0.0378418,0.037472,112132096,15530196992,15642329088,-1,-1
instances/ratio_1000/instance_500v7_4.30r38.cnf,all,500,2150,27,27,0.04,1,228,49,14,total,25.8613,-1,112132096,15530196992,15642329088,-1,-1
instances/ratio_1000/instance_500v7_4.40r39.cnf,all,500,2200,47,47,0.05,1,322,68,15,read_instance,0.601807,-1,107937792,15534391296,15642329088,-1,-1
instances/ratio_1000/instance_500v7_4.40r39.cnf,all,500,2200,47,47,0.05,1,322,68,15,alloc_graph,0.16333,0.14928,110034944,15532294144,15642329088,-1,-1
instances/ratio_1000/instance_500v7_4.40r39.cnf,all,500,2200,47,47,0.05,1,322,68,15,scc,4.07471,4.07552,112132096,15530196992,15642329088,-1,-1
instances/ratio_1000/instance_500v7_4.40r39.cnf,all,500,2200,47,47,0.05,1,322,68,15,topo_sort,0.438232,0.437504,112132096,15530196992,15642329088,-1,-1
instances/ratio_1000/instance_500v7_4.40r39.cnf,all,500,2200,47,47,0.05,1,322,68,15,backbone,5.05444,5.05933,112132096,15530196992,15642329088,-1,-1
instances/ratio_1000/instance_500v7_4.40r39.cnf,all,500,2200,47,47,0.05,1,322,68,15,wcc,0.204834,0.204512,112132096,15530196992,15642329088,-1,-1
instances/ratio_1000/instance_500v7_4.40r39.cnf,all,500,2200,47,47,0.05,1,322,68,15,wcc_grouped,0.372559,0.37248,112132096,15530196992,15642329088,-1,-1
instances/ratio_1000/instance_500v7_4.40r39.cnf,all,500,2200,47,47,0.05,1,322,68,15,heuristic1,1.4668,1.46502,112132096,15530196992,15642329088,13,50
instances/ratio_1000/instance_500v7_4.40r39.cnf,all,500,2200,47,47,0.05,1,322,68,15,heuristic2,1.0752,1.07418,112132096,15530196992,15642329088,12,49
instances/ratio_1000/instance_500v7_4.40r39.cnf,all,500,2200,47,47,0.05,1,322,68,15,heuristic3,4.57764,4.57674,112132096,15530196992,15642329088,14,51
instances/ratio_1000/instance_500v7_4.40r39.cnf,all,500,2200,47,47,0.05,1,322,68,15,heuristic4,198.658,198.661,112132096,15530196992,15642329088,14,50
instances/ratio_1000/instance_500v7_4.40r39.cnf,all,500,2200,47,47,0.05,1,322,68,15,cleanup_device,0.0437012,0.043104,112132096,15530196992,15642329088,-1,-1
instances/ratio_1000/instance_500v7_4.40r39.cnf,all,500,2200,47,47,0.05,1,322,68,15,total,217.274,-1,112132096,15530196992,15642329088,-1,-1
instances/ratio_1000/instance_500v7_4.50r40.cnf,all,500,2250,40,40,0.04,1,288,73,14,read_instance,0.657715,-1,107937792,15534391296,15642329088,-1,-1
instances/ratio_1000/instance_500v7_4.50r40.cnf,all,500,2250,40,40,0.04,1,288,73,14,alloc_graph,0.178955,0.16384,110034944,15532294144,15642329088,-1,-1
instances/ratio_1000/instance_500v7_4.50r40.cnf,all,500,2250,40,40,0.04,1,288,73,14,scc,3.97778,3.97744,112132096,15530196992,15642329088,-1,-1
instances/ratio_1000/instance_500v7_4.50r40.cnf,all,500,2250,40,40,0.04,1,288,73,14,topo_sort,0.397705,0.397344,112132096,15530196992,15642329088,-1,-1
instances/ratio_1000/instance_500v7_4.50r40.cnf,all,500,2250,40,40,0.04,1,288,73,14,backbone,5.15698,5.16358,112132096,15530196992,15642329088,-1,-1
instances/ratio_1000/instance_500v7_4.50r40.cnf,all,500,2250,40,40,0.04,1,288,73,14,wcc,0.158936,0.158432,112132096,15530196992,15642329088,-1,-1
instances/ratio_1000/instance_500v7_4.50r40.cnf,all,500,2250,40,40,0.04,1,288,73,14,wcc_grouped,0.357666,0.357952,112132096,15530196992,15642329088,-1,-1
instances/ratio_1000/instance_500v7_4.50r40.cnf,all,500,2250,40,40,0.04,1,288,73,14,heuristic1,0.898193,0.897024,112132096,15530196992,15642329088,5,43
instances/ratio_1000/instance_500v7_4.50r40.cnf,all,500,2250,40,40,0.04,1,288,73,14,heuristic2,0.337402,0.335552,112132096,15530196992,15642329088,3,41
instances/ratio_1000/instance_500v7_4.50r40.cnf,all,500,2250,40,40,0.04,1,288,73,14,heuristic3,4.06519,4.06426,112132096,15530196992,15642329088,5,42
instances/ratio_1000/instance_500v7_4.50r40.cnf,all,500,2250,40,40,0.04,1,288,73,14,heuristic4,15.4224,15.4222,112132096,15530196992,15642329088,5,42
instances/ratio_1000/instance_500v7_4.50r40.cnf,all,500,2250,40,40,0.04,1,288,73,14,cleanup_device,0.0424805,0.0424,112132096,15530196992,15642329088,-1,-1
instances/ratio_1000/instance_500v7_4.50r40.cnf,all,500,2250,40,40,0.04,1,288,73,14,total,32.2085,-1,112132096,15530196992,15642329088,-1,-1
instances/ratio_1000/instance_500v8_0.50r0.cnf,all,500,250,288,288,0.02,1,1000,501,6,read_instance,0.143311,-1,107937792,15534391296,15642329088,-1,-1
instances/ratio_1000/instance_500v8_0.50r0.cnf,all,500,250,288,288,0.02,1,1000,501,6,alloc_graph,0.165771,0.150048,110034944,15532294144,15642329088,-1,-1
instances/ratio_1000/instance_500v8_0.50r0.cnf,all,500,250,288,288,0.02,1,1000,501,6,scc,3.56323,3.56352,112132096,15530196992,15642329088,-1,-1
instances/ratio_1000/instance_500v8_0.50r0.cnf,all,500,250,288,288,0.02,1,1000,501,6,topo_sort,0.175293,0.174432,112132096,15530196992,15642329088,-1,-1
instances/ratio_1000/instance_500v8_0.50r0.cnf,all,500,250,288,288,0.02,1,1000,501,6,backbone,5.01416,5.02234,112132096,15530196992,15642329088,-1,-1
instances/ratio_1000/instance_500v8_0.50r0.cnf,all,500,250,288,288,0.02,1,1000,501,6,wcc,0.23584,0.236832,112132096,15530196992,15642329088,-1,-1
instances/ratio_1000/instance_500v8_0.50r0.cnf,all,500,250,288,288,0.02,1,1000,501,6,wcc_grouped,0.423584,0.423904,112132096,15530196992,15642329088,-1,-1
instances/ratio_1000/instance_500v8_0.50r0.cnf,all,500,250,288,288,0.02,1,1000,501,6,heuristic1,3.57812,3.57664,112132096,15530196992,15642329088,26,316
instances/ratio_1000/instance_500v8_0.50r0.cnf,all,500,250,288,288,0.02,1,1000,501,6,heuristic2,1.77881,1.77651,112132096,15530196992,15642329088,21,301
instances/ratio_1000/instance_500v8_0.50r0.cnf,all,500,250,288,288,0.02,1,1000,501,6,heuristic3,5.27344,5.27254,112132096,15530196992,15642329088,19,292
instances/ratio_1000/instance_500v8_0.50r0.cnf,all,500,250,288,288,0.02,1,1000,501,6,heuristic4,206.624,206.627,112132096,15530196992,15642329088,19,290
instances/ratio_1000/instance_500v8_0.50r0.cnf,all,500,250,288,288,0.02,1,1000,501,6,cleanup_device,0.0446777,0.044128,112132096,15530196992,15642329088,-1,-1
instances/ratio_1000/instance_500v8_0.50r0.cnf,all,500,250,288,288,0.02,1,1000,501,6,total,227.637,-1,112132096,15530196992,15642329088,-1,-1
instances/ratio_1000/instance_500v8_0.60r1.cnf,all,500,300,263,263,0.02,1,1000,408,8,read_instance,0.156982,-1,107937792,15534391296,15642329088,-1,-1
instances/ratio_1000/instance_500v8_0.60r1.cnf,all,500,300,263,263,0.02,1,1000,408,8,alloc_graph,0.171387,0.1536,110034944,15532294144,15642329088,-1,-1
instances/ratio_1000/instance_500v8_0.60r1.cnf,all,500,300,263,263,0.02,1,1000,408,8,scc,3.87915,3.8791,112132096,15530196992,15642329088,-1,-1
instances/ratio_1000/instance_500v8_0.60r1.cnf,all,500,300,263,263,0.02,1,1000,408,8,topo_sort,0.271729,0.271712,112132096,15530196992,15642329088,-1,-1
instances/ratio_1000/instance_500v8_0.60r1.cnf,all,500,300,263,263,0.02,1,1000,408,8,backbone,5.36182,5.36765,112132096,15530196992,15642329088,-1,-1
instances/ratio_1000/instance_500v8_0.60r1.cnf,all,500,300,263,263,0.02,1,1000,408,8,wcc,0.257324,0.257152,112132096,15530196992,15642329088,-1,-1
instances/ratio_1000/instance_500v8_0.60r1.cnf,all,500,300,263,263,0.02,1,1000,408,8,wcc_grouped,0.378174,0.377376,112132096,15530196992,15642329088,-1,-1
instances/ratio_1000/instance_500v8_0.60r1.cnf,all,500,300,263,263,0.02,1,1000,408,8,heuristic1,4.56323,4.56163,112132096,15530196992,15642329088,34,292
instances/ratio_1000/instance_500v8_0.60r1.cnf,all,500,300,263,263,0.02,1,1000,408,8,heuristic2,2.76709,2.7657,112132096,15530196992,15642329088,32,279
instances/ratio_1000/instance_500v8_0.60r1.cnf,all,500,300,263,263,0.02,1,1000,408,8,heuristic3,6.5481,6.54768,112132096,15530196992,15642329088,29,271
instances/ratio_1000/instance_500v8_0.60r1.cnf,all,500,300,263,263,0.02,1,1000,408,8,heuristic4,238.165,238.169,112132096,15530196992,15642329088,29,269
instances/ratio_1000/instance_500v8_0.60r1.cnf,all,500,300,263,263,0.02,1,1000,408,8,cleanup_device,0.0410156,0.040928,112132096,15530196992,15642329088,-1,-1
instances/ratio_1000/instance_500v8_0.60r1.cnf,all,500,300,263,263,0.02,1,1000,408,8,total,263.227,-1,112132096,15530196992,15642329088,-1,-1
instances/ratio_1000/instance_500v8_0.70r2.cnf,all,500,350,238,238,0.03,1,1000,330,7,read_instance,0.169189,-1,107937792,15534391296,15642329088,-1,-1
instances/ratio_1000/instance_500v8_0.70r2.cnf,all,500,350,238,238,0.03,1,1000,330,7,alloc_graph,0.184082,0.169984,110034944,15532294144,15642329088,-1,-1
instances/ratio_1000/instance_500v8_0.70r2.cnf,all,500,350,238,238,0.03,1,1000,330,7,scc,3.85596,3.85709,112132096,15530196992,15642329088,-1,-1
instances/ratio_1000/instance_500v8_0.70r2.cnf,all,500,350,238,238,0.03,1,1000,330,7,topo_sort,0.213135,0.212288,112132096,15530196992,15642329088,-1,-1
instances/ratio_1000/instance_500v8_0.70r2.cnf,all,500,350,238,238,0.03,1,1000,330,7,backbone,5.39966,5.40634,112132096,15530196992,15642329088,-1,-1
instances/ratio_1000/instance_500v8_0.70r2.cnf,all,500,350,238,238,0.03,1,1000,330,7,wcc,0.269287,0.27008,112132096,15530196992,15642329088,-1,-1
instances/ratio_1000/instance_500v8_0.70r2.cnf,all,500,350,238,238,0.03,1,1000,330,7,wcc_grouped,0.372803,0.372736,112132096,15530196992,15642329088,-1,-1
instances/ratio_1000/instance_500v8_0.70r2.cnf,all,500,350,238,238,0.03,1,1000,330,7,heuristic1,8.69165,8.69082,112132096,15530196992,15642329088,100,282
instances/ratio_1000/instance_500v8_0.70r2.cnf,all,500,350,238,238,0.03,1,1000,330,7,heuristic2,5.88232,5.88093,112132096,15530196992,15642329088,72,253
instances/ratio_1000/instance_500v8_0.70r2.cnf,all,500,350,238,238,0.03,1,1000,330,7,heuristic3,8.74365,8.74314,112132096,15530196992,15642329088,66,243
instances/ratio_1000/instance_500v8_0.70r2.cnf,all,500,350,238,238,0.03,1,1000,330,7,heuristic4,570.315,570.322,112132096,15530196992,15642329088,62,239
instances/ratio_1000/instance_500v8_0.70r2.cnf,all,500,350,238,238,0.03,1,1000,330,7,cleanup_device,0.0454102,0.045024,112132096,15530196992,15642329088,-1,-1
instances/ratio_1000/instance_500v8_0.70r2.cnf,all,500,350,238,238,0.03,1,1000,330,7,total,604.822,-1,112132096,15530196992,15642329088,-1,-1
instances/ratio_1000/instance_500v8_0.80r3.cnf,all,500,400,207,207,0.03,1,998,258,8,read_instance,0.192139,-1,107937792,15534391296,15642329088,-1,-1
instances/ratio_1000/instance_500v8_0.80r3.cnf,all,500,400,207,207,0.03,1,998,258,8,alloc_graph,0.185547,0.163008,110034944,15532294144,15642329088,-1,-1
instances/ratio_1000/instance_500v8_0.80r3.cnf,all,500,400,207,207,0.03,1,998,258,8,scc,3.83423,3.8359,112132096,15530196992,15642329088,-1,-1
instances/ratio_1000/instance_500v8_0.80r3.cnf,all,500,400,207,207,0.03,1,998,258,8,topo_sort,0.224365,0.222688,112132096,15530196992,15642329088,-1,-1
instances/ratio_1000/instance_500v8_0.80r3.cnf,all,500,400,207,207,0.03,1,998,258,8,backbone,5.07715,5.08278,112132096,15530196992,15642329088,-1,-1
instances/ratio_1000/instance_500v8_0.80r3.cnf,all,500,400,207,207,0.03,1,998,258,8,wcc,0.274658,0.274784,112132096,15530196992,15642329088,-1,-1
instances/ratio_1000/instance_500v8_0.80r3.cnf,all,500,400,207,207,0.03,1,998,258,8,wcc_grouped,0.36084,0.3616,112132096,15530196992,15642329088,-1,-1
instances/ratio_1000/instance_500v8_0.80r3.cnf,all,500,400,207,207,0.03,1,998,258,8,heuristic1,10.3237,10.324,112132096,15530196992,15642329088,121,256
instances/ratio_1000/instance_500v8_0.80r3.cnf,all,500,400,207,207,0.03,1,998,258,8,heuristic2,7.55298,7.55171,112132096,15530196992,15642329088,93,226
instances/ratio_1000/instance_500v8_0.80r3.cnf,all,500,400,207,207,0.03,1,998,258,8,heuristic3,11.9263,11.9267,112132096,15530196992,15642329088,90,219
instances/ratio_1000/instance_500v8_0.80r3.cnf,all,500,400,207,207,0.03,1,998,258,8,heuristic4,877.145,877.157,112132096,15530196992,15642329088,88,217
instances/ratio_1000/instance_500v8_0.80r3.cnf,all,500,400,207,207,0.03,1,998,258,8,cleanup_device,0.0429688,0.04272,112132096,15530196992,15642329088,-1,-1
instances/ratio_1000/instance_500v8_0.80r3.cnf,all,500,400,207,207,0.03,1,998,258,8,total,917.824,-1,112132096,15530196992,15642329088,-1,-1
instances/ratio_1000/instance_500v8_0.90r4.cnf,all,500,450,191,191,0.04,1,1000,200,9,read_instance,0.189941,-1,107937792,15534391296,15642329088,-1,-1
instances/ratio_1000/instance_500v8_0.90r4.cnf,all,500,450,191,191,0.04,1,1000,200,9,alloc_graph,0.167725,0.15216,110034944,15532294144,15642329088,-1,-1
instances/ratio_1000/instance_500v8_0.90r4.cnf,all,500,450,191,191,0.04,1,1000,200,9,scc,3.82471,3.82576,112132096,15530196992,15642329088,-1,-1
instances/ratio_1000/instance_500v8_0.90r4.cnf,all,500,450,191,191,0.04,1,1000,200,9,topo_sort,0.260986,0.26,112132096,15530196992,15642329088,-1,-1
instances/ratio_1000/instance_500v8_0.90r4.cnf,all,500,450,191,191,0.04,1,1000,200,9,backbone,5.24292,5.24774,112132096,15530196992,15642329088,-1,-1
instances/ratio_1000/instance_500v8_0.90r4.cnf,all,500,450,191,191,0.04,1,1000,200,9,wcc,0.217529,0.217344,112132096,15530196992,15642329088,-1,-1
instances/ratio_1000/instance_500v8_0.90r4.cnf,all,500,450,191,191,0.04,1,1000,200,9,wcc_grouped,0.387451,0.388768,112132096,15530196992,15642329088,-1,-1
instances/ratio_1000/instance_500v8_0.90r4.cnf,all,500,450,191,191,0.04,1,1000,200,9,heuristic1,11.2454,11.2444,112132096,15530196992,15642329088,133,236
instances/ratio_1000/instance_500v8_0.90r4.cnf,all,500,450,191,191,0.04,1,1000,200,9,heuristic2,8.93237,8.93091,112132096,15530196992,15642329088,109,208
instances/ratio_1000/instance_500v8_0.90r4.cnf,all,500,450,191,191,0.04,1,1000,200,9,heuristic3,13.5037,13.5035,112132096,15530196992,15642329088,114,212
instances/ratio_1000/instance_500v8_0.90r4.cnf,all,500,450,191,191,0.04,1,1000,200,9,heuristic4,1105.59,1105.61,112132096,15530196992,15642329088,109,207
instances/ratio_1000/instance_500v8_0.90r4.cnf,all,500,450,191,191,0.04,1,1000,200,9,cleanup_device,0.0407715,0.040352,112132096,15530196992,15642329088,-1,-1
instances/ratio_1000/instance_500v8_0.90r4.cnf,all,500,450,191,191,0.04,1,1000,200,9,total,1150.27,-1,112132096,15530196992,15642329088,-1,-1
instances/ratio_1000/instance_500v8_1.00r5.cnf,all,500,500,172,172,0.06,1,1000,161,10,read_instance,0.230713,-1,107937792,15534391296,15642329088,-1,-1
instances/ratio_1000/instance_500v8_1.00r5.cnf,all,500,500,172,172,0.06,1,1000,161,10,alloc_graph,0.180664,0.16544,110034944,15532294144,15642329088,-1,-1
instances/ratio_1000/instance_500v8_1.00r5.cnf,all,500,500,172,172,0.06,1,1000,161,10,scc,3.927,3.92701,112132096,15530196992,15642329088,-1,-1
instances/ratio_1000/instance_500v8_1.00r5.cnf,all,500,500,172,172,0.06,1,1000,161,10,topo_sort,0.255859,0.2552,112132096,15530196992,15642329088,-1,-1
instances/ratio_1000/instance_500v8_1.00r5.cnf,all,500,500,172,172,0.06,1,1000,161,10,backbone,5.01514,5.02058,112132096,15530196992,15642329088,-1,-1
instances/ratio_1000/instance_500v8_1.00r5.cnf,all,500,500,172,172,0.06,1,1000,161,10,wcc,0.240967,0.241312,112132096,15530196992,15642329088,-1,-1
instances/ratio_1000/instance_500v8_1.00r5.cnf,all,500,500,172,172,0.06,1,1000,161,10,wcc_grouped,0.348877,0.348576,112132096,15530196992,15642329088,-1,-1
instances/ratio_1000/instance_500v8_1.00r5.cnf,all,500,500,172,172,0.06,1,1000,161,10,heuristic1,11.6538,11.6533,112132096,15530196992,15642329088,135,221
instances/ratio_1000/instance_500v8_1.00r5.cnf,all,500,500,172,172,0.06,1,1000,161,10,heuristic2,8.67578,8.67466,112132096,15530196992,15642329088,109,194
instances/ratio_1000/instance_500v8_1.00r5.cnf,all,500,500,172,172,0.06,1,1000,161,10,heuristic3,13.2935,13.2936,112132096,15530196992,15642329088,112,195
instances/ratio_1000/instance_500v8_1.00r5.cnf,all,500,500,172,172,0.06,1,1000,161,10,heuristic4,1102.84,1102.86,112132096,15530196992,15642329088,108,191
instances/ratio_1000/instance_500v8_1.00r5.cnf,all,500,500,172,172,0.06,1,1000,161,10,cleanup_device,0.0419922,0.041664,112132096,15530196992,15642329088,-1,-1
instances/ratio_1000/instance_500v8_1.00r5.cnf,all,500,500,172,172,0.06,1,1000,161,10,total,1147.34,-1,112132096,15530196992,15642329088,-1,-1
instances/ratio_1000/instance_500v8_1.10r6.cnf,all,500,550,154,154,0.24,1,998,127,12,read_instance,0.20874,-1,107937792,15534391296,15642329088,-1,-1
instances/ratio_1000/instance_500v8_1.10r6.cnf,all,500,550,154,154,0.24,1,998,127,12,alloc_graph,0.173828,0.155072,110034944,15532294144,15642329088,-1,-1
instances/ratio_1000/instance_500v8_1.10r6.cnf,all,500,550,154,154,0.24,1,998,127,12,scc,3.89453,3.89517,112132096,15530196992,15642329088,-1,-1
instances/ratio_1000/instance_500v8_1.10r6.cnf,all,500,550,154,154,0.24,1,998,127,12,topo_sort,0.319092,0.317984,112132096,15530196992,15642329088,-1,-1
instances/ratio_1000/instance_500v8_1.10r6.cnf,all,500,550,154,154,0.24,1,998,127,12,backbone,5.13916,5.14506,112132096,15530196992,15642329088,-1,-1
instances/ratio_1000/instance_500v8_1.10r6.cnf,all,500,550,154,154,0.24,1,998,127,12,wcc,0.244629,0.244128,112132096,15530196992,15642329088,-1,-1
instances/ratio_1000/instance_500v8_1.10r6.cnf,all,500,550,154,154,0.24,1,998,127,12,wcc_grouped,0.369141,0.368736,112132096,15530196992,15642329088,-1,-1
instances/ratio_1000/instance_500v8_1.10r6.cnf,all,500,550,154,154,0.24,1,998,127,12,heuristic1,12.2632,12.2615,112132096,15530196992,15642329088,143,206
instances/ratio_1000/instance_500v8_1.10r6.cnf,all,500,550,154,154,0.24,1,998,127,12,heuristic2,9.48389,9.48294,112132096,15530196992,15642329088,118,181
instances/ratio_1000/instance_500v8_1.10r6.cnf,all,500,550,154,154,0.24,1,998,127,12,heuristic3,13.7627,13.7618,112132096,15530196992,15642329088,122,184
instances/ratio_1000/instance_500v8_1.10r6.cnf,all,500,550,154,154,0.24,1,998,127,12,heuristic4,1083.83,1083.85,112132096,15530196992,15642329088,106,168
instances/ratio_1000/instance_500v8_1.10r6.cnf,all,500,550,154,154,0.24,1,998,127,12,cleanup_device,0.0446777,0.04416,112132096,15530196992,15642329088,-1,-1
instances/ratio_1000/instance_500v8_1.10r6.cnf,all,500,550,154,154,0.24,1,998,127,12,total,1130.42,-1,112132096,15530196992,15642329088,-1,-1
instances/ratio_1000/instance_500v8_1.20r7.cnf,all,500,600,147,147,62.31,1,996,125,13,read_instance,0.227539,-1,107937792,15534391296,15642329088,-1,-1
instances/ratio_1000/instance_500v8_1.20r7.cnf,all,500,600,147,147,62.31,1,996,125,13,alloc_graph,0.177979,0.159488,110034944,15532294144,15642329088,-1,-1
instances/ratio_1000/instance_500v8_1.20r7.cnf,all,500,600,147,147,62.31,1,996,125,13,scc,3.98193,3.98336,112132096,15530196992,15642329088,-1,-1
instances/ratio_1000/instance_500v8_1.20r7.cnf,all,500,600,147,147,62.31,1,996,125,13,topo_sort,0.324219,0.322944,112132096,15530196992,15642329088,-1,-1
instances/ratio_1000/instance_500v8_1.20r7.cnf,all,500,600,147,147,62.31,1,996,125,13,backbone,4.87964,4.88352,112132096,15530196992,15642329088,-1,-1
instances/ratio_1000/instance_500v8_1.20r7.cnf,all,500,600,147,147,62.31,1,996,125,13,wcc,0.214111,0.212992,112132096,15530196992,15642329088,-1,-1
instances/ratio_1000/instance_500v8_1.20r7.cnf,all,500,600,147,147,62.31,1,996,125,13,wcc_grouped,0.351562,0.35024,112132096,15530196992,15642329088,-1,-1
instances/ratio_1000/instance_500v8_1.20r7.cnf,all,500,600,147,147,62.31,1,996,125,13,heuristic1,11.4702,11.4691,112132096,15530196992,15642329088,135,199
instances/ratio_1000/instance_500v8_1.20r7.cnf,all,500,600,147,147,62.31,1,996,125,13,heuristic2,8.73999,8.73965,112132096,15530196992,15642329088,111,174
instances/ratio_1000/instance_500v8_1.20r7.cnf,all,500,600,147,147,62.31,1,996,125,13,heuristic3,12.7009,12.7008,112132096,15530196992,15642329088,104,165
instances/ratio_1000/instance_500v8_1.20r7.cnf,all,500,600,147,147,62.31,1,996,125,13,heuristic4,1019.16,1019.18,112132096,15530196992,15642329088,100,161
instances/ratio_1000/instance_500v8_1.20r7.cnf,all,500,600,147,147,62.31,1,996,125,13,cleanup_device,0.0388184,0.038528,112132096,15530196992,15642329088,-1,-1
instances/ratio_1000/instance_500v8_1.20r7.cnf,all,500,600,147,147,62.31,1,996,125,13,total,1062.94,-1,112132096,15530196992,15642329088,-1,-1
instances/ratio_1000/instance_500v8_1.30r8.cnf,all,500,650,134,134,1.11,1,996,92,15,read_instance,0.23999,-1,107937792,15534391296,15642329088,-1,-1
instances/ratio_1000/instance_500v8_1.30r8.cnf,all,500,650,134,134,1.11,1,996,92,15,alloc_graph,0.170166,0.152224,110034944,15532294144,15642329088,-1,-1
instances/ratio_1000/instance_500v8_1.30r8.cnf,all,500,650,134,134,1.11,1,996,92,15,scc,3.81665,3.81779,112132096,15530196992,15642329088,-1,-1
instances/ratio_1000/instance_500v8_1.30r8.cnf,all,500,650,134,134,1.11,1,996,92,15,topo_sort,0.347412,0.346816,112132096,15530196992,15642329088,-1,-1
instances/ratio_1000/instance_500v8_1.30r8.cnf,all,500,650,134,134,1.11,1,996,92,15,backbone,5.22583,5.23142,112132096,15530196992,15642329088,-1,-1
instances/ratio_1000/instance_500v8_1.30r8.cnf,all,500,650,134,134,1.11,1,996,92,15,wcc,0.227539,0.22736,112132096,15530196992,15642329088,-1,-1
instances/ratio_1000/instance_500v8_1.30r8.cnf,all,500,650,134,134,1.11,1,996,92,15,wcc_grouped,0.401855,0.401728,112132096,15530196992,15642329088,-1,-1
instances/ratio_1000/instance_500v8_1.30r8.cnf,all,500,650,134,134,1.11,1,996,92,15,heuristic1,12.418,12.4171,112132096,15530196992,15642329088,135,181
instances/ratio_1000/instance_500v8_1.30r8.cnf,all,500,650,134,134,1.11,1,996,92,15,heuristic2,9.16797,9.16669,112132096,15530196992,15642329088,113,158
instances/ratio_1000/instance_500v8_1.30r8.cnf,all,500,650,134,134,1.11,1,996,92,15,heuristic3,13.4644,13.4636,112132096,15530196992,15642329088,121,165
instances/ratio_1000/instance_500v8_1.30r8.cnf,all,500,650,134,134,1.11,1,996,92,15,heuristic4,1011.73,1011.75,112132096,15530196992,15642329088,100,144
instances/ratio_1000/instance_500v8_1.30r8.cnf,all,500,650,134,134,1.11,1,996,92,15,cleanup_device,0.0432129,0.042816,112132096,15530196992,15642329088,-1,-1
instances/ratio_1000/instance_500v8_1.30r8.cnf,all,500,650,134,134,1.11,1,996,92,15,total,1057.93,-1,112132096,15530196992,15642329088,-1,-1
instances/ratio_1000/instance_500v8_1.40r9.cnf,all,500,700,130,130,2.3,1,996,94,15,read_instance,0.240479,-1,107937792,15534391296,15642329088,-1,-1
instances/ratio_1000/instance_500v8_1.40r9.cnf,all,500,700,130,130,2.3,1,996,94,15,alloc_graph,0.160156,0.14576,110034944,15532294144,15642329088,-1,-1
instances/ratio_1000/instance_500v8_1.40r9.cnf,all,500,700,130,130,2.3,1,996,94,15,scc,4.03857,4.03942,112132096,15530196992,15642329088,-1,-1
instances/ratio_1000/instance_500v8_1.40r9.cnf,all,500,700,130,130,2.3,1,996,94,15,topo_sort,0.354736,0.353536,112132096,15530196992,15642329088,-1,-1
instances/ratio_1000/instance_500v8_1.40r9.cnf,all,500,700,130,130,2.3,1,996,94,15,backbone,5.30103,5.30736,112132096,15530196992,15642329088,-1,-1
instances/ratio_1000/instance_500v8_1.40r9.cnf,all,500,700,130,130,2.3,1,996,94,15,wcc,0.227783,0.227392,112132096,15530196992,15642329088,-1,-1
instances/ratio_1000/instance_500v8_1.40r9.cnf,all,500,700,130,130,2.3,1,996,94,15,wcc_grouped,0.363281,0.363296,112132096,15530196992,15642329088,-1,-1
instances/ratio_1000/instance_500v8_1.40r9.cnf,all,500,700,130,130,2.3,1,996,94,15,heuristic1,11.51,11.51,112132096,15530196992,15642329088,135,180
instances/ratio_1000/instance_500v8_1.40r9.cnf,all,500,700,130,130,2.3,1,996,94,15,heuristic2,9.14575,9.14448,112132096,15530196992,15642329088,115,161
instances/ratio_1000/instance_500v8_1.40r9.cnf,all,500,700,130,130,2.3,1,996,94,15,heuristic3,12.4841,12.4832,112132096,15530196992,15642329088,109,154
instances/ratio_1000/instance_500v8_1.40r9.cnf,all,500,700,130,130,2.3,1,996,94,15,heuristic4,1008.4,1008.41,112132096,15530196992,15642329088,100,145
instances/ratio_1000/instance_500v8_1.40r9.cnf,all,500,700,130,130,2.3,1,996,94,15,cleanup_device,0.0412598,0.040864,112132096,15530196992,15642329088,-1,-1
instances/ratio_1000/instance_500v8_1.40r9.cnf,all,500,700,130,130,2.3,1,996,94,15,total,1052.93,-1,112132096,15530196992,15642329088,-1,-1
instances/ratio_1000/instance_500v8_1.50r10.cnf,all,500,750,115,124,150.04,1,1000,54,20,read_instance,0.25708,-1,107937792,15534391296,15642329088,-1,-1
instances/ratio_1000/instance_500v8_1.50r10.cnf,all,500,750,115,124,150.04,1,1000,54,20,alloc_graph,0.165283,0.151424,110034944,15532294144,15642329088,-1,-1
instances/ratio_1000/instance_500v8_1.50r10.cnf,all,500,750,115,124,150.04,1,1000,54,20,scc,3.89209,3.89334,112132096,15530196992,15642329088,-1,-1
instances/ratio_1000/instance_500v8_1.50r10.cnf,all,500,750,115,124,150.04,1,1000,54,20,topo_sort,0.440674,0.439584,112132096,15530196992,15642329088,-1,-1
instances/ratio_1000/instance_500v8_1.50r10.cnf,all,500,750,115,124,150.04,1,1000,54,20,backbone,5.23462,5.24195,112132096,15530196992,15642329088,-1,-1
instances/ratio_1000/instance_500v8_1.50r10.cnf,all,500,750,115,124,150.04,1,1000,54,20,wcc,0.228516,0.228992,112132096,15530196992,15642329088,-1,-1
instances/ratio_1000/instance_500v8_1.50r10.cnf,all,500,750,115,124,150.04,1,1000,54,20,wcc_grouped,0.365967,0.366144,112132096,15530196992,15642329088,-1,-1
instances/ratio_1000/instance_500v8_1.50r10.cnf,all,500,750,115,124,150.04,1,1000,54,20,heuristic1,11.0063,11.0079,112132096,15530196992,15642329088,134,159
instances/ratio_1000/instance_500v8_1.50r10.cnf,all,500,750,115,124,150.04,1,1000,54,20,heuristic2,9.73193,9.73082,112132096,15530196992,15642329088,121,146
instances/ratio_1000/instance_500v8_1.50r10.cnf,all,500,750,115,124,150.04,1,1000,54,20,heuristic3,12.8477,12.8474,112132096,15530196992,15642329088,111,136
instances/ratio_1000/instance_500v8_1.50r10.cnf,all,500,750,115,124,150.04,1,1000,54,20,heuristic4,1082.57,1082.59,112132096,15530196992,15642329088,106,131
instances/ratio_1000/instance_500v8_1.50r10.cnf,all,500,750,115,124,150.04,1,1000,54,20,cleanup_device,0.0437012,0.043456,112132096,15530196992,15642329088,-1,-1
instances/ratio_1000/instance_500v8_1.50r10.cnf,all,500,750,115,124,150.04,1,1000,54,20,total,1127.48,-1,112132096,15530196992,15642329088,-1,-1
instances/ratio_1000/instance_500v8_1.60r11.cnf,all,500,800,117,117,136.43,1,998,60,23,read_instance,0.262695,-1,107937792,15534391296,15642329088,-1,-1
instances/ratio_1000/instance_500v8_1.60r11.cnf,all,500,800,117,117,136.43,1,998,60,23,alloc_graph,0.160156,0.14336,110034944,15532294144,15642329088,-1,-1
instances/ratio_1000/instance_500v8_1.60r11.cnf,all,500,800,117,117,136.43,1,998,60,23,scc,3.84863,3.85024,112132096,15530196992,15642329088,-1,-1
instances/ratio_1000/instance_500v8_1.60r11.cnf,all,500,800,117,117,136.43,1,998,60,23,topo_sort,0.501465,0.50192,112132096,15530196992,15642329088,-1,-1
instances/ratio_1000/instance_500v8_1.60r11.cnf,all,500,800,117,117,136.43,1,998,60,23,backbone,5.11987,5.12493,112132096,15530196992,15642329088,-1,-1
instances/ratio_1000/instance_500v8_1.60r11.cnf,all,500,800,117,117,136.43,1,998,60,23,wcc,0.200928,0.200704,112132096,15530196992,15642329088,-1,-1
instances/ratio_1000/instance_500v8_1.60r11.cnf,all,500,800,117,117,136.43,1,998,60,23,wcc_grouped,0.384766,0.384992,112132096,15530196992,15642329088,-1,-1
instances/ratio_1000/instance_500v8_1.60r11.cnf,all,500,800,117,117,136.43,1,998,60,23,heuristic1,11.323,11.3242,112132096,15530196992,15642329088,135,164
instances/ratio_1000/instance_500v8_1.60r11.cnf,all,500,800,117,117,136.43,1,998,60,23,heuristic2,8.24146,8.24083,112132096,15530196992,15642329088,108,136
instances/ratio_1000/instance_500v8_1.60r11.cnf,all,500,800,117,117,136.43,1,998,60,23,heuristic3,12.5056,12.5047,112132096,15530196992,15642329088,111,139
instances/ratio_1000/instance_500v8_1.60r11.cnf,all,500,800,117,117,136.43,1,998,60,23,heuristic4,940.333,940.345,112132096,15530196992,15642329088,94,122
instances/ratio_1000/instance_500v8_1.60r11.cnf,all,500,800,117,117,136.43,1,998,60,23,cleanup_device,0.0424805,0.042368,112132096,15530196992,15642329088,-1,-1
instances/ratio_1000/instance_500v8_1.60r11.cnf,all,500,800,117,117,136.43,1,998,60,23,total,983.549,-1,112132096,15530196992,15642329088,-1,-1
instances/ratio_1000/instance_500v8_1.70r12.cnf,all,500,850,91,102,150.04,1,1000,36,21,read_instance,0.290771,-1,107937792,15534391296,15642329088,-1,-1
instances/ratio_1000/instance_500v8_1.70r12.cnf,all,500,850,91,102,150.04,1,1000,36,21,alloc_graph,0.165039,0.155648,110034944,15532294144,15642329088,-1,-1
instances/ratio_1000/instance_500v8_1.70r12.cnf,all,500,850,91,102,150.04,1,1000,36,21,scc,3.92969,3.93021,112132096,15530196992,15642329088,-1,-1
instances/ratio_1000/instance_500v8_1.70r12.cnf,all,500,850,91,102,150.04,1,1000,36,21,topo_sort,0.468262,0.467008,112132096,15530196992,15642329088,-1,-1
instances/ratio_1000/instance_500v8_1.70r12.cnf,all,500,850,91,102,150.04,1,1000,36,21,backbone,5.05835,5.06435,112132096,15530196992,15642329088,-1,-1
instances/ratio_1000/instance_500v8_1.70r12.cnf,all,500,850,91,102,150.04,1,1000,36,21,wcc,0.201904,0.201664,112132096,15530196992,15642329088,-1,-1
instances/ratio_1000/instance_500v8_1.70r12.cnf,all,500,850,91,102,150.04,1,1000,36,21,wcc_grouped,0.38208,0.382976,112132096,15530196992,15642329088,-1,-1
instances/ratio_1000/instance_500v8_1.70r12.cnf,all,500,850,91,102,150.04,1,1000,36,21,heuristic1,9.86035,9.86032,112132096,15530196992,15642329088,113,129
instances/ratio_1000/instance_500v8_1.70r12.cnf,all,500,850,91,102,150.04,1,1000,36,21,heuristic2,8.20825,8.20733,112132096,15530196992,15642329088,105,121
instances/ratio_1000/instance_500v8_1.70r12.cnf,all,500,850,91,102,150.04,1,1000,36,21,heuristic3,11.864,11.8646,112132096,15530196992,15642329088,95,111
instances/ratio_1000/instance_500v8_1.70r12.cnf,all,500,850,91,102,150.04,1,1000,36,21,heuristic4,834.979,834.99,112132096,15530196992,15642329088,85,101
instances/ratio_1000/instance_500v8_1.70r12.cnf,all,500,850,91,102,150.04,1,1000,36,21,cleanup_device,0.0385742,0.038336,112132096,15530196992,15642329088,-1,-1
instances/ratio_1000/instance_500v8_1.70r12.cnf,all,500,850,91,102,150.04,1,1000,36,21,total,876.079,-1,112132096,15530196992,15642329088,-1,-1
instances/ratio_1000/instance_500v8_1.80r13.cnf,all,500,900,99,108,150.04,1,1000,52,28,read_instance,0.286621,-1,107937792,15534391296,15642329088,-1,-1
instances/ratio_1000/instance_500v8_1.80r13.cnf,all,500,900,99,108,150.04,1,1000,52,28,alloc_graph,0.165771,0.151552,110034944,15532294144,15642329088,-1,-1
instances/ratio_1000/instance_500v8_1.80r13.cnf,all,500,900,99,108,150.04,1,1000,52,28,scc,4.0769,4.07805,112132096,15530196992,15642329088,-1,-1
instances/ratio_1000/instance_500v8_1.80r13.cnf,all,500,900,99,108,150.04,1,1000,52,28,topo_sort,0.612061,0.61168,112132096,15530196992,15642329088,-1,-1
instances/ratio_1000/instance_500v8_1.80r13.cnf,all,500,900,99,108,150.04,1,1000,52,28,backbone,5.22852,5.23485,112132096,15530196992,15642329088,-1,-1
instances/ratio_1000/instance_500v8_1.80r13.cnf,all,500,900,99,108,150.04,1,1000,52,28,wcc,0.226318,0.226848,112132096,15530196992,15642329088,-1,-1
instances/ratio_1000/instance_500v8_1.80r13.cnf,all,500,900,99,108,150.04,1,1000,52,28,wcc_grouped,0.385498,0.38464,112132096,15530196992,15642329088,-1,-1
instances/ratio_1000/instance_500v8_1.80r13.cnf,all,500,900,99,108,150.04,1,1000,52,28,heuristic1,10.3401,10.3397,112132096,15530196992,15642329088,120,144
instances/ratio_1000/instance_500v8_1.80r13.cnf,all,500,900,99,108,150.04,1,1000,52,28,heuristic2,7.49805,7.49699,112132096,15530196992,15642329088,93,117
instances/ratio_1000/instance_500v8_1.80r13.cnf,all,500,900,99,108,150.04,1,1000,52,28,heuristic3,11.5095,11.5131,112132096,15530196992,15642329088,86,110
instances/ratio_1000/instance_500v8_1.80r13.cnf,all,500,900,99,108,150.04,1,1000,52,28,heuristic4,826.128,826.139,112132096,15530196992,15642329088,83,107
instances/ratio_1000/instance_500v8_1.80r13.cnf,all,500,900,99,108,150.04,1,1000,52,28,cleanup_device,0.0388184,0.038496,112132096,15530196992,15642329088,-1,-1
instances/ratio_1000/instance_500v8_1.80r13.cnf,all,500,900,99,108,150.04,1,1000,52,28,total,867.163,-1,112132096,15530196992,15642329088,-1,-1
instances/ratio_1000/instance_500v8_1.90r14.cnf,all,500,950,95,107,150.04,1,968,44,27,read_instance,0.29126,-1,107937792,15534391296,15642329088,-1,-1
instances/ratio_1000/instance_500v8_1.90r14.cnf,all,500,950,95,107,150.04,1,968,44,27,alloc_graph,0.163574,0.145408,110034944,15532294144,15642329088,-1,-1
instances/ratio_1000/instance_500v8_1.90r14.cnf,all,500,950,95,107,150.04,1,968,44,27,scc,3.99365,3.99488,112132096,15530196992,15642329088,-1,-1
instances/ratio_1000/instance_500v8_1.90r14.cnf,all,500,950,95,107,150.04,1,968,44,27,topo_sort,0.613525,0.612704,112132096,15530196992,15642329088,-1,-1
instances/ratio_1000/instance_500v8_1.90r14.cnf,all,500,950,95,107,150.04,1,968,44,27,backbone,5.08691,5.09194,112132096,15530196992,15642329088,-1,-1
instances/ratio_1000/instance_500v8_1.90r14.cnf,all,500,950,95,107,150.04,1,968,44,27,wcc,0.19043,0.190464,112132096,15530196992,15642329088,-1,-1
instances/ratio_1000/instance_500v8_1.90r14.cnf,all,500,950,95,107,150.04,1,968,44,27,wcc_grouped,0.351318,0.350528,112132096,15530196992,15642329088,-1,-1
instances/ratio_1000/instance_500v8_1.90r14.cnf,all,500,950,95,107,150.04,1,968,44,27,heuristic1,10.2993,10.298,112132096,15530196992,15642329088,119,139
instances/ratio_1000/instance_500v8_1.90r14.cnf,all,500,950,95,107,150.04,1,968,44,27,heuristic2,7.85278,7.85082,112132096,15530196992,15642329088,96,117
instances/ratio_1000/instance_500v8_1.90r14.cnf,all,500,950,95,107,150.04,1,968,44,27,heuristic3,11.5952,11.5939,112132096,15530196992,15642329088,92,112
instances/ratio_1000/instance_500v8_1.90r14.cnf,all,500,950,95,107,150.04,1,968,44,27,heuristic4,903.644,903.656,112132096,15530196992,15642329088,91,111
instances/ratio_1000/instance_500v8_1.90r14.cnf,all,500,950,95,107,150.04,1,968,44,27,cleanup_device,0.0424805,0.04256,112132096,15530196992,15642329088,-1,-1
instances/ratio_1000/instance_500v8_1.90r14.cnf,all,500,950,95,107,150.04,1,968,44,27,total,944.722,-1,112132096,15530196992,15642329088,-1,-1
instances/ratio_1000/instance_500v8_2.00r15.cnf,all,500,1000,91,102,150.05,1,986,46,34,read_instance,0.323242,-1,107937792,15534391296,15642329088,-1,-1
instances/ratio_1000/instance_500v8_2.00r15.cnf,all,500,1000,91,102,150.05,1,986,46,34,alloc_graph,0.164307,0.148416,110034944,15532294144,15642329088,-1,-1
instances/ratio_1000/instance_500v8_2.00r15.cnf,all,500,1000,91,102,150.05,1,986,46,34,scc,4.27979,4.28035,112132096,15530196992,15642329088,-1,-1
instances/ratio_1000/instance_500v8_2.00r15.cnf,all,500,1000,91,102,150.05,1,986,46,34,topo_sort,0.731934,0.731072,112132096,15530196992,15642329088,-1,-1
instances/ratio_1000/instance_500v8_2.00r15.cnf,all,500,1000,91,102,150.05,1,986,46,34,backbone,5.24805,5.2513,112132096,15530196992,15642329088,-1,-1
instances/ratio_1000/instance_500v8_2.00r15.cnf,all,500,1000,91,102,150.05,1,986,46,34,wcc,0.19458,0.19456,112132096,15530196992,15642329088,-1,-1
instances/ratio_1000/instance_500v8_2.00r15.cnf,all,500,1000,91,102,150.05,1,986,46,34,wcc_grouped,0.363525,0.364416,112132096,15530196992,15642329088,-1,-1
instances/ratio_1000/instance_500v8_2.00r15.cnf,all,500,1000,91,102,150.05,1,986,46,34,heuristic1,9.47021,9.46947,112132096,15530196992,15642329088,106,128
instances/ratio_1000/instance_500v8_2.00r15.cnf,all,500,1000,91,102,150.05,1,986,46,34,heuristic2,7.64111,7.63939,112132096,15530196992,15642329088,99,120
instances/ratio_1000/instance_500v8_2.00r15.cnf,all,500,1000,91,102,150.05,1,986,46,34,heuristic3,11.4045,11.4044,112132096,15530196992,15642329088,89,110
instances/ratio_1000/instance_500v8_2.00r15.cnf,all,500,1000,91,102,150.05,1,986,46,34,heuristic4,779.973,779.984,112132096,15530196992,15642329088,80,101
instances/ratio_1000/instance_500v8_2.00r15.cnf,all,500,1000,91,102,150.05,1,986,46,34,cleanup_device,0.0422363,0.04192,112132096,15530196992,15642329088,-1,-1
instances/ratio_1000/instance_500v8_2.00r15.cnf,all,500,1000,91,102,150.05,1,986,46,34,total,820.439,-1,112132096,15530196992,15642329088,-1,-1
instances/ratio_1000/instance_500v8_2.10r16.cnf,all,500,1050,86,86,6.89,1,924,38,35,read_instance,0.343262,-1,107937792,15534391296,15642329088,-1,-1
instances/ratio_1000/instance_500v8_2.10r16.cnf,all,500,1050,86,86,6.89,1,924,38,35,alloc_graph,0.210938,0.198368,110034944,15532294144,15642329088,-1,-1
instances/ratio_1000/instance_500v8_2.10r16.cnf,all,500,1050,86,86,6.89,1,924,38,35,scc,4.19238,4.19274,112132096,15530196992,15642329088,-1,-1
instances/ratio_1000/instance_500v8_2.10r16.cnf,all,500,1050,86,86,6.89,1,924,38,35,topo_sort,0.751465,0.750496,112132096,15530196992,15642329088,-1,-1
instances/ratio_1000/instance_500v8_2.10r16.cnf,all,500,1050,86,86,6.89,1,924,38,35,backbone,5.28296,5.28682,112132096,15530196992,15642329088,-1,-1
instances/ratio_1000/instance_500v8_2.10r16.cnf,all,500,1050,86,86,6.89,1,924,38,35,wcc,0.211914,0.210944,112132096,15530196992,15642329088,-1,-1
instances/ratio_1000/instance_500v8_2.10r16.cnf,all,500,1050,86,86,6.89,1,924,38,35,wcc_grouped,0.373291,0.37392,112132096,15530196992,15642329088,-1,-1
instances/ratio_1000/instance_500v8_2.10r16.cnf,all,500,1050,86,86,6.89,1,924,38,35,heuristic1,8.97144,8.97066,112132096,15530196992,15642329088,105,122
instances/ratio_1000/instance_500v8_2.10r16.cnf,all,500,1050,86,86,6.89,1,924,38,35,heuristic2,6.94604,6.94547,112132096,15530196992,15642329088,82,99
instances/ratio_1000/instance_500v8_2.10r16.cnf,all,500,1050,86,86,6.89,1,924,38,35,heuristic3,11.3032,11.3024,112132096,15530196992,15642329088,85,102
instances/ratio_1000/instance_500v8_2.10r16.cnf,all,500,1050,86,86,6.89,1,924,38,35,heuristic4,783.238,783.248,112132096,15530196992,15642329088,80,97
instances/ratio_1000/instance_500v8_2.10r16.cnf,all,500,1050,86,86,6.89,1,924,38,35,cleanup_device,0.041748,0.041312,112132096,15530196992,15642329088,-1,-1
instances/ratio_1000/instance_500v8_2.10r16.cnf,all,500,1050,86,86,6.89,1,924,38,35,total,822.506,-1,112132096,15530196992,15642329088,-1,-1
instances/ratio_1000/instance_500v8_2.20r17.cnf,all,500,1100,77,77,1.29,1,916,28,30,read_instance,0.364502,-1,107937792,15534391296,15642329088,-1,-1
instances/ratio_1000/instance_500v8_2.20r17.cnf,all,500,1100,77,77,1.29,1,916,28,30,alloc_graph,0.17749,0.157728,110034944,15532294144,15642329088,-1,-1
instances/ratio_1000/instance_500v8_2.20r17.cnf,all,500,1100,77,77,1.29,1,916,28,30,scc,4.12134,4.12154,112132096,15530196992,15642329088,-1,-1
instances/ratio_1000/instance_500v8_2.20r17.cnf,all,500,1100,77,77,1.29,1,916,28,30,topo_sort,0.655029,0.65408,112132096,15530196992,15642329088,-1,-1
instances/ratio_1000/instance_500v8_2.20r17.cnf,all,500,1100,77,77,1.29,1,916,28,30,backbone,5.09888,5.10438,112132096,15530196992,15642329088,-1,-1
instances/ratio_1000/instance_500v8_2.20r17.cnf,all,500,1100,77,77,1.29,1,916,28,30,wcc,0.194336,0.19456,112132096,15530196992,15642329088,-1,-1
instances/ratio_1000/instance_500v8_2.20r17.cnf,all,500,1100,77,77,1.29,1,916,28,30,wcc_grouped,0.390869,0.391168,112132096,15530196992,15642329088,-1,-1
instances/ratio_1000/instance_500v8_2.20r17.cnf,all,500,1100,77,77,1.29,1,916,28,30,heuristic1,7.88721,7.88742,112132096,15530196992,15642329088,87,99
instances/ratio_1000/instance_500v8_2.20r17.cnf,all,500,1100,77,77,1.29,1,916,28,30,heuristic2,6.79785,6.79696,112132096,15530196992,15642329088,85,97
instances/ratio_1000/instance_500v8_2.20r17.cnf,all,500,1100,77,77,1.29,1,916,28,30,heuristic3,10.4944,10.4942,112132096,15530196992,15642329088,84,96
instances/ratio_1000/instance_500v8_2.20r17.cnf,all,500,1100,77,77,1.29,1,916,28,30,heuristic4,723.032,723.042,112132096,15530196992,15642329088,75,87
instances/ratio_1000/instance_500v8_2.20r17.cnf,all,500,1100,77,77,1.29,1,916,28,30,cleanup_device,0.0402832,0.039904,112132096,15530196992,15642329088,-1,-1
instances/ratio_1000/instance_500v8_2.20r17.cnf,all,500,1100,77,77,1.29,1,916,28,30,total,759.865,-1,112132096,15530196992,15642329088,-1,-1
instances/ratio_1000/instance_500v8_2.30r18.cnf,all,500,1150,74,81,150.07,1,954,36,46,read_instance,0.366211,-1,107937792,15534391296,15642329088,-1,-1
instances/ratio_1000/instance_500v8_2.30r18.cnf,all,500,1150,74,81,150.07,1,954,36,46,alloc_graph,0.172852,0.159232,110034944,15532294144,15642329088,-1,-1
instances/ratio_1000/instance_500v8_2.30r18.cnf,all,500,1150,74,81,150.07,1,954,36,46,scc,3.89868,3.89933,112132096,15530196992,15642329088,-1,-1
instances/ratio_1000/instance_500v8_2.30r18.cnf,all,500,1150,74,81,150.07,1,954,36,46,topo_sort,0.974609,0.97408,112132096,15530196992,15642329088,-1,-1
instances/ratio_1000/instance_500v8_2.30r18.cnf,all,500,1150,74,81,150.07,1,954,36,46,backbone,5.37354,5.37885,112132096,15530196992,15642329088,-1,-1
instances/ratio_1000/instance_500v8_2.30r18.cnf,all,500,1150,74,81,150.07,1,954,36,46,wcc,0.209229,0.20912,112132096,15530196992,15642329088,-1,-1
instances/ratio_1000/instance_500v8_2.30r18.cnf,all,500,1150,74,81,150.07,1,954,36,46,wcc_grouped,0.366211,0.366048,112132096,15530196992,15642329088,-1,-1
instances/ratio_1000/instance_500v8_2.30r18.cnf,all,500,1150,74,81,150.07,1,954,36,46,heuristic1,7.63818,7.6377,112132096,15530196992,15642329088,83,99
instances/ratio_1000/instance_500v8_2.30r18.cnf,all,500,1150,74,81,150.07,1,954,36,46,heuristic2,6.50342,6.50214,112132096,15530196992,15642329088,79,95
instances/ratio_1000/instance_500v8_2.30r18.cnf,all,500,1150,74,81,150.07,1,954,36,46,heuristic3,10.4202,10.4199,112132096,15530196992,15642329088,81,97
instances/ratio_1000/instance_500v8_2.30r18.cnf,all,500,1150,74,81,150.07,1,954,36,46,heuristic4,725.78,725.79,112132096,15530196992,15642329088,75,91
instances/ratio_1000/instance_500v8_2.30r18.cnf,all,500,1150,74,81,150.07,1,954,36,46,cleanup_device,0.0407715,0.040448,112132096,15530196992,15642329088,-1,-1
instances/ratio_1000/instance_500v8_2.30r18.cnf,all,500,1150,74,81,150.07,1,954,36,46,total,762.361,-1,112132096,15530196992,15642329088,-1,-1
instances/ratio_1000/instance_500v8_2.40r19.cnf,all,500,1200,69,69,0.14,1,938,48,91,read_instance,0.35498,-1,107937792,15534391296,15642329088,-1,-1
instances/ratio_1000/instance_500v8_2.40r19.cnf,all,500,1200,69,69,0.14,1,938,48,91,alloc_graph,0.154053,0.140704,110034944,15532294144,15642329088,-1,-1
instances/ratio_1000/instance_500v8_2.40r19.cnf,all,500,1200,69,69,0.14,1,938,48,91,scc,4.31323,4.31434,112132096,15530196992,15642329088,-1,-1
instances/ratio_1000/instance_500v8_2.40r19.cnf,all,500,1200,69,69,0.14,1,938,48,91,topo_sort,1.74805,1.74861,112132096,15530196992,15642329088,-1,-1
instances/ratio_1000/instance_500v8_2.40r19.cnf,all,500,1200,69,69,0.14,1,938,48,91,backbone,5.49341,5.4961,112132096,15530196992,15642329088,-1,-1
instances/ratio_1000/instance_500v8_2.40r19.cnf,all,500,1200,69,69,0.14,1,938,48,91,wcc,0.243164,0.24336,112132096,15530196992,15642329088,-1,-1
instances/ratio_1000/instance_500v8_2.40r19.cnf,all,500,1200,69,69,0.14,1,938,48,91,wcc_grouped,0.363037,0.363168,112132096,15530196992,15642329088,-1,-1
instances/ratio_1000/instance_500v8_2.40r19.cnf,all,500,1200,69,69,0.14,1,938,48,91,heuristic1,7.29126,7.2905,112132096,15530196992,15642329088,84,106
instances/ratio_1000/instance_500v8_2.40r19.cnf,all,500,1200,69,69,0.14,1,938,48,91,heuristic2,5.61548,5.6144,112132096,15530196992,15642329088,67,89
instances/ratio_1000/instance_500v8_2.40r19.cnf,all,500,1200,69,69,0.14,1,938,48,91,heuristic3,9.86572,9.86438,112132096,15530196992,15642329088,72,94
instances/ratio_1000/instance_500v8_2.40r19.cnf,all,500,1200,69,69,0.14,1,938,48,91,heuristic4,487.906,487.913,112132096,15530196992,15642329088,55,77
instances/ratio_1000/instance_500v8_2.40r19.cnf,all,500,1200,69,69,0.14,1,938,48,91,cleanup_device,0.0424805,0.042304,112132096,15530196992,15642329088,-1,-1
instances/ratio_1000/instance_500v8_2.40r19.cnf,all,500,1200,69,69,0.14,1,938,48,91,total,523.991,-1,112132096,15530196992,15642329088,-1,-1
instances/ratio_1000/instance_500v8_2.50r20.cnf,all,500,1250,70,70,1.29,1,846,50,36,read_instance,0.386475,-1,107937792,15534391296,15642329088,-1,-1
instances/ratio_1000/instance_500v8_2.50r20.cnf,all,500,1250,70,70,1.29,1,846,50,36,alloc_graph,0.177246,0.158368,110034944,15532294144,15642329088,-1,-1
instances/ratio_1000/instance_500v8_2.50r20.cnf,all,500,1250,70,70,1.29,1,846,50,36,scc,4.15112,4.15245,112132096,15530196992,15642329088,-1,-1
instances/ratio_1000/instance_500v8_2.50r20.cnf,all,500,1250,70,70,1.29,1,846,50,36,topo_sort,0.813477,0.812128,112132096,15530196992,15642329088,-1,-1
instances/ratio_1000/instance_500v8_2.50r20.cnf,all,500,1250,70,70,1.29,1,846,50,36,backbone,5.03809,5.04413,112132096,15530196992,15642329088,-1,-1
instances/ratio_1000/instance_500v8_2.50r20.cnf,all,500,1250,70,70,1.29,1,846,50,36,wcc,0.212646,0.212128,112132096,15530196992,15642329088,-1,-1
instances/ratio_1000/instance_500v8_2.50r20.cnf,all,500,1250,70,70,1.29,1,846,50,36,wcc_grouped,0.347412,0.347968,112132096,15530196992,15642329088,-1,-1
instances/ratio_1000/instance_500v8_2.50r20.cnf,all,500,1250,70,70,1.29,1,846,50,36,heuristic1,6.46777,6.46653,112132096,15530196992,15642329088,73,97
instances/ratio_1000/instance_500v8_2.50r20.cnf,all,500,1250,70,70,1.29,1,846,50,36,heuristic2,5.12085,5.12032,112132096,15530196992,15642329088,62,85
instances/ratio_1000/instance_500v8_2.50r20.cnf,all,500,1250,70,70,1.29,1,846,50,36,heuristic3,7.73413,7.73373,112132096,15530196992,15642329088,53,76
instances/ratio_1000/instance_500v8_2.50r20.cnf,all,500,1250,70,70,1.29,1,846,50,36,heuristic4,456.654,456.661,112132096,15530196992,15642329088,52,75
instances/ratio_1000/instance_500v8_2.50r20.cnf,all,500,1250,70,70,1.29,1,846,50,36,cleanup_device,0.0454102,0.04576,112132096,15530196992,15642329088,-1,-1
instances/ratio_1000/instance_500v8_2.50r20.cnf,all,500,1250,70,70,1.29,1,846,50,36,total,487.787,-1,112132096,15530196992,15642329088,-1,-1
instances/ratio_1000/instance_500v8_2.60r21.cnf,all,500,1300,62,62,1.17,1,914,22,46,read_instance,0.404053,-1,107937792,15534391296,15642329088,-1,-1
instances/ratio_1000/instance_500v8_2.60r21.cnf,all,500,1300,62,62,1.17,1,914,22,46,alloc_graph,0.163574,0.149632,110034944,15532294144,15642329088,-1,-1
instances/ratio_1000/instance_500v8_2.60r21.cnf,all,500,1300,62,62,1.17,1,914,22,46,scc,4.55811,4.55885,112132096,15530196992,15642329088,-1,-1
instances/ratio_1000/instance_500v8_2.60r21.cnf,all,500,1300,62,62,1.17,1,914,22,46,topo_sort,0.969482,0.96864,112132096,15530196992,15642329088,-1,-1
instances/ratio_1000/instance_500v8_2.60r21.cnf,all,500,1300,62,62,1.17,1,914,22,46,backbone,5.35205,5.35763,112132096,15530196992,15642329088,-1,-1
instances/ratio_1000/instance_500v8_2.60r21.cnf,all,500,1300,62,62,1.17,1,914,22,46,wcc,0.20874,0.207808,112132096,15530196992,15642329088,-1,-1
instances/ratio_1000/instance_500v8_2.60r21.cnf,all,500,1300,62,62,1.17,1,914,22,46,wcc_grouped,0.386963,0.386016,112132096,15530196992,15642329088,-1,-1
instances/ratio_1000/instance_500v8_2.60r21.cnf,all,500,1300,62,62,1.17,1,914,22,46,heuristic1,8.71704,8.71597,112132096,15530196992,15642329088,88,97
instances/ratio_1000/instance_500v8_2.60r21.cnf,all,500,1300,62,62,1.17,1,914,22,46,heuristic2,6.17578,6.17475,112132096,15530196992,15642329088,75,84
instances/ratio_1000/instance_500v8_2.60r21.cnf,all,500,1300,62,62,1.17,1,914,22,46,heuristic3,9.40283,9.40157,112132096,15530196992,15642329088,66,75
instances/ratio_1000/instance_500v8_2.60r21.cnf,all,500,1300,62,62,1.17,1,914,22,46,heuristic4,588.457,588.465,112132096,15530196992,15642329088,63,72
instances/ratio_1000/instance_500v8_2.60r21.cnf,all,500,1300,62,62,1.17,1,914,22,46,cleanup_device,0.0554199,0.054848,112132096,15530196992,15642329088,-1,-1
instances/ratio_1000/instance_500v8_2.60r21.cnf,all,500,1300,62,62,1.17,1,914,22,46,total,625.483,-1,112132096,15530196992,15642329088,-1,-1
instances/ratio_1000/instance_500v8_2.70r22.cnf,all,500,1350,60,60,2.52,1,778,26,31,read_instance,0.379395,-1,107937792,15534391296,15642329088,-1,-1
instances/ratio_1000/instance_500v8_2.70r22.cnf,all,500,1350,60,60,2.52,1,778,26,31,alloc_graph,0.174316,0.158528,110034944,15532294144,15642329088,-1,-1
instances/ratio_1000/instance_500v8_2.70r22.cnf,all,500,1350,60,60,2.52,1,778,26,31,scc,4.38867,4.3897,112132096,15530196992,15642329088,-1,-1
instances/ratio_1000/instance_500v8_2.70r22.cnf,all,500,1350,60,60,2.52,1,778,26,31,topo_sort,0.73584,0.734912,112132096,15530196992,15642329088,-1,-1
instances/ratio_1000/instance_500v8_2.70r22.cnf,all,500,1350,60,60,2.52,1,778,26,31,backbone,5.31836,5.32394,112132096,15530196992,15642329088,-1,-1
instances/ratio_1000/instance_500v8_2.70r22.cnf,all,500,1350,60,60,2.52,1,778,26,31,wcc,0.199463,0.1992,112132096,15530196992,15642329088,-1,-1
instances/ratio_1000/instance_500v8_2.70r22.cnf,all,500,1350,60,60,2.52,1,778,26,31,wcc_grouped,0.345215,0.346112,112132096,15530196992,15642329088,-1,-1
instances/ratio_1000/instance_500v8_2.70r22.cnf,all,500,1350,60,60,2.52,1,778,26,31,heuristic1,6.1604,6.16035,112132096,15530196992,15642329088,67,78
instances/ratio_1000/instance_500v8_2.70r22.cnf,all,500,1350,60,60,2.52,1,778,26,31,heuristic2,5.42261,5.42099,112132096,15530196992,15642329088,68,79
instances/ratio_1000/instance_500v8_2.70r22.cnf,all,500,1350,60,60,2.52,1,778,26,31,heuristic3,7.84937,7.84899,112132096,15530196992,15642329088,58,69
instances/ratio_1000/instance_500v8_2.70r22.cnf,all,500,1350,60,60,2.52,1,778,26,31,heuristic4,501.794,501.802,112132096,15530196992,15642329088,55,66
instances/ratio_1000/instance_500v8_2.70r22.cnf,all,500,1350,60,60,2.52,1,778,26,31,cleanup_device,0.0402832,0.040192,112132096,15530196992,15642329088,-1,-1
instances/ratio_1000/instance_500v8_2.70r22.cnf,all,500,1350,60,60,2.52,1,778,26,31,total,533.396,-1,112132096,15530196992,15642329088,-1,-1
instances/ratio_1000/instance_500v8_2.80r23.cnf,all,500,1400,71,71,0.05,1,634,68,25,read_instance,0.433594,-1,107937792,15534391296,15642329088,-1,-1
instances/ratio_1000/instance_500v8_2.80r23.cnf,all,500,1400,71,71,0.05,1,634,68,25,alloc_graph,0.180908,0.165888,110034944,15532294144,15642329088,-1,-1
instances/ratio_1000/instance_500v8_2.80r23.cnf,all,500,1400,71,71,0.05,1,634,68,25,scc,4.37158,4.37248,112132096,15530196992,15642329088,-1,-1
instances/ratio_1000/instance_500v8_2.80r23.cnf,all,500,1400,71,71,0.05,1,634,68,25,topo_sort,0.662842,0.66272,112132096,15530196992,15642329088,-1,-1
instances/ratio_1000/instance_500v8_2.80r23.cnf,all,500,1400,71,71,0.05,1,634,68,25,backbone,5.17896,5.18413,112132096,15530196992,15642329088,-1,-1
instances/ratio_1000/instance_500v8_2.80r23.cnf,all,500,1400,71,71,0.05,1,634,68,25,wcc,0.195801,0.194592,112132096,15530196992,15642329088,-1,-1
instances/ratio_1000/instance_500v8_2.80r23.cnf,all,500,1400,71,71,0.05,1,634,68,25,wcc_grouped,0.352295,0.352256,112132096,15530196992,15642329088,-1,-1
instances/ratio_1000/instance_500v8_2.80r23.cnf,all,500,1400,71,71,0.05,1,634,68,25,heuristic1,5.10742,5.10694,112132096,15530196992,15642329088,55,87
instances/ratio_1000/instance_500v8_2.80r23.cnf,all,500,1400,71,71,0.05,1,634,68,25,heuristic2,4.11914,4.1177,112132096,15530196992,15642329088,50,82
instances/ratio_1000/instance_500v8_2.80r23.cnf,all,500,1400,71,71,0.05,1,634,68,25,heuristic3,7.43848,7.43741,112132096,15530196992,15642329088,50,82
instances/ratio_1000/instance_500v8_2.80r23.cnf,all,500,1400,71,71,0.05,1,634,68,25,heuristic4,363.816,363.821,112132096,15530196992,15642329088,43,75
instances/ratio_1000/instance_500v8_2.80r23.cnf,all,500,1400,71,71,0.05,1,634,68,25,cleanup_device,0.0393066,0.039328,112132096,15530196992,15642329088,-1,-1
instances/ratio_1000/instance_500v8_2.80r23.cnf,all,500,1400,71,71,0.05,1,634,68,25,total,392.527,-1,112132096,15530196992,15642329088,-1,-1
instances/ratio_1000/instance_500v8_2.90r24.cnf,all,500,1450,63,63,0.06,1,710,42,34,read_instance,0.428223,-1,107937792,15534391296,15642329088,-1,-1
instances/ratio_1000/instance_500v8_2.90r24.cnf,all,500,1450,63,63,0.06,1,710,42,34,alloc_graph,0.175537,0.160512,110034944,15532294144,15642329088,-1,-1
instances/ratio_1000/instance_500v8_2.90r24.cnf,all,500,1450,63,63,0.06,1,710,42,34,scc,4.3103,4.3112,112132096,15530196992,15642329088,-1,-1
instances/ratio_1000/instance_500v8_2.90r24.cnf,all,500,1450,63,63,0.06,1,710,42,34,topo_sort,0.814209,0.813248,112132096,15530196992,15642329088,-1,-1
instances/ratio_1000/instance_500v8_2.90r24.cnf,all,500,1450,63,63,0.06,1,710,42,34,backbone,5.33398,5.35635,112132096,15530196992,15642329088,-1,-1
instances/ratio_1000/instance_500v8_2.90r24.cnf,all,500,1450,63,63,0.06,1,710,42,34,wcc,0.237549,0.237472,112132096,15530196992,15642329088,-1,-1
instances/ratio_1000/instance_500v8_2.90r24.cnf,all,500,1450,63,63,0.06,1,710,42,34,wcc_grouped,0.378174,0.377216,112132096,15530196992,15642329088,-1,-1
instances/ratio_1000/instance_500v8_2.90r24.cnf,all,500,1450,63,63,0.06,1,710,42,34,heuristic1,5.77539,5.77507,112132096,15530196992,15642329088,67,86
instances/ratio_1000/instance_500v8_2.90r24.cnf,all,500,1450,63,63,0.06,1,710,42,34,heuristic2,4.56982,4.56838,112132096,15530196992,15642329088,55,74
instances/ratio_1000/instance_500v8_2.90r24.cnf,all,500,1450,63,63,0.06,1,710,42,34,heuristic3,7.72217,7.72141,112132096,15530196992,15642329088,55,74
instances/ratio_1000/instance_500v8_2.90r24.cnf,all,500,1450,63,63,0.06,1,710,42,34,heuristic4,446.28,446.286,112132096,15530196992,15642329088,50,69
instances/ratio_1000/instance_500v8_2.90r24.cnf,all,500,1450,63,63,0.06,1,710,42,34,cleanup_device,0.0422363,0.04224,112132096,15530196992,15642329088,-1,-1
instances/ratio_1000/instance_500v8_2.90r24.cnf,all,500,1450,63,63,0.06,1,710,42,34,total,476.699,-1,112132096,15530196992,15642329088,-1,-1
instances/ratio_1000/instance_500v8_3.00r25.cnf,all,500,1500,70,70,0.05,1,650,54,29,read_instance,0.44751,-1,107937792,15534391296,15642329088,-1,-1
instances/ratio_1000/instance_500v8_3.00r25.cnf,all,500,1500,70,70,0.05,1,650,54,29,alloc_graph,0.157471,0.14336,110034944,15532294144,15642329088,-1,-1
instances/ratio_1000/instance_500v8_3.00r25.cnf,all,500,1500,70,70,0.05,1,650,54,29,scc,4.24683,4.24781,112132096,15530196992,15642329088,-1,-1
instances/ratio_1000/instance_500v8_3.00r25.cnf,all,500,1500,70,70,0.05,1,650,54,29,topo_sort,0.730713,0.730048,112132096,15530196992,15642329088,-1,-1
instances/ratio_1000/instance_500v8_3.00r25.cnf,all,500,1500,70,70,0.05,1,650,54,29,backbone,5.22217,5.22614,112132096,15530196992,15642329088,-1,-1
instances/ratio_1000/instance_500v8_3.00r25.cnf,all,500,1500,70,70,0.05,1,650,54,29,wcc,0.199463,0.201024,112132096,15530196992,15642329088,-1,-1
instances/ratio_1000/instance_500v8_3.00r25.cnf,all,500,1500,70,70,0.05,1,650,54,29,wcc_grouped,0.363281,0.362848,112132096,15530196992,15642329088,-1,-1
instances/ratio_1000/instance_500v8_3.00r25.cnf,all,500,1500,70,70,0.05,1,650,54,29,heuristic1,5.6001,5.59846,112132096,15530196992,15642329088,65,90
instances/ratio_1000/instance_500v8_3.00r25.cnf,all,500,1500,70,70,0.05,1,650,54,29,heuristic2,4.03076,4.02896,112132096,15530196992,15642329088,51,76
instances/ratio_1000/instance_500v8_3.00r25.cnf,all,500,1500,70,70,0.05,1,650,54,29,heuristic3,7.98633,7.9855,112132096,15530196992,15642329088,50,75
instances/ratio_1000/instance_500v8_3.00r25.cnf,all,500,1500,70,70,0.05,1,650,54,29,heuristic4,458.415,458.421,112132096,15530196992,15642329088,51,76
instances/ratio_1000/instance_500v8_3.00r25.cnf,all,500,1500,70,70,0.05,1,650,54,29,cleanup_device,0.0461426,0.045504,112132096,15530196992,15642329088,-1,-1
instances/ratio_1000/instance_500v8_3.00r25.cnf,all,500,1500,70,70,0.05,1,650,54,29,total,488.04,-1,112132096,15530196992,15642329088,-1,-1
instances/ratio_1000/instance_500v8_3.10r26.cnf,all,500,1550,48,48,0.04,1,618,24,21,read_instance,0.480713,-1,107937792,15534391296,15642329088,-1,-1
instances/ratio_1000/instance_500v8_3.10r26.cnf,all,500,1550,48,48,0.04,1,618,24,21,alloc_graph,0.183838,0.150944,110034944,15532294144,15642329088,-1,-1
instances/ratio_1000/instance_500v8_3.10r26.cnf,all,500,1550,48,48,0.04,1,618,24,21,scc,4.14795,4.14854,112132096,15530196992,15642329088,-1,-1
instances/ratio_1000/instance_500v8_3.10r26.cnf,all,500,1550,48,48,0.04,1,618,24,21,topo_sort,0.578613,0.577376,112132096,15530196992,15642329088,-1,-1
instances/ratio_1000/instance_500v8_3.10r26.cnf,all,500,1550,48,48,0.04,1,618,24,21,backbone,5.09204,5.09654,112132096,15530196992,15642329088,-1,-1
instances/ratio_1000/instance_500v8_3.10r26.cnf,all,500,1550,48,48,0.04,1,618,24,21,wcc,0.189697,0.190464,112132096,15530196992,15642329088,-1,-1
instances/ratio_1000/instance_500v8_3.10r26.cnf,all,500,1550,48,48,0.04,1,618,24,21,wcc_grouped,0.350098,0.348928,112132096,15530196992,15642329088,-1,-1
instances/ratio_1000/instance_500v8_3.10r26.cnf,all,500,1550,48,48,0.04,1,618,24,21,heuristic1,5.21631,5.21552,112132096,15530196992,15642329088,58,68
instances/ratio_1000/instance_500v8_3.10r26.cnf,all,500,1550,48,48,0.04,1,618,24,21,heuristic2,3.80347,3.80211,112132096,15530196992,15642329088,47,57
instances/ratio_1000/instance_500v8_3.10r26.cnf,all,500,1550,48,48,0.04,1,618,24,21,heuristic3,6.9939,6.99296,112132096,15530196992,15642329088,41,51
instances/ratio_1000/instance_500v8_3.10r26.cnf,all,500,1550,48,48,0.04,1,618,24,21,heuristic4,323.352,323.356,112132096,15530196992,15642329088,40,50
instances/ratio_1000/instance_500v8_3.10r26.cnf,all,500,1550,48,48,0.04,1,618,24,21,cleanup_device,0.0446777,0.044544,112132096,15530196992,15642329088,-1,-1
instances/ratio_1000/instance_500v8_3.10r26.cnf,all,500,1550,48,48,0.04,1,618,24,21,total,351.027,-1,112132096,15530196992,15642329088,-1,-1
instances/ratio_1000/instance_500v8_3.20r27.cnf,all,500,1600,51,51,0.04,1,622,32,24,read_instance,0.472656,-1,107937792,15534391296,15642329088,-1,-1
instances/ratio_1000/instance_500v8_3.20r27.cnf,all,500,1600,51,51,0.04,1,622,32,24,alloc_graph,0.172852,0.157792,110034944,15532294144,15642329088,-1,-1
instances/ratio_1000/instance_500v8_3.20r27.cnf,all,500,1600,51,51,0.04,1,622,32,24,scc,4.23999,4.2408,112132096,15530196992,15642329088,-1,-1
instances/ratio_1000/instance_500v8_3.20r27.cnf,all,500,1600,51,51,0.04,1,622,32,24,topo_sort,0.640869,0.63952,112132096,15530196992,15642329088,-1,-1
instances/ratio_1000/instance_500v8_3.20r27.cnf,all,500,1600,51,51,0.04,1,622,32,24,backbone,5.08813,5.09446,112132096,15530196992,15642329088,-1,-1
instances/ratio_1000/instance_500v8_3.20r27.cnf,all,500,1600,51,51,0.04,1,622,32,24,wcc,0.234131,0.234144,112132096,15530196992,15642329088,-1,-1
instances/ratio_1000/instance_500v8_3.20r27.cnf,all,500,1600,51,51,0.04,1,622,32,24,wcc_grouped,0.354492,0.355584,112132096,15530196992,15642329088,-1,-1
instances/ratio_1000/instance_500v8_3.20r27.cnf,all,500,1600,51,51,0.04,1,622,32,24,heuristic1,5.24854,5.24813,112132096,15530196992,15642329088,57,71
instances/ratio_1000/instance_500v8_3.20r27.cnf,all,500,1600,51,51,0.04,1,622,32,24,heuristic2,3.44507,3.44419,112132096,15530196992,15642329088,39,53
instances/ratio_1000/instance_500v8_3.20r27.cnf,all,500,1600,51,51,0.04,1,622,32,24,heuristic3,7.7937,7.79373,112132096,15530196992,15642329088,48,62
instances/ratio_1000/instance_500v8_3.20r27.cnf,all,500,1600,51,51,0.04,1,622,32,24,heuristic4,358.537,358.541,112132096,15530196992,15642329088,42,56
instances/ratio_1000/instance_500v8_3.20r27.cnf,all,500,1600,51,51,0.04,1,622,32,24,cleanup_device,0.0629883,0.062784,112132096,15530196992,15642329088,-1,-1
instances/ratio_1000/instance_500v8_3.20r27.cnf,all,500,1600,51,51,0.04,1,622,32,24,total,386.896,-1,112132096,15530196992,15642329088,-1,-1
instances/ratio_1000/instance_500v8_3.30r28.cnf,all,500,1650,65,65,0.04,1,556,74,17,read_instance,0.458252,-1,107937792,15534391296,15642329088,-1,-1
instances/ratio_1000/instance_500v8_3.30r28.cnf,all,500,1650,65,65,0.04,1,556,74,17,alloc_graph,0.165527,0.151008,110034944,15532294144,15642329088,-1,-1
instances/ratio_1000/instance_500v8_3.30r28.cnf,all,500,1650,65,65,0.04,1,556,74,17,scc,4.4165,4.41754,112132096,15530196992,15642329088,-1,-1
instances/ratio_1000/instance_500v8_3.30r28.cnf,all,500,1650,65,65,0.04,1,556,74,17,topo_sort,0.499512,0.498816,112132096,15530196992,15642329088,-1,-1
instances/ratio_1000/instance_500v8_3.30r28.cnf,all,500,1650,65,65,0.04,1,556,74,17,backbone,5.2041,5.21053,112132096,15530196992,15642329088,-1,-1
instances/ratio_1000/instance_500v8_3.30r28.cnf,all,500,1650,65,65,0.04,1,556,74,17,wcc,0.214111,0.213664,112132096,15530196992,15642329088,-1,-1
instances/ratio_1000/instance_500v8_3.30r28.cnf,all,500,1650,65,65,0.04,1,556,74,17,wcc_grouped,0.394043,0.393216,112132096,15530196992,15642329088,-1,-1
instances/ratio_1000/instance_500v8_3.30r28.cnf,all,500,1650,65,65,0.04,1,556,74,17,heuristic1,3.46875,3.46717,112132096,15530196992,15642329088,38,75
instances/ratio_1000/instance_500v8_3.30r28.cnf,all,500,1650,65,65,0.04,1,556,74,17,heuristic2,2.99341,2.9919,112132096,15530196992,15642329088,38,74
instances/ratio_1000/instance_500v8_3.30r28.cnf,all,500,1650,65,65,0.04,1,556,74,17,heuristic3,6.37036,6.36922,112132096,15530196992,15642329088,31,67
instances/ratio_1000/instance_500v8_3.30r28.cnf,all,500,1650,65,65,0.04,1,556,74,17,heuristic4,238.237,238.241,112132096,15530196992,15642329088,29,65
instances/ratio_1000/instance_500v8_3.30r28.cnf,all,500,1650,65,65,0.04,1,556,74,17,cleanup_device,0.0429688,0.042688,112132096,15530196992,15642329088,-1,-1
instances/ratio_1000/instance_500v8_3.30r28.cnf,all,500,1650,65,65,0.04,1,556,74,17,total,263.045,-1,112132096,15530196992,15642329088,-1,-1
instances/ratio_1000/instance_500v8_3.40r29.cnf,all,500,1700,51,51,0.04,1,536,34,27,read_instance,0.492676,-1,107937792,15534391296,15642329088,-1,-1
instances/ratio_1000/instance_500v8_3.40r29.cnf,all,500,1700,51,51,0.04,1,536,34,27,alloc_graph,0.170898,0.156384,110034944,15532294144,15642329088,-1,-1
instances/ratio_1000/instance_500v8_3.40r29.cnf,all,500,1700,51,51,0.04,1,536,34,27,scc,4.28345,4.28374,112132096,15530196992,15642329088,-1,-1
instances/ratio_1000/instance_500v8_3.40r29.cnf,all,500,1700,51,51,0.04,1,536,34,27,topo_sort,0.700928,0.700064,112132096,15530196992,15642329088,-1,-1
instances/ratio_1000/instance_500v8_3.40r29.cnf,all,500,1700,51,51,0.04,1,536,34,27,backbone,5.32837,5.34349,112132096,15530196992,15642329088,-1,-1
instances/ratio_1000/instance_500v8_3.40r29.cnf,all,500,1700,51,51,0.04,1,536,34,27,wcc,0.221924,0.220864,112132096,15530196992,15642329088,-1,-1
instances/ratio_1000/instance_500v8_3.40r29.cnf,all,500,1700,51,51,0.04,1,536,34,27,wcc_grouped,0.384277,0.384416,112132096,15530196992,15642329088,-1,-1
instances/ratio_1000/instance_500v8_3.40r29.cnf,all,500,1700,51,51,0.04,1,536,34,27,heuristic1,4.8147,4.81411,112132096,15530196992,15642329088,52,67
instances/ratio_1000/instance_500v8_3.40r29.cnf,all,500,1700,51,51,0.04,1,536,34,27,heuristic2,3.61011,3.60806,112132096,15530196992,15642329088,44,59
instances/ratio_1000/instance_500v8_3.40r29.cnf,all,500,1700,51,51,0.04,1,536,34,27,heuristic3,7.42725,7.42634,112132096,15530196992,15642329088,43,58
instances/ratio_1000/instance_500v8_3.40r29.cnf,all,500,1700,51,51,0.04,1,536,34,27,heuristic4,313.929,313.933,112132096,15530196992,15642329088,39,54
instances/ratio_1000/instance_500v8_3.40r29.cnf,all,500,1700,51,51,0.04,1,536,34,27,cleanup_device,0.041748,0.041504,112132096,15530196992,15642329088,-1,-1
instances/ratio_1000/instance_500v8_3.40r29.cnf,all,500,1700,51,51,0.04,1,536,34,27,total,342.001,-1,112132096,15530196992,15642329088,-1,-1
instances/ratio_1000/instance_500v8_3.50r30.cnf,all,500,1750,53,53,0.04,1,462,56,18,read_instance,0.5,-1,107937792,15534391296,15642329088,-1,-1
instances/ratio_1000/instance_500v8_3.50r30.cnf,all,500,1750,53,53,0.04,1,462,56,18,alloc_graph,0.172607,0.159136,110034944,15532294144,15642329088,-1,-1
instances/ratio_1000/instance_500v8_3.50r30.cnf,all,500,1750,53,53,0.04,1,462,56,18,scc,4.49756,4.49795,112132096,15530196992,15642329088,-1,-1
instances/ratio_1000/instance_500v8_3.50r30.cnf,all,500,1750,53,53,0.04,1,462,56,18,topo_sort,0.518555,0.509376,112132096,15530196992,15642329088,-1,-1
instances/ratio_1000/instance_500v8_3.50r30.cnf,all,500,1750,53,53,0.04,1,462,56,18,backbone,5.16602,5.16918,112132096,15530196992,15642329088,-1,-1
instances/ratio_1000/instance_500v8_3.50r30.cnf,all,500,1750,53,53,0.04,1,462,56,18,wcc,0.18457,0.184384,112132096,15530196992,15642329088,-1,-1
instances/ratio_1000/instance_500v8_3.50r30.cnf,all,500,1750,53,53,0.04,1,462,56,18,wcc_grouped,0.353027,0.352448,112132096,15530196992,15642329088,-1,-1
instances/ratio_1000/instance_500v8_3.50r30.cnf,all,500,1750,53,53,0.04,1,462,56,18,heuristic1,3.39209,3.39094,112132096,15530196992,15642329088,37,63
instances/ratio_1000/instance_500v8_3.50r30.cnf,all,500,1750,53,53,0.04,1,462,56,18,heuristic2,2.76025,2.75821,112132096,15530196992,15642329088,34,60
instances/ratio_1000/instance_500v8_3.50r30.cnf,all,500,1750,53,53,0.04,1,462,56,18,heuristic3,5.82886,5.82787,112132096,15530196992,15642329088,35,61
instances/ratio_1000/instance_500v8_3.50r30.cnf,all,500,1750,53,53,0.04,1,462,56,18,heuristic4,249.507,249.511,112132096,15530196992,15642329088,31,57
instances/ratio_1000/instance_500v8_3.50r30.cnf,all,500,1750,53,53,0.04,1,462,56,18,cleanup_device,0.0410156,0.040832,112132096,15530196992,15642329088,-1,-1
instances/ratio_1000/instance_500v8_3.50r30.cnf,all,500,1750,53,53,0.04,1,462,56,18,total,273.476,-1,112132096,15530196992,15642329088,-1,-1
instances/ratio_1000/instance_500v8_3.60r31.cnf,all,500,1800,47,47,0.05,1,506,42,26,read_instance,0.479248,-1,107937792,15534391296,15642329088,-1,-1
instances/ratio_1000/instance_500v8_3.60r31.cnf,all,500,1800,47,47,0.05,1,506,42,26,alloc_graph,0.17334,0.155552,110034944,15532294144,15642329088,-1,-1
instances/ratio_1000/instance_500v8_3.60r31.cnf,all,500,1800,47,47,0.05,1,506,42,26,scc,4.0874,4.08813,112132096,15530196992,15642329088,-1,-1
instances/ratio_1000/instance_500v8_3.60r31.cnf,all,500,1800,47,47,0.05,1,506,42,26,topo_sort,0.658691,0.6576,112132096,15530196992,15642329088,-1,-1
instances/ratio_1000/instance_500v8_3.60r31.cnf,all,500,1800,47,47,0.05,1,506,42,26,backbone,5.09692,5.10259,112132096,15530196992,15642329088,-1,-1
instances/ratio_1000/instance_500v8_3.60r31.cnf,all,500,1800,47,47,0.05,1,506,42,26,wcc,0.197998,0.197792,112132096,15530196992,15642329088,-1,-1
instances/ratio_1000/instance_500v8_3.60r31.cnf,all,500,1800,47,47,0.05,1,506,42,26,wcc_grouped,0.347656,0.346912,112132096,15530196992,15642329088,-1,-1
instances/ratio_1000/instance_500v8_3.60r31.cnf,all,500,1800,47,47,0.05,1,506,42,26,heuristic1,4.08691,4.08582,112132096,15530196992,15642329088,43,63
instances/ratio_1000/instance_500v8_3.60r31.cnf,all,500,1800,47,47,0.05,1,506,42,26,heuristic2,3.02026,3.01891,112132096,15530196992,15642329088,36,55
instances/ratio_1000/instance_500v8_3.60r31.cnf,all,500,1800,47,47,0.05,1,506,42,26,heuristic3,6.06665,6.06541,112132096,15530196992,15642329088,32,51
instances/ratio_1000/instance_500v8_3.60r31.cnf,all,500,1800,47,47,0.05,1,506,42,26,heuristic4,235.706,235.709,112132096,15530196992,15642329088,29,48
instances/ratio_1000/instance_500v8_3.60r31.cnf,all,500,1800,47,47,0.05,1,506,42,26,cleanup_device,0.0427246,0.042528,112132096,15530196992,15642329088,-1,-1
instances/ratio_1000/instance_500v8_3.60r31.cnf,all,500,1800,47,47,0.05,1,506,42,26,total,260.526,-1,112132096,15530196992,15642329088,-1,-1
instances/ratio_1000/instance_500v8_3.70r32.cnf,all,500,1850,43,43,0.04,1,398,60,22,read_instance,0.5,-1,107937792,15534391296,15642329088,-1,-1
instances/ratio_1000/instance_500v8_3.70r32.cnf,all,500,1850,43,43,0.04,1,398,60,22,alloc_graph,0.178467,0.161696,110034944,15532294144,15642329088,-1,-1
instances/ratio_1000/instance_500v8_3.70r32.cnf,all,500,1850,43,43,0.04,1,398,60,22,scc,3.99341,3.99494,112132096,15530196992,15642329088,-1,-1
instances/ratio_1000/instance_500v8_3.70r32.cnf,all,500,1850,43,43,0.04,1,398,60,22,topo_sort,0.594482,0.59344,112132096,15530196992,15642329088,-1,-1
instances/ratio_1000/instance_500v8_3.70r32.cnf,all,500,1850,43,43,0.04,1,398,60,22,backbone,5.16626,5.17034,112132096,15530196992,15642329088,-1,-1
instances/ratio_1000/instance_500v8_3.70r32.cnf,all,500,1850,43,43,0.04,1,398,60,22,wcc,0.224365,0.224096,112132096,15530196992,15642329088,-1,-1
instances/ratio_1000/instance_500v8_3.70r32.cnf,all,500,1850,43,43,0.04,1,398,60,22,wcc_grouped,0.357422,0.356512,112132096,15530196992,15642329088,-1,-1
instances/ratio_1000/instance_500v8_3.70r32.cnf,all,500,1850,43,43,0.04,1,398,60,22,heuristic1,1.76685,1.76582,112132096,15530196992,15642329088,16,51
instances/ratio_1000/instance_500v8_3.70r32.cnf,all,500,1850,43,43,0.04,1,398,60,22,heuristic2,1.02612,1.02474,112132096,15530196992,15642329088,11,45
instances/ratio_1000/instance_500v8_3.70r32.cnf,all,500,1850,43,43,0.04,1,398,60,22,heuristic3,4.07129,4.0705,112132096,15530196992,15642329088,11,44
instances/ratio_1000/instance_500v8_3.70r32.cnf,all,500,1850,43,43,0.04,1,398,60,22,heuristic4,34.8335,34.8333,112132096,15530196992,15642329088,11,44
instances/ratio_1000/instance_500v8_3.70r32.cnf,all,500,1850,43,43,0.04,1,398,60,22,cleanup_device,0.0419922,0.041664,112132096,15530196992,15642329088,-1,-1
instances/ratio_1000/instance_500v8_3.70r32.cnf,all,500,1850,43,43,0.04,1,398,60,22,total,53.3413,-1,112132096,15530196992,15642329088,-1,-1
instances/ratio_1000/instance_500v8_3.80r33.cnf,all,500,1900,48,48,0.04,1,380,68,15,read_instance,0.548096,-1,107937792,15534391296,15642329088,-1,-1
instances/ratio_1000/instance_500v8_3.80r33.cnf,all,500,1900,48,48,0.04,1,380,68,15,alloc_graph,0.157959,0.145408,110034944,15532294144,15642329088,-1,-1
instances/ratio_1000/instance_500v8_3.80r33.cnf,all,500,1900,48,48,0.04,1,380,68,15,scc,4.30981,4.30982,112132096,15530196992,15642329088,-1,-1
instances/ratio_1000/instance_500v8_3.80r33.cnf,all,500,1900,48,48,0.04,1,380,68,15,topo_sort,0.442871,0.44192,112132096,15530196992,15642329088,-1,-1
instances/ratio_1000/instance_500v8_3.80r33.cnf,all,500,1900,48,48,0.04,1,380,68,15,backbone,5.28735,5.29181,112132096,15530196992,15642329088,-1,-1
instances/ratio_1000/instance_500v8_3.80r33.cnf,all,500,1900,48,48,0.04,1,380,68,15,wcc,0.219238,0.219008,112132096,15530196992,15642329088,-1,-1
instances/ratio_1000/instance_500v8_3.80r33.cnf,all,500,1900,48,48,0.04,1,380,68,15,wcc_grouped,0.407471,0.407552,112132096,15530196992,15642329088,-1,-1
instances/ratio_1000/instance_500v8_3.80r33.cnf,all,500,1900,48,48,0.04,1,380,68,15,heuristic1,2.43555,2.43395,112132096,15530196992,15642329088,26,59
instances/ratio_1000/instance_500v8_3.80r33.cnf,all,500,1900,48,48,0.04,1,380,68,15,heuristic2,1.76001,1.75853,112132096,15530196992,15642329088,22,54
instances/ratio_1000/instance_500v8_3.80r33.cnf,all,500,1900,48,48,0.04,1,380,68,15,heuristic3,4.53467,4.53315,112132096,15530196992,15642329088,21,53
instances/ratio_1000/instance_500v8_3.80r33.cnf,all,500,1900,48,48,0.04,1,380,68,15,heuristic4,224.195,224.198,112132096,15530196992,15642329088,22,54
instances/ratio_1000/instance_500v8_3.80r33.cnf,all,500,1900,48,48,0.04,1,380,68,15,cleanup_device,0.0439453,0.043488,112132096,15530196992,15642329088,-1,-1
instances/ratio_1000/instance_500v8_3.80r33.cnf,all,500,1900,48,48,0.04,1,380,68,15,total,244.893,-1,112132096,15530196992,15642329088,-1,-1
instances/ratio_1000/instance_500v8_3.90r34.cnf,all,500,1950,42,42,0.04,1,380,52,20,read_instance,0.502441,-1,107937792,15534391296,15642329088,-1,-1
instances/ratio_1000/instance_500v8_3.90r34.cnf,all,500,1950,42,42,0.04,1,380,52,20,alloc_graph,0.175781,0.15904,110034944,15532294144,15642329088,-1,-1
instances/ratio_1000/instance_500v8_3.90r34.cnf,all,500,1950,42,42,0.04,1,380,52,20,scc,4.08813,4.08934,112132096,15530196992,15642329088,-1,-1
instances/ratio_1000/instance_500v8_3.90r34.cnf,all,500,1950,42,42,0.04,1,380,52,20,topo_sort,0.531738,0.53104,112132096,15530196992,15642329088,-1,-1
instances/ratio_1000/instance_500v8_3.90r34.cnf,all,500,1950,42,42,0.04,1,380,52,20,backbone,5.03418,5.03955,112132096,15530196992,15642329088,-1,-1
instances/ratio_1000/instance_500v8_3.90r34.cnf,all,500,1950,42,42,0.04,1,380,52,20,wcc,0.22168,0.221184,112132096,15530196992,15642329088,-1,-1
instances/ratio_1000/instance_500v8_3.90r34.cnf,all,500,1950,42,42,0.04,1,380,52,20,wcc_grouped,0.347656,0.34816,112132096,15530196992,15642329088,-1,-1
instances/ratio_1000/instance_500v8_3.90r34.cnf,all,500,1950,42,42,0.04,1,380,52,20,heuristic1,2.52002,2.51939,112132096,15530196992,15642329088,24,48
instances/ratio_1000/instance_500v8_3.90r34.cnf,all,500,1950,42,42,0.04,1,380,52,20,heuristic2,1.82324,1.82182,112132096,15530196992,15642329088,21,45
instances/ratio_1000/instance_500v8_3.90r34.cnf,all,500,1950,42,42,0.04,1,380,52,20,heuristic3,5.54517,5.54285,112132096,15530196992,15642329088,21,45
instances/ratio_1000/instance_500v8_3.90r34.cnf,all,500,1950,42,42,0.04,1,380,52,20,heuristic4,216.898,216.902,112132096,15530196992,15642329088,22,46
instances/ratio_1000/instance_500v8_3.90r34.cnf,all,500,1950,42,42,0.04,1,380,52,20,cleanup_device,0.0634766,0.062688,112132096,15530196992,15642329088,-1,-1
instances/ratio_1000/instance_500v8_3.90r34.cnf,all,500,1950,42,42,0.04,1,380,52,20,total,238.406,-1,112132096,15530196992,15642329088,-1,-1
instances/ratio_1000/instance_500v8_4.00r35.cnf,all,500,2000,45,45,0.04,1,392,60,22,read_instance,0.595215,-1,107937792,15534391296,15642329088,-1,-1
instances/ratio_1000/instance_500v8_4.00r35.cnf,all,500,2000,45,45,0.04,1,392,60,22,alloc_graph,0.165283,0.151232,110034944,15532294144,15642329088,-1,-1
instances/ratio_1000/instance_500v8_4.00r35.cnf,all,500,2000,45,45,0.04,1,392,60,22,scc,4.6853,4.68582,112132096,15530196992,15642329088,-1,-1
instances/ratio_1000/instance_500v8_4.00r35.cnf,all,500,2000,45,45,0.04,1,392,60,22,topo_sort,0.583496,0.583008,112132096,15530196992,15642329088,-1,-1
instances/ratio_1000/instance_500v8_4.00r35.cnf,all,500,2000,45,45,0.04,1,392,60,22,backbone,5.19092,5.19654,112132096,15530196992,15642329088,-1,-1
instances/ratio_1000/instance_500v8_4.00r35.cnf,all,500,2000,45,45,0.04,1,392,60,22,wcc,0.212646,0.211936,112132096,15530196992,15642329088,-1,-1
instances/ratio_1000/instance_500v8_4.00r35.cnf,all,500,2000,45,45,0.04,1,392,60,22,wcc_grouped,0.347656,0.347776,112132096,15530196992,15642329088,-1,-1
instances/ratio_1000/instance_500v8_4.00r35.cnf,all,500,2000,45,45,0.04,1,392,60,22,heuristic1,2.46533,2.46355,112132096,15530196992,15642329088,25,54
instances/ratio_1000/instance_500v8_4.00r35.cnf,all,500,2000,45,45,0.04,1,392,60,22,heuristic2,1.82495,1.82326,112132096,15530196992,15642329088,22,50
instances/ratio_1000/instance_500v8_4.00r35.cnf,all,500,2000,45,45,0.04,1,392,60,22,heuristic3,5.83276,5.83181,112132096,15530196992,15642329088,23,51
instances/ratio_1000/instance_500v8_4.00r35.cnf,all,500,2000,45,45,0.04,1,392,60,22,heuristic4,219.645,219.648,112132096,15530196992,15642329088,20,48
instances/ratio_1000/instance_500v8_4.00r35.cnf,all,500,2000,45,45,0.04,1,392,60,22,cleanup_device,0.0441895,0.04352,112132096,15530196992,15642329088,-1,-1
instances/ratio_1000/instance_500v8_4.00r35.cnf,all,500,2000,45,45,0.04,1,392,60,22,total,242.161,-1,112132096,15530196992,15642329088,-1,-1
instances/ratio_1000/instance_500v8_4.10r36.cnf,all,500,2050,44,44,0.04,1,360,62,19,read_instance,0.611816,-1,107937792,15534391296,15642329088,-1,-1
instances/ratio_1000/instance_500v8_4.10r36.cnf,all,500,2050,44,44,0.04,1,360,62,19,alloc_graph,0.161621,0.149088,110034944,15532294144,15642329088,-1,-1
instances/ratio_1000/instance_500v8_4.10r36.cnf,all,500,2050,44,44,0.04,1,360,62,19,scc,4.03955,4.0407,112132096,15530196992,15642329088,-1,-1
instances/ratio_1000/instance_500v8_4.10r36.cnf,all,500,2050,44,44,0.04,1,360,62,19,topo_sort,0.568115,0.567168,112132096,15530196992,15642329088,-1,-1
instances/ratio_1000/instance_500v8_4.10r36.cnf,all,500,2050,44,44,0.04,1,360,62,19,backbone,5.27051,5.27536,112132096,15530196992,15642329088,-1,-1
instances/ratio_1000/instance_500v8_4.10r36.cnf,all,500,2050,44,44,0.04,1,360,62,19,wcc,0.197754,0.197056,112132096,15530196992,15642329088,-1,-1
instances/ratio_1000/instance_500v8_4.10r36.cnf,all,500,2050,44,44,0.04,1,360,62,19,wcc_grouped,0.379395,0.379456,112132096,15530196992,15642329088,-1,-1
instances/ratio_1000/instance_500v8_4.10r36.cnf,all,500,2050,44,44,0.04,1,360,62,19,heuristic1,1.95215,1.95082,112132096,15530196992,15642329088,18,51
instances/ratio_1000/instance_500v8_4.10r36.cnf,all,500,2050,44,44,0.04,1,360,62,19,heuristic2,1.37866,1.37725,112132096,15530196992,15642329088,16,47
instances/ratio_1000/instance_500v8_4.10r36.cnf,all,500,2050,44,44,0.04,1,360,62,19,heuristic3,5.01147,5.01014,112132096,15530196992,15642329088,16,47
instances/ratio_1000/instance_500v8_4.10r36.cnf,all,500,2050,44,44,0.04,1,360,62,19,heuristic4,204.555,204.558,112132096,15530196992,15642329088,16,47
instances/ratio_1000/instance_500v8_4.10r36.cnf,all,500,2050,44,44,0.04,1,360,62,19,cleanup_device,0.0449219,0.044352,112132096,15530196992,15642329088,-1,-1
instances/ratio_1000/instance_500v8_4.10r36.cnf,all,500,2050,44,44,0.04,1,360,62,19,total,224.736,-1,112132096,15530196992,15642329088,-1,-1
instances/ratio_1000/instance_500v8_4.20r37.cnf,all,500,2100,47,47,0.04,1,348,74,13,read_instance,0.61084,-1,107937792,15534391296,15642329088,-1,-1
instances/ratio_1000/instance_500v8_4.20r37.cnf,all,500,2100,47,47,0.04,1,348,74,13,alloc_graph,0.177734,0.158688,110034944,15532294144,15642329088,-1,-1
instances/ratio_1000/instance_500v8_4.20r37.cnf,all,500,2100,47,47,0.04,1,348,74,13,scc,4.01587,4.01613,112132096,15530196992,15642329088,-1,-1
instances/ratio_1000/instance_500v8_4.20r37.cnf,all,500,2100,47,47,0.04,1,348,74,13,topo_sort,0.405029,0.404064,112132096,15530196992,15642329088,-1,-1
instances/ratio_1000/instance_500v8_4.20r37.cnf,all,500,2100,47,47,0.04,1,348,74,13,backbone,5.30103,5.30934,112132096,15530196992,15642329088,-1,-1
instances/ratio_1000/instance_500v8_4.20r37.cnf,all,500,2100,47,47,0.04,1,348,74,13,wcc,0.209229,0.208864,112132096,15530196992,15642329088,-1,-1
instances/ratio_1000/instance_500v8_4.20r37.cnf,all,500,2100,47,47,0.04,1,348,74,13,wcc_grouped,0.380859,0.38096,112132096,15530196992,15642329088,-1,-1
instances/ratio_1000/instance_500v8_4.20r37.cnf,all,500,2100,47,47,0.04,1,348,74,13,heuristic1,1.14062,1.13958,112132096,15530196992,15642329088,8,53
instances/ratio_1000/instance_500v8_4.20r37.cnf,all,500,2100,47,47,0.04,1,348,74,13,heuristic2,0.652588,0.650784,112132096,15530196992,15642329088,7,50
instances/ratio_1000/instance_500v8_4.20r37.cnf,all,500,2100,47,47,0.04,1,348,74,13,heuristic3,3.56128,3.56038,112132096,15530196992,15642329088,6,49
instances/ratio_1000/instance_500v8_4.20r37.cnf,all,500,2100,47,47,0.04,1,348,74,13,heuristic4,19.3994,19.3997,112132096,15530196992,15642329088,6,49
instances/ratio_1000/instance_500v8_4.20r37.cnf,all,500,2100,47,47,0.04,1,348,74,13,cleanup_device,0.0405273,0.040672,112132096,15530196992,15642329088,-1,-1
instances/ratio_1000/instance_500v8_4.20r37.cnf,all,500,2100,47,47,0.04,1,348,74,13,total,36.5146,-1,112132096,15530196992,15642329088,-1,-1
instances/ratio_1000/instance_500v8_4.30r38.cnf,all,500,2150,34,34,0.04,1,354,38,16,read_instance,0.678711,-1,107937792,15534391296,15642329088,-1,-1
instances/ratio_1000/instance_500v8_4.30r38.cnf,all,500,2150,34,34,0.04,1,354,38,16,alloc_graph,0.170898,0.159744,110034944,15532294144,15642329088,-1,-1
instances/ratio_1000/instance_500v8_4.30r38.cnf,all,500,2150,34,34,0.04,1,354,38,16,scc,4.41479,4.4153,112132096,15530196992,15642329088,-1,-1
instances/ratio_1000/instance_500v8_4.30r38.cnf,all,500,2150,34,34,0.04,1,354,38,16,topo_sort,0.453857,0.452512,112132096,15530196992,15642329088,-1,-1
instances/ratio_1000/instance_500v8_4.30r38.cnf,all,500,2150,34,34,0.04,1,354,38,16,backbone,5.37988,5.38547,112132096,15530196992,15642329088,-1,-1
instances/ratio_1000/instance_500v8_4.30r38.cnf,all,500,2150,34,34,0.04,1,354,38,16,wcc,0.216064,0.215616,112132096,15530196992,15642329088,-1,-1
instances/ratio_1000/instance_500v8_4.30r38.cnf,all,500,2150,34,34,0.04,1,354,38,16,wcc_grouped,0.353271,0.3528,112132096,15530196992,15642329088,-1,-1
instances/ratio_1000/instance_500v8_4.30r38.cnf,all,500,2150,34,34,0.04,1,354,38,16,heuristic1,2.52832,2.5272,112132096,15530196992,15642329088,25,46
instances/ratio_1000/instance_500v8_4.30r38.cnf,all,500,2150,34,34,0.04,1,354,38,16,heuristic2,1.66992,1.668,112132096,15530196992,15642329088,19,39
instances/ratio_1000/instance_500v8_4.30r38.cnf,all,500,2150,34,34,0.04,1,354,38,16,heuristic3,4.35303,4.35254,112132096,15530196992,15642329088,16,37
instances/ratio_1000/instance_500v8_4.30r38.cnf,all,500,2150,34,34,0.04,1,354,38,16,heuristic4,203.308,203.311,112132096,15530196992,15642329088,15,36
instances/ratio_1000/instance_500v8_4.30r38.cnf,all,500,2150,34,34,0.04,1,354,38,16,cleanup_device,0.0456543,0.04544,112132096,15530196992,15642329088,-1,-1
instances/ratio_1000/instance_500v8_4.30r38.cnf,all,500,2150,34,34,0.04,1,354,38,16,total,224.129,-1,112132096,15530196992,15642329088,-1,-1
instances/ratio_1000/instance_500v8_4.40r39.cnf,all,500,2200,43,43,0.04,1,294,60,16,read_instance,0.678223,-1,107937792,15534391296,15642329088,-1,-1
instances/ratio_1000/instance_500v8_4.40r39.cnf,all,500,2200,43,43,0.04,1,294,60,16,alloc_graph,0.192139,0.17408,110034944,15532294144,15642329088,-1,-1
instances/ratio_1000/instance_500v8_4.40r39.cnf,all,500,2200,43,43,0.04,1,294,60,16,scc,4.16309,4.16474,112132096,15530196992,15642329088,-1,-1
instances/ratio_1000/instance_500v8_4.40r39.cnf,all,500,2200,43,43,0.04,1,294,60,16,topo_sort,0.449463,0.44864,112132096,15530196992,15642329088,-1,-1
instances/ratio_1000/instance_500v8_4.40r39.cnf,all,500,2200,43,43,0.04,1,294,60,16,backbone,4.99438,5.00019,112132096,15530196992,15642329088,-1,-1
instances/ratio_1000/instance_500v8_4.40r39.cnf,all,500,2200,43,43,0.04,1,294,60,16,wcc,0.207275,0.20704,112132096,15530196992,15642329088,-1,-1
instances/ratio_1000/instance_500v8_4.40r39.cnf,all,500,2200,43,43,0.04,1,294,60,16,wcc_grouped,0.355469,0.355264,112132096,15530196992,15642329088,-1,-1
instances/ratio_1000/instance_500v8_4.40r39.cnf,all,500,2200,43,43,0.04,1,294,60,16,heuristic1,2.03247,2.03123,112132096,15530196992,15642329088,21,49
instances/ratio_1000/instance_500v8_4.40r39.cnf,all,500,2200,43,43,0.04,1,294,60,16,heuristic2,1.30664,1.30544,112132096,15530196992,15642329088,16,44
instances/ratio_1000/instance_500v8_4.40r39.cnf,all,500,2200,43,43,0.04,1,294,60,16,heuristic3,5.2124,5.21136,112132096,15530196992,15642329088,20,48
instances/ratio_1000/instance_500v8_4.40r39.cnf,all,500,2200,43,43,0.04,1,294,60,16,heuristic4,213.848,213.851,112132096,15530196992,15642329088,19,47
instances/ratio_1000/instance_500v8_4.40r39.cnf,all,500,2200,43,43,0.04,1,294,60,16,cleanup_device,0.0410156,0.040928,112132096,15530196992,15642329088,-1,-1
instances/ratio_1000/instance_500v8_4.40r39.cnf,all,500,2200,43,43,0.04,1,294,60,16,total,234.048,-1,112132096,15530196992,15642329088,-1,-1
instances/ratio_1000/instance_500v8_4.50r40.cnf,all,500,2250,30,30,0.04,1,220,51,12,read_instance,0.620361,-1,107937792,15534391296,15642329088,-1,-1
instances/ratio_1000/instance_500v8_4.50r40.cnf,all,500,2250,30,30,0.04,1,220,51,12,alloc_graph,0.167969,0.159072,110034944,15532294144,15642329088,-1,-1
instances/ratio_1000/instance_500v8_4.50r40.cnf,all,500,2250,30,30,0.04,1,220,51,12,scc,3.75269,3.7527,112132096,15530196992,15642329088,-1,-1
instances/ratio_1000/instance_500v8_4.50r40.cnf,all,500,2250,30,30,0.04,1,220,51,12,topo_sort,0.347168,0.346336,112132096,15530196992,15642329088,-1,-1
instances/ratio_1000/instance_500v8_4.50r40.cnf,all,500,2250,30,30,0.04,1,220,51,12,backbone,5.17432,5.17984,112132096,15530196992,15642329088,-1,-1
instances/ratio_1000/instance_500v8_4.50r40.cnf,all,500,2250,30,30,0.04,1,220,51,12,wcc,0.189209,0.188416,112132096,15530196992,15642329088,-1,-1
instances/ratio_1000/instance_500v8_4.50r40.cnf,all,500,2250,30,30,0.04,1,220,51,12,wcc_grouped,0.342773,0.342496,112132096,15530196992,15642329088,-1,-1
instances/ratio_1000/instance_500v8_4.50r40.cnf,all,500,2250,30,30,0.04,1,220,51,12,heuristic1,1.20581,1.2057,112132096,15530196992,15642329088,9,33
instances/ratio_1000/instance_500v8_4.50r40.cnf,all,500,2250,30,30,0.04,1,220,51,12,heuristic2,0.802246,0.80144,112132096,15530196992,15642329088,9,32
instances/ratio_1000/instance_500v8_4.50r40.cnf,all,500,2250,30,30,0.04,1,220,51,12,heuristic3,3.62964,3.62819,112132096,15530196992,15642329088,8,31
instances/ratio_1000/instance_500v8_4.50r40.cnf,all,500,2250,30,30,0.04,1,220,51,12,heuristic4,25.5779,25.5778,112132096,15530196992,15642329088,8,31
instances/ratio_1000/instance_500v8_4.50r40.cnf,all,500,2250,30,30,0.04,1,220,51,12,cleanup_device,0.0385742,0.038368,112132096,15530196992,15642329088,-1,-1
instances/ratio_1000/instance_500v8_4.50r40.cnf,all,500,2250,30,30,0.04,1,220,51,12,total,42.3643,-1,112132096,15530196992,15642329088,-1,-1
instances/ratio_1000/instance_500v9_0.50r0.cnf,all,500,250,290,290,0.02,1,1000,500,6,read_instance,0.151123,-1,107937792,15534391296,15642329088,-1,-1
instances/ratio_1000/instance_500v9_0.50r0.cnf,all,500,250,290,290,0.02,1,1000,500,6,alloc_graph,0.196777,0.17936,110034944,15532294144,15642329088,-1,-1
instances/ratio_1000/instance_500v9_0.50r0.cnf,all,500,250,290,290,0.02,1,1000,500,6,scc,3.65894,3.65946,112132096,15530196992,15642329088,-1,-1
instances/ratio_1000/instance_500v9_0.50r0.cnf,all,500,250,290,290,0.02,1,1000,500,6,topo_sort,0.189697,0.189088,112132096,15530196992,15642329088,-1,-1
instances/ratio_1000/instance_500v9_0.50r0.cnf,all,500,250,290,290,0.02,1,1000,500,6,backbone,5.27466,5.27997,112132096,15530196992,15642329088,-1,-1
instances/ratio_1000/instance_500v9_0.50r0.cnf,all,500,250,290,290,0.02,1,1000,500,6,wcc,0.221191,0.220896,112132096,15530196992,15642329088,-1,-1
instances/ratio_1000/instance_500v9_0.50r0.cnf,all,500,250,290,290,0.02,1,1000,500,6,wcc_grouped,0.354248,0.354304,112132096,15530196992,15642329088,-1,-1
instances/ratio_1000/instance_500v9_0.50r0.cnf,all,500,250,290,290,0.02,1,1000,500,6,heuristic1,2.67212,2.67117,112132096,15530196992,15642329088,26,309
instances/ratio_1000/instance_500v9_0.50r0.cnf,all,500,250,290,290,0.02,1,1000,500,6,heuristic2,1.89648,1.8951,112132096,15530196992,15642329088,23,302
instances/ratio_1000/instance_500v9_0.50r0.cnf,all,500,250,290,290,0.02,1,1000,500,6,heuristic3,5.31616,5.31562,112132096,15530196992,15642329088,22,297
instances/ratio_1000/instance_500v9_0.50r0.cnf,all,500,250,290,290,0.02,1,1000,500,6,heuristic4,215.642,215.646,112132096,15530196992,15642329088,20,295
instances/ratio_1000/instance_500v9_0.50r0.cnf,all,500,250,290,290,0.02,1,1000,500,6,cleanup_device,0.0402832,0.039936,112132096,15530196992,15642329088,-1,-1
instances/ratio_1000/instance_500v9_0.50r0.cnf,all,500,250,290,290,0.02,1,1000,500,6,total,236.277,-1,112132096,15530196992,15642329088,-1,-1
instances/ratio_1000/instance_500v9_0.60r1.cnf,all,500,300,263,263,0.03,1,1000,410,5,read_instance,0.158447,-1,107937792,15534391296,15642329088,-1,-1
instances/ratio_1000/instance_500v9_0.60r1.cnf,all,500,300,263,263,0.03,1,1000,410,5,alloc_graph,0.158203,0.144352,110034944,15532294144,15642329088,-1,-1
instances/ratio_1000/instance_500v9_0.60r1.cnf,all,500,300,263,263,0.03,1,1000,410,5,scc,3.81934,3.8201,112132096,15530196992,15642329088,-1,-1
instances/ratio_1000/instance_500v9_0.60r1.cnf,all,500,300,263,263,0.03,1,1000,410,5,topo_sort,0.160889,0.160128,112132096,15530196992,15642329088,-1,-1
instances/ratio_1000/instance_500v9_0.60r1.cnf,all,500,300,263,263,0.03,1,1000,410,5,backbone,5.03125,5.0361,112132096,15530196992,15642329088,-1,-1
instances/ratio_1000/instance_500v9_0.60r1.cnf,all,500,300,263,263,0.03,1,1000,410,5,wcc,0.235352,0.23536,112132096,15530196992,15642329088,-1,-1
instances/ratio_1000/instance_500v9_0.60r1.cnf,all,500,300,263,263,0.03,1,1000,410,5,wcc_grouped,0.371582,0.37072,112132096,15530196992,15642329088,-1,-1
instances/ratio_1000/instance_500v9_0.60r1.cnf,all,500,300,263,263,0.03,1,1000,410,5,heuristic1,3.62891,3.62928,112132096,15530196992,15642329088,38,286
instances/ratio_1000/instance_500v9_0.60r1.cnf,all,500,300,263,263,0.03,1,1000,410,5,heuristic2,2.67017,2.66842,112132096,15530196992,15642329088,33,282
instances/ratio_1000/instance_500v9_0.60r1.cnf,all,500,300,263,263,0.03,1,1000,410,5,heuristic3,5.32153,5.32048,112132096,15530196992,15642329088,30,269
instances/ratio_1000/instance_500v9_0.60r1.cnf,all,500,300,263,263,0.03,1,1000,410,5,heuristic4,240.517,240.521,112132096,15530196992,15642329088,30,267
instances/ratio_1000/instance_500v9_0.60r1.cnf,all,500,300,263,263,0.03,1,1000,410,5,cleanup_device,0.0427246,0.042464,112132096,15530196992,15642329088,-1,-1
instances/ratio_1000/instance_500v9_0.60r1.cnf,all,500,300,263,263,0.03,1,1000,410,5,total,262.755,-1,112132096,15530196992,15642329088,-1,-1
instances/ratio_1000/instance_500v9_0.70r2.cnf,all,500,350,238,238,0.03,1,1000,326,9,read_instance,0.182617,-1,107937792,15534391296,15642329088,-1,-1
instances/ratio_1000/instance_500v9_0.70r2.cnf,all,500,350,238,238,0.03,1,1000,326,9,alloc_graph,0.172607,0.151552,110034944,15532294144,15642329088,-1,-1
instances/ratio_1000/instance_500v9_0.70r2.cnf,all,500,350,238,238,0.03,1,1000,326,9,scc,3.70435,3.70483,112132096,15530196992,15642329088,-1,-1
instances/ratio_1000/instance_500v9_0.70r2.cnf,all,500,350,238,238,0.03,1,1000,326,9,topo_sort,0.268311,0.267392,112132096,15530196992,15642329088,-1,-1
instances/ratio_1000/instance_500v9_0.70r2.cnf,all,500,350,238,238,0.03,1,1000,326,9,backbone,5.20752,5.21357,112132096,15530196992,15642329088,-1,-1
instances/ratio_1000/instance_500v9_0.70r2.cnf,all,500,350,238,238,0.03,1,1000,326,9,wcc,0.240967,0.240416,112132096,15530196992,15642329088,-1,-1
instances/ratio_1000/instance_500v9_0.70r2.cnf,all,500,350,238,238,0.03,1,1000,326,9,wcc_grouped,0.383057,0.383008,112132096,15530196992,15642329088,-1,-1
instances/ratio_1000/instance_500v9_0.70r2.cnf,all,500,350,238,238,0.03,1,1000,326,9,heuristic1,8.19727,8.19587,112132096,15530196992,15642329088,93,271
instances/ratio_1000/instance_500v9_0.70r2.cnf,all,500,350,238,238,0.03,1,1000,326,9,heuristic2,6.41284,6.41158,112132096,15530196992,15642329088,81,257
instances/ratio_1000/instance_500v9_0.70r2.cnf,all,500,350,238,238,0.03,1,1000,326,9,heuristic3,10.0159,10.0145,112132096,15530196992,15642329088,81,253
instances/ratio_1000/instance_500v9_0.70r2.cnf,all,500,350,238,238,0.03,1,1000,326,9,heuristic4,730.993,731.004,112132096,15530196992,15642329088,76,248
instances/ratio_1000/instance_500v9_0.70r2.cnf,all,500,350,238,238,0.03,1,1000,326,9,cleanup_device,0.0422363,0.042368,112132096,15530196992,15642329088,-1,-1
instances/ratio_1000/instance_500v9_0.70r2.cnf,all,500,350,238,238,0.03,1,1000,326,9,total,766.454,-1,112132096,15530196992,15642329088,-1,-1
instances/ratio_1000/instance_500v9_0.80r3.cnf,all,500,400,213,213,0.03,1,1000,257,10,read_instance,0.196289,-1,107937792,15534391296,15642329088,-1,-1
instances/ratio_1000/instance_500v9_0.80r3.cnf,all,500,400,213,213,0.03,1,1000,257,10,alloc_graph,0.185303,0.165888,110034944,15532294144,15642329088,-1,-1
instances/ratio_1000/instance_500v9_0.80r3.cnf,all,500,400,213,213,0.03,1,1000,257,10,scc,4.08716,4.08781,112132096,15530196992,15642329088,-1,-1
instances/ratio_1000/instance_500v9_0.80r3.cnf,all,500,400,213,213,0.03,1,1000,257,10,topo_sort,0.264893,0.264288,112132096,15530196992,15642329088,-1,-1
instances/ratio_1000/instance_500v9_0.80r3.cnf,all,500,400,213,213,0.03,1,1000,257,10,backbone,5.8125,5.81818,112132096,15530196992,15642329088,-1,-1
instances/ratio_1000/instance_500v9_0.80r3.cnf,all,500,400,213,213,0.03,1,1000,257,10,wcc,0.264404,0.264,112132096,15530196992,15642329088,-1,-1
instances/ratio_1000/instance_500v9_0.80r3.cnf,all,500,400,213,213,0.03,1,1000,257,10,wcc_grouped,0.394043,0.39328,112132096,15530196992,15642329088,-1,-1
instances/ratio_1000/instance_500v9_0.80r3.cnf,all,500,400,213,213,0.03,1,1000,257,10,heuristic1,11.3752,11.3752,112132096,15530196992,15642329088,120,250
instances/ratio_1000/instance_500v9_0.80r3.cnf,all,500,400,213,213,0.03,1,1000,257,10,heuristic2,8.09668,8.0953,112132096,15530196992,15642329088,99,230
instances/ratio_1000/instance_500v9_0.80r3.cnf,all,500,400,213,213,0.03,1,1000,257,10,heuristic3,11.6775,11.6768,112132096,15530196992,15642329088,98,227
instances/ratio_1000/instance_500v9_0.80r3.cnf,all,500,400,213,213,0.03,1,1000,257,10,heuristic4,902.033,902.046,112132096,15530196992,15642329088,90,219
instances/ratio_1000/instance_500v9_0.80r3.cnf,all,500,400,213,213,0.03,1,1000,257,10,cleanup_device,0.0612793,0.061248,112132096,15530196992,15642329088,-1,-1
instances/ratio_1000/instance_500v9_0.80r3.cnf,all,500,400,213,213,0.03,1,1000,257,10,total,945.121,-1,112132096,15530196992,15642329088,-1,-1
instances/ratio_1000/instance_500v9_0.90r4.cnf,all,500,450,194,194,0.04,1,1000,201,9,read_instance,0.192383,-1,107937792,15534391296,15642329088,-1,-1
instances/ratio_1000/instance_500v9_0.90r4.cnf,all,500,450,194,194,0.04,1,1000,201,9,alloc_graph,0.165039,0.146976,110034944,15532294144,15642329088,-1,-1
instances/ratio_1000/instance_500v9_0.90r4.cnf,all,500,450,194,194,0.04,1,1000,201,9,scc,3.94751,3.9473,112132096,15530196992,15642329088,-1,-1
instances/ratio_1000/instance_500v9_0.90r4.cnf,all,500,450,194,194,0.04,1,1000,201,9,topo_sort,0.228516,0.227424,112132096,15530196992,15642329088,-1,-1
instances/ratio_1000/instance_500v9_0.90r4.cnf,all,500,450,194,194,0.04,1,1000,201,9,backbone,5.12305,5.12954,112132096,15530196992,15642329088,-1,-1
instances/ratio_1000/instance_500v9_0.90r4.cnf,all,500,450,194,194,0.04,1,1000,201,9,wcc,0.225098,0.223872,112132096,15530196992,15642329088,-1,-1
instances/ratio_1000/instance_500v9_0.90r4.cnf,all,500,450,194,194,0.04,1,1000,201,9,wcc_grouped,0.373047,0.373888,112132096,15530196992,15642329088,-1,-1
instances/ratio_1000/instance_500v9_0.90r4.cnf,all,500,450,194,194,0.04,1,1000,201,9,heuristic1,12.1248,12.1251,112132096,15530196992,15642329088,148,250
instances/ratio_1000/instance_500v9_0.90r4.cnf,all,500,450,194,194,0.04,1,1000,201,9,heuristic2,8.4729,8.47194,112132096,15530196992,15642329088,108,209
instances/ratio_1000/instance_500v9_0.90r4.cnf,all,500,450,194,194,0.04,1,1000,201,9,heuristic3,12.4348,12.4351,112132096,15530196992,15642329088,107,207
instances/ratio_1000/instance_500v9_0.90r4.cnf,all,500,450,194,194,0.04,1,1000,201,9,heuristic4,1030.69,1030.71,112132096,15530196992,15642329088,102,202
instances/ratio_1000/instance_500v9_0.90r4.cnf,all,500,450,194,194,0.04,1,1000,201,9,cleanup_device,0.0422363,0.041984,112132096,15530196992,15642329088,-1,-1
instances/ratio_1000/instance_500v9_0.90r4.cnf,all,500,450,194,194,0.04,1,1000,201,9,total,1074.62,-1,112132096,15530196992,15642329088,-1,-1
instances/ratio_1000/instance_500v9_1.00r5.cnf,all,500,500,173,173,0.05,1,998,159,10,read_instance,0.19165,-1,107937792,15534391296,15642329088,-1,-1
instances/ratio_1000/instance_500v9_1.00r5.cnf,all,500,500,173,173,0.05,1,998,159,10,alloc_graph,0.167236,0.153536,110034944,15532294144,15642329088,-1,-1
instances/ratio_1000/instance_500v9_1.00r5.cnf,all,500,500,173,173,0.05,1,998,159,10,scc,3.70288,3.7047,112132096,15530196992,15642329088,-1,-1
instances/ratio_1000/instance_500v9_1.00r5.cnf,all,500,500,173,173,0.05,1,998,159,10,topo_sort,0.253662,0.252288,112132096,15530196992,15642329088,-1,-1
instances/ratio_1000/instance_500v9_1.00r5.cnf,all,500,500,173,173,0.05,1,998,159,10,backbone,5.11377,5.12096,112132096,15530196992,15642329088,-1,-1
instances/ratio_1000/instance_500v9_1.00r5.cnf,all,500,500,173,173,0.05,1,998,159,10,wcc,0.218506,0.21888,112132096,15530196992,15642329088,-1,-1
instances/ratio_1000/instance_500v9_1.00r5.cnf,all,500,500,173,173,0.05,1,998,159,10,wcc_grouped,0.361572,0.361024,112132096,15530196992,15642329088,-1,-1
instances/ratio_1000/instance_500v9_1.00r5.cnf,all,500,500,173,173,0.05,1,998,159,10,heuristic1,11.489,11.4882,112132096,15530196992,15642329088,137,218
instances/ratio_1000/instance_500v9_1.00r5.cnf,all,500,500,173,173,0.05,1,998,159,10,heuristic2,9.56958,9.56845,112132096,15530196992,15642329088,124,205
instances/ratio_1000/instance_500v9_1.00r5.cnf,all,500,500,173,173,0.05,1,998,159,10,heuristic3,13.3269,13.3258,112132096,15530196992,15642329088,109,188
instances/ratio_1000/instance_500v9_1.00r5.cnf,all,500,500,173,173,0.05,1,998,159,10,heuristic4,1038.81,1038.82,112132096,15530196992,15642329088,103,182
instances/ratio_1000/instance_500v9_1.00r5.cnf,all,500,500,173,173,0.05,1,998,159,10,cleanup_device,0.0415039,0.040768,112132096,15530196992,15642329088,-1,-1
instances/ratio_1000/instance_500v9_1.00r5.cnf,all,500,500,173,173,0.05,1,998,159,10,total,1083.85,-1,112132096,15530196992,15642329088,-1,-1
instances/ratio_1000/instance_500v9_1.10r6.cnf,all,500,550,164,164,0.63,1,1000,148,11,read_instance,0.213135,-1,107937792,15534391296,15642329088,-1,-1
instances/ratio_1000/instance_500v9_1.10r6.cnf,all,500,550,164,164,0.63,1,1000,148,11,alloc_graph,0.169922,0.1536,110034944,15532294144,15642329088,-1,-1
instances/ratio_1000/instance_500v9_1.10r6.cnf,all,500,550,164,164,0.63,1,1000,148,11,scc,3.82788,3.82925,112132096,15530196992,15642329088,-1,-1
instances/ratio_1000/instance_500v9_1.10r6.cnf,all,500,550,164,164,0.63,1,1000,148,11,topo_sort,0.275146,0.274304,112132096,15530196992,15642329088,-1,-1
instances/ratio_1000/instance_500v9_1.10r6.cnf,all,500,550,164,164,0.63,1,1000,148,11,backbone,5.24756,5.25085,112132096,15530196992,15642329088,-1,-1
instances/ratio_1000/instance_500v9_1.10r6.cnf,all,500,550,164,164,0.63,1,1000,148,11,wcc,0.219238,0.220192,112132096,15530196992,15642329088,-1,-1
instances/ratio_1000/instance_500v9_1.10r6.cnf,all,500,550,164,164,0.63,1,1000,148,11,wcc_grouped,0.354248,0.353248,112132096,15530196992,15642329088,-1,-1
instances/ratio_1000/instance_500v9_1.10r6.cnf,all,500,550,164,164,0.63,1,1000,148,11,heuristic1,11.0493,11.0491,112132096,15530196992,15642329088,130,205
instances/ratio_1000/instance_500v9_1.10r6.cnf,all,500,550,164,164,0.63,1,1000,148,11,heuristic2,8.33545,8.33411,112132096,15530196992,15642329088,106,182
instances/ratio_1000/instance_500v9_1.10r6.cnf,all,500,550,164,164,0.63,1,1000,148,11,heuristic3,12.2644,12.2643,112132096,15530196992,15642329088,100,175
instances/ratio_1000/instance_500v9_1.10r6.cnf,all,500,550,164,164,0.63,1,1000,148,11,heuristic4,1042.61,1042.63,112132096,15530196992,15642329088,102,177
instances/ratio_1000/instance_500v9_1.10r6.cnf,all,500,550,164,164,0.63,1,1000,148,11,cleanup_device,0.043457,0.043264,112132096,15530196992,15642329088,-1,-1
instances/ratio_1000/instance_500v9_1.10r6.cnf,all,500,550,164,164,0.63,1,1000,148,11,total,1085.23,-1,112132096,15530196992,15642329088,-1,-1
instances/ratio_1000/instance_500v9_1.20r7.cnf,all,500,600,141,141,7.98,1,1000,94,13,read_instance,0.23291,-1,107937792,15534391296,15642329088,-1,-1
instances/ratio_1000/instance_500v9_1.20r7.cnf,all,500,600,141,141,7.98,1,1000,94,13,alloc_graph,0.15918,0.145504,110034944,15532294144,15642329088,-1,-1
instances/ratio_1000/instance_500v9_1.20r7.cnf,all,500,600,141,141,7.98,1,1000,94,13,scc,3.90356,3.90544,112132096,15530196992,15642329088,-1,-1
instances/ratio_1000/instance_500v9_1.20r7.cnf,all,500,600,141,141,7.98,1,1000,94,13,topo_sort,0.31665,0.31568,112132096,15530196992,15642329088,-1,-1
instances/ratio_1000/instance_500v9_1.20r7.cnf,all,500,600,141,141,7.98,1,1000,94,13,backbone,5.03027,5.0336,112132096,15530196992,15642329088,-1,-1
instances/ratio_1000/instance_500v9_1.20r7.cnf,all,500,600,141,141,7.98,1,1000,94,13,wcc,0.207764,0.207104,112132096,15530196992,15642329088,-1,-1
instances/ratio_1000/instance_500v9_1.20r7.cnf,all,500,600,141,141,7.98,1,1000,94,13,wcc_grouped,0.347656,0.34816,112132096,15530196992,15642329088,-1,-1
instances/ratio_1000/instance_500v9_1.20r7.cnf,all,500,600,141,141,7.98,1,1000,94,13,heuristic1,12.2075,12.2066,112132096,15530196992,15642329088,147,194
instances/ratio_1000/instance_500v9_1.20r7.cnf,all,500,600,141,141,7.98,1,1000,94,13,heuristic2,9.5459,9.54502,112132096,15530196992,15642329088,125,172
instances/ratio_1000/instance_500v9_1.20r7.cnf,all,500,600,141,141,7.98,1,1000,94,13,heuristic3,12.9653,12.9643,112132096,15530196992,15642329088,116,162
instances/ratio_1000/instance_500v9_1.20r7.cnf,all,500,600,141,141,7.98,1,1000,94,13,heuristic4,1161.47,1161.48,112132096,15530196992,15642329088,114,160
instances/ratio_1000/instance_500v9_1.20r7.cnf,all,500,600,141,141,7.98,1,1000,94,13,cleanup_device,0.0395508,0.039072,112132096,15530196992,15642329088,-1,-1
instances/ratio_1000/instance_500v9_1.20r7.cnf,all,500,600,141,141,7.98,1,1000,94,13,total,1207.03,-1,112132096,15530196992,15642329088,-1,-1
instances/ratio_1000/instance_500v9_1.30r8.cnf,all,500,650,130,130,1.61,1,1000,86,17,read_instance,0.263428,-1,107937792,15534391296,15642329088,-1,-1
instances/ratio_1000/instance_500v9_1.30r8.cnf,all,500,650,130,130,1.61,1,1000,86,17,alloc_graph,0.160889,0.146912,110034944,15532294144,15642329088,-1,-1
instances/ratio_1000/instance_500v9_1.30r8.cnf,all,500,650,130,130,1.61,1,1000,86,17,scc,4.03516,4.03658,112132096,15530196992,15642329088,-1,-1
instances/ratio_1000/instance_500v9_1.30r8.cnf,all,500,650,130,130,1.61,1,1000,86,17,topo_sort,0.381348,0.380672,112132096,15530196992,15642329088,-1,-1
instances/ratio_1000/instance_500v9_1.30r8.cnf,all,500,650,130,130,1.61,1,1000,86,17,backbone,5.27173,5.27824,112132096,15530196992,15642329088,-1,-1
instances/ratio_1000/instance_500v9_1.30r8.cnf,all,500,650,130,130,1.61,1,1000,86,17,wcc,0.230713,0.230176,112132096,15530196992,15642329088,-1,-1
instances/ratio_1000/instance_500v9_1.30r8.cnf,all,500,650,130,130,1.61,1,1000,86,17,wcc_grouped,0.359375,0.359232,112132096,15530196992,15642329088,-1,-1
instances/ratio_1000/instance_500v9_1.30r8.cnf,all,500,650,130,130,1.61,1,1000,86,17,heuristic1,13.6326,13.6324,112132096,15530196992,15642329088,148,189
instances/ratio_1000/instance_500v9_1.30r8.cnf,all,500,650,130,130,1.61,1,1000,86,17,heuristic2,9.65088,9.65014,112132096,15530196992,15642329088,118,159
instances/ratio_1000/instance_500v9_1.30r8.cnf,all,500,650,130,130,1.61,1,1000,86,17,heuristic3,12.8469,12.8471,112132096,15530196992,15642329088,102,143
instances/ratio_1000/instance_500v9_1.30r8.cnf,all,500,650,130,130,1.61,1,1000,86,17,heuristic4,987.605,987.619,112132096,15530196992,15642329088,99,140
instances/ratio_1000/instance_500v9_1.30r8.cnf,all,500,650,130,130,1.61,1,1000,86,17,cleanup_device,0.0446777,0.044576,112132096,15530196992,15642329088,-1,-1
instances/ratio_1000/instance_500v9_1.30r8.cnf,all,500,650,130,130,1.61,1,1000,86,17,total,1035.1,-1,112132096,15530196992,15642329088,-1,-1
instances/ratio_1000/instance_500v9_1.40r9.cnf,all,500,700,116,132,150.04,1,1000,74,14,read_instance,0.251221,-1,107937792,15534391296,15642329088,-1,-1
instances/ratio_1000/instance_500v9_1.40r9.cnf,all,500,700,116,132,150.04,1,1000,74,14,alloc_graph,0.162598,0.149504,110034944,15532294144,15642329088,-1,-1
instances/ratio_1000/instance_500v9_1.40r9.cnf,all,500,700,116,132,150.04,1,1000,74,14,scc,3.75244,3.75325,112132096,15530196992,15642329088,-1,-1
instances/ratio_1000/instance_500v9_1.40r9.cnf,all,500,700,116,132,150.04,1,1000,74,14,topo_sort,0.331299,0.330208,112132096,15530196992,15642329088,-1,-1
instances/ratio_1000/instance_500v9_1.40r9.cnf,all,500,700,116,132,150.04,1,1000,74,14,backbone,5.24512,5.25133,112132096,15530196992,15642329088,-1,-1
instances/ratio_1000/instance_500v9_1.40r9.cnf,all,500,700,116,132,150.04,1,1000,74,14,wcc,0.237793,0.23552,112132096,15530196992,15642329088,-1,-1
instances/ratio_1000/instance_500v9_1.40r9.cnf,all,500,700,116,132,150.04,1,1000,74,14,wcc_grouped,0.359131,0.358944,112132096,15530196992,15642329088,-1,-1
instances/ratio_1000/instance_500v9_1.40r9.cnf,all,500,700,116,132,150.04,1,1000,74,14,heuristic1,11.1653,11.1653,112132096,15530196992,15642329088,126,161
instances/ratio_1000/instance_500v9_1.40r9.cnf,all,500,700,116,132,150.04,1,1000,74,14,heuristic2,8.58179,8.58032,112132096,15530196992,15642329088,105,140
instances/ratio_1000/instance_500v9_1.40r9.cnf,all,500,700,116,132,150.04,1,1000,74,14,heuristic3,12.2224,12.221,112132096,15530196992,15642329088,103,138
instances/ratio_1000/instance_500v9_1.40r9.cnf,all,500,700,116,132,150.04,1,1000,74,14,heuristic4,1001.16,1001.17,112132096,15530196992,15642329088,100,135
instances/ratio_1000/instance_500v9_1.40r9.cnf,all,500,700,116,132,150.04,1,1000,74,14,cleanup_device,0.0595703,0.059296,112132096,15530196992,15642329088,-1,-1
instances/ratio_1000/instance_500v9_1.40r9.cnf,all,500,700,116,132,150.04,1,1000,74,14,total,1044.15,-1,112132096,15530196992,15642329088,-1,-1
instances/ratio_1000/instance_500v9_1.50r10.cnf,all,500,750,100,121,150.05,1,1000,50,16,read_instance,0.245117,-1,107937792,15534391296,15642329088,-1,-1
instances/ratio_1000/instance_500v9_1.50r10.cnf,all,500,750,100,121,150.05,1,1000,50,16,alloc_graph,0.16333,0.147456,110034944,15532294144,15642329088,-1,-1
instances/ratio_1000/instance_500v9_1.50r10.cnf,all,500,750,100,121,150.05,1,1000,50,16,scc,3.90991,3.9112,112132096,15530196992,15642329088,-1,-1
instances/ratio_1000/instance_500v9_1.50r10.cnf,all,500,750,100,121,150.05,1,1000,50,16,topo_sort,0.36084,0.360448,112132096,15530196992,15642329088,-1,-1
instances/ratio_1000/instance_500v9_1.50r10.cnf,all,500,750,100,121,150.05,1,1000,50,16,backbone,5.10596,5.11114,112132096,15530196992,15642329088,-1,-1
instances/ratio_1000/instance_500v9_1.50r10.cnf,all,500,750,100,121,150.05,1,1000,50,16,wcc,0.215088,0.213984,112132096,15530196992,15642329088,-1,-1
instances/ratio_1000/instance_500v9_1.50r10.cnf,all,500,750,100,121,150.05,1,1000,50,16,wcc_grouped,0.345947,0.346112,112132096,15530196992,15642329088,-1,-1
instances/ratio_1000/instance_500v9_1.50r10.cnf,all,500,750,100,121,150.05,1,1000,50,16,heuristic1,10.8625,10.862,112132096,15530196992,15642329088,123,146
instances/ratio_1000/instance_500v9_1.50r10.cnf,all,500,750,100,121,150.05,1,1000,50,16,heuristic2,8.90503,8.90461,112132096,15530196992,15642329088,106,129
instances/ratio_1000/instance_500v9_1.50r10.cnf,all,500,750,100,121,150.05,1,1000,50,16,heuristic3,12.5386,12.5384,112132096,15530196992,15642329088,112,135
instances/ratio_1000/instance_500v9_1.50r10.cnf,all,500,750,100,121,150.05,1,1000,50,16,heuristic4,1065.03,1065.04,112132096,15530196992,15642329088,104,127
instances/ratio_1000/instance_500v9_1.50r10.cnf,all,500,750,100,121,150.05,1,1000,50,16,cleanup_device,0.0432129,0.0432,112132096,15530196992,15642329088,-1,-1
instances/ratio_1000/instance_500v9_1.50r10.cnf,all,500,750,100,121,150.05,1,1000,50,16,total,1108.34,-1,112132096,15530196992,15642329088,-1,-1
instances/ratio_1000/instance_500v9_1.60r11.cnf,all,500,800,106,106,37.87,1,1000,62,31,read_instance,0.276855,-1,107937792,15534391296,15642329088,-1,-1
instances/ratio_1000/instance_500v9_1.60r11.cnf,all,500,800,106,106,37.87,1,1000,62,31,alloc_graph,0.18042,0.167936,110034944,15532294144,15642329088,-1,-1
instances/ratio_1000/instance_500v9_1.60r11.cnf,all,500,800,106,106,37.87,1,1000,62,31,scc,4.03345,4.03437,112132096,15530196992,15642329088,-1,-1
instances/ratio_1000/instance_500v9_1.60r11.cnf,all,500,800,106,106,37.87,1,1000,62,31,topo_sort,0.655518,0.655264,112132096,15530196992,15642329088,-1,-1
instances/ratio_1000/instance_500v9_1.60r11.cnf,all,500,800,106,106,37.87,1,1000,62,31,backbone,5.40942,5.41542,112132096,15530196992,15642329088,-1,-1
instances/ratio_1000/instance_500v9_1.60r11.cnf,all,500,800,106,106,37.87,1,1000,62,31,wcc,0.222168,0.221184,112132096,15530196992,15642329088,-1,-1
instances/ratio_1000/instance_500v9_1.60r11.cnf,all,500,800,106,106,37.87,1,1000,62,31,wcc_grouped,0.36377,0.36336,112132096,15530196992,15642329088,-1,-1
instances/ratio_1000/instance_500v9_1.60r11.cnf,all,500,800,106,106,37.87,1,1000,62,31,heuristic1,9.56177,9.56042,112132096,15530196992,15642329088,113,142
instances/ratio_1000/instance_500v9_1.60r11.cnf,all,500,800,106,106,37.87,1,1000,62,31,heuristic2,8.57764,8.57619,112132096,15530196992,15642329088,107,136
instances/ratio_1000/instance_500v9_1.60r11.cnf,all,500,800,106,106,37.87,1,1000,62,31,heuristic3,12.0112,12.0095,112132096,15530196992,15642329088,100,129
instances/ratio_1000/instance_500v9_1.60r11.cnf,all,500,800,106,106,37.87,1,1000,62,31,heuristic4,851.691,851.703,112132096,15530196992,15642329088,87,116
instances/ratio_1000/instance_500v9_1.60r11.cnf,all,500,800,106,106,37.87,1,1000,62,31,cleanup_device,0.0473633,0.04688,112132096,15530196992,15642329088,-1,-1
instances/ratio_1000/instance_500v9_1.60r11.cnf,all,500,800,106,106,37.87,1,1000,62,31,total,893.696,-1,112132096,15530196992,15642329088,-1,-1
instances/ratio_1000/instance_500v9_1.70r12.cnf,all,500,850,99,115,150.04,1,994,46,25,read_instance,0.276123,-1,107937792,15534391296,15642329088,-1,-1
instances/ratio_1000/instance_500v9_1.70r12.cnf,all,500,850,99,115,150.04,1,994,46,25,alloc_graph,0.15918,0.145408,110034944,15532294144,15642329088,-1,-1
instances/ratio_1000/instance_500v9_1.70r12.cnf,all,500,850,99,115,150.04,1,994,46,25,scc,3.9519,3.95302,112132096,15530196992,15642329088,-1,-1
instances/ratio_1000/instance_500v9_1.70r12.cnf,all,500,850,99,115,150.04,1,994,46,25,topo_sort,0.525879,0.52544,112132096,15530196992,15642329088,-1,-1
instances/ratio_1000/instance_500v9_1.70r12.cnf,all,500,850,99,115,150.04,1,994,46,25,backbone,5.06104,5.06627,112132096,15530196992,15642329088,-1,-1
instances/ratio_1000/instance_500v9_1.70r12.cnf,all,500,850,99,115,150.04,1,994,46,25,wcc,0.193848,0.19344,112132096,15530196992,15642329088,-1,-1
instances/ratio_1000/instance_500v9_1.70r12.cnf,all,500,850,99,115,150.04,1,994,46,25,wcc_grouped,0.357178,0.357056,112132096,15530196992,15642329088,-1,-1
instances/ratio_1000/instance_500v9_1.70r12.cnf,all,500,850,99,115,150.04,1,994,46,25,heuristic1,10.1511,10.1514,112132096,15530196992,15642329088,121,142
instances/ratio_1000/instance_500v9_1.70r12.cnf,all,500,850,99,115,150.04,1,994,46,25,heuristic2,8.01074,8.00918,112132096,15530196992,15642329088,102,123
instances/ratio_1000/instance_500v9_1.70r12.cnf,all,500,850,99,115,150.04,1,994,46,25,heuristic3,12.114,12.1128,112132096,15530196992,15642329088,100,121
instances/ratio_1000/instance_500v9_1.70r12.cnf,all,500,850,99,115,150.04,1,994,46,25,heuristic4,933.561,933.574,112132096,15530196992,15642329088,94,115
instances/ratio_1000/instance_500v9_1.70r12.cnf,all,500,850,99,115,150.04,1,994,46,25,cleanup_device,0.0397949,0.039904,112132096,15530196992,15642329088,-1,-1
instances/ratio_1000/instance_500v9_1.70r12.cnf,all,500,850,99,115,150.04,1,994,46,25,total,975.023,-1,112132096,15530196992,15642329088,-1,-1
instances/ratio_1000/instance_500v9_1.80r13.cnf,all,500,900,79,90,150.04,1,996,36,33,read_instance,0.279297,-1,107937792,15534391296,15642329088,-1,-1
instances/ratio_1000/instance_500v9_1.80r13.cnf,all,500,900,79,90,150.04,1,996,36,33,alloc_graph,0.197998,0.180928,110034944,15532294144,15642329088,-1,-1
instances/ratio_1000/instance_500v9_1.80r13.cnf,all,500,900,79,90,150.04,1,996,36,33,scc,4.2644,4.26458,112132096,15530196992,15642329088,-1,-1
instances/ratio_1000/instance_500v9_1.80r13.cnf,all,500,900,79,90,150.04,1,996,36,33,topo_sort,0.678955,0.678848,112132096,15530196992,15642329088,-1,-1
instances/ratio_1000/instance_500v9_1.80r13.cnf,all,500,900,79,90,150.04,1,996,36,33,backbone,5.17334,5.17869,112132096,15530196992,15642329088,-1,-1
instances/ratio_1000/instance_500v9_1.80r13.cnf,all,500,900,79,90,150.04,1,996,36,33,wcc,0.194824,0.19456,112132096,15530196992,15642329088,-1,-1
instances/ratio_1000/instance_500v9_1.80r13.cnf,all,500,900,79,90,150.04,1,996,36,33,wcc_grouped,0.354736,0.354336,112132096,15530196992,15642329088,-1,-1
instances/ratio_1000/instance_500v9_1.80r13.cnf,all,500,900,79,90,150.04,1,996,36,33,heuristic1,10.1819,10.1809,112132096,15530196992,15642329088,112,128
instances/ratio_1000/instance_500v9_1.80r13.cnf,all,500,900,79,90,150.04,1,996,36,33,heuristic2,7.72339,7.72224,112132096,15530196992,15642329088,90,106
instances/ratio_1000/instance_500v9_1.80r13.cnf,all,500,900,79,90,150.04,1,996,36,33,heuristic3,10.887,10.8864,112132096,15530196992,15642329088,90,106
instances/ratio_1000/instance_500v9_1.80r13.cnf,all,500,900,79,90,150.04,1,996,36,33,heuristic4,782.748,782.758,112132096,15530196992,15642329088,80,96
instances/ratio_1000/instance_500v9_1.80r13.cnf,all,500,900,79,90,150.04,1,996,36,33,cleanup_device,0.0493164,0.049056,112132096,15530196992,15642329088,-1,-1
instances/ratio_1000/instance_500v9_1.80r13.cnf,all,500,900,79,90,150.04,1,996,36,33,total,823.361,-1,112132096,15530196992,15642329088,-1,-1
instances/ratio_1000/instance_500v9_1.90r14.cnf,all,500,950,90,90,126.05,1,992,38,44,read_instance,0.289062,-1,107937792,15534391296,15642329088,-1,-1
instances/ratio_1000/instance_500v9_1.90r14.cnf,all,500,950,90,90,126.05,1,992,38,44,alloc_graph,0.163818,0.149504,110034944,15532294144,15642329088,-1,-1
instances/ratio_1000/instance_500v9_1.90r14.cnf,all,500,950,90,90,126.05,1,992,38,44,scc,3.92871,3.92944,112132096,15530196992,15642329088,-1,-1
instances/ratio_1000/instance_500v9_1.90r14.cnf,all,500,950,90,90,126.05,1,992,38,44,topo_sort,0.867188,0.8664,112132096,15530196992,15642329088,-1,-1
instances/ratio_1000/instance_500v9_1.90r14.cnf,all,500,950,90,90,126.05,1,992,38,44,backbone,5.00464,5.00861,112132096,15530196992,15642329088,-1,-1
instances/ratio_1000/instance_500v9_1.90r14.cnf,all,500,950,90,90,126.05,1,992,38,44,wcc,0.213379,0.21328,112132096,15530196992,15642329088,-1,-1
instances/ratio_1000/instance_500v9_1.90r14.cnf,all,500,950,90,90,126.05,1,992,38,44,wcc_grouped,0.352539,0.352448,112132096,15530196992,15642329088,-1,-1
instances/ratio_1000/instance_500v9_1.90r14.cnf,all,500,950,90,90,126.05,1,992,38,44,heuristic1,10.0791,10.0793,112132096,15530196992,15642329088,114,131
instances/ratio_1000/instance_500v9_1.90r14.cnf,all,500,950,90,90,126.05,1,992,38,44,heuristic2,7.65161,7.65011,112132096,15530196992,15642329088,96,113
instances/ratio_1000/instance_500v9_1.90r14.cnf,all,500,950,90,90,126.05,1,992,38,44,heuristic3,11.1138,11.1131,112132096,15530196992,15642329088,94,111
instances/ratio_1000/instance_500v9_1.90r14.cnf,all,500,950,90,90,126.05,1,992,38,44,heuristic4,892.981,892.994,112132096,15530196992,15642329088,89,106
instances/ratio_1000/instance_500v9_1.90r14.cnf,all,500,950,90,90,126.05,1,992,38,44,cleanup_device,0.0432129,0.042816,112132096,15530196992,15642329088,-1,-1
instances/ratio_1000/instance_500v9_1.90r14.cnf,all,500,950,90,90,126.05,1,992,38,44,total,933.286,-1,112132096,15530196992,15642329088,-1,-1
instances/ratio_1000/instance_500v9_2.00r15.cnf,all,500,1000,85,95,150.07,1,990,34,26,read_instance,0.316162,-1,107937792,15534391296,15642329088,-1,-1
instances/ratio_1000/instance_500v9_2.00r15.cnf,all,500,1000,85,95,150.07,1,990,34,26,alloc_graph,0.188965,0.168448,110034944,15532294144,15642329088,-1,-1
instances/ratio_1000/instance_500v9_2.00r15.cnf,all,500,1000,85,95,150.07,1,990,34,26,scc,3.92627,3.9265,112132096,15530196992,15642329088,-1,-1
instances/ratio_1000/instance_500v9_2.00r15.cnf,all,500,1000,85,95,150.07,1,990,34,26,topo_sort,0.559082,0.55872,112132096,15530196992,15642329088,-1,-1
instances/ratio_1000/instance_500v9_2.00r15.cnf,all,500,1000,85,95,150.07,1,990,34,26,backbone,5.10425,5.11002,112132096,15530196992,15642329088,-1,-1
instances/ratio_1000/instance_500v9_2.00r15.cnf,all,500,1000,85,95,150.07,1,990,34,26,wcc,0.199463,0.2,112132096,15530196992,15642329088,-1,-1
instances/ratio_1000/instance_500v9_2.00r15.cnf,all,500,1000,85,95,150.07,1,990,34,26,wcc_grouped,0.371094,0.370784,112132096,15530196992,15642329088,-1,-1
instances/ratio_1000/instance_500v9_2.00r15.cnf,all,500,1000,85,95,150.07,1,990,34,26,heuristic1,10.0039,10.0034,112132096,15530196992,15642329088,112,127
instances/ratio_1000/instance_500v9_2.00r15.cnf,all,500,1000,85,95,150.07,1,990,34,26,heuristic2,7.36694,7.3665,112132096,15530196992,15642329088,92,107
instances/ratio_1000/instance_500v9_2.00r15.cnf,all,500,1000,85,95,150.07,1,990,34,26,heuristic3,11.7229,11.7231,112132096,15530196992,15642329088,93,108
instances/ratio_1000/instance_500v9_2.00r15.cnf,all,500,1000,85,95,150.07,1,990,34,26,heuristic4,820.229,820.241,112132096,15530196992,15642329088,83,98
instances/ratio_1000/instance_500v9_2.00r15.cnf,all,500,1000,85,95,150.07,1,990,34,26,cleanup_device,0.0444336,0.044288,112132096,15530196992,15642329088,-1,-1
instances/ratio_1000/instance_500v9_2.00r15.cnf,all,500,1000,85,95,150.07,1,990,34,26,total,860.651,-1,112132096,15530196992,15642329088,-1,-1
instances/ratio_1000/instance_500v9_2.10r16.cnf,all,500,1050,86,86,12.58,1,992,58,40,read_instance,0.398438,-1,107937792,15534391296,15642329088,-1,-1
instances/ratio_1000/instance_500v9_2.10r16.cnf,all,500,1050,86,86,12.58,1,992,58,40,alloc_graph,0.180176,0.160256,110034944,15532294144,15642329088,-1,-1
instances/ratio_1000/instance_500v9_2.10r16.cnf,all,500,1050,86,86,12.58,1,992,58,40,scc,4.33545,4.33766,112132096,15530196992,15642329088,-1,-1
instances/ratio_1000/instance_500v9_2.10r16.cnf,all,500,1050,86,86,12.58,1,992,58,40,topo_sort,0.83374,0.83296,112132096,15530196992,15642329088,-1,-1
instances/ratio_1000/instance_500v9_2.10r16.cnf,all,500,1050,86,86,12.58,1,992,58,40,backbone,5.2373,5.24429,112132096,15530196992,15642329088,-1,-1
instances/ratio_1000/instance_500v9_2.10r16.cnf,all,500,1050,86,86,12.58,1,992,58,40,wcc,0.234131,0.233696,112132096,15530196992,15642329088,-1,-1
instances/ratio_1000/instance_500v9_2.10r16.cnf,all,500,1050,86,86,12.58,1,992,58,40,wcc_grouped,0.357666,0.357536,112132096,15530196992,15642329088,-1,-1
instances/ratio_1000/instance_500v9_2.10r16.cnf,all,500,1050,86,86,12.58,1,992,58,40,heuristic1,8.5061,8.50566,112132096,15530196992,15642329088,94,121
instances/ratio_1000/instance_500v9_2.10r16.cnf,all,500,1050,86,86,12.58,1,992,58,40,heuristic2,5.97803,5.97686,112132096,15530196992,15642329088,69,96
instances/ratio_1000/instance_500v9_2.10r16.cnf,all,500,1050,86,86,12.58,1,992,58,40,heuristic3,9.71533,9.71552,112132096,15530196992,15642329088,76,103
instances/ratio_1000/instance_500v9_2.10r16.cnf,all,500,1050,86,86,12.58,1,992,58,40,heuristic4,651.495,651.505,112132096,15530196992,15642329088,68,95
instances/ratio_1000/instance_500v9_2.10r16.cnf,all,500,1050,86,86,12.58,1,992,58,40,cleanup_device,0.0429688,0.042848,112132096,15530196992,15642329088,-1,-1
instances/ratio_1000/instance_500v9_2.10r16.cnf,all,500,1050,86,86,12.58,1,992,58,40,total,687.956,-1,112132096,15530196992,15642329088,-1,-1
instances/ratio_1000/instance_500v9_2.20r17.cnf,all,500,1100,78,78,59.53,1,962,36,51,read_instance,0.43457,-1,107937792,15534391296,15642329088,-1,-1
instances/ratio_1000/instance_500v9_2.20r17.cnf,all,500,1100,78,78,59.53,1,962,36,51,alloc_graph,0.187012,0.172032,110034944,15532294144,15642329088,-1,-1
instances/ratio_1000/instance_500v9_2.20r17.cnf,all,500,1100,78,78,59.53,1,962,36,51,scc,4.3689,4.36995,112132096,15530196992,15642329088,-1,-1
instances/ratio_1000/instance_500v9_2.20r17.cnf,all,500,1100,78,78,59.53,1,962,36,51,topo_sort,1.03979,1.03859,112132096,15530196992,15642329088,-1,-1
instances/ratio_1000/instance_500v9_2.20r17.cnf,all,500,1100,78,78,59.53,1,962,36,51,backbone,5.24585,5.2521,112132096,15530196992,15642329088,-1,-1
instances/ratio_1000/instance_500v9_2.20r17.cnf,all,500,1100,78,78,59.53,1,962,36,51,wcc,0.20874,0.208896,112132096,15530196992,15642329088,-1,-1
instances/ratio_1000/instance_500v9_2.20r17.cnf,all,500,1100,78,78,59.53,1,962,36,51,wcc_grouped,0.371582,0.371552,112132096,15530196992,15642329088,-1,-1
instances/ratio_1000/instance_500v9_2.20r17.cnf,all,500,1100,78,78,59.53,1,962,36,51,heuristic1,8.4519,8.45181,112132096,15530196992,15642329088,94,110
instances/ratio_1000/instance_500v9_2.20r17.cnf,all,500,1100,78,78,59.53,1,962,36,51,heuristic2,6.31323,6.31238,112132096,15530196992,15642329088,75,91
instances/ratio_1000/instance_500v9_2.20r17.cnf,all,500,1100,78,78,59.53,1,962,36,51,heuristic3,10.6553,10.6554,112132096,15530196992,15642329088,78,94
instances/ratio_1000/instance_500v9_2.20r17.cnf,all,500,1100,78,78,59.53,1,962,36,51,heuristic4,658.696,658.706,112132096,15530196992,15642329088,70,86
instances/ratio_1000/instance_500v9_2.20r17.cnf,all,500,1100,78,78,59.53,1,962,36,51,cleanup_device,0.0410156,0.041056,112132096,15530196992,15642329088,-1,-1
instances/ratio_1000/instance_500v9_2.20r17.cnf,all,500,1100,78,78,59.53,1,962,36,51,total,696.653,-1,112132096,15530196992,15642329088,-1,-1
instances/ratio_1000/instance_500v9_2.30r18.cnf,all,500,1150,79,79,139.01,1,938,34,32,read_instance,0.369385,-1,107937792,15534391296,15642329088,-1,-1
instances/ratio_1000/instance_500v9_2.30r18.cnf,all,500,1150,79,79,139.01,1,938,34,32,alloc_graph,0.166748,0.151552,110034944,15532294144,15642329088,-1,-1
instances/ratio_1000/instance_500v9_2.30r18.cnf,all,500,1150,79,79,139.01,1,938,34,32,scc,4.30347,4.30474,112132096,15530196992,15642329088,-1,-1
instances/ratio_1000/instance_500v9_2.30r18.cnf,all,500,1150,79,79,139.01,1,938,34,32,topo_sort,0.713867,0.713312,112132096,15530196992,15642329088,-1,-1
instances/ratio_1000/instance_500v9_2.30r18.cnf,all,500,1150,79,79,139.01,1,938,34,32,backbone,5.26538,5.26902,112132096,15530196992,15642329088,-1,-1
instances/ratio_1000/instance_500v9_2.30r18.cnf,all,500,1150,79,79,139.01,1,938,34,32,wcc,0.188965,0.188416,112132096,15530196992,15642329088,-1,-1
instances/ratio_1000/instance_500v9_2.30r18.cnf,all,500,1150,79,79,139.01,1,938,34,32,wcc_grouped,0.347412,0.34816,112132096,15530196992,15642329088,-1,-1
instances/ratio_1000/instance_500v9_2.30r18.cnf,all,500,1150,79,79,139.01,1,938,34,32,heuristic1,8.36938,8.36714,112132096,15530196992,15642329088,92,107
instances/ratio_1000/instance_500v9_2.30r18.cnf,all,500,1150,79,79,139.01,1,938,34,32,heuristic2,6.69458,6.69357,112132096,15530196992,15642329088,85,100
instances/ratio_1000/instance_500v9_2.30r18.cnf,all,500,1150,79,79,139.01,1,938,34,32,heuristic3,10.4011,10.4005,112132096,15530196992,15642329088,79,94
instances/ratio_1000/instance_500v9_2.30r18.cnf,all,500,1150,79,79,139.01,1,938,34,32,heuristic4,625.143,625.152,112132096,15530196992,15642329088,67,82
instances/ratio_1000/instance_500v9_2.30r18.cnf,all,500,1150,79,79,139.01,1,938,34,32,cleanup_device,0.0673828,0.067264,112132096,15530196992,15642329088,-1,-1
instances/ratio_1000/instance_500v9_2.30r18.cnf,all,500,1150,79,79,139.01,1,938,34,32,total,662.633,-1,112132096,15530196992,15642329088,-1,-1
instances/ratio_1000/instance_500v9_2.40r19.cnf,all,500,1200,78,78,1,1,850,32,36,read_instance,0.392578,-1,107937792,15534391296,15642329088,-1,-1
instances/ratio_1000/instance_500v9_2.40r19.cnf,all,500,1200,78,78,1,1,850,32,36,alloc_graph,0.163086,0.149504,110034944,15532294144,15642329088,-1,-1
instances/ratio_1000/instance_500v9_2.40r19.cnf,all,500,1200,78,78,1,1,850,32,36,scc,4.34912,4.34995,112132096,15530196992,15642329088,-1,-1
instances/ratio_1000/instance_500v9_2.40r19.cnf,all,500,1200,78,78,1,1,850,32,36,topo_sort,0.796387,0.79536,112132096,15530196992,15642329088,-1,-1
instances/ratio_1000/instance_500v9_2.40r19.cnf,all,500,1200,78,78,1,1,850,32,36,backbone,5.15723,5.16499,112132096,15530196992,15642329088,-1,-1
instances/ratio_1000/instance_500v9_2.40r19.cnf,all,500,1200,78,78,1,1,850,32,36,wcc,0.229248,0.229248,112132096,15530196992,15642329088,-1,-1
instances/ratio_1000/instance_500v9_2.40r19.cnf,all,500,1200,78,78,1,1,850,32,36,wcc_grouped,0.369873,0.369056,112132096,15530196992,15642329088,-1,-1
instances/ratio_1000/instance_500v9_2.40r19.cnf,all,500,1200,78,78,1,1,850,32,36,heuristic1,8.56226,8.56182,112132096,15530196992,15642329088,101,116
instances/ratio_1000/instance_500v9_2.40r19.cnf,all,500,1200,78,78,1,1,850,32,36,heuristic2,6.17993,6.17859,112132096,15530196992,15642329088,84,98
instances/ratio_1000/instance_500v9_2.40r19.cnf,all,500,1200,78,78,1,1,850,32,36,heuristic3,11.0503,11.0505,112132096,15530196992,15642329088,87,101
instances/ratio_1000/instance_500v9_2.40r19.cnf,all,500,1200,78,78,1,1,850,32,36,heuristic4,747.692,747.702,112132096,15530196992,15642329088,77,91
instances/ratio_1000/instance_500v9_2.40r19.cnf,all,500,1200,78,78,1,1,850,32,36,cleanup_device,0.0429688,0.042528,112132096,15530196992,15642329088,-1,-1
instances/ratio_1000/instance_500v9_2.40r19.cnf,all,500,1200,78,78,1,1,850,32,36,total,785.579,-1,112132096,15530196992,15642329088,-1,-1
instances/ratio_1000/instance_500v9_2.50r20.cnf,all,500,1250,70,70,16.69,1,960,30,46,read_instance,0.370117,-1,107937792,15534391296,15642329088,-1,-1
instances/ratio_1000/instance_500v9_2.50r20.cnf,all,500,1250,70,70,16.69,1,960,30,46,alloc_graph,0.172852,0.159616,110034944,15532294144,15642329088,-1,-1
instances/ratio_1000/instance_500v9_2.50r20.cnf,all,500,1250,70,70,16.69,1,960,30,46,scc,4.20093,4.20218,112132096,15530196992,15642329088,-1,-1
instances/ratio_1000/instance_500v9_2.50r20.cnf,all,500,1250,70,70,16.69,1,960,30,46,topo_sort,0.911377,0.91104,112132096,15530196992,15642329088,-1,-1
instances/ratio_1000/instance_500v9_2.50r20.cnf,all,500,1250,70,70,16.69,1,960,30,46,backbone,4.9375,4.94346,112132096,15530196992,15642329088,-1,-1
instances/ratio_1000/instance_500v9_2.50r20.cnf,all,500,1250,70,70,16.69,1,960,30,46,wcc,0.198486,0.198656,112132096,15530196992,15642329088,-1,-1
instances/ratio_1000/instance_500v9_2.50r20.cnf,all,500,1250,70,70,16.69,1,960,30,46,wcc_grouped,0.366211,0.366464,112132096,15530196992,15642329088,-1,-1
instances/ratio_1000/instance_500v9_2.50r20.cnf,all,500,1250,70,70,16.69,1,960,30,46,heuristic1,7.09863,7.09843,112132096,15530196992,15642329088,77,90
instances/ratio_1000/instance_500v9_2.50r20.cnf,all,500,1250,70,70,16.69,1,960,30,46,heuristic2,5.52344,5.52317,112132096,15530196992,15642329088,67,80
instances/ratio_1000/instance_500v9_2.50r20.cnf,all,500,1250,70,70,16.69,1,960,30,46,heuristic3,9.93384,9.93344,112132096,15530196992,15642329088,71,84
instances/ratio_1000/instance_500v9_2.50r20.cnf,all,500,1250,70,70,16.69,1,960,30,46,heuristic4,613.368,613.375,112132096,15530196992,15642329088,65,78
instances/ratio_1000/instance_500v9_2.50r20.cnf,all,500,1250,70,70,16.69,1,960,30,46,cleanup_device,0.0473633,0.046944,112132096,15530196992,15642329088,-1,-1
instances/ratio_1000/instance_500v9_2.50r20.cnf,all,500,1250,70,70,16.69,1,960,30,46,total,647.779,-1,112132096,15530196992,15642329088,-1,-1
instances/ratio_1000/instance_500v9_2.60r21.cnf,all,500,1300,67,67,0.11,1,826,44,37,read_instance,0.376221,-1,107937792,15534391296,15642329088,-1,-1
instances/ratio_1000/instance_500v9_2.60r21.cnf,all,500,1300,67,67,0.11,1,826,44,37,alloc_graph,0.157471,0.14336,110034944,15532294144,15642329088,-1,-1
instances/ratio_1000/instance_500v9_2.60r21.cnf,all,500,1300,67,67,0.11,1,826,44,37,scc,4.13989,4.14109,112132096,15530196992,15642329088,-1,-1
instances/ratio_1000/instance_500v9_2.60r21.cnf,all,500,1300,67,67,0.11,1,826,44,37,topo_sort,0.852051,0.850624,112132096,15530196992,15642329088,-1,-1
instances/ratio_1000/instance_500v9_2.60r21.cnf,all,500,1300,67,67,0.11,1,826,44,37,backbone,5.25708,5.26371,112132096,15530196992,15642329088,-1,-1
instances/ratio_1000/instance_500v9_2.60r21.cnf,all,500,1300,67,67,0.11,1,826,44,37,wcc,0.199951,0.20016,112132096,15530196992,15642329088,-1,-1
instances/ratio_1000/instance_500v9_2.60r21.cnf,all,500,1300,67,67,0.11,1,826,44,37,wcc_grouped,0.351562,0.35104,112132096,15530196992,15642329088,-1,-1
instances/ratio_1000/instance_500v9_2.60r21.cnf,all,500,1300,67,67,0.11,1,826,44,37,heuristic1,5.77783,5.77664,112132096,15530196992,15642329088,64,84
instances/ratio_1000/instance_500v9_2.60r21.cnf,all,500,1300,67,67,0.11,1,826,44,37,heuristic2,4.96704,4.96518,112132096,15530196992,15642329088,61,81
instances/ratio_1000/instance_500v9_2.60r21.cnf,all,500,1300,67,67,0.11,1,826,44,37,heuristic3,8.74146,8.74038,112132096,15530196992,15642329088,54,74
instances/ratio_1000/instance_500v9_2.60r21.cnf,all,500,1300,67,67,0.11,1,826,44,37,heuristic4,434.489,434.496,112132096,15530196992,15642329088,50,70
instances/ratio_1000/instance_500v9_2.60r21.cnf,all,500,1300,67,67,0.11,1,826,44,37,cleanup_device,0.0439453,0.043584,112132096,15530196992,15642329088,-1,-1
instances/ratio_1000/instance_500v9_2.60r21.cnf,all,500,1300,67,67,0.11,1,826,44,37,total,465.975,-1,112132096,15530196992,15642329088,-1,-1
instances/ratio_1000/instance_500v9_2.70r22.cnf,all,500,1350,80,80,0.06,1,686,72,24,read_instance,0.435791,-1,107937792,15534391296,15642329088,-1,-1
instances/ratio_1000/instance_500v9_2.70r22.cnf,all,500,1350,80,80,0.06,1,686,72,24,alloc_graph,0.193115,0.175392,110034944,15532294144,15642329088,-1,-1
instances/ratio_1000/instance_500v9_2.70r22.cnf,all,500,1350,80,80,0.06,1,686,72,24,scc,4.43945,4.44006,112132096,15530196992,15642329088,-1,-1
instances/ratio_1000/instance_500v9_2.70r22.cnf,all,500,1350,80,80,0.06,1,686,72,24,topo_sort,0.625,0.624032,112132096,15530196992,15642329088,-1,-1
instances/ratio_1000/instance_500v9_2.70r22.cnf,all,500,1350,80,80,0.06,1,686,72,24,backbone,5.18311,5.18902,112132096,15530196992,15642329088,-1,-1
instances/ratio_1000/instance_500v9_2.70r22.cnf,all,500,1350,80,80,0.06,1,686,72,24,wcc,0.213867,0.213024,112132096,15530196992,15642329088,-1,-1
instances/ratio_1000/instance_500v9_2.70r22.cnf,all,500,1350,80,80,0.06,1,686,72,24,wcc_grouped,0.415527,0.41584,112132096,15530196992,15642329088,-1,-1
instances/ratio_1000/instance_500v9_2.70r22.cnf,all,500,1350,80,80,0.06,1,686,72,24,heuristic1,6.1394,6.13802,112132096,15530196992,15642329088,57,92
instances/ratio_1000/instance_500v9_2.70r22.cnf,all,500,1350,80,80,0.06,1,686,72,24,heuristic2,4.60327,4.60234,112132096,15530196992,15642329088,57,92
instances/ratio_1000/instance_500v9_2.70r22.cnf,all,500,1350,80,80,0.06,1,686,72,24,heuristic3,8.1897,8.18925,112132096,15530196992,15642329088,53,87
instances/ratio_1000/instance_500v9_2.70r22.cnf,all,500,1350,80,80,0.06,1,686,72,24,heuristic4,463.319,463.325,112132096,15530196992,15642329088,52,86
instances/ratio_1000/instance_500v9_2.70r22.cnf,all,500,1350,80,80,0.06,1,686,72,24,cleanup_device,0.0629883,0.063296,112132096,15530196992,15642329088,-1,-1
instances/ratio_1000/instance_500v9_2.70r22.cnf,all,500,1350,80,80,0.06,1,686,72,24,total,494.427,-1,112132096,15530196992,15642329088,-1,-1
instances/ratio_1000/instance_500v9_2.80r23.cnf,all,500,1400,54,54,0.06,1,708,32,28,read_instance,0.407227,-1,107937792,15534391296,15642329088,-1,-1
instances/ratio_1000/instance_500v9_2.80r23.cnf,all,500,1400,54,54,0.06,1,708,32,28,alloc_graph,0.171387,0.155808,110034944,15532294144,15642329088,-1,-1
instances/ratio_1000/instance_500v9_2.80r23.cnf,all,500,1400,54,54,0.06,1,708,32,28,scc,4.41943,4.42154,112132096,15530196992,15642329088,-1,-1
instances/ratio_1000/instance_500v9_2.80r23.cnf,all,500,1400,54,54,0.06,1,708,32,28,topo_sort,0.697998,0.698048,112132096,15530196992,15642329088,-1,-1
instances/ratio_1000/instance_500v9_2.80r23.cnf,all,500,1400,54,54,0.06,1,708,32,28,backbone,5.16602,5.1727,112132096,15530196992,15642329088,-1,-1
instances/ratio_1000/instance_500v9_2.80r23.cnf,all,500,1400,54,54,0.06,1,708,32,28,wcc,0.196045,0.196064,112132096,15530196992,15642329088,-1,-1
instances/ratio_1000/instance_500v9_2.80r23.cnf,all,500,1400,54,54,0.06,1,708,32,28,wcc_grouped,0.38623,0.38592,112132096,15530196992,15642329088,-1,-1
instances/ratio_1000/instance_500v9_2.80r23.cnf,all,500,1400,54,54,0.06,1,708,32,28,heuristic1,5.03442,5.03392,112132096,15530196992,15642329088,56,70
instances/ratio_1000/instance_500v9_2.80r23.cnf,all,500,1400,54,54,0.06,1,708,32,28,heuristic2,4.11792,4.11728,112132096,15530196992,15642329088,46,60
instances/ratio_1000/instance_500v9_2.80r23.cnf,all,500,1400,54,54,0.06,1,708,32,28,heuristic3,7.88306,7.88285,112132096,15530196992,15642329088,52,66
instances/ratio_1000/instance_500v9_2.80r23.cnf,all,500,1400,54,54,0.06,1,708,32,28,heuristic4,366.454,366.459,112132096,15530196992,15642329088,44,58
instances/ratio_1000/instance_500v9_2.80r23.cnf,all,500,1400,54,54,0.06,1,708,32,28,cleanup_device,0.0466309,0.046496,112132096,15530196992,15642329088,-1,-1
instances/ratio_1000/instance_500v9_2.80r23.cnf,all,500,1400,54,54,0.06,1,708,32,28,total,395.573,-1,112132096,15530196992,15642329088,-1,-1
instances/ratio_1000/instance_500v9_2.90r24.cnf,all,500,1450,63,63,0.04,1,652,44,29,read_instance,0.41748,-1,107937792,15534391296,15642329088,-1,-1
instances/ratio_1000/instance_500v9_2.90r24.cnf,all,500,1450,63,63,0.04,1,652,44,29,alloc_graph,0.166748,0.153152,110034944,15532294144,15642329088,-1,-1
instances/ratio_1000/instance_500v9_2.90r24.cnf,all,500,1450,63,63,0.04,1,652,44,29,scc,4.41528,4.4168,112132096,15530196992,15642329088,-1,-1
instances/ratio_1000/instance_500v9_2.90r24.cnf,all,500,1450,63,63,0.04,1,652,44,29,topo_sort,0.704834,0.704448,112132096,15530196992,15642329088,-1,-1
instances/ratio_1000/instance_500v9_2.90r24.cnf,all,500,1450,63,63,0.04,1,652,44,29,backbone,5.05151,5.05738,112132096,15530196992,15642329088,-1,-1
instances/ratio_1000/instance_500v9_2.90r24.cnf,all,500,1450,63,63,0.04,1,652,44,29,wcc,0.181152,0.1808,112132096,15530196992,15642329088,-1,-1
instances/ratio_1000/instance_500v9_2.90r24.cnf,all,500,1450,63,63,0.04,1,652,44,29,wcc_grouped,0.350342,0.350752,112132096,15530196992,15642329088,-1,-1
instances/ratio_1000/instance_500v9_2.90r24.cnf,all,500,1450,63,63,0.04,1,652,44,29,heuristic1,5.51025,5.50989,112132096,15530196992,15642329088,60,81
instances/ratio_1000/instance_500v9_2.90r24.cnf,all,500,1450,63,63,0.04,1,652,44,29,heuristic2,4.19434,4.19261,112132096,15530196992,15642329088,52,72
instances/ratio_1000/instance_500v9_2.90r24.cnf,all,500,1450,63,63,0.04,1,652,44,29,heuristic3,8.0415,8.04064,112132096,15530196992,15642329088,48,68
instances/ratio_1000/instance_500v9_2.90r24.cnf,all,500,1450,63,63,0.04,1,652,44,29,heuristic4,420.548,420.553,112132096,15530196992,15642329088,48,68
instances/ratio_1000/instance_500v9_2.90r24.cnf,all,500,1450,63,63,0.04,1,652,44,29,cleanup_device,0.0415039,0.041152,112132096,15530196992,15642329088,-1,-1
instances/ratio_1000/instance_500v9_2.90r24.cnf,all,500,1450,63,63,0.04,1,652,44,29,total,450.202,-1,112132096,15530196992,15642329088,-1,-1
instances/ratio_1000/instance_500v9_3.00r25.cnf,all,500,1500,53,53,0.04,1,620,54,30,read_instance,0.433105,-1,107937792,15534391296,15642329088,-1,-1
instances/ratio_1000/instance_500v9_3.00r25.cnf,all,500,1500,53,53,0.04,1,620,54,30,alloc_graph,0.169922,0.155712,110034944,15532294144,15642329088,-1,-1
instances/ratio_1000/instance_500v9_3.00r25.cnf,all,500,1500,53,53,0.04,1,620,54,30,scc,4.2981,4.29875,112132096,15530196992,15642329088,-1,-1
instances/ratio_1000/instance_500v9_3.00r25.cnf,all,500,1500,53,53,0.04,1,620,54,30,topo_sort,0.729004,0.728192,112132096,15530196992,15642329088,-1,-1
instances/ratio_1000/instance_500v9_3.00r25.cnf,all,500,1500,53,53,0.04,1,620,54,30,backbone,4.98413,4.98944,112132096,15530196992,15642329088,-1,-1
instances/ratio_1000/instance_500v9_3.00r25.cnf,all,500,1500,53,53,0.04,1,620,54,30,wcc,0.219971,0.22,112132096,15530196992,15642329088,-1,-1
instances/ratio_1000/instance_500v9_3.00r25.cnf,all,500,1500,53,53,0.04,1,620,54,30,wcc_grouped,0.355225,0.356032,112132096,15530196992,15642329088,-1,-1
instances/ratio_1000/instance_500v9_3.00r25.cnf,all,500,1500,53,53,0.04,1,620,54,30,heuristic1,3.85352,3.85296,112132096,15530196992,15642329088,40,67
instances/ratio_1000/instance_500v9_3.00r25.cnf,all,500,1500,53,53,0.04,1,620,54,30,heuristic2,3.34692,3.34563,112132096,15530196992,15642329088,39,64
instances/ratio_1000/instance_500v9_3.00r25.cnf,all,500,1500,53,53,0.04,1,620,54,30,heuristic3,6.40918,6.40883,112132096,15530196992,15642329088,38,63
instances/ratio_1000/instance_500v9_3.00r25.cnf,all,500,1500,53,53,0.04,1,620,54,30,heuristic4,280.465,280.47,112132096,15530196992,15642329088,35,60
instances/ratio_1000/instance_500v9_3.00r25.cnf,all,500,1500,53,53,0.04,1,620,54,30,cleanup_device,0.0544434,0.053728,112132096,15530196992,15642329088,-1,-1
instances/ratio_1000/instance_500v9_3.00r25.cnf,all,500,1500,53,53,0.04,1,620,54,30,total,305.893,-1,112132096,15530196992,15642329088,-1,-1
instances/ratio_1000/instance_500v9_3.10r26.cnf,all,500,1550,56,56,0.05,1,592,46,25,read_instance,0.488525,-1,107937792,15534391296,15642329088,-1,-1
instances/ratio_1000/instance_500v9_3.10r26.cnf,all,500,1550,56,56,0.05,1,592,46,25,alloc_graph,0.176025,0.161184,110034944,15532294144,15642329088,-1,-1
instances/ratio_1000/instance_500v9_3.10r26.cnf,all,500,1550,56,56,0.05,1,592,46,25,scc,4.9458,4.94739,112132096,15530196992,15642329088,-1,-1
instances/ratio_1000/instance_500v9_3.10r26.cnf,all,500,1550,56,56,0.05,1,592,46,25,topo_sort,0.638672,0.637536,112132096,15530196992,15642329088,-1,-1
instances/ratio_1000/instance_500v9_3.10r26.cnf,all,500,1550,56,56,0.05,1,592,46,25,backbone,5.85205,5.85811,112132096,15530196992,15642329088,-1,-1
instances/ratio_1000/instance_500v9_3.10r26.cnf,all,500,1550,56,56,0.05,1,592,46,25,wcc,0.231201,0.23008,112132096,15530196992,15642329088,-1,-1
instances/ratio_1000/instance_500v9_3.10r26.cnf,all,500,1550,56,56,0.05,1,592,46,25,wcc_grouped,0.384277,0.383968,112132096,15530196992,15642329088,-1,-1
instances/ratio_1000/instance_500v9_3.10r26.cnf,all,500,1550,56,56,0.05,1,592,46,25,heuristic1,6.09863,6.09789,112132096,15530196992,15642329088,53,74
instances/ratio_1000/instance_500v9_3.10r26.cnf,all,500,1550,56,56,0.05,1,592,46,25,heuristic2,3.59424,3.60554,112132096,15530196992,15642329088,43,64
instances/ratio_1000/instance_500v9_3.10r26.cnf,all,500,1550,56,56,0.05,1,592,46,25,heuristic3,7.46362,7.46314,112132096,15530196992,15642329088,42,63
instances/ratio_1000/instance_500v9_3.10r26.cnf,all,500,1550,56,56,0.05,1,592,46,25,heuristic4,335.738,335.743,112132096,15530196992,15642329088,40,61
instances/ratio_1000/instance_500v9_3.10r26.cnf,all,500,1550,56,56,0.05,1,592,46,25,cleanup_device,0.043457,0.043264,112132096,15530196992,15642329088,-1,-1
instances/ratio_1000/instance_500v9_3.10r26.cnf,all,500,1550,56,56,0.05,1,592,46,25,total,366.281,-1,112132096,15530196992,15642329088,-1,-1
instances/ratio_1000/instance_500v9_3.20r27.cnf,all,500,1600,51,51,0.05,1,668,36,29,read_instance,0.464844,-1,107937792,15534391296,15642329088,-1,-1
instances/ratio_1000/instance_500v9_3.20r27.cnf,all,500,1600,51,51,0.05,1,668,36,29,alloc_graph,0.187012,0.169536,110034944,15532294144,15642329088,-1,-1
instances/ratio_1000/instance_500v9_3.20r27.cnf,all,500,1600,51,51,0.05,1,668,36,29,scc,4.39795,4.3991,112132096,15530196992,15642329088,-1,-1
instances/ratio_1000/instance_500v9_3.20r27.cnf,all,500,1600,51,51,0.05,1,668,36,29,topo_sort,0.706787,0.705888,112132096,15530196992,15642329088,-1,-1
instances/ratio_1000/instance_500v9_3.20r27.cnf,all,500,1600,51,51,0.05,1,668,36,29,backbone,5.41821,5.4248,112132096,15530196992,15642329088,-1,-1
instances/ratio_1000/instance_500v9_3.20r27.cnf,all,500,1600,51,51,0.05,1,668,36,29,wcc,0.226562,0.22656,112132096,15530196992,15642329088,-1,-1
instances/ratio_1000/instance_500v9_3.20r27.cnf,all,500,1600,51,51,0.05,1,668,36,29,wcc_grouped,0.346191,0.346112,112132096,15530196992,15642329088,-1,-1
instances/ratio_1000/instance_500v9_3.20r27.cnf,all,500,1600,51,51,0.05,1,668,36,29,heuristic1,5.40649,5.40611,112132096,15530196992,15642329088,59,75
instances/ratio_1000/instance_500v9_3.20r27.cnf,all,500,1600,51,51,0.05,1,668,36,29,heuristic2,3.86816,3.86678,112132096,15530196992,15642329088,48,64
instances/ratio_1000/instance_500v9_3.20r27.cnf,all,500,1600,51,51,0.05,1,668,36,29,heuristic3,6.52563,6.52518,112132096,15530196992,15642329088,37,53
instances/ratio_1000/instance_500v9_3.20r27.cnf,all,500,1600,51,51,0.05,1,668,36,29,heuristic4,273.032,273.036,112132096,15530196992,15642329088,35,51
instances/ratio_1000/instance_500v9_3.20r27.cnf,all,500,1600,51,51,0.05,1,668,36,29,cleanup_device,0.0500488,0.049984,112132096,15530196992,15642329088,-1,-1
instances/ratio_1000/instance_500v9_3.20r27.cnf,all,500,1600,51,51,0.05,1,668,36,29,total,301.238,-1,112132096,15530196992,15642329088,-1,-1
instances/ratio_1000/instance_500v9_3.30r28.cnf,all,500,1650,53,53,0.11,1,510,50,23,read_instance,0.461426,-1,107937792,15534391296,15642329088,-1,-1
instances/ratio_1000/instance_500v9_3.30r28.cnf,all,500,1650,53,53,0.11,1,510,50,23,alloc_graph,0.175537,0.159872,110034944,15532294144,15642329088,-1,-1
instances/ratio_1000/instance_500v9_3.30r28.cnf,all,500,1650,53,53,0.11,1,510,50,23,scc,4.1731,4.17398,112132096,15530196992,15642329088,-1,-1
instances/ratio_1000/instance_500v9_3.30r28.cnf,all,500,1650,53,53,0.11,1,510,50,23,topo_sort,0.599121,0.598432,112132096,15530196992,15642329088,-1,-1
instances/ratio_1000/instance_500v9_3.30r28.cnf,all,500,1650,53,53,0.11,1,510,50,23,backbone,5.23853,5.24387,112132096,15530196992,15642329088,-1,-1
instances/ratio_1000/instance_500v9_3.30r28.cnf,all,500,1650,53,53,0.11,1,510,50,23,wcc,0.208984,0.208896,112132096,15530196992,15642329088,-1,-1
instances/ratio_1000/instance_500v9_3.30r28.cnf,all,500,1650,53,53,0.11,1,510,50,23,wcc_grouped,0.348877,0.34976,112132096,15530196992,15642329088,-1,-1
instances/ratio_1000/instance_500v9_3.30r28.cnf,all,500,1650,53,53,0.11,1,510,50,23,heuristic1,3.6272,3.62605,112132096,15530196992,15642329088,39,62
instances/ratio_1000/instance_500v9_3.30r28.cnf,all,500,1650,53,53,0.11,1,510,50,23,heuristic2,3.10791,3.10611,112132096,15530196992,15642329088,39,62
instances/ratio_1000/instance_500v9_3.30r28.cnf,all,500,1650,53,53,0.11,1,510,50,23,heuristic3,6.552,6.55107,112132096,15530196992,15642329088,34,57
instances/ratio_1000/instance_500v9_3.30r28.cnf,all,500,1650,53,53,0.11,1,510,50,23,heuristic4,244.032,244.036,112132096,15530196992,15642329088,31,54
instances/ratio_1000/instance_500v9_3.30r28.cnf,all,500,1650,53,53,0.11,1,510,50,23,cleanup_device,0.0461426,0.045568,112132096,15530196992,15642329088,-1,-1
instances/ratio_1000/instance_500v9_3.30r28.cnf,all,500,1650,53,53,0.11,1,510,50,23,total,269.187,-1,112132096,15530196992,15642329088,-1,-1
instances/ratio_1000/instance_500v9_3.40r29.cnf,all,500,1700,42,42,0.05,1,438,38,14,read_instance,0.512451,-1,107937792,15534391296,15642329088,-1,-1
instances/ratio_1000/instance_500v9_3.40r29.cnf,all,500,1700,42,42,0.05,1,438,38,14,alloc_graph,0.173096,0.157248,110034944,15532294144,15642329088,-1,-1
instances/ratio_1000/instance_500v9_3.40r29.cnf,all,500,1700,42,42,0.05,1,438,38,14,scc,3.99341,3.99386,112132096,15530196992,15642329088,-1,-1
instances/ratio_1000/instance_500v9_3.40r29.cnf,all,500,1700,42,42,0.05,1,438,38,14,topo_sort,0.423096,0.4232,112132096,15530196992,15642329088,-1,-1
instances/ratio_1000/instance_500v9_3.40r29.cnf,all,500,1700,42,42,0.05,1,438,38,14,backbone,5.30298,5.3088,112132096,15530196992,15642329088,-1,-1
instances/ratio_1000/instance_500v9_3.40r29.cnf,all,500,1700,42,42,0.05,1,438,38,14,wcc,0.22168,0.221184,112132096,15530196992,15642329088,-1,-1
instances/ratio_1000/instance_500v9_3.40r29.cnf,all,500,1700,42,42,0.05,1,438,38,14,wcc_grouped,0.365723,0.36496,112132096,15530196992,15642329088,-1,-1
instances/ratio_1000/instance_500v9_3.40r29.cnf,all,500,1700,42,42,0.05,1,438,38,14,heuristic1,3.55151,3.55075,112132096,15530196992,15642329088,39,56
instances/ratio_1000/instance_500v9_3.40r29.cnf,all,500,1700,42,42,0.05,1,438,38,14,heuristic2,2.58887,2.58822,112132096,15530196992,15642329088,32,49
instances/ratio_1000/instance_500v9_3.40r29.cnf,all,500,1700,42,42,0.05,1,438,38,14,heuristic3,5.69019,5.68944,112132096,15530196992,15642329088,31,48
instances/ratio_1000/instance_500v9_3.40r29.cnf,all,500,1700,42,42,0.05,1,438,38,14,heuristic4,236.979,236.982,112132096,15530196992,15642329088,27,44
instances/ratio_1000/instance_500v9_3.40r29.cnf,all,500,1700,42,42,0.05,1,438,38,14,cleanup_device,0.0458984,0.045504,112132096,15530196992,15642329088,-1,-1
instances/ratio_1000/instance_500v9_3.40r29.cnf,all,500,1700,42,42,0.05,1,438,38,14,total,260.424,-1,112132096,15530196992,15642329088,-1,-1
instances/ratio_1000/instance_500v9_3.50r30.cnf,all,500,1750,47,47,0.04,1,486,40,23,read_instance,0.4729,-1,107937792,15534391296,15642329088,-1,-1
instances/ratio_1000/instance_500v9_3.50r30.cnf,all,500,1750,47,47,0.04,1,486,40,23,alloc_graph,0.160889,0.14672,110034944,15532294144,15642329088,-1,-1
instances/ratio_1000/instance_500v9_3.50r30.cnf,all,500,1750,47,47,0.04,1,486,40,23,scc,4.18921,4.19002,112132096,15530196992,15642329088,-1,-1
instances/ratio_1000/instance_500v9_3.50r30.cnf,all,500,1750,47,47,0.04,1,486,40,23,topo_sort,0.59375,0.592032,112132096,15530196992,15642329088,-1,-1
instances/ratio_1000/instance_500v9_3.50r30.cnf,all,500,1750,47,47,0.04,1,486,40,23,backbone,5.01831,5.02173,112132096,15530196992,15642329088,-1,-1
instances/ratio_1000/instance_500v9_3.50r30.cnf,all,500,1750,47,47,0.04,1,486,40,23,wcc,0.207031,0.206848,112132096,15530196992,15642329088,-1,-1
instances/ratio_1000/instance_500v9_3.50r30.cnf,all,500,1750,47,47,0.04,1,486,40,23,wcc_grouped,0.395752,0.394592,112132096,15530196992,15642329088,-1,-1
instances/ratio_1000/instance_500v9_3.50r30.cnf,all,500,1750,47,47,0.04,1,486,40,23,heuristic1,3.78467,3.78387,112132096,15530196992,15642329088,42,60
instances/ratio_1000/instance_500v9_3.50r30.cnf,all,500,1750,47,47,0.04,1,486,40,23,heuristic2,3.08691,3.08515,112132096,15530196992,15642329088,39,57
instances/ratio_1000/instance_500v9_3.50r30.cnf,all,500,1750,47,47,0.04,1,486,40,23,heuristic3,6.25977,6.2592,112132096,15530196992,15642329088,33,51
instances/ratio_1000/instance_500v9_3.50r30.cnf,all,500,1750,47,47,0.04,1,486,40,23,heuristic4,248.341,248.344,112132096,15530196992,15642329088,32,50
instances/ratio_1000/instance_500v9_3.50r30.cnf,all,500,1750,47,47,0.04,1,486,40,23,cleanup_device,0.0461426,0.04608,112132096,15530196992,15642329088,-1,-1
instances/ratio_1000/instance_500v9_3.50r30.cnf,all,500,1750,47,47,0.04,1,486,40,23,total,273.124,-1,112132096,15530196992,15642329088,-1,-1
instances/ratio_1000/instance_500v9_3.60r31.cnf,all,500,1800,47,47,0.06,1,476,40,23,read_instance,0.572754,-1,107937792,15534391296,15642329088,-1,-1
instances/ratio_1000/instance_500v9_3.60r31.cnf,all,500,1800,47,47,0.06,1,476,40,23,alloc_graph,0.172119,0.160992,110034944,15532294144,15642329088,-1,-1
instances/ratio_1000/instance_500v9_3.60r31.cnf,all,500,1800,47,47,0.06,1,476,40,23,scc,4.12207,4.12419,112132096,15530196992,15642329088,-1,-1
instances/ratio_1000/instance_500v9_3.60r31.cnf,all,500,1800,47,47,0.06,1,476,40,23,topo_sort,0.593018,0.592448,112132096,15530196992,15642329088,-1,-1
instances/ratio_1000/instance_500v9_3.60r31.cnf,all,500,1800,47,47,0.06,1,476,40,23,backbone,5.32812,5.33424,112132096,15530196992,15642329088,-1,-1
instances/ratio_1000/instance_500v9_3.60r31.cnf,all,500,1800,47,47,0.06,1,476,40,23,wcc,0.215332,0.21504,112132096,15530196992,15642329088,-1,-1
instances/ratio_1000/instance_500v9_3.60r31.cnf,all,500,1800,47,47,0.06,1,476,40,23,wcc_grouped,0.39917,0.399456,112132096,15530196992,15642329088,-1,-1
instances/ratio_1000/instance_500v9_3.60r31.cnf,all,500,1800,47,47,0.06,1,476,40,23,heuristic1,3.77734,3.77731,112132096,15530196992,15642329088,42,60
instances/ratio_1000/instance_500v9_3.60r31.cnf,all,500,1800,47,47,0.06,1,476,40,23,heuristic2,2.87549,2.87437,112132096,15530196992,15642329088,35,53
instances/ratio_1000/instance_500v9_3.60r31.cnf,all,500,1800,47,47,0.06,1,476,40,23,heuristic3,6.52344,6.52259,112132096,15530196992,15642329088,35,53
instances/ratio_1000/instance_500v9_3.60r31.cnf,all,500,1800,47,47,0.06,1,476,40,23,heuristic4,250.552,250.556,112132096,15530196992,15642329088,33,51
instances/ratio_1000/instance_500v9_3.60r31.cnf,all,500,1800,47,47,0.06,1,476,40,23,cleanup_device,0.0429688,0.04256,112132096,15530196992,15642329088,-1,-1
instances/ratio_1000/instance_500v9_3.60r31.cnf,all,500,1800,47,47,0.06,1,476,40,23,total,275.756,-1,112132096,15530196992,15642329088,-1,-1
instances/ratio_1000/instance_500v9_3.70r32.cnf,all,500,1850,42,42,0.06,1,394,44,16,read_instance,0.537109,-1,107937792,15534391296,15642329088,-1,-1
instances/ratio_1000/instance_500v9_3.70r32.cnf,all,500,1850,42,42,0.06,1,394,44,16,alloc_graph,0.199707,0.181152,110034944,15532294144,15642329088,-1,-1
instances/ratio_1000/instance_500v9_3.70r32.cnf,all,500,1850,42,42,0.06,1,394,44,16,scc,4.0957,4.09786,112132096,15530196992,15642329088,-1,-1
instances/ratio_1000/instance_500v9_3.70r32.cnf,all,500,1850,42,42,0.06,1,394,44,16,topo_sort,0.473633,0.473376,112132096,15530196992,15642329088,-1,-1
instances/ratio_1000/instance_500v9_3.70r32.cnf,all,500,1850,42,42,0.06,1,394,44,16,backbone,5.17871,5.18499,112132096,15530196992,15642329088,-1,-1
instances/ratio_1000/instance_500v9_3.70r32.cnf,all,500,1850,42,42,0.06,1,394,44,16,wcc,0.19165,0.191488,112132096,15530196992,15642329088,-1,-1
instances/ratio_1000/instance_500v9_3.70r32.cnf,all,500,1850,42,42,0.06,1,394,44,16,wcc_grouped,0.428955,0.429856,112132096,15530196992,15642329088,-1,-1
instances/ratio_1000/instance_500v9_3.70r32.cnf,all,500,1850,42,42,0.06,1,394,44,16,heuristic1,2.81128,2.81107,112132096,15530196992,15642329088,30,50
instances/ratio_1000/instance_500v9_3.70r32.cnf,all,500,1850,42,42,0.06,1,394,44,16,heuristic2,2.40137,2.40016,112132096,15530196992,15642329088,29,49
instances/ratio_1000/instance_500v9_3.70r32.cnf,all,500,1850,42,42,0.06,1,394,44,16,heuristic3,4.90063,4.90003,112132096,15530196992,15642329088,24,44
instances/ratio_1000/instance_500v9_3.70r32.cnf,all,500,1850,42,42,0.06,1,394,44,16,heuristic4,219.667,219.67,112132096,15530196992,15642329088,23,43
instances/ratio_1000/instance_500v9_3.70r32.cnf,all,500,1850,42,42,0.06,1,394,44,16,cleanup_device,0.0429688,0.04304,112132096,15530196992,15642329088,-1,-1
instances/ratio_1000/instance_500v9_3.70r32.cnf,all,500,1850,42,42,0.06,1,394,44,16,total,241.51,-1,112132096,15530196992,15642329088,-1,-1
instances/ratio_1000/instance_500v9_3.80r33.cnf,all,500,1900,46,46,0.04,1,438,60,20,read_instance,0.537109,-1,107937792,15534391296,15642329088,-1,-1
instances/ratio_1000/instance_500v9_3.80r33.cnf,all,500,1900,46,46,0.04,1,438,60,20,alloc_graph,0.168701,0.154624,110034944,15532294144,15642329088,-1,-1
instances/ratio_1000/instance_500v9_3.80r33.cnf,all,500,1900,46,46,0.04,1,438,60,20,scc,4.26807,4.26896,112132096,15530196992,15642329088,-1,-1
instances/ratio_1000/instance_500v9_3.80r33.cnf,all,500,1900,46,46,0.04,1,438,60,20,topo_sort,0.528809,0.527328,112132096,15530196992,15642329088,-1,-1
instances/ratio_1000/instance_500v9_3.80r33.cnf,all,500,1900,46,46,0.04,1,438,60,20,backbone,5.08105,5.0864,112132096,15530196992,15642329088,-1,-1
instances/ratio_1000/instance_500v9_3.80r33.cnf,all,500,1900,46,46,0.04,1,438,60,20,wcc,0.181885,0.182272,112132096,15530196992,15642329088,-1,-1
instances/ratio_1000/instance_500v9_3.80r33.cnf,all,500,1900,46,46,0.04,1,438,60,20,wcc_grouped,0.393555,0.393376,112132096,15530196992,15642329088,-1,-1
instances/ratio_1000/instance_500v9_3.80r33.cnf,all,500,1900,46,46,0.04,1,438,60,20,heuristic1,2.37085,2.36976,112132096,15530196992,15642329088,23,54
instances/ratio_1000/instance_500v9_3.80r33.cnf,all,500,1900,46,46,0.04,1,438,60,20,heuristic2,1.82324,1.82278,112132096,15530196992,15642329088,21,51
instances/ratio_1000/instance_500v9_3.80r33.cnf,all,500,1900,46,46,0.04,1,438,60,20,heuristic3,4.66504,4.66362,112132096,15530196992,15642329088,19,49
instances/ratio_1000/instance_500v9_3.80r33.cnf,all,500,1900,46,46,0.04,1,438,60,20,heuristic4,208.478,208.481,112132096,15530196992,15642329088,18,48
instances/ratio_1000/instance_500v9_3.80r33.cnf,all,500,1900,46,46,0.04,1,438,60,20,cleanup_device,0.0537109,0.053376,112132096,15530196992,15642329088,-1,-1
instances/ratio_1000/instance_500v9_3.80r33.cnf,all,500,1900,46,46,0.04,1,438,60,20,total,229.115,-1,112132096,15530196992,15642329088,-1,-1
instances/ratio_1000/instance_500v9_3.90r34.cnf,all,500,1950,36,36,0.04,1,288,50,11,read_instance,0.514893,-1,107937792,15534391296,15642329088,-1,-1
instances/ratio_1000/instance_500v9_3.90r34.cnf,all,500,1950,36,36,0.04,1,288,50,11,alloc_graph,0.174072,0.163456,110034944,15532294144,15642329088,-1,-1
instances/ratio_1000/instance_500v9_3.90r34.cnf,all,500,1950,36,36,0.04,1,288,50,11,scc,4.0249,4.02502,112132096,15530196992,15642329088,-1,-1
instances/ratio_1000/instance_500v9_3.90r34.cnf,all,500,1950,36,36,0.04,1,288,50,11,topo_sort,0.3396,0.338592,112132096,15530196992,15642329088,-1,-1
instances/ratio_1000/instance_500v9_3.90r34.cnf,all,500,1950,36,36,0.04,1,288,50,11,backbone,5.29028,5.296,112132096,15530196992,15642329088,-1,-1
instances/ratio_1000/instance_500v9_3.90r34.cnf,all,500,1950,36,36,0.04,1,288,50,11,wcc,0.203369,0.203264,112132096,15530196992,15642329088,-1,-1
instances/ratio_1000/instance_500v9_3.90r34.cnf,all,500,1950,36,36,0.04,1,288,50,11,wcc_grouped,0.373779,0.373632,112132096,15530196992,15642329088,-1,-1
instances/ratio_1000/instance_500v9_3.90r34.cnf,all,500,1950,36,36,0.04,1,288,50,11,heuristic1,1.6062,1.60506,112132096,15530196992,15642329088,15,41
instances/ratio_1000/instance_500v9_3.90r34.cnf,all,500,1950,36,36,0.04,1,288,50,11,heuristic2,1.16699,1.16579,112132096,15530196992,15642329088,14,40
instances/ratio_1000/instance_500v9_3.90r34.cnf,all,500,1950,36,36,0.04,1,288,50,11,heuristic3,4.35742,4.35533,112132096,15530196992,15642329088,15,39
instances/ratio_1000/instance_500v9_3.90r34.cnf,all,500,1950,36,36,0.04,1,288,50,11,heuristic4,199.422,199.425,112132096,15530196992,15642329088,15,39
instances/ratio_1000/instance_500v9_3.90r34.cnf,all,500,1950,36,36,0.04,1,288,50,11,cleanup_device,0.0463867,0.046016,112132096,15530196992,15642329088,-1,-1
instances/ratio_1000/instance_500v9_3.90r34.cnf,all,500,1950,36,36,0.04,1,288,50,11,total,218.097,-1,112132096,15530196992,15642329088,-1,-1
instances/ratio_1000/instance_500v9_4.00r35.cnf,all,500,2000,34,34,0.04,1,356,26,18,read_instance,0.554932,-1,107937792,15534391296,15642329088,-1,-1
instances/ratio_1000/instance_500v9_4.00r35.cnf,all,500,2000,34,34,0.04,1,356,26,18,alloc_graph,0.164307,0.149696,110034944,15532294144,15642329088,-1,-1
instances/ratio_1000/instance_500v9_4.00r35.cnf,all,500,2000,34,34,0.04,1,356,26,18,scc,4.08936,4.09034,112132096,15530196992,15642329088,-1,-1
instances/ratio_1000/instance_500v9_4.00r35.cnf,all,500,2000,34,34,0.04,1,356,26,18,topo_sort,0.487793,0.486656,112132096,15530196992,15642329088,-1,-1
instances/ratio_1000/instance_500v9_4.00r35.cnf,all,500,2000,34,34,0.04,1,356,26,18,backbone,5.52197,5.5287,112132096,15530196992,15642329088,-1,-1
instances/ratio_1000/instance_500v9_4.00r35.cnf,all,500,2000,34,34,0.04,1,356,26,18,wcc,0.221191,0.221184,112132096,15530196992,15642329088,-1,-1
instances/ratio_1000/instance_500v9_4.00r35.cnf,all,500,2000,34,34,0.04,1,356,26,18,wcc_grouped,0.383789,0.382784,112132096,15530196992,15642329088,-1,-1
instances/ratio_1000/instance_500v9_4.00r35.cnf,all,500,2000,34,34,0.04,1,356,26,18,heuristic1,3.23291,3.23238,112132096,15530196992,15642329088,34,45
instances/ratio_1000/instance_500v9_4.00r35.cnf,all,500,2000,34,34,0.04,1,356,26,18,heuristic2,2.40039,2.39907,112132096,15530196992,15642329088,30,41
instances/ratio_1000/instance_500v9_4.00r35.cnf,all,500,2000,34,34,0.04,1,356,26,18,heuristic3,5.729,5.72774,112132096,15530196992,15642329088,27,38
instances/ratio_1000/instance_500v9_4.00r35.cnf,all,500,2000,34,34,0.04,1,356,26,18,heuristic4,234.204,234.208,112132096,15530196992,15642329088,26,37
instances/ratio_1000/instance_500v9_4.00r35.cnf,all,500,2000,34,34,0.04,1,356,26,18,cleanup_device,0.0432129,0.043008,112132096,15530196992,15642329088,-1,-1
instances/ratio_1000/instance_500v9_4.00r35.cnf,all,500,2000,34,34,0.04,1,356,26,18,total,257.602,-1,112132096,15530196992,15642329088,-1,-1
instances/ratio_1000/instance_500v9_4.10r36.cnf,all,500,2050,44,44,0.04,1,306,59,17,read_instance,0.631104,-1,107937792,15534391296,15642329088,-1,-1
instances/ratio_1000/instance_500v9_4.10r36.cnf,all,500,2050,44,44,0.04,1,306,59,17,alloc_graph,0.180908,0.165888,110034944,15532294144,15642329088,-1,-1
instances/ratio_1000/instance_500v9_4.10r36.cnf,all,500,2050,44,44,0.04,1,306,59,17,scc,4.1228,4.12467,112132096,15530196992,15642329088,-1,-1
instances/ratio_1000/instance_500v9_4.10r36.cnf,all,500,2050,44,44,0.04,1,306,59,17,topo_sort,0.482422,0.481664,112132096,15530196992,15642329088,-1,-1
instances/ratio_1000/instance_500v9_4.10r36.cnf,all,500,2050,44,44,0.04,1,306,59,17,backbone,5.15723,5.16301,112132096,15530196992,15642329088,-1,-1
instances/ratio_1000/instance_500v9_4.10r36.cnf,all,500,2050,44,44,0.04,1,306,59,17,wcc,0.221924,0.221728,112132096,15530196992,15642329088,-1,-1
instances/ratio_1000/instance_500v9_4.10r36.cnf,all,500,2050,44,44,0.04,1,306,59,17,wcc_grouped,0.399658,0.400096,112132096,15530196992,15642329088,-1,-1
instances/ratio_1000/instance_500v9_4.10r36.cnf,all,500,2050,44,44,0.04,1,306,59,17,heuristic1,3.09204,3.09091,112132096,15530196992,15642329088,18,45
instances/ratio_1000/instance_500v9_4.10r36.cnf,all,500,2050,44,44,0.04,1,306,59,17,heuristic2,1.73291,1.73162,112132096,15530196992,15642329088,20,47
instances/ratio_1000/instance_500v9_4.10r36.cnf,all,500,2050,44,44,0.04,1,306,59,17,heuristic3,4.7981,4.7969,112132096,15530196992,15642329088,18,45
instances/ratio_1000/instance_500v9_4.10r36.cnf,all,500,2050,44,44,0.04,1,306,59,17,heuristic4,204.311,204.314,112132096,15530196992,15642329088,18,45
instances/ratio_1000/instance_500v9_4.10r36.cnf,all,500,2050,44,44,0.04,1,306,59,17,cleanup_device,0.0461426,0.045728,112132096,15530196992,15642329088,-1,-1
instances/ratio_1000/instance_500v9_4.10r36.cnf,all,500,2050,44,44,0.04,1,306,59,17,total,225.781,-1,112132096,15530196992,15642329088,-1,-1
instances/ratio_1000/instance_500v9_4.20r37.cnf,all,500,2100,42,42,0.04,1,288,68,14,read_instance,0.633789,-1,107937792,15534391296,15642329088,-1,-1
instances/ratio_1000/instance_500v9_4.20r37.cnf,all,500,2100,42,42,0.04,1,288,68,14,alloc_graph,0.18042,0.166176,110034944,15532294144,15642329088,-1,-1
instances/ratio_1000/instance_500v9_4.20r37.cnf,all,500,2100,42,42,0.04,1,288,68,14,scc,4.34692,4.34794,112132096,15530196992,15642329088,-1,-1
instances/ratio_1000/instance_500v9_4.20r37.cnf,all,500,2100,42,42,0.04,1,288,68,14,topo_sort,0.402832,0.40224,112132096,15530196992,15642329088,-1,-1
instances/ratio_1000/instance_500v9_4.20r37.cnf,all,500,2100,42,42,0.04,1,288,68,14,backbone,5.32812,5.33386,112132096,15530196992,15642329088,-1,-1
instances/ratio_1000/instance_500v9_4.20r37.cnf,all,500,2100,42,42,0.04,1,288,68,14,wcc,0.206055,0.204992,112132096,15530196992,15642329088,-1,-1
instances/ratio_1000/instance_500v9_4.20r37.cnf,all,500,2100,42,42,0.04,1,288,68,14,wcc_grouped,0.355469,0.354592,112132096,15530196992,15642329088,-1,-1
instances/ratio_1000/instance_500v9_4.20r37.cnf,all,500,2100,42,42,0.04,1,288,68,14,heuristic1,1.26074,1.26061,112132096,15530196992,15642329088,10,45
instances/ratio_1000/instance_500v9_4.20r37.cnf,all,500,2100,42,42,0.04,1,288,68,14,heuristic2,0.921631,0.918336,112132096,15530196992,15642329088,10,45
instances/ratio_1000/instance_500v9_4.20r37.cnf,all,500,2100,42,42,0.04,1,288,68,14,heuristic3,4.61914,4.61952,112132096,15530196992,15642329088,11,44
instances/ratio_1000/instance_500v9_4.20r37.cnf,all,500,2100,42,42,0.04,1,288,68,14,heuristic4,34.9006,34.9014,112132096,15530196992,15642329088,11,44
instances/ratio_1000/instance_500v9_4.20r37.cnf,all,500,2100,42,42,0.04,1,288,68,14,cleanup_device,0.0441895,0.044192,112132096,15530196992,15642329088,-1,-1
instances/ratio_1000/instance_500v9_4.20r37.cnf,all,500,2100,42,42,0.04,1,288,68,14,total,53.7981,-1,112132096,15530196992,15642329088,-1,-1
instances/ratio_1000/instance_500v9_4.30r38.cnf,all,500,2150,38,38,0.04,1,324,59,16,read_instance,0.627197,-1,107937792,15534391296,15642329088,-1,-1
instances/ratio_1000/instance_500v9_4.30r38.cnf,all,500,2150,38,38,0.04,1,324,59,16,alloc_graph,0.214111,0.1984,110034944,15532294144,15642329088,-1,-1
instances/ratio_1000/instance_500v9_4.30r38.cnf,all,500,2150,38,38,0.04,1,324,59,16,scc,4.17163,4.17213,112132096,15530196992,15642329088,-1,-1
instances/ratio_1000/instance_500v9_4.30r38.cnf,all,500,2150,38,38,0.04,1,324,59,16,topo_sort,0.443359,0.44208,112132096,15530196992,15642329088,-1,-1
instances/ratio_1000/instance_500v9_4.30r38.cnf,all,500,2150,38,38,0.04,1,324,59,16,backbone,5.29932,5.3081,112132096,15530196992,15642329088,-1,-1
instances/ratio_1000/instance_500v9_4.30r38.cnf,all,500,2150,38,38,0.04,1,324,59,16,wcc,0.267822,0.268288,112132096,15530196992,15642329088,-1,-1
instances/ratio_1000/instance_500v9_4.30r38.cnf,all,500,2150,38,38,0.04,1,324,59,16,wcc_grouped,0.570312,0.571392,112132096,15530196992,15642329088,-1,-1
instances/ratio_1000/instance_500v9_4.30r38.cnf,all,500,2150,38,38,0.04,1,324,59,16,heuristic1,2.47168,2.46973,112132096,15530196992,15642329088,13,42
instances/ratio_1000/instance_500v9_4.30r38.cnf,all,500,2150,38,38,0.04,1,324,59,16,heuristic2,1.16064,1.15939,112132096,15530196992,15642329088,10,39
instances/ratio_1000/instance_500v9_4.30r38.cnf,all,500,2150,38,38,0.04,1,324,59,16,heuristic3,3.8811,3.87875,112132096,15530196992,15642329088,10,38
instances/ratio_1000/instance_500v9_4.30r38.cnf,all,500,2150,38,38,0.04,1,324,59,16,heuristic4,31.864,31.8651,112132096,15530196992,15642329088,10,38
instances/ratio_1000/instance_500v9_4.30r38.cnf,all,500,2150,38,38,0.04,1,324,59,16,cleanup_device,0.0693359,0.06896,112132096,15530196992,15642329088,-1,-1
instances/ratio_1000/instance_500v9_4.30r38.cnf,all,500,2150,38,38,0.04,1,324,59,16,total,51.8149,-1,112132096,15530196992,15642329088,-1,-1
instances/ratio_1000/instance_500v9_4.40r39.cnf,all,500,2200,37,37,0.04,1,374,40,19,read_instance,0.638672,-1,107937792,15534391296,15642329088,-1,-1
instances/ratio_1000/instance_500v9_4.40r39.cnf,all,500,2200,37,37,0.04,1,374,40,19,alloc_graph,0.1875,0.172672,110034944,15532294144,15642329088,-1,-1
instances/ratio_1000/instance_500v9_4.40r39.cnf,all,500,2200,37,37,0.04,1,374,40,19,scc,4.34351,4.34576,112132096,15530196992,15642329088,-1,-1
instances/ratio_1000/instance_500v9_4.40r39.cnf,all,500,2200,37,37,0.04,1,374,40,19,topo_sort,0.582031,0.581856,112132096,15530196992,15642329088,-1,-1
instances/ratio_1000/instance_500v9_4.40r39.cnf,all,500,2200,37,37,0.04,1,374,40,19,backbone,5.68359,5.69027,112132096,15530196992,15642329088,-1,-1
instances/ratio_1000/instance_500v9_4.40r39.cnf,all,500,2200,37,37,0.04,1,374,40,19,wcc,0.241699,0.2416,112132096,15530196992,15642329088,-1,-1
instances/ratio_1000/instance_500v9_4.40r39.cnf,all,500,2200,37,37,0.04,1,374,40,19,wcc_grouped,0.526611,0.526336,112132096,15530196992,15642329088,-1,-1
instances/ratio_1000/instance_500v9_4.40r39.cnf,all,500,2200,37,37,0.04,1,374,40,19,heuristic1,3.6875,3.68746,112132096,15530196992,15642329088,26,45
instances/ratio_1000/instance_500v9_4.40r39.cnf,all,500,2200,37,37,0.04,1,374,40,19,heuristic2,2.29688,2.29629,112132096,15530196992,15642329088,25,43
instances/ratio_1000/instance_500v9_4.40r39.cnf,all,500,2200,37,37,0.04,1,374,40,19,heuristic3,4.61475,4.61389,112132096,15530196992,15642329088,20,38
instances/ratio_1000/instance_500v9_4.40r39.cnf,all,500,2200,37,37,0.04,1,374,40,19,heuristic4,211.594,211.596,112132096,15530196992,15642329088,19,37
instances/ratio_1000/instance_500v9_4.40r39.cnf,all,500,2200,37,37,0.04,1,374,40,19,cleanup_device,0.0429688,0.043232,112132096,15530196992,15642329088,-1,-1
instances/ratio_1000/instance_500v9_4.40r39.cnf,all,500,2200,37,37,0.04,1,374,40,19,total,235.127,-1,112132096,15530196992,15642329088,-1,-1
instances/ratio_1000/instance_500v9_4.50r40.cnf,all,500,2250,41,41,0.04,1,288,67,14,read_instance,0.659424,-1,107937792,15534391296,15642329088,-1,-1
instances/ratio_1000/instance_500v9_4.50r40.cnf,all,500,2250,41,41,0.04,1,288,67,14,alloc_graph,0.17334,0.1536,110034944,15532294144,15642329088,-1,-1
instances/ratio_1000/instance_500v9_4.50r40.cnf,all,500,2250,41,41,0.04,1,288,67,14,scc,4.29272,4.29453,112132096,15530196992,15642329088,-1,-1
instances/ratio_1000/instance_500v9_4.50r40.cnf,all,500,2250,41,41,0.04,1,288,67,14,topo_sort,0.395264,0.394944,112132096,15530196992,15642329088,-1,-1
instances/ratio_1000/instance_500v9_4.50r40.cnf,all,500,2250,41,41,0.04,1,288,67,14,backbone,5.52661,5.53203,112132096,15530196992,15642329088,-1,-1
instances/ratio_1000/instance_500v9_4.50r40.cnf,all,500,2250,41,41,0.04,1,288,67,14,wcc,0.21582,0.21504,112132096,15530196992,15642329088,-1,-1
instances/ratio_1000/instance_500v9_4.50r40.cnf,all,500,2250,41,41,0.04,1,288,67,14,wcc_grouped,0.371094,0.37072,112132096,15530196992,15642329088,-1,-1
instances/ratio_1000/instance_500v9_4.50r40.cnf,all,500,2250,41,41,0.04,1,288,67,14,heuristic1,2.43701,2.43754,112132096,15530196992,15642329088,12,46
instances/ratio_1000/instance_500v9_4.50r40.cnf,all,500,2250,41,41,0.04,1,288,67,14,heuristic2,0.818359,0.81648,112132096,15530196992,15642329088,10,42
instances/ratio_1000/instance_500v9_4.50r40.cnf,all,500,2250,41,41,0.04,1,288,67,14,heuristic3,4.66797,4.66704,112132096,15530196992,15642329088,12,44
instances/ratio_1000/instance_500v9_4.50r40.cnf,all,500,2250,41,41,0.04,1,288,67,14,heuristic4,38.0168,38.0172,112132096,15530196992,15642329088,12,44
instances/ratio_1000/instance_500v9_4.50r40.cnf,all,500,2250,41,41,0.04,1,288,67,14,cleanup_device,0.0422363,0.042016,112132096,15530196992,15642329088,-1,-1
instances/ratio_1000/instance_500v9_4.50r40.cnf,all,500,2250,41,41,0.04,1,288,67,14,total,58.1777,-1,112132096,15530196992,15642329088,-1,-1
